{
  "sum_of_pairs": 0.40265652031818516,
  "column_score": 0.033983745075412866,
  "time_ms": 576
}