{
  "sum_of_pairs": 0.5391271397268399,
  "column_score": 0.054945054945054944,
  "time_ms": 2372
}