{
  "sum_of_pairs": 0.45974287150757737,
  "column_score": 0.3031674208144796,
  "time_ms": 215
}