{
  "sum_of_pairs": 0.3698388246384476,
  "column_score": 0.09565217391304348,
  "time_ms": 407
}