{
  "sum_of_pairs": 0.6676323809930602,
  "column_score": 0.26897848748627173,
  "time_ms": 794
}