{
  "sum_of_pairs": 0.7946979973788886,
  "column_score": 0.3130434782608696,
  "time_ms": 554
}