{
  "sum_of_pairs": 0.8421076640254722,
  "column_score": 0.2534246575342466,
  "time_ms": 1104
}