{
  "sum_of_pairs": 0.367891156462585,
  "column_score": 0.0761904761904762,
  "time_ms": 31
}