{
  "sum_of_pairs": 0.7511590358666821,
  "column_score": 0.26373626373626374,
  "time_ms": 5194
}