{
  "sum_of_pairs": 0.7264868464868465,
  "column_score": 0.17142857142857143,
  "time_ms": 135
}