{
  "sum_of_pairs": 0.8124394402589892,
  "column_score": 0.23076923076923078,
  "time_ms": 601
}