{
  "sum_of_pairs": 0.8882534495279594,
  "column_score": 0.7205882352941176,
  "time_ms": 1030
}