{
  "sum_of_pairs": 0.8855589523258696,
  "column_score": 0.3805668016194332,
  "time_ms": 700
}