{
  "sum_of_pairs": 0.6132370303493299,
  "column_score": 0.18181818181818182,
  "time_ms": 183
}