{
  "sum_of_pairs": 0.8769653750322193,
  "column_score": 0.4368932038834951,
  "time_ms": 4765
}