{
  "sum_of_pairs": 0.7531261841606669,
  "column_score": 0.3076923076923077,
  "time_ms": 2786
}