{
  "sum_of_pairs": 0.8465108530083778,
  "column_score": 0.594059405940594,
  "time_ms": 1174
}