{
  "sum_of_pairs": 0.6212699956015464,
  "column_score": 0.2077922077922078,
  "time_ms": 94
}