{
  "sum_of_pairs": 0.6965800273597811,
  "column_score": 0.24705882352941178,
  "time_ms": 241
}