{
  "sum_of_pairs": 0.8341573742899222,
  "column_score": 0.5198412698412699,
  "time_ms": 3570
}