{
  "sum_of_pairs": 0.8015587986003956,
  "column_score": 0.02127659574468085,
  "time_ms": 3533
}