{
  "sum_of_pairs": 0.4308612440191388,
  "column_score": 0.045454545454545456,
  "time_ms": 28
}