{
  "sum_of_pairs": 0.5756327828102966,
  "column_score": 0.16279069767441862,
  "time_ms": 1499
}