{
  "sum_of_pairs": 0.48490053797965094,
  "column_score": 0.017857142857142856,
  "time_ms": 5538
}