{
  "sum_of_pairs": 0.3220779220779221,
  "column_score": 0.22727272727272727,
  "time_ms": 72
}