{
  "sum_of_pairs": 0.5715983363042186,
  "column_score": 0.13636363636363635,
  "time_ms": 48
}