{
  "sum_of_pairs": 0.5997952110901071,
  "column_score": 0.32608695652173914,
  "time_ms": 40
}