{
  "sum_of_pairs": 0.7987463664155393,
  "column_score": 0.21978021978021978,
  "time_ms": 1124
}