{
  "sum_of_pairs": 0.8016076978245279,
  "column_score": 0.02127659574468085,
  "time_ms": 1835
}