{
  "sum_of_pairs": 0.840545299449409,
  "column_score": 0.2328767123287671,
  "time_ms": 2100
}