{
  "sum_of_pairs": 0.3333333333333333,
  "column_score": 0.22727272727272727,
  "time_ms": 30
}