{
  "sum_of_pairs": 0.7885636769135264,
  "column_score": 0.2956521739130435,
  "time_ms": 758
}