{
  "sum_of_pairs": 0.8847222222222222,
  "column_score": 0.7058823529411765,
  "time_ms": 1916
}