{
  "sum_of_pairs": 0.69234360410831,
  "column_score": 0.3257918552036199,
  "time_ms": 532
}