{
  "sum_of_pairs": 0.8750309266756635,
  "column_score": 0.49707602339181284,
  "time_ms": 988
}