{
  "sum_of_pairs": 0.6764884315708083,
  "column_score": 0.08695652173913043,
  "time_ms": 1878
}