{
  "sum_of_pairs": 0.7095883596567591,
  "column_score": 0.29411764705882354,
  "time_ms": 112
}