{
  "sum_of_pairs": 0.8795273899033298,
  "column_score": 0.29554655870445345,
  "time_ms": 1181
}