{
  "sum_of_pairs": 0.6942756589815413,
  "column_score": 0.3257918552036199,
  "time_ms": 277
}