{
  "sum_of_pairs": 0.8362295826528943,
  "column_score": 0.5277777777777778,
  "time_ms": 2600
}