{
  "sum_of_pairs": 0.8776287674313991,
  "column_score": 0.5672514619883041,
  "time_ms": 500
}