{
  "sum_of_pairs": 0.806187074829932,
  "column_score": 0.4708333333333333,
  "time_ms": 950
}