{
  "sum_of_pairs": 0.630913867031991,
  "column_score": 0.21713394542279701,
  "time_ms": 129
}