{
  "sum_of_pairs": 0.38096978557504874,
  "column_score": 0.1736111111111111,
  "time_ms": 49
}