{
  "sum_of_pairs": 0.6139764996907854,
  "column_score": 0.2693877551020408,
  "time_ms": 26
}