{
  "sum_of_pairs": 0.8438005936319481,
  "column_score": 0.5573394495412844,
  "time_ms": 87
}