{
  "sum_of_pairs": 0.7705933772110243,
  "column_score": 0.40865384615384615,
  "time_ms": 254
}