{
  "sum_of_pairs": 0.8372113257265021,
  "column_score": 0.610062893081761,
  "time_ms": 130
}