{
  "sum_of_pairs": 0.9078438802576734,
  "column_score": 0.5824175824175825,
  "time_ms": 118
}