{
  "sum_of_pairs": 0.7139067828723001,
  "column_score": 0.4482758620689655,
  "time_ms": 20
}