{
  "sum_of_pairs": 0.9315375982042648,
  "column_score": 0.45454545454545453,
  "time_ms": 92
}