{
  "sum_of_pairs": 0.7132532218739115,
  "column_score": 0.5545977011494253,
  "time_ms": 33
}