{
  "sum_of_pairs": 0.8467741935483871,
  "column_score": 0.5040650406504065,
  "time_ms": 99
}