{
  "sum_of_pairs": 0.6224152191894128,
  "column_score": 0.10483870967741936,
  "time_ms": 135
}