{
  "sum_of_pairs": 0.8115530303030303,
  "column_score": 0.42613636363636365,
  "time_ms": 70
}