{
  "sum_of_pairs": 0.5216387049931244,
  "column_score": 0.10100038770444984,
  "time_ms": 584
}