{
  "sum_of_pairs": 0.43901808785529717,
  "column_score": 0.031007751937984496,
  "time_ms": 112
}