{
  "sum_of_pairs": 0.7866776832190366,
  "column_score": 0.10526315789473684,
  "time_ms": 505
}