{
  "sum_of_pairs": 0.8054595426781415,
  "column_score": 0.4444444444444444,
  "time_ms": 1904
}