{
  "sum_of_pairs": 0.5163398692810458,
  "column_score": 0.15384615384615385,
  "time_ms": 200
}