{
  "sum_of_pairs": 0.5034154736011855,
  "column_score": 0.05813953488372093,
  "time_ms": 1156
}