{
  "sum_of_pairs": 0.7625702878992353,
  "column_score": 0.1871345029239766,
  "time_ms": 377
}