{
  "sum_of_pairs": 0.7676879084967321,
  "column_score": 0.17647058823529413,
  "time_ms": 714
}