{
  "sum_of_pairs": 0.7381908730499674,
  "column_score": 0.21359223300970873,
  "time_ms": 1875
}