{
  "sum_of_pairs": 0.5112362908973858,
  "column_score": 0.11304347826086956,
  "time_ms": 335
}