{
  "sum_of_pairs": 0.6388913340867186,
  "column_score": 0.12173913043478261,
  "time_ms": 1369
}