{
  "sum_of_pairs": 0.7790223475154981,
  "column_score": 0.0273972602739726,
  "time_ms": 918
}