{
  "sum_of_pairs": 0.6166700680272109,
  "column_score": 0.25416666666666665,
  "time_ms": 373
}