{
  "sum_of_pairs": 0.5312845049687155,
  "column_score": 0.07692307692307693,
  "time_ms": 362
}