{
  "sum_of_pairs": 0.6531575440312241,
  "column_score": 0.24636896358534446,
  "time_ms": 1254
}