{
  "sum_of_pairs": 0.6533984868833048,
  "column_score": 0.241921962204819,
  "time_ms": 2645
}