{
  "sum_of_pairs": 0.650885173921802,
  "column_score": 0.24167766127818516,
  "time_ms": 2857
}