{
  "sum_of_pairs": 0.6397290485192186,
  "column_score": 0.4782608695652174,
  "time_ms": 30
}