{
  "sum_of_pairs": 0.5996146710432425,
  "column_score": 0.054945054945054944,
  "time_ms": 1821
}