{
  "sum_of_pairs": 0.8509868421052632,
  "column_score": 0.3508771929824561,
  "time_ms": 709
}