{
  "sum_of_pairs": 0.8451209063214014,
  "column_score": 0.5148514851485149,
  "time_ms": 977
}