{
  "sum_of_pairs": 0.7888855677925183,
  "column_score": 0.6260869565217392,
  "time_ms": 2115
}