{
  "sum_of_pairs": 0.5505411255411256,
  "column_score": 0.36363636363636365,
  "time_ms": 213
}