{
  "sum_of_pairs": 0.6984246314730034,
  "column_score": 0.18446601941747573,
  "time_ms": 4102
}