{
  "sum_of_pairs": 0.6291489539051429,
  "column_score": 0.25193798449612403,
  "time_ms": 260
}