{
  "sum_of_pairs": 0.5614832535885167,
  "column_score": 0.3181818181818182,
  "time_ms": 26
}