{
  "sum_of_pairs": 0.862493596628935,
  "column_score": 0.15789473684210525,
  "time_ms": 2514
}