{
  "sum_of_pairs": 0.6853376445715706,
  "column_score": 0.43529411764705883,
  "time_ms": 624
}