{
  "sum_of_pairs": 0.5606060606060606,
  "column_score": 0.36363636363636365,
  "time_ms": 34
}