{
  "sum_of_pairs": 0.6383900441083806,
  "column_score": 0.4782608695652174,
  "time_ms": 15
}