{
  "sum_of_pairs": 0.858091542959964,
  "column_score": 0.3742690058479532,
  "time_ms": 1719
}