{
  "sum_of_pairs": 0.6980916990904963,
  "column_score": 0.18446601941747573,
  "time_ms": 6822
}