{
  "sum_of_pairs": 0.8023757064852955,
  "column_score": 0.2876712328767123,
  "time_ms": 3788
}