{
  "sum_of_pairs": 0.6909717733247145,
  "column_score": 0.33031674208144796,
  "time_ms": 401
}