{
  "sum_of_pairs": 0.6213763159459942,
  "column_score": 0.12173913043478261,
  "time_ms": 8118
}