{
  "sum_of_pairs": 0.7544965986394557,
  "column_score": 0.26666666666666666,
  "time_ms": 758
}