{
  "sum_of_pairs": 0.6864569083447333,
  "column_score": 0.43529411764705883,
  "time_ms": 137
}