{
  "sum_of_pairs": 0.8205525143299007,
  "column_score": 0.36893203883495146,
  "time_ms": 6215
}