{
  "sum_of_pairs": 0.7066580478345185,
  "column_score": 0.33031674208144796,
  "time_ms": 884
}