{
  "sum_of_pairs": 0.6046134316811008,
  "column_score": 0.054945054945054944,
  "time_ms": 875
}