{
  "sum_of_pairs": 0.6457624372062875,
  "column_score": 0.3246753246753247,
  "time_ms": 155
}