{
  "sum_of_pairs": 0.8671139386928861,
  "column_score": 0.145748987854251,
  "time_ms": 1166
}