{
  "sum_of_pairs": 0.6219187533456254,
  "column_score": 0.12173913043478261,
  "time_ms": 3126
}