{
  "sum_of_pairs": 0.7604754223731711,
  "column_score": 0.3333333333333333,
  "time_ms": 3505
}