{
  "sum_of_pairs": 0.8572939360929557,
  "column_score": 0.6911764705882353,
  "time_ms": 1732
}