{
  "sum_of_pairs": 0.6540306769692077,
  "column_score": 0.21978021978021978,
  "time_ms": 9123
}