{
  "sum_of_pairs": 0.5555020435478859,
  "column_score": 0.1744186046511628,
  "time_ms": 2198
}