{
  "sum_of_pairs": 0.6890469008116067,
  "column_score": 0.3212669683257919,
  "time_ms": 808
}