{
  "sum_of_pairs": 0.8049219785712733,
  "column_score": 0.010638297872340425,
  "time_ms": 5997
}