{
  "sum_of_pairs": 0.6155455530549304,
  "column_score": 0.22093023255813954,
  "time_ms": 610
}