{
  "sum_of_pairs": 0.6247395182128865,
  "column_score": 0.25193798449612403,
  "time_ms": 490
}