{
  "sum_of_pairs": 0.5543189368770765,
  "column_score": 0.1744186046511628,
  "time_ms": 4044
}