{
  "sum_of_pairs": 0.6787091157816192,
  "column_score": 0.43529411764705883,
  "time_ms": 316
}