{
  "sum_of_pairs": 0.7592330992288914,
  "column_score": 0.3333333333333333,
  "time_ms": 10782
}