{
  "sum_of_pairs": 0.7631701631701632,
  "column_score": 0.17142857142857143,
  "time_ms": 395
}