{
  "sum_of_pairs": 0.850300832208727,
  "column_score": 0.3508771929824561,
  "time_ms": 1401
}