{
  "sum_of_pairs": 0.760932944606414,
  "column_score": 0.3333333333333333,
  "time_ms": 7934
}