{
  "sum_of_pairs": 0.8562999273783588,
  "column_score": 0.6617647058823529,
  "time_ms": 3300
}