{
  "sum_of_pairs": 0.6018229890410342,
  "column_score": 0.054945054945054944,
  "time_ms": 1513
}