{
  "sum_of_pairs": 0.8058048812292178,
  "column_score": 0.010638297872340425,
  "time_ms": 2528
}