{
  "sum_of_pairs": 0.6708684119478722,
  "column_score": 0.1978021978021978,
  "time_ms": 10689
}