{
  "sum_of_pairs": 0.6391879065675857,
  "column_score": 0.3246753246753247,
  "time_ms": 333
}