{
  "sum_of_pairs": 0.8554915404230473,
  "column_score": 0.4931506849315068,
  "time_ms": 3142
}