{
  "sum_of_pairs": 0.6542152000922615,
  "column_score": 0.21978021978021978,
  "time_ms": 4698
}