{
  "sum_of_pairs": 0.7403970703233503,
  "column_score": 0.05873802214380537,
  "time_ms": 740
}