{
  "sum_of_pairs": 0.7427643561481325,
  "column_score": 0.05756415009398061,
  "time_ms": 293
}