{
  "sum_of_pairs": 0.6954904700537649,
  "column_score": 0.031048114738266193,
  "time_ms": 519
}