{
  "sum_of_pairs": 0.7384146644641862,
  "column_score": 0.05873802214380537,
  "time_ms": 653
}