{
  "sum_of_pairs": 0.5584541062801932,
  "column_score": 0.06521739130434782,
  "time_ms": 59
}