{
  "sum_of_pairs": 0.8751996148607393,
  "column_score": 0.16556291390728478,
  "time_ms": 797
}