{
  "sum_of_pairs": 0.7083326375553144,
  "column_score": 0.10508474576271186,
  "time_ms": 582
}