{
  "sum_of_pairs": 0.7413264759455694,
  "column_score": 0.03825136612021858,
  "time_ms": 313
}