{
  "sum_of_pairs": 0.7577410274454609,
  "column_score": 0.11607142857142858,
  "time_ms": 453
}