{
  "sum_of_pairs": 0.8497117754205508,
  "column_score": 0.18579234972677597,
  "time_ms": 457
}