{
  "sum_of_pairs": 0.6108695652173913,
  "column_score": 0.10869565217391304,
  "time_ms": 15
}