{
  "sum_of_pairs": 0.7169686840253343,
  "column_score": 0.11607142857142858,
  "time_ms": 135
}