{
  "sum_of_pairs": 0.9054484236302418,
  "column_score": 0.1553030303030303,
  "time_ms": 1964
}