{
  "sum_of_pairs": 0.6606914723730437,
  "column_score": 0.08415841584158416,
  "time_ms": 136
}