{
  "sum_of_pairs": 0.8738434080127754,
  "column_score": 0.152317880794702,
  "time_ms": 361
}