{
  "sum_of_pairs": 0.7061646363971945,
  "column_score": 0.26744186046511625,
  "time_ms": 88
}