{
  "sum_of_pairs": 0.9557159404793727,
  "column_score": 0.44907407407407407,
  "time_ms": 2918
}