{
  "sum_of_pairs": 0.9329056402031543,
  "column_score": 0.22685185185185186,
  "time_ms": 1905
}