{
  "sum_of_pairs": 0.9390003210757928,
  "column_score": 0.1554054054054054,
  "time_ms": 791
}