{
  "sum_of_pairs": 0.6604519322900032,
  "column_score": 0.08415841584158416,
  "time_ms": 683
}