{
  "sum_of_pairs": 0.9098523109886746,
  "column_score": 0.1553030303030303,
  "time_ms": 452
}