{
  "sum_of_pairs": 0.8495667183316894,
  "column_score": 0.11258278145695365,
  "time_ms": 638
}