{
  "sum_of_pairs": 0.9263744876952424,
  "column_score": 0.10135135135135136,
  "time_ms": 586
}