{
  "sum_of_pairs": 0.772313601068715,
  "column_score": 0.1864406779661017,
  "time_ms": 823
}