{
  "sum_of_pairs": 0.8284214743589744,
  "column_score": 0.016666666666666666,
  "time_ms": 1076
}