{
  "sum_of_pairs": 0.6299680078749846,
  "column_score": 0.19767441860465115,
  "time_ms": 155
}