{
  "sum_of_pairs": 0.8856137128864402,
  "column_score": 0.041666666666666664,
  "time_ms": 948
}