{
  "sum_of_pairs": 0.7073951027439399,
  "column_score": 0.3023255813953488,
  "time_ms": 194
}