{
  "sum_of_pairs": 0.5279766628583501,
  "column_score": 0.11989664957545147,
  "time_ms": 256
}