{
  "sum_of_pairs": 0.46351991088833194,
  "column_score": 0.11904761904761904,
  "time_ms": 88
}