{
  "sum_of_pairs": 0.8266666666666667,
  "column_score": 0.34285714285714286,
  "time_ms": 75
}