{
  "sum_of_pairs": 0.5807050092764379,
  "column_score": 0.0653061224489796,
  "time_ms": 38
}