{
  "sum_of_pairs": 0.7232236154649948,
  "column_score": 0.3074712643678161,
  "time_ms": 58
}