{
  "sum_of_pairs": 0.7533870286126234,
  "column_score": 0.5786163522012578,
  "time_ms": 246
}