{
  "sum_of_pairs": 0.9727025773537401,
  "column_score": 0.9302325581395349,
  "time_ms": 198
}