{
  "sum_of_pairs": 0.7691549829480864,
  "column_score": 0.4689655172413793,
  "time_ms": 26
}