{
  "sum_of_pairs": 0.5747137023732768,
  "column_score": 0.1276595744680851,
  "time_ms": 74
}