{
  "sum_of_pairs": 0.7871863194819212,
  "column_score": 0.3256880733944954,
  "time_ms": 154
}