{
  "sum_of_pairs": 0.8171622097114708,
  "column_score": 0.14285714285714285,
  "time_ms": 145
}