{
  "sum_of_pairs": 0.4667921678025255,
  "column_score": 0.0403133343872985,
  "time_ms": 731
}