{
  "sum_of_pairs": 0.5186525892408246,
  "column_score": 0.25339366515837103,
  "time_ms": 244
}