{
  "sum_of_pairs": 0.8161929474784514,
  "column_score": 0.5714285714285714,
  "time_ms": 1918
}