{
  "sum_of_pairs": 0.6889001349527666,
  "column_score": 0.13450292397660818,
  "time_ms": 458
}