{
  "sum_of_pairs": 0.7746575229281997,
  "column_score": 0.04048582995951417,
  "time_ms": 608
}