{
  "sum_of_pairs": 0.809428014907467,
  "column_score": 0.1095890410958904,
  "time_ms": 1051
}