{
  "sum_of_pairs": 0.273164861612515,
  "column_score": 0.10830324909747292,
  "time_ms": 13
}