{
  "sum_of_pairs": 0.39597259413250013,
  "column_score": 0.0012832483420718716,
  "time_ms": 1529
}