{
  "sum_of_pairs": 0.5778121754347296,
  "column_score": 0.015873015873015872,
  "time_ms": 4554
}