{
  "sum_of_pairs": 0.517747611865259,
  "column_score": 0.02262443438914027,
  "time_ms": 571
}