{
  "sum_of_pairs": 0.4348581414306943,
  "column_score": 0.08874154501093919,
  "time_ms": 114
}