{
  "sum_of_pairs": 0.5971130713712911,
  "column_score": 0.26046511627906976,
  "time_ms": 130
}