{
  "sum_of_pairs": 0.44802640820339934,
  "column_score": 0.1415929203539823,
  "time_ms": 109
}