{
  "sum_of_pairs": 0.6517378917378918,
  "column_score": 0.30864197530864196,
  "time_ms": 51
}