{
  "sum_of_pairs": 0.5158685186540455,
  "column_score": 0.12194240190744718,
  "time_ms": 236
}