{
  "sum_of_pairs": 0.5417450968564533,
  "column_score": 0.1511215627114739,
  "time_ms": 146
}