{
  "sum_of_pairs": 0.6552849641084936,
  "column_score": 0.06756756756756757,
  "time_ms": 177
}