{
  "sum_of_pairs": 0.7060968660968661,
  "column_score": 0.48148148148148145,
  "time_ms": 81
}