{
  "sum_of_pairs": 0.7112296854293088,
  "column_score": 0.07407407407407407,
  "time_ms": 728
}