{
  "sum_of_pairs": 0.4906307065599101,
  "column_score": 0.1504424778761062,
  "time_ms": 208
}