{
  "sum_of_pairs": 0.5505588673621461,
  "column_score": 0.08811475409836066,
  "time_ms": 29
}