{
  "sum_of_pairs": 0.7652453838678328,
  "column_score": 0.3163265306122449,
  "time_ms": 404
}