{
  "sum_of_pairs": 0.717340930674264,
  "column_score": 0.49382716049382713,
  "time_ms": 47
}