{
  "sum_of_pairs": 0.5299180327868852,
  "column_score": 0.08196721311475409,
  "time_ms": 53
}