{
  "sum_of_pairs": 0.6575033413525795,
  "column_score": 0.2930232558139535,
  "time_ms": 313
}