{
  "sum_of_pairs": 0.6866347588904328,
  "column_score": 0.31496062992125984,
  "time_ms": 30
}