{
  "sum_of_pairs": 0.6806736166800321,
  "column_score": 0.33488372093023255,
  "time_ms": 173
}