{
  "sum_of_pairs": 0.6532438478747203,
  "column_score": 0.24161073825503357,
  "time_ms": 20
}