{
  "sum_of_pairs": 0.6161091192175696,
  "column_score": 0.10891089108910891,
  "time_ms": 597
}