{
  "sum_of_pairs": 0.27947154471544716,
  "column_score": 0.14634146341463414,
  "time_ms": 2
}