{
  "sum_of_pairs": 0.474292718478765,
  "column_score": 0.32558139534883723,
  "time_ms": 28
}