{
  "sum_of_pairs": 0.18970814132104455,
  "column_score": 0.05069124423963134,
  "time_ms": 1
}