{
  "sum_of_pairs": 0.6166040100250627,
  "column_score": 0.07894736842105263,
  "time_ms": 9
}