{
  "sum_of_pairs": 0.6923108946338621,
  "column_score": 0.3184713375796178,
  "time_ms": 22
}