{
  "sum_of_pairs": 0.6067019400352733,
  "column_score": 0.16049382716049382,
  "time_ms": 4
}