{
  "sum_of_pairs": 0.6677339901477832,
  "column_score": 0.5812807881773399,
  "time_ms": 7
}