{
  "sum_of_pairs": 0.38623271889400923,
  "column_score": 0.13709677419354838,
  "time_ms": 6
}