{
  "sum_of_pairs": 0.4828877005347594,
  "column_score": 0.12857142857142856,
  "time_ms": 49
}