{
  "sum_of_pairs": 0.42670401493930904,
  "column_score": 0.2773109243697479,
  "time_ms": 13
}