{
  "sum_of_pairs": 0.7614632711608424,
  "column_score": 0.03872104027005794,
  "time_ms": 827
}