{
  "sum_of_pairs": 0.7435835351089588,
  "column_score": 0.1423728813559322,
  "time_ms": 780
}