{
  "sum_of_pairs": 0.9457665212382194,
  "column_score": 0.24324324324324326,
  "time_ms": 868
}