{
  "sum_of_pairs": 0.7884907183212267,
  "column_score": 0.09523809523809523,
  "time_ms": 755
}