{
  "sum_of_pairs": 0.8751612643122078,
  "column_score": 0.09722222222222222,
  "time_ms": 782
}