{
  "sum_of_pairs": 0.9247857361493725,
  "column_score": 0.07196969696969698,
  "time_ms": 1453
}