{
  "sum_of_pairs": 0.9142396184062851,
  "column_score": 0.041666666666666664,
  "time_ms": 1816
}