{
  "sum_of_pairs": 0.9502064213371351,
  "column_score": 0.23148148148148148,
  "time_ms": 2694
}