{
  "sum_of_pairs": 0.7960502030269472,
  "column_score": 0.11627906976744186,
  "time_ms": 265
}