{
  "sum_of_pairs": 0.8958648905521399,
  "column_score": 0.032407407407407406,
  "time_ms": 1341
}