{
  "sum_of_pairs": 0.6957334190506804,
  "column_score": 0.1366120218579235,
  "time_ms": 171
}