{
  "sum_of_pairs": 0.31053796983847826,
  "column_score": 0.03855672056100917,
  "time_ms": 294
}