{
  "sum_of_pairs": 0.5734472934472934,
  "column_score": 0.24691358024691357,
  "time_ms": 75
}