{
  "sum_of_pairs": 0.6546420581655481,
  "column_score": 0.28187919463087246,
  "time_ms": 20
}