{
  "sum_of_pairs": 0.4366244411326379,
  "column_score": 0.08811475409836066,
  "time_ms": 52
}