{
  "sum_of_pairs": 0.7433349892366286,
  "column_score": 0.5484351713859911,
  "time_ms": 136
}