{
  "sum_of_pairs": 0.6165728077232502,
  "column_score": 0.33849557522123896,
  "time_ms": 46
}