{
  "sum_of_pairs": 0.65528393175452,
  "column_score": 0.2714285714285714,
  "time_ms": 123
}