{
  "sum_of_pairs": 0.4797297297297297,
  "column_score": 0.2702702702702703,
  "time_ms": 3
}