{
  "sum_of_pairs": 0.48310291858678955,
  "column_score": 0.28110599078341014,
  "time_ms": 6
}