{
  "sum_of_pairs": 0.178743961352657,
  "column_score": 0.057971014492753624,
  "time_ms": 2
}