{
  "sum_of_pairs": 0.5410474007253548,
  "column_score": 0.10731280439464462,
  "time_ms": 276
}