{
  "sum_of_pairs": 0.7507389162561576,
  "column_score": 0.296551724137931,
  "time_ms": 27
}