{
  "sum_of_pairs": 0.5986990950226244,
  "column_score": 0.13942307692307693,
  "time_ms": 500
}