{
  "sum_of_pairs": 0.8114206691851052,
  "column_score": 0.3922018348623853,
  "time_ms": 159
}