{
  "sum_of_pairs": 0.6010971786833855,
  "column_score": 0.2959770114942529,
  "time_ms": 47
}