{
  "sum_of_pairs": 0.7600182149362478,
  "column_score": 0.5901639344262295,
  "time_ms": 5
}