{
  "sum_of_pairs": 0.40987654320987654,
  "column_score": 0.2037037037037037,
  "time_ms": 29
}