{
  "sum_of_pairs": 0.6705186205087857,
  "column_score": 0.21138211382113822,
  "time_ms": 155
}