{
  "sum_of_pairs": 0.6557665260196905,
  "column_score": 0.22784810126582278,
  "time_ms": 24
}