{
  "sum_of_pairs": 0.7704775399607229,
  "column_score": 0.2389937106918239,
  "time_ms": 256
}