{
  "sum_of_pairs": 0.7654734848484849,
  "column_score": 0.29545454545454547,
  "time_ms": 100
}