{
  "sum_of_pairs": 0.7093189964157706,
  "column_score": 0.3193548387096774,
  "time_ms": 41
}