{
  "sum_of_pairs": 0.40248770073331475,
  "column_score": 0.12698412698412698,
  "time_ms": 95
}