{
  "sum_of_pairs": 0.7462962962962963,
  "column_score": 0.5666666666666667,
  "time_ms": 13
}