{
  "sum_of_pairs": 0.9930431325780164,
  "column_score": 0.9651162790697675,
  "time_ms": 194
}