{
  "sum_of_pairs": 0.474096433212157,
  "column_score": 0.0468265050511374,
  "time_ms": 667
}