{
  "sum_of_pairs": 0.4532177591796381,
  "column_score": 0.10434782608695652,
  "time_ms": 417
}