{
  "sum_of_pairs": 0.6777637201979307,
  "column_score": 0.10526315789473684,
  "time_ms": 468
}