{
  "sum_of_pairs": 0.7866418535995645,
  "column_score": 0.4523809523809524,
  "time_ms": 1975
}