{
  "sum_of_pairs": 0.6715191854622139,
  "column_score": 0.12087912087912088,
  "time_ms": 2662
}