{
  "sum_of_pairs": 0.4409268983912645,
  "column_score": 0.01937984496124031,
  "time_ms": 134
}