{
  "sum_of_pairs": 0.6058945578231293,
  "column_score": 0.17083333333333334,
  "time_ms": 379
}