{
  "sum_of_pairs": 0.39235169755005594,
  "column_score": 0.058823529411764705,
  "time_ms": 90
}