{
  "sum_of_pairs": 0.4130610922054772,
  "column_score": 0.19480519480519481,
  "time_ms": 79
}