{
  "sum_of_pairs": 0.6592298468927373,
  "column_score": 0.013820134218754434,
  "time_ms": 777
}