{
  "sum_of_pairs": 0.7077982800367371,
  "column_score": 0.2135593220338983,
  "time_ms": 1182
}