{
  "sum_of_pairs": 0.835084110146791,
  "column_score": 0.03825136612021858,
  "time_ms": 360
}