{
  "sum_of_pairs": 0.37522373953255667,
  "column_score": 0.14394496822566002,
  "time_ms": 20
}