{
  "sum_of_pairs": 0.49375879443079534,
  "column_score": 0.24136300767746713,
  "time_ms": 12
}