{
  "sum_of_pairs": 0.657625434674615,
  "column_score": 0.4172876304023845,
  "time_ms": 50
}