{
  "sum_of_pairs": 0.5148578811369509,
  "column_score": 0.27906976744186046,
  "time_ms": 6
}