{
  "sum_of_pairs": 0.40963855421686746,
  "column_score": 0.3192771084337349,
  "time_ms": 2
}