{
  "sum_of_pairs": 0.632114225137481,
  "column_score": 0.22093023255813954,
  "time_ms": 35
}