{
  "sum_of_pairs": 0.4137829044661343,
  "column_score": 0.16770186335403728,
  "time_ms": 6
}