{
  "sum_of_pairs": 0.5042147293700089,
  "column_score": 0.2567287784679089,
  "time_ms": 60
}