{
  "sum_of_pairs": 0.5671717171717172,
  "column_score": 0.21666666666666667,
  "time_ms": 4
}