{
  "sum_of_pairs": 0.6744515215852795,
  "column_score": 0.09554140127388536,
  "time_ms": 30
}