{
  "sum_of_pairs": 0.33954451345755693,
  "column_score": 0.13043478260869565,
  "time_ms": 10
}