{
  "sum_of_pairs": 0.6894066717596129,
  "column_score": 0.12857142857142856,
  "time_ms": 71
}