{
  "sum_of_pairs": 0.39768422865013775,
  "column_score": 0.22443181818181818,
  "time_ms": 90
}