{
  "sum_of_pairs": 0.4908759124087591,
  "column_score": 0.1897810218978102,
  "time_ms": 7
}