{
  "sum_of_pairs": 0.18686131386861313,
  "column_score": 0.014598540145985401,
  "time_ms": 3
}