{
  "sum_of_pairs": 0.7288847117794486,
  "column_score": 0.2894736842105263,
  "time_ms": 18
}