{
  "sum_of_pairs": 0.5783132530120482,
  "column_score": 0.5421686746987951,
  "time_ms": 2
}