{
  "sum_of_pairs": 0.47354694485842025,
  "column_score": 0.21311475409836064,
  "time_ms": 20
}