{
  "sum_of_pairs": 0.37170596393897365,
  "column_score": 0.06310679611650485,
  "time_ms": 20
}