{
  "sum_of_pairs": 0.46552169421487605,
  "column_score": 0.2471590909090909,
  "time_ms": 47
}