{
  "sum_of_pairs": 0.38392857142857145,
  "column_score": 0.1693548387096774,
  "time_ms": 6
}