{
  "sum_of_pairs": 0.3484375,
  "column_score": 0.109375,
  "time_ms": 2
}