{
  "sum_of_pairs": 0.6180451127819548,
  "column_score": 0.21052631578947367,
  "time_ms": 23
}