{
  "sum_of_pairs": 0.5382128159905938,
  "column_score": 0.2962962962962963,
  "time_ms": 5
}