{
  "sum_of_pairs": 0.3227822580645161,
  "column_score": 0.12701612903225806,
  "time_ms": 12
}