{
  "sum_of_pairs": 0.5050683829444892,
  "column_score": 0.19469026548672566,
  "time_ms": 40
}