{
  "sum_of_pairs": 0.7736625514403292,
  "column_score": 0.5493827160493827,
  "time_ms": 3
}