{
  "sum_of_pairs": 0.6305418719211823,
  "column_score": 0.5024630541871922,
  "time_ms": 24
}