{
  "sum_of_pairs": 0.7772365846550935,
  "column_score": 0.17834394904458598,
  "time_ms": 28
}