{
  "sum_of_pairs": 0.5714400643604184,
  "column_score": 0.23672566371681417,
  "time_ms": 21
}