{
  "sum_of_pairs": 0.22154471544715448,
  "column_score": 0.15853658536585366,
  "time_ms": 5
}