{
  "sum_of_pairs": 0.38487394957983195,
  "column_score": 0.226890756302521,
  "time_ms": 14
}