{
  "sum_of_pairs": 0.4106254442075338,
  "column_score": 0.16791044776119404,
  "time_ms": 25
}