{
  "sum_of_pairs": 0.6048459736984327,
  "column_score": 0.42118537200504413,
  "time_ms": 33
}