{
  "sum_of_pairs": 0.5817958179581796,
  "column_score": 0.16236162361623616,
  "time_ms": 25
}