{
  "sum_of_pairs": 0.4339578011164727,
  "column_score": 0.01107011070110701,
  "time_ms": 26
}