{
  "sum_of_pairs": 0.4839924670433145,
  "column_score": 0.11864406779661017,
  "time_ms": 15
}