{
  "sum_of_pairs": 0.21428571428571427,
  "column_score": 0.07834101382488479,
  "time_ms": 3
}