{
  "sum_of_pairs": 0.42319508448540705,
  "column_score": 0.16589861751152074,
  "time_ms": 2
}