{
  "sum_of_pairs": 0.7201492537313433,
  "column_score": 0.6268656716417911,
  "time_ms": 7
}