{
  "sum_of_pairs": 0.7505827505827506,
  "column_score": 0.38974358974358975,
  "time_ms": 28
}