{
  "sum_of_pairs": 0.6740934755520426,
  "column_score": 0.03442359651707255,
  "time_ms": 500
}