{
  "sum_of_pairs": 0.733532997348653,
  "column_score": 0.07714493304710682,
  "time_ms": 280
}