{
  "sum_of_pairs": 0.7338067321041757,
  "column_score": 0.06958134132208064,
  "time_ms": 1284
}