{
  "sum_of_pairs": 0.8622474747474748,
  "column_score": 0.10833333333333334,
  "time_ms": 1488
}