{
  "sum_of_pairs": 0.9518585345570109,
  "column_score": 0.44907407407407407,
  "time_ms": 2130
}