{
  "sum_of_pairs": 0.866650641025641,
  "column_score": 0.36666666666666664,
  "time_ms": 567
}