{
  "sum_of_pairs": 0.6738648947951273,
  "column_score": 0.27906976744186046,
  "time_ms": 493
}