{
  "sum_of_pairs": 0.80170033059184,
  "column_score": 0.027777777777777776,
  "time_ms": 472
}