{
  "sum_of_pairs": 0.6380549345257106,
  "column_score": 0.09405940594059406,
  "time_ms": 367
}