{
  "sum_of_pairs": 0.6453502415458937,
  "column_score": 0.21014492753623187,
  "time_ms": 15
}