{
  "sum_of_pairs": 0.953380706287683,
  "column_score": 0.44907407407407407,
  "time_ms": 1312
}