{
  "sum_of_pairs": 0.831698717948718,
  "column_score": 0.23333333333333334,
  "time_ms": 1070
}