{
  "sum_of_pairs": 0.8556901977361326,
  "column_score": 0.16556291390728478,
  "time_ms": 2051
}