{
  "sum_of_pairs": 0.9357706763367141,
  "column_score": 0.10810810810810811,
  "time_ms": 1293
}