{
  "sum_of_pairs": 0.9550513825774452,
  "column_score": 0.44907407407407407,
  "time_ms": 2403
}