{
  "sum_of_pairs": 0.6428140096618358,
  "column_score": 0.21014492753623187,
  "time_ms": 28
}