{
  "sum_of_pairs": 0.7617654820548909,
  "column_score": 0.14285714285714285,
  "time_ms": 143
}