{
  "sum_of_pairs": 0.8163925052779732,
  "column_score": 0.14285714285714285,
  "time_ms": 76
}