{
  "sum_of_pairs": 0.9360020397756247,
  "column_score": 0.10810810810810811,
  "time_ms": 300
}