{
  "sum_of_pairs": 0.9184041700080192,
  "column_score": 0.2037037037037037,
  "time_ms": 1706
}