{
  "sum_of_pairs": 0.5434178743961353,
  "column_score": 0.10869565217391304,
  "time_ms": 26
}