{
  "sum_of_pairs": 0.9110805019895929,
  "column_score": 0.15151515151515152,
  "time_ms": 1952
}