{
  "sum_of_pairs": 0.9137297675033524,
  "column_score": 0.07432432432432433,
  "time_ms": 521
}