{
  "sum_of_pairs": 0.824468085106383,
  "column_score": 0.12582781456953643,
  "time_ms": 604
}