{
  "sum_of_pairs": 0.4916104855142905,
  "column_score": 0.13111587758800713,
  "time_ms": 73
}