{
  "sum_of_pairs": 0.5527396981653988,
  "column_score": 0.20192307692307693,
  "time_ms": 388
}