{
  "sum_of_pairs": 0.8597449908925319,
  "column_score": 0.7540983606557377,
  "time_ms": 2
}