{
  "sum_of_pairs": 0.47896930655551345,
  "column_score": 0.2482758620689655,
  "time_ms": 13
}