{
  "sum_of_pairs": 0.9027694957927516,
  "column_score": 0.6162790697674418,
  "time_ms": 64
}