{
  "sum_of_pairs": 0.7478008444757214,
  "column_score": 0.023809523809523808,
  "time_ms": 65
}