{
  "sum_of_pairs": 0.5799373040752351,
  "column_score": 0.2471264367816092,
  "time_ms": 21
}