{
  "sum_of_pairs": 0.528314393939394,
  "column_score": 0.13068181818181818,
  "time_ms": 32
}