{
  "sum_of_pairs": 0.5385754092650644,
  "column_score": 0.3936781609195402,
  "time_ms": 19
}