{
  "sum_of_pairs": 0.3205761316872428,
  "column_score": 0.024691358024691357,
  "time_ms": 9
}