{
  "sum_of_pairs": 0.6714315096668038,
  "column_score": 0.3269230769230769,
  "time_ms": 204
}