{
  "sum_of_pairs": 0.7993710425146993,
  "column_score": 0.234375,
  "time_ms": 771
}