{
  "sum_of_pairs": 0.6012598912587815,
  "column_score": 0.011338881730872555,
  "time_ms": 575
}