{
  "sum_of_pairs": 0.7660933455790264,
  "column_score": 0.05084745762711865,
  "time_ms": 175
}