{
  "sum_of_pairs": 0.8310834892631204,
  "column_score": 0.21296296296296297,
  "time_ms": 2757
}