{
  "sum_of_pairs": 0.5136570108239414,
  "column_score": 0.07727264270748059,
  "time_ms": 630
}