{
  "sum_of_pairs": 0.8123858281653359,
  "column_score": 0.5277777777777778,
  "time_ms": 2055
}