{
  "sum_of_pairs": 0.5043381455146161,
  "column_score": 0.11764705882352941,
  "time_ms": 226
}