{
  "sum_of_pairs": 0.7981385695346968,
  "column_score": 0.14893617021276595,
  "time_ms": 1578
}