{
  "sum_of_pairs": 0.6415687760515346,
  "column_score": 0.08791208791208792,
  "time_ms": 2324
}