{
  "sum_of_pairs": 0.5904621423898174,
  "column_score": 0.09565217391304348,
  "time_ms": 1720
}