{
  "sum_of_pairs": 0.7244133025664944,
  "column_score": 0.23300970873786409,
  "time_ms": 2088
}