{
  "sum_of_pairs": 0.7681145973909131,
  "column_score": 0.25146198830409355,
  "time_ms": 446
}