{
  "sum_of_pairs": 0.713799504950495,
  "column_score": 0.1782178217821782,
  "time_ms": 453
}