{
  "sum_of_pairs": 0.5466199883304159,
  "column_score": 0.08527131782945736,
  "time_ms": 124
}