{
  "sum_of_pairs": 0.49681343556877006,
  "column_score": 0.03683722710038499,
  "time_ms": 754
}