{
  "sum_of_pairs": 0.8160846828609987,
  "column_score": 0.25146198830409355,
  "time_ms": 525
}