{
  "sum_of_pairs": 0.6060555985368016,
  "column_score": 0.08791208791208792,
  "time_ms": 514
}