{
  "sum_of_pairs": 0.268390022675737,
  "column_score": 0.009523809523809525,
  "time_ms": 24
}