{
  "sum_of_pairs": 0.8159266297612162,
  "column_score": 0.14979757085020243,
  "time_ms": 661
}