{
  "sum_of_pairs": 0.7524512505051112,
  "column_score": 0.3888888888888889,
  "time_ms": 2127
}