{
  "sum_of_pairs": 0.4647081973285182,
  "column_score": 0.19480519480519481,
  "time_ms": 97
}