{
  "sum_of_pairs": 0.7695369597899948,
  "column_score": 0.06327650154972587,
  "time_ms": 757
}