{
  "sum_of_pairs": 0.7696915709498394,
  "column_score": 0.06327650154972586,
  "time_ms": 711
}