{
  "sum_of_pairs": 0.7695369597899949,
  "column_score": 0.06327650154972586,
  "time_ms": 1355
}