{
  "sum_of_pairs": 0.7373291382232529,
  "column_score": 0.03815056394181106,
  "time_ms": 563
}