{
  "sum_of_pairs": 0.6499421111465985,
  "column_score": 0.10396039603960396,
  "time_ms": 268
}