{
  "sum_of_pairs": 0.9359217708274312,
  "column_score": 0.08783783783783784,
  "time_ms": 728
}