{
  "sum_of_pairs": 0.6172634428448381,
  "column_score": 0.11627906976744186,
  "time_ms": 192
}