{
  "sum_of_pairs": 0.8406711822660099,
  "column_score": 0.3392857142857143,
  "time_ms": 408
}