{
  "sum_of_pairs": 0.8722582311774928,
  "column_score": 0.059602649006622516,
  "time_ms": 384
}