{
  "sum_of_pairs": 0.9363467240825731,
  "column_score": 0.08783783783783784,
  "time_ms": 336
}