{
  "sum_of_pairs": 0.8625221738429285,
  "column_score": 0.05555555555555555,
  "time_ms": 515
}