{
  "sum_of_pairs": 0.8534490517518483,
  "column_score": 0.09289617486338798,
  "time_ms": 458
}