{
  "sum_of_pairs": 0.8552909680146541,
  "column_score": 0.046357615894039736,
  "time_ms": 699
}