{
  "sum_of_pairs": 0.8832435465768799,
  "column_score": 0.058333333333333334,
  "time_ms": 1412
}