{
  "sum_of_pairs": 0.8952791411382799,
  "column_score": 0.1297709923664122,
  "time_ms": 1318
}