{
  "sum_of_pairs": 0.8541176470588235,
  "column_score": 0.09289617486338798,
  "time_ms": 178
}