{
  "sum_of_pairs": 0.8961551306671119,
  "column_score": 0.059322033898305086,
  "time_ms": 181
}