{
  "sum_of_pairs": 0.6796294127978456,
  "column_score": 0.008064516129032258,
  "time_ms": 638
}