{
  "sum_of_pairs": 0.6378623188405798,
  "column_score": 0.13768115942028986,
  "time_ms": 34
}