{
  "sum_of_pairs": 0.7234709358032577,
  "column_score": 0.16831683168316833,
  "time_ms": 320
}