{
  "sum_of_pairs": 0.9000653674425819,
  "column_score": 0.1297709923664122,
  "time_ms": 1713
}