{
  "sum_of_pairs": 0.9092132317368167,
  "column_score": 0.24305555555555555,
  "time_ms": 686
}