{
  "sum_of_pairs": 0.7349336227769893,
  "column_score": 0.13220338983050847,
  "time_ms": 680
}