{
  "sum_of_pairs": 0.9287211740041929,
  "column_score": 0.060810810810810814,
  "time_ms": 650
}