{
  "sum_of_pairs": 0.5625384520733357,
  "column_score": 0.08139534883720931,
  "time_ms": 164
}