{
  "sum_of_pairs": 0.7806835958427086,
  "column_score": 0.07650273224043716,
  "time_ms": 433
}