{
  "sum_of_pairs": 0.7774150455038824,
  "column_score": 0.1694915254237288,
  "time_ms": 410
}