{
  "sum_of_pairs": 0.779210152792853,
  "column_score": 0.1694915254237288,
  "time_ms": 894
}