{
  "sum_of_pairs": 0.14295684656553426,
  "column_score": 0.012607242014374248,
  "time_ms": 4
}