{
  "sum_of_pairs": 0.19205298013245034,
  "column_score": 0.09933774834437085,
  "time_ms": 8
}