{
  "sum_of_pairs": 0.2312169312169312,
  "column_score": 0.08148148148148149,
  "time_ms": 13
}