{
  "sum_of_pairs": 0.19189907038512616,
  "column_score": 0.05976095617529881,
  "time_ms": 6
}