{
  "sum_of_pairs": 0.28375451263537904,
  "column_score": 0.05776173285198556,
  "time_ms": 14
}