{
  "sum_of_pairs": 0.12289562289562289,
  "column_score": 0.010101010101010102,
  "time_ms": 2
}