{
  "sum_of_pairs": 0.2613756613756614,
  "column_score": 0.08148148148148149,
  "time_ms": 6
}