{
  "sum_of_pairs": 0.25938189845474613,
  "column_score": 0.152317880794702,
  "time_ms": 1
}