{
  "sum_of_pairs": 0.381468110709988,
  "column_score": 0.07581227436823104,
  "time_ms": 7
}