{
  "sum_of_pairs": 0.6508700652293243,
  "column_score": 0.013471818427650547,
  "time_ms": 740
}