{
  "sum_of_pairs": 0.5578323278552112,
  "column_score": 0.13815789473684212,
  "time_ms": 114
}