{
  "sum_of_pairs": 0.9903298781272585,
  "column_score": 0.7731481481481481,
  "time_ms": 37067
}