{
  "sum_of_pairs": 0.9453463203463204,
  "column_score": 0.6590909090909091,
  "time_ms": 1466
}