{
  "sum_of_pairs": 0.9812717337307502,
  "column_score": 0.6363636363636364,
  "time_ms": 1484
}