{
  "sum_of_pairs": 0.9680078749846192,
  "column_score": 0.8023255813953488,
  "time_ms": 11690
}