{
  "sum_of_pairs": 0.9827244668911336,
  "column_score": 0.8083333333333333,
  "time_ms": 18548
}