{
  "sum_of_pairs": 0.950135415007169,
  "column_score": 0.2753623188405797,
  "time_ms": 20578
}