{
  "sum_of_pairs": 0.8633412800293416,
  "column_score": 0.42105263157894735,
  "time_ms": 8046
}