{
  "sum_of_pairs": 0.9367753623188406,
  "column_score": 0.8188405797101449,
  "time_ms": 933
}