{
  "sum_of_pairs": 0.9427324236817761,
  "column_score": 0.65625,
  "time_ms": 779
}