{
  "sum_of_pairs": 0.9539104133659801,
  "column_score": 0.5114503816793893,
  "time_ms": 24263
}