{
  "sum_of_pairs": 0.4514340588113417,
  "column_score": 0.10974769241830308,
  "time_ms": 86
}