{
  "sum_of_pairs": 0.952461405949778,
  "column_score": 0.8255813953488372,
  "time_ms": 76
}