{
  "sum_of_pairs": 0.7336382828993666,
  "column_score": 0.1130952380952381,
  "time_ms": 68
}