{
  "sum_of_pairs": 0.6184950773558369,
  "column_score": 0.3227848101265823,
  "time_ms": 11
}