{
  "sum_of_pairs": 0.6328186467348544,
  "column_score": 0.17886178861788618,
  "time_ms": 78
}