{
  "sum_of_pairs": 0.8235314902758932,
  "column_score": 0.30625,
  "time_ms": 863
}