{
  "sum_of_pairs": 0.5664335664335665,
  "column_score": 0.22596153846153846,
  "time_ms": 239
}