{
  "sum_of_pairs": 0.8214044792228818,
  "column_score": 0.6376146788990825,
  "time_ms": 69
}