{
  "sum_of_pairs": 0.4079575596816976,
  "column_score": 0.10344827586206896,
  "time_ms": 12
}