{
  "sum_of_pairs": 0.5550330895158482,
  "column_score": 0.2413793103448276,
  "time_ms": 23
}