{
  "sum_of_pairs": 0.6916512059369202,
  "column_score": 0.4057142857142857,
  "time_ms": 30
}