{
  "sum_of_pairs": 0.5965740342848758,
  "column_score": 0.19410540056225603,
  "time_ms": 114
}