{
  "sum_of_pairs": 0.5298915540851025,
  "column_score": 0.21774193548387097,
  "time_ms": 127
}