{
  "sum_of_pairs": 0.7910416666666666,
  "column_score": 0.42045454545454547,
  "time_ms": 58
}