{
  "sum_of_pairs": 0.6581600504095778,
  "column_score": 0.2391304347826087,
  "time_ms": 22
}