{
  "sum_of_pairs": 0.9235738421784934,
  "column_score": 0.5116279069767442,
  "time_ms": 101
}