{
  "sum_of_pairs": 0.8212518954930768,
  "column_score": 0.6477987421383647,
  "time_ms": 122
}