{
  "sum_of_pairs": 0.8530543530543531,
  "column_score": 0.015151515151515152,
  "time_ms": 88
}