{
  "sum_of_pairs": 0.6784820811129643,
  "column_score": 0.057692307692307696,
  "time_ms": 662
}