{
  "sum_of_pairs": 0.8285714285714286,
  "column_score": 0.6628571428571428,
  "time_ms": 43
}