{
  "sum_of_pairs": 0.27427010858963524,
  "column_score": 0.07100591715976332,
  "time_ms": 22
}