{
  "sum_of_pairs": 0.6674897119341564,
  "column_score": 0.5679012345679012,
  "time_ms": 18
}