{
  "sum_of_pairs": 0.7655930276619932,
  "column_score": 0.6137931034482759,
  "time_ms": 19
}