{
  "sum_of_pairs": 0.7167798676419366,
  "column_score": 0.4511494252873563,
  "time_ms": 37
}