{
  "sum_of_pairs": 0.5977060931899641,
  "column_score": 0.27419354838709675,
  "time_ms": 26
}