{
  "sum_of_pairs": 0.8654641276496623,
  "column_score": 0.3958333333333333,
  "time_ms": 431
}