{
  "sum_of_pairs": 0.650208986415883,
  "column_score": 0.42528735632183906,
  "time_ms": 31
}