{
  "sum_of_pairs": 0.7445616986024637,
  "column_score": 0.04384148829325423,
  "time_ms": 800
}