{
  "sum_of_pairs": 0.644987922705314,
  "column_score": 0.11594202898550725,
  "time_ms": 42
}