{
  "sum_of_pairs": 0.6971215266687959,
  "column_score": 0.11386138613861387,
  "time_ms": 345
}