{
  "sum_of_pairs": 0.8621836494160505,
  "column_score": 0.2568306010928962,
  "time_ms": 511
}