{
  "sum_of_pairs": 0.9262687239498253,
  "column_score": 0.1527777777777778,
  "time_ms": 3527
}