{
  "sum_of_pairs": 0.8921437197398597,
  "column_score": 0.10687022900763359,
  "time_ms": 1711
}