{
  "sum_of_pairs": 0.9171258034894398,
  "column_score": 0.11363636363636363,
  "time_ms": 1218
}