{
  "sum_of_pairs": 0.7558236620188695,
  "column_score": 0.15593220338983052,
  "time_ms": 709
}