{
  "sum_of_pairs": 0.8155348346235046,
  "column_score": 0.2767857142857143,
  "time_ms": 183
}