{
  "sum_of_pairs": 0.5450564096154328,
  "column_score": 0.15844024130461906,
  "time_ms": 607
}