{
  "sum_of_pairs": 0.46906146158049605,
  "column_score": 0.09401945491227995,
  "time_ms": 176
}