{
  "sum_of_pairs": 0.5402687792130483,
  "column_score": 0.15459802818986498,
  "time_ms": 226
}