{
  "sum_of_pairs": 0.5450564096154328,
  "column_score": 0.1584402413046191,
  "time_ms": 207
}