{
  "sum_of_pairs": 0.5447184616170047,
  "column_score": 0.1596778650669953,
  "time_ms": 100
}