{
  "sum_of_pairs": 0.30498416135370304,
  "column_score": 0.05521472392638037,
  "time_ms": 47
}