{
  "sum_of_pairs": 0.6066594616849365,
  "column_score": 0.2755905511811024,
  "time_ms": 50
}