{
  "sum_of_pairs": 0.4951564828614009,
  "column_score": 0.12090163934426229,
  "time_ms": 100
}