{
  "sum_of_pairs": 0.38445807770961143,
  "column_score": 0.07975460122699386,
  "time_ms": 28
}