{
  "sum_of_pairs": 0.4279393173198483,
  "column_score": 0.061946902654867256,
  "time_ms": 211
}