{
  "sum_of_pairs": 0.659753086419753,
  "column_score": 0.345679012345679,
  "time_ms": 78
}