{
  "sum_of_pairs": 0.5717585692995529,
  "column_score": 0.18237704918032788,
  "time_ms": 55
}