{
  "sum_of_pairs": 0.6986153434910451,
  "column_score": 0.4325581395348837,
  "time_ms": 618
}