{
  "sum_of_pairs": 0.6482424990993773,
  "column_score": 0.4409448818897638,
  "time_ms": 73
}