{
  "sum_of_pairs": 0.5569299552906111,
  "column_score": 0.18237704918032788,
  "time_ms": 25
}