{
  "sum_of_pairs": 0.7286807580174927,
  "column_score": 0.17346938775510204,
  "time_ms": 453
}