{
  "sum_of_pairs": 0.7406785980611484,
  "column_score": 0.4228187919463087,
  "time_ms": 58
}