{
  "sum_of_pairs": 0.785167638483965,
  "column_score": 0.3163265306122449,
  "time_ms": 619
}