{
  "sum_of_pairs": 0.7531244064577398,
  "column_score": 0.4691358024691358,
  "time_ms": 77
}