{
  "sum_of_pairs": 0.37419303099562934,
  "column_score": 0.07975460122699386,
  "time_ms": 147
}