{
  "sum_of_pairs": 0.6376873567755447,
  "column_score": 0.10891089108910891,
  "time_ms": 452
}