{
  "sum_of_pairs": 0.704592354985298,
  "column_score": 0.4325581395348837,
  "time_ms": 122
}