{
  "sum_of_pairs": 0.5545302013422819,
  "column_score": 0.15436241610738255,
  "time_ms": 37
}