{
  "sum_of_pairs": 0.66414327719861,
  "column_score": 0.31627906976744186,
  "time_ms": 275
}