{
  "sum_of_pairs": 0.6745172856156048,
  "column_score": 0.12871287128712872,
  "time_ms": 216
}