{
  "sum_of_pairs": 0.18262887209750847,
  "column_score": 0.04176269467667525,
  "time_ms": 14
}