{
  "sum_of_pairs": 0.18434343434343434,
  "column_score": 0.08585858585858586,
  "time_ms": 7
}