{
  "sum_of_pairs": 0.3292517006802721,
  "column_score": 0.2714285714285714,
  "time_ms": 11
}