{
  "sum_of_pairs": 0.47845968712394704,
  "column_score": 0.36101083032490977,
  "time_ms": 26
}