{
  "sum_of_pairs": 0.10796221322537113,
  "column_score": 0.04048582995951417,
  "time_ms": 12
}