{
  "sum_of_pairs": 0.49122807017543857,
  "column_score": 0.22807017543859648,
  "time_ms": 1
}