{
  "sum_of_pairs": 0.37649402390438247,
  "column_score": 0.2151394422310757,
  "time_ms": 9
}