{
  "sum_of_pairs": 0.362962962962963,
  "column_score": 0.13333333333333333,
  "time_ms": 13
}