{
  "sum_of_pairs": 0.3852097130242826,
  "column_score": 0.25165562913907286,
  "time_ms": 3
}