{
  "sum_of_pairs": 0.36951932871715126,
  "column_score": 0.0017195767195767194,
  "time_ms": 2251
}