{
  "sum_of_pairs": 0.44517080273444676,
  "column_score": 0.051587301587301584,
  "time_ms": 5332
}