{
  "sum_of_pairs": 0.059247903491140994,
  "column_score": 0.0002658160552897395,
  "time_ms": 6
}