{
  "sum_of_pairs": 0.08454980328339931,
  "column_score": 0.00866950821712372,
  "time_ms": 2
}