{
  "sum_of_pairs": 0.03921700598775191,
  "column_score": 0.003313024580828178,
  "time_ms": 6
}