{
  "sum_of_pairs": 0.08159683828447437,
  "column_score": 0.00866950821712372,
  "time_ms": 6
}