{
  "sum_of_pairs": 0.09050772626931568,
  "column_score": 0.059602649006622516,
  "time_ms": 2
}