{
  "sum_of_pairs": 0.1335978835978836,
  "column_score": 0.05185185185185185,
  "time_ms": 6
}