{
  "sum_of_pairs": 0.5942017698223738,
  "column_score": 0.008790746099551392,
  "time_ms": 242
}