{
  "sum_of_pairs": 0.711740188588434,
  "column_score": 0.3328139279184077,
  "time_ms": 2595
}