{
  "sum_of_pairs": 0.6010371090584994,
  "column_score": 0.24675324675324675,
  "time_ms": 190
}