{
  "sum_of_pairs": 0.9227367296446244,
  "column_score": 0.7953216374269005,
  "time_ms": 863
}