{
  "sum_of_pairs": 0.8781834603752412,
  "column_score": 0.5068493150684932,
  "time_ms": 3643
}