{
  "sum_of_pairs": 0.7194713782949077,
  "column_score": 0.3393665158371041,
  "time_ms": 1051
}