{
  "sum_of_pairs": 0.44598639455782313,
  "column_score": 0.22857142857142856,
  "time_ms": 51
}