{
  "sum_of_pairs": 0.6956426574674359,
  "column_score": 0.19130434782608696,
  "time_ms": 4083
}