{
  "sum_of_pairs": 0.44634920634920633,
  "column_score": 0.22857142857142856,
  "time_ms": 30
}