{
  "sum_of_pairs": 0.693890139201467,
  "column_score": 0.43023255813953487,
  "time_ms": 558
}