{
  "sum_of_pairs": 0.8557168571896112,
  "column_score": 0.6706349206349206,
  "time_ms": 6390
}