{
  "sum_of_pairs": 0.8199153170667414,
  "column_score": 0.43956043956043955,
  "time_ms": 5291
}