{
  "sum_of_pairs": 0.40714285714285714,
  "column_score": 0.13636363636363635,
  "time_ms": 39
}