{
  "sum_of_pairs": 0.9118010167029775,
  "column_score": 0.7352941176470589,
  "time_ms": 3645
}