{
  "sum_of_pairs": 0.5986295344584115,
  "column_score": 0.24675324675324675,
  "time_ms": 305
}