{
  "sum_of_pairs": 0.863994668697639,
  "column_score": 0.7029702970297029,
  "time_ms": 2201
}