{
  "sum_of_pairs": 0.7899018232819074,
  "column_score": 0.40869565217391307,
  "time_ms": 2187
}