{
  "sum_of_pairs": 0.694764765360138,
  "column_score": 0.1565217391304348,
  "time_ms": 7831
}