{
  "sum_of_pairs": 0.7908353068309842,
  "column_score": 0.4260869565217391,
  "time_ms": 1196
}