{
  "sum_of_pairs": 0.8695918367346939,
  "column_score": 0.6583333333333333,
  "time_ms": 971
}