{
  "sum_of_pairs": 0.9133669338180617,
  "column_score": 0.4331983805668016,
  "time_ms": 2496
}