{
  "sum_of_pairs": 0.7781370476308916,
  "column_score": 0.49411764705882355,
  "time_ms": 304
}