{
  "sum_of_pairs": 0.7788210421589354,
  "column_score": 0.5058823529411764,
  "time_ms": 170
}