{
  "sum_of_pairs": 0.6974827040093357,
  "column_score": 0.437984496124031,
  "time_ms": 324
}