{
  "sum_of_pairs": 0.5865975997830958,
  "column_score": 0.10714285714285714,
  "time_ms": 5973
}