{
  "sum_of_pairs": 0.6186868686868687,
  "column_score": 0.13636363636363635,
  "time_ms": 32
}