{
  "sum_of_pairs": 0.7203548085901027,
  "column_score": 0.3438914027149321,
  "time_ms": 606
}