{
  "sum_of_pairs": 0.6668241965973535,
  "column_score": 0.45652173913043476,
  "time_ms": 36
}