{
  "sum_of_pairs": 0.8558880105797841,
  "column_score": 0.6746031746031746,
  "time_ms": 4519
}