{
  "sum_of_pairs": 0.8641374714394516,
  "column_score": 0.7029702970297029,
  "time_ms": 1208
}