{
  "sum_of_pairs": 0.9385900850588539,
  "column_score": 0.6213592233009708,
  "time_ms": 4812
}