{
  "sum_of_pairs": 0.5653505102894428,
  "column_score": 0.16279069767441862,
  "time_ms": 4128
}