{
  "sum_of_pairs": 0.5990430622009569,
  "column_score": 0.45454545454545453,
  "time_ms": 10
}