{
  "sum_of_pairs": 0.9148673882508469,
  "column_score": 0.44534412955465585,
  "time_ms": 1399
}