{
  "sum_of_pairs": 0.938247947172683,
  "column_score": 0.6019417475728155,
  "time_ms": 8604
}