{
  "sum_of_pairs": 0.9227142375168691,
  "column_score": 0.7953216374269005,
  "time_ms": 1557
}