{
  "sum_of_pairs": 0.5574146836709319,
  "column_score": 0.31277397471147095,
  "time_ms": 34
}