{
  "sum_of_pairs": 0.6331773158233849,
  "column_score": 0.4210440800591615,
  "time_ms": 16
}