{
  "sum_of_pairs": 0.7592316608710051,
  "column_score": 0.5380029806259314,
  "time_ms": 57
}