{
  "sum_of_pairs": 0.6800486618004866,
  "column_score": 0.40875912408759124,
  "time_ms": 34
}