{
  "sum_of_pairs": 0.6140552995391705,
  "column_score": 0.3467741935483871,
  "time_ms": 8
}