{
  "sum_of_pairs": 0.7880570409982175,
  "column_score": 0.2571428571428571,
  "time_ms": 193
}