{
  "sum_of_pairs": 0.5769009216589862,
  "column_score": 0.31451612903225806,
  "time_ms": 21
}