{
  "sum_of_pairs": 0.5145919421487604,
  "column_score": 0.2869318181818182,
  "time_ms": 186
}