{
  "sum_of_pairs": 0.7199248120300752,
  "column_score": 0.4868421052631579,
  "time_ms": 37
}