{
  "sum_of_pairs": 0.4369918699186992,
  "column_score": 0.34146341463414637,
  "time_ms": 15
}