{
  "sum_of_pairs": 0.2629032258064516,
  "column_score": 0.21774193548387097,
  "time_ms": 15
}