{
  "sum_of_pairs": 0.7375621890547264,
  "column_score": 0.6462686567164179,
  "time_ms": 17
}