{
  "sum_of_pairs": 0.7840852130325815,
  "column_score": 0.5526315789473685,
  "time_ms": 21
}