{
  "sum_of_pairs": 0.12988505747126436,
  "column_score": 0.03793103448275862,
  "time_ms": 5
}