{
  "sum_of_pairs": 0.6616385684708667,
  "column_score": 0.505175983436853,
  "time_ms": 59
}