{
  "sum_of_pairs": 0.6206408345752608,
  "column_score": 0.3975409836065574,
  "time_ms": 24
}