{
  "sum_of_pairs": 0.8264095938514543,
  "column_score": 0.38372093023255816,
  "time_ms": 63
}