{
  "sum_of_pairs": 0.6535759322644569,
  "column_score": 0.4905422446406053,
  "time_ms": 40
}