{
  "sum_of_pairs": 0.7712121212121212,
  "column_score": 0.5833333333333334,
  "time_ms": 9
}