{
  "sum_of_pairs": 0.7031412621818526,
  "column_score": 0.25830258302583026,
  "time_ms": 33
}