{
  "sum_of_pairs": 0.5734375,
  "column_score": 0.296875,
  "time_ms": 1
}