{
  "sum_of_pairs": 0.5595730027548209,
  "column_score": 0.29261363636363635,
  "time_ms": 69
}