{
  "sum_of_pairs": 0.3767123287671233,
  "column_score": 0.0958904109589041,
  "time_ms": 23
}