{
  "sum_of_pairs": 0.39631336405529954,
  "column_score": 0.16589861751152074,
  "time_ms": 10
}