{
  "sum_of_pairs": 0.5883032824780398,
  "column_score": 0.24757281553398058,
  "time_ms": 28
}