{
  "sum_of_pairs": 0.7994369928796158,
  "column_score": 0.6348733233979136,
  "time_ms": 56
}