{
  "sum_of_pairs": 0.589344262295082,
  "column_score": 0.3524590163934426,
  "time_ms": 46
}