{
  "sum_of_pairs": 0.8612580834803057,
  "column_score": 0.8209876543209876,
  "time_ms": 3
}