{
  "sum_of_pairs": 0.7450120675784393,
  "column_score": 0.5132743362831859,
  "time_ms": 23
}