{
  "sum_of_pairs": 0.6909493161705551,
  "column_score": 0.4247787610619469,
  "time_ms": 62
}