{
  "sum_of_pairs": 0.7817733990147783,
  "column_score": 0.6354679802955665,
  "time_ms": 9
}