{
  "sum_of_pairs": 0.6470809792843691,
  "column_score": 0.3954802259887006,
  "time_ms": 21
}