{
  "sum_of_pairs": 0.8225974567437982,
  "column_score": 0.5447154471544715,
  "time_ms": 36
}