{
  "sum_of_pairs": 0.5264957264957265,
  "column_score": 0.05128205128205128,
  "time_ms": 0
}