{
  "sum_of_pairs": 0.9006216006216006,
  "column_score": 0.5692307692307692,
  "time_ms": 65
}