{
  "sum_of_pairs": 0.6099351468203927,
  "column_score": 0.4489281210592686,
  "time_ms": 61
}