{
  "sum_of_pairs": 0.7275862068965517,
  "column_score": 0.5812807881773399,
  "time_ms": 15
}