{
  "sum_of_pairs": 0.6071428571428571,
  "column_score": 0.4216417910447761,
  "time_ms": 9
}