{
  "sum_of_pairs": 0.1642512077294686,
  "column_score": 0.18840579710144928,
  "time_ms": 2
}