{
  "sum_of_pairs": 0.5628997867803838,
  "column_score": 0.31716417910447764,
  "time_ms": 40
}