{
  "sum_of_pairs": 0.5166666666666667,
  "column_score": 0.19791666666666666,
  "time_ms": 1
}