{
  "sum_of_pairs": 0.8221972440780984,
  "column_score": 0.5095541401273885,
  "time_ms": 70
}