{
  "sum_of_pairs": 0.8169154228855722,
  "column_score": 0.744776119402985,
  "time_ms": 8
}