{
  "sum_of_pairs": 0.6700280112044817,
  "column_score": 0.4789915966386555,
  "time_ms": 11
}