{
  "sum_of_pairs": 0.7105871474803513,
  "column_score": 0.44660194174757284,
  "time_ms": 9
}