{
  "sum_of_pairs": 0.528541851523218,
  "column_score": 0.2732919254658385,
  "time_ms": 13
}