{
  "sum_of_pairs": 0.735969868173258,
  "column_score": 0.5988700564971752,
  "time_ms": 18
}