{
  "sum_of_pairs": 0.7765269960391912,
  "column_score": 0.4065040650406504,
  "time_ms": 107
}