{
  "sum_of_pairs": 0.8288113695090439,
  "column_score": 0.6046511627906976,
  "time_ms": 3
}