{
  "sum_of_pairs": 0.7427083333333333,
  "column_score": 0.53125,
  "time_ms": 1
}