{
  "sum_of_pairs": 0.4420849420849421,
  "column_score": 0.21621621621621623,
  "time_ms": 8
}