{
  "sum_of_pairs": 0.8004041608692771,
  "column_score": 0.3372093023255814,
  "time_ms": 104
}