{
  "sum_of_pairs": 0.7297979797979798,
  "column_score": 0.38333333333333336,
  "time_ms": 18
}