{
  "sum_of_pairs": 0.8278329513623631,
  "column_score": 0.32857142857142857,
  "time_ms": 87
}