{
  "sum_of_pairs": 0.5744047619047619,
  "column_score": 0.35714285714285715,
  "time_ms": 3
}