{
  "sum_of_pairs": 0.5177615571776155,
  "column_score": 0.291970802919708,
  "time_ms": 4
}