{
  "sum_of_pairs": 0.21754032258064515,
  "column_score": 0.1592741935483871,
  "time_ms": 32
}