{
  "sum_of_pairs": 0.7537136909830636,
  "column_score": 0.3247232472324723,
  "time_ms": 32
}