{
  "sum_of_pairs": 0.74874297545105,
  "column_score": 0.6335403726708074,
  "time_ms": 26
}