{
  "sum_of_pairs": 0.48677864341622534,
  "column_score": 0.0767496110940936,
  "time_ms": 352
}