{
  "sum_of_pairs": 0.37437845951777843,
  "column_score": 0.10526315789473684,
  "time_ms": 229
}