{
  "sum_of_pairs": 0.5705620603077535,
  "column_score": 0.2672955974842767,
  "time_ms": 330
}