{
  "sum_of_pairs": 0.5863584691170898,
  "column_score": 0.2620689655172414,
  "time_ms": 49
}