{
  "sum_of_pairs": 0.7666109547267183,
  "column_score": 0.041666666666666664,
  "time_ms": 262
}