{
  "sum_of_pairs": 0.7211772901428074,
  "column_score": 0.3649425287356322,
  "time_ms": 94
}