{
  "sum_of_pairs": 0.7026839826839827,
  "column_score": 0.07428571428571429,
  "time_ms": 103
}