{
  "sum_of_pairs": 0.906811104485523,
  "column_score": 0.38372093023255816,
  "time_ms": 292
}