{
  "sum_of_pairs": 0.5868818681318682,
  "column_score": 0.11538461538461539,
  "time_ms": 142
}