{
  "sum_of_pairs": 0.6486526357199056,
  "column_score": 0.17073170731707318,
  "time_ms": 208
}