{
  "sum_of_pairs": 0.6745143011332974,
  "column_score": 0.08486238532110092,
  "time_ms": 201
}