{
  "sum_of_pairs": 0.4713620532772929,
  "column_score": 0.05842327638681754,
  "time_ms": 654
}