{
  "sum_of_pairs": 0.8020664642375168,
  "column_score": 0.23976608187134502,
  "time_ms": 434
}