{
  "sum_of_pairs": 0.8095443369415972,
  "column_score": 0.04794520547945205,
  "time_ms": 1007
}