{
  "sum_of_pairs": 0.8128133520614723,
  "column_score": 0.11336032388663968,
  "time_ms": 575
}