{
  "sum_of_pairs": 0.5744489795918367,
  "column_score": 0.020833333333333332,
  "time_ms": 376
}