{
  "sum_of_pairs": 0.5560792244096829,
  "column_score": 0.1391304347826087,
  "time_ms": 1571
}