{
  "sum_of_pairs": 0.4021807069935412,
  "column_score": 0.19480519480519481,
  "time_ms": 78
}