{
  "sum_of_pairs": 0.7466437237634377,
  "column_score": 0.5277777777777778,
  "time_ms": 1944
}