{
  "sum_of_pairs": 0.6076753445934526,
  "column_score": 0.20386677114865898,
  "time_ms": 108
}