{
  "sum_of_pairs": 0.64424416579589,
  "column_score": 0.3505747126436782,
  "time_ms": 48
}