{
  "sum_of_pairs": 0.8409152752009895,
  "column_score": 0.4228571428571429,
  "time_ms": 33
}