{
  "sum_of_pairs": 0.5488503189437769,
  "column_score": 0.12149532710280374,
  "time_ms": 191
}