{
  "sum_of_pairs": 0.6842803030303031,
  "column_score": 0.2897727272727273,
  "time_ms": 47
}