{
  "sum_of_pairs": 0.6205312011763625,
  "column_score": 0.18548387096774194,
  "time_ms": 106
}