{
  "sum_of_pairs": 0.5192553033674528,
  "column_score": 0.028037383177570093,
  "time_ms": 387
}