{
  "sum_of_pairs": 0.4363440860215054,
  "column_score": 0.05806451612903226,
  "time_ms": 18
}