{
  "sum_of_pairs": 0.6985664776307499,
  "column_score": 0.21739130434782608,
  "time_ms": 16
}