{
  "sum_of_pairs": 0.5636955636955637,
  "column_score": 0.14814814814814814,
  "time_ms": 20
}