{
  "sum_of_pairs": 0.874793645409317,
  "column_score": 0.24375,
  "time_ms": 1842
}