{
  "sum_of_pairs": 0.4850361197110423,
  "column_score": 0.10526315789473684,
  "time_ms": 83
}