{
  "sum_of_pairs": 0.5786746778126088,
  "column_score": 0.4109195402298851,
  "time_ms": 23
}