{
  "sum_of_pairs": 0.8277400750739553,
  "column_score": 0.7232704402515723,
  "time_ms": 131
}