{
  "sum_of_pairs": 0.6040816326530613,
  "column_score": 0.23673469387755103,
  "time_ms": 17
}