{
  "sum_of_pairs": 0.8479137549499185,
  "column_score": 0.3645833333333333,
  "time_ms": 856
}