{
  "sum_of_pairs": 0.8927012663952962,
  "column_score": 0.31875,
  "time_ms": 943
}