{
  "sum_of_pairs": 0.8445089044792229,
  "column_score": 0.6330275229357798,
  "time_ms": 145
}