{
  "sum_of_pairs": 0.6118226600985222,
  "column_score": 0.36551724137931035,
  "time_ms": 13
}