{
  "sum_of_pairs": 0.7141239986067572,
  "column_score": 0.42528735632183906,
  "time_ms": 27
}