{
  "sum_of_pairs": 0.6260145681581686,
  "column_score": 0.11827956989247312,
  "time_ms": 55
}