{
  "sum_of_pairs": 0.6292226292226292,
  "column_score": 0.37037037037037035,
  "time_ms": 11
}