{
  "sum_of_pairs": 0.49987631416202843,
  "column_score": 0.10204081632653061,
  "time_ms": 27
}