{
  "sum_of_pairs": 0.6989981785063752,
  "column_score": 0.45901639344262296,
  "time_ms": 3
}