{
  "sum_of_pairs": 0.8085095856524428,
  "column_score": 0.2857142857142857,
  "time_ms": 60
}