{
  "sum_of_pairs": 0.8206368754398311,
  "column_score": 0.16666666666666666,
  "time_ms": 76
}