{
  "sum_of_pairs": 0.991187967932154,
  "column_score": 0.9534883720930233,
  "time_ms": 81
}