{
  "sum_of_pairs": 0.769634962738411,
  "column_score": 0.17582417582417584,
  "time_ms": 83
}