{
  "sum_of_pairs": 0.3300411522633745,
  "column_score": 0.13580246913580246,
  "time_ms": 27
}