{
  "sum_of_pairs": 0.4624730274885074,
  "column_score": 0.039473684210526314,
  "time_ms": 159
}