{
  "sum_of_pairs": 0.7617408371638937,
  "column_score": 0.07692307692307693,
  "time_ms": 1064
}