{
  "sum_of_pairs": 0.7914920880283123,
  "column_score": 0.07692307692307693,
  "time_ms": 691
}