{
  "sum_of_pairs": 0.8654546681057744,
  "column_score": 0.6811926605504587,
  "time_ms": 72
}