{
  "sum_of_pairs": 0.55240621447518,
  "column_score": 0.18620689655172415,
  "time_ms": 23
}