{
  "sum_of_pairs": 0.6873818525519849,
  "column_score": 0.21739130434782608,
  "time_ms": 28
}