{
  "sum_of_pairs": 0.29394087069525665,
  "column_score": 0.1111111111111111,
  "time_ms": 53
}