{
  "sum_of_pairs": 0.7401360894007953,
  "column_score": 0.21634615384615385,
  "time_ms": 259
}