{
  "sum_of_pairs": 0.5531506532547116,
  "column_score": 0.021505376344086023,
  "time_ms": 99
}