{
  "sum_of_pairs": 0.5268987341772152,
  "column_score": 0.31645569620253167,
  "time_ms": 37
}