{
  "sum_of_pairs": 0.816106097894449,
  "column_score": 0.6635220125786163,
  "time_ms": 243
}