{
  "sum_of_pairs": 0.7474295819123405,
  "column_score": 0.17582417582417584,
  "time_ms": 165
}