{
  "sum_of_pairs": 0.7612116443745083,
  "column_score": 0.25203252032520324,
  "time_ms": 179
}