{
  "sum_of_pairs": 0.3768496776383668,
  "column_score": 0.011099790360778882,
  "time_ms": 848
}