{
  "sum_of_pairs": 0.424845866222757,
  "column_score": 0.03757591253735696,
  "time_ms": 442
}