{
  "sum_of_pairs": 0.32753053371256485,
  "column_score": 0.011627906976744186,
  "time_ms": 1457
}