{
  "sum_of_pairs": 0.3792794242751707,
  "column_score": 0.0782608695652174,
  "time_ms": 523
}