{
  "sum_of_pairs": 0.40411100636884095,
  "column_score": 0.10434782608695652,
  "time_ms": 556
}