{
  "sum_of_pairs": 0.7304704427992099,
  "column_score": 0.0410958904109589,
  "time_ms": 3354
}