{
  "sum_of_pairs": 0.47035839977016447,
  "column_score": 0.15384615384615385,
  "time_ms": 356
}