{
  "sum_of_pairs": 0.6643244311909979,
  "column_score": 0.03296703296703297,
  "time_ms": 1704
}