{
  "sum_of_pairs": 0.7518608871405907,
  "column_score": 0.010638297872340425,
  "time_ms": 3489
}