{
  "sum_of_pairs": 0.6884198451103564,
  "column_score": 0.20238095238095238,
  "time_ms": 2365
}