{
  "sum_of_pairs": 0.5140077448440029,
  "column_score": 0.2568815967422173,
  "time_ms": 29
}