{
  "sum_of_pairs": 0.6062181796278333,
  "column_score": 0.3540757945963733,
  "time_ms": 73
}