{
  "sum_of_pairs": 0.606436042335239,
  "column_score": 0.35018657907865125,
  "time_ms": 12
}