{
  "sum_of_pairs": 0.49225037257824145,
  "column_score": 0.24180327868852458,
  "time_ms": 57
}