{
  "sum_of_pairs": 0.694017094017094,
  "column_score": 0.41025641025641024,
  "time_ms": 1
}