{
  "sum_of_pairs": 0.7640625,
  "column_score": 0.640625,
  "time_ms": 0
}