{
  "sum_of_pairs": 0.7822975517890772,
  "column_score": 0.6214689265536724,
  "time_ms": 10
}