{
  "sum_of_pairs": 0.5041407867494824,
  "column_score": 0.13043478260869565,
  "time_ms": 2
}