{
  "sum_of_pairs": 0.5843621399176955,
  "column_score": 0.32098765432098764,
  "time_ms": 6
}