{
  "sum_of_pairs": 0.41013824884792627,
  "column_score": 0.2350230414746544,
  "time_ms": 11
}