{
  "sum_of_pairs": 0.6141791044776119,
  "column_score": 0.517910447761194,
  "time_ms": 12
}