{
  "sum_of_pairs": 0.6558021266759131,
  "column_score": 0.2669902912621359,
  "time_ms": 22
}