{
  "sum_of_pairs": 0.612934362934363,
  "column_score": 0.2702702702702703,
  "time_ms": 8
}