{
  "sum_of_pairs": 0.6257995735607675,
  "column_score": 0.2873134328358209,
  "time_ms": 8
}