{
  "sum_of_pairs": 0.16206896551724137,
  "column_score": 0.05172413793103448,
  "time_ms": 4
}