{
  "sum_of_pairs": 0.6627369394359686,
  "column_score": 0.3106796116504854,
  "time_ms": 5
}