{
  "sum_of_pairs": 0.5841150719199499,
  "column_score": 0.13008130081300814,
  "time_ms": 24
}