{
  "sum_of_pairs": 0.46246556473829203,
  "column_score": 0.17329545454545456,
  "time_ms": 79
}