{
  "sum_of_pairs": 0.5980479148181012,
  "column_score": 0.40993788819875776,
  "time_ms": 26
}