{
  "sum_of_pairs": 0.66234335839599,
  "column_score": 0.39473684210526316,
  "time_ms": 54
}