{
  "sum_of_pairs": 0.7150375939849624,
  "column_score": 0.46710526315789475,
  "time_ms": 14
}