{
  "sum_of_pairs": 0.49085365853658536,
  "column_score": 0.3719512195121951,
  "time_ms": 3
}