{
  "sum_of_pairs": 0.6620583717357911,
  "column_score": 0.543778801843318,
  "time_ms": 1
}