{
  "sum_of_pairs": 0.55175983436853,
  "column_score": 0.15217391304347827,
  "time_ms": 2
}