{
  "sum_of_pairs": 0.7586713697824808,
  "column_score": 0.5925925925925926,
  "time_ms": 6
}