{
  "sum_of_pairs": 0.9097902097902097,
  "column_score": 0.7384615384615385,
  "time_ms": 19
}