{
  "sum_of_pairs": 0.6144393241167435,
  "column_score": 0.4930875576036866,
  "time_ms": 8
}