{
  "sum_of_pairs": 0.5390946502057613,
  "column_score": 0.14814814814814814,
  "time_ms": 2
}