{
  "sum_of_pairs": 0.7199248120300752,
  "column_score": 0.46710526315789475,
  "time_ms": 53
}