{
  "sum_of_pairs": 0.6699554556429791,
  "column_score": 0.27388535031847133,
  "time_ms": 93
}