{
  "sum_of_pairs": 0.7370801033591732,
  "column_score": 0.37209302325581395,
  "time_ms": 1
}