{
  "sum_of_pairs": 0.6924656400066236,
  "column_score": 0.5365126676602087,
  "time_ms": 85
}