{
  "sum_of_pairs": 0.6976657329598506,
  "column_score": 0.42857142857142855,
  "time_ms": 20
}