{
  "sum_of_pairs": 0.5284292821606255,
  "column_score": 0.208955223880597,
  "time_ms": 15
}