{
  "sum_of_pairs": 0.7521942110177404,
  "column_score": 0.5210084033613446,
  "time_ms": 22
}