{
  "sum_of_pairs": 0.2880778588807786,
  "column_score": 0.058394160583941604,
  "time_ms": 16
}