{
  "sum_of_pairs": 0.7549751243781094,
  "column_score": 0.6805970149253732,
  "time_ms": 74
}