{
  "sum_of_pairs": 0.587991718426501,
  "column_score": 0.15217391304347827,
  "time_ms": 1
}