{
  "sum_of_pairs": 0.6064030131826742,
  "column_score": 0.3559322033898305,
  "time_ms": 35
}