{
  "sum_of_pairs": 0.594758064516129,
  "column_score": 0.28225806451612906,
  "time_ms": 9
}