{
  "sum_of_pairs": 0.5245776347546259,
  "column_score": 0.24336283185840707,
  "time_ms": 41
}