{
  "sum_of_pairs": 0.6980974980225636,
  "column_score": 0.31210191082802546,
  "time_ms": 22
}