{
  "sum_of_pairs": 0.7743589743589744,
  "column_score": 0.46153846153846156,
  "time_ms": 2
}