{
  "sum_of_pairs": 0.7391223155929039,
  "column_score": 0.5210084033613446,
  "time_ms": 11
}