{
  "sum_of_pairs": 0.5217290799815072,
  "column_score": 0.1941747572815534,
  "time_ms": 9
}