{
  "sum_of_pairs": 0.5826612903225806,
  "column_score": 0.20967741935483872,
  "time_ms": 4
}