{
  "sum_of_pairs": 0.5781841109709962,
  "column_score": 0.4337957124842371,
  "time_ms": 83
}