{
  "sum_of_pairs": 0.8288770053475936,
  "column_score": 0.5142857142857142,
  "time_ms": 180
}