{
  "sum_of_pairs": 0.8508158508158508,
  "column_score": 0.5487179487179488,
  "time_ms": 57
}