{
  "sum_of_pairs": 0.7584613463219683,
  "column_score": 0.5414012738853503,
  "time_ms": 89
}