{
  "sum_of_pairs": 0.5529766693483508,
  "column_score": 0.2743362831858407,
  "time_ms": 171
}