{
  "sum_of_pairs": 0.666023166023166,
  "column_score": 0.2972972972972973,
  "time_ms": 1
}