{
  "sum_of_pairs": 0.32623484176279205,
  "column_score": 0.062111801242236024,
  "time_ms": 15
}