{
  "sum_of_pairs": 0.7145885080311309,
  "column_score": 0.5409836065573771,
  "time_ms": 42
}