{
  "sum_of_pairs": 0.8041431261770244,
  "column_score": 0.6214689265536724,
  "time_ms": 23
}