{
  "sum_of_pairs": 0.4748995983935743,
  "column_score": 0.2469879518072289,
  "time_ms": 2
}