{
  "sum_of_pairs": 0.6371087928464978,
  "column_score": 0.45081967213114754,
  "time_ms": 82
}