{
  "sum_of_pairs": 0.3471774193548387,
  "column_score": 0.10685483870967742,
  "time_ms": 36
}