{
  "sum_of_pairs": 0.9163947163947164,
  "column_score": 0.7435897435897436,
  "time_ms": 81
}