{
  "sum_of_pairs": 0.7568627450980392,
  "column_score": 0.6274509803921569,
  "time_ms": 6
}