{
  "sum_of_pairs": 0.756896551724138,
  "column_score": 0.6354679802955665,
  "time_ms": 8
}