{
  "sum_of_pairs": 0.6172707889125799,
  "column_score": 0.26119402985074625,
  "time_ms": 76
}