{
  "sum_of_pairs": 0.7369477911646586,
  "column_score": 0.6144578313253012,
  "time_ms": 1
}