{
  "sum_of_pairs": 0.35866935483870965,
  "column_score": 0.10685483870967742,
  "time_ms": 17
}