{
  "sum_of_pairs": 0.5127162810089639,
  "column_score": 0.12195121951219512,
  "time_ms": 48
}