{
  "sum_of_pairs": 0.6951235672165905,
  "column_score": 0.16279069767441862,
  "time_ms": 45
}