{
  "sum_of_pairs": 0.6482758620689655,
  "column_score": 0.47044334975369456,
  "time_ms": 14
}