{
  "sum_of_pairs": 0.49944042699724517,
  "column_score": 0.23579545454545456,
  "time_ms": 114
}