{
  "sum_of_pairs": 0.692156862745098,
  "column_score": 0.5098039215686274,
  "time_ms": 6
}