{
  "sum_of_pairs": 0.7103955476048499,
  "column_score": 0.16279069767441862,
  "time_ms": 231
}