{
  "sum_of_pairs": 0.6432190760059613,
  "column_score": 0.3889716840536513,
  "time_ms": 88
}