{
  "sum_of_pairs": 0.286491935483871,
  "column_score": 0.0907258064516129,
  "time_ms": 14
}