{
  "sum_of_pairs": 0.6591154746892451,
  "column_score": 0.5372005044136192,
  "time_ms": 27
}