{
  "sum_of_pairs": 0.8461675579322638,
  "column_score": 0.5714285714285714,
  "time_ms": 94
}