{
  "sum_of_pairs": 0.6640695370203566,
  "column_score": 0.544766708701135,
  "time_ms": 62
}