{
  "sum_of_pairs": 0.7956349206349206,
  "column_score": 0.6607142857142857,
  "time_ms": 3
}