{
  "sum_of_pairs": 0.49726027397260275,
  "column_score": 0.3287671232876712,
  "time_ms": 12
}