{
  "sum_of_pairs": 0.5530571198712791,
  "column_score": 0.2743362831858407,
  "time_ms": 44
}