{
  "sum_of_pairs": 0.5717114863456327,
  "column_score": 0.016260162601626018,
  "time_ms": 55
}