{
  "sum_of_pairs": 0.626027397260274,
  "column_score": 0.3972602739726027,
  "time_ms": 8
}