{
  "sum_of_pairs": 0.49728822314049587,
  "column_score": 0.21306818181818182,
  "time_ms": 50
}