{
  "sum_of_pairs": 0.08604163340960924,
  "column_score": 0.0022490932954342476,
  "time_ms": 4
}