{
  "sum_of_pairs": 0.04472925877016357,
  "column_score": 0.0015594541910331384,
  "time_ms": 6
}