{
  "sum_of_pairs": 0.08467056736487832,
  "column_score": 0.0022490932954342476,
  "time_ms": 6
}