{
  "sum_of_pairs": 0.21825396825396826,
  "column_score": 0.08148148148148149,
  "time_ms": 12
}