{
  "sum_of_pairs": 0.08698539176626827,
  "column_score": 0.00398406374501992,
  "time_ms": 13
}