{
  "sum_of_pairs": 0.5973569519258396,
  "column_score": 0.20888103369418087,
  "time_ms": 231
}