{
  "sum_of_pairs": 0.5973569519258397,
  "column_score": 0.20888103369418093,
  "time_ms": 215
}