{
  "sum_of_pairs": 0.49094650205761314,
  "column_score": 0.22839506172839505,
  "time_ms": 35
}