{
  "sum_of_pairs": 0.6679292929292929,
  "column_score": 0.5057471264367817,
  "time_ms": 54
}