{
  "sum_of_pairs": 0.48250304906651653,
  "column_score": 0.19736842105263158,
  "time_ms": 179
}