{
  "sum_of_pairs": 0.7673539695598519,
  "column_score": 0.3557692307692308,
  "time_ms": 433
}