{
  "sum_of_pairs": 0.697310606060606,
  "column_score": 0.24431818181818182,
  "time_ms": 104
}