{
  "sum_of_pairs": 0.8300386834513507,
  "column_score": 0.5528455284552846,
  "time_ms": 236
}