{
  "sum_of_pairs": 0.8702185792349727,
  "column_score": 0.7540983606557377,
  "time_ms": 8
}