{
  "sum_of_pairs": 0.8673641173641173,
  "column_score": 0.2878787878787879,
  "time_ms": 220
}