{
  "sum_of_pairs": 0.6462728551336147,
  "column_score": 0.4430379746835443,
  "time_ms": 58
}