{
  "sum_of_pairs": 0.6919627307558343,
  "column_score": 0.4281609195402299,
  "time_ms": 63
}