{
  "sum_of_pairs": 0.9403034519313589,
  "column_score": 0.7558139534883721,
  "time_ms": 153
}