{
  "sum_of_pairs": 0.5898584688907269,
  "column_score": 0.22580645161290322,
  "time_ms": 265
}