{
  "sum_of_pairs": 0.5874952633573324,
  "column_score": 0.25517241379310346,
  "time_ms": 31
}