{
  "sum_of_pairs": 0.8441378845116028,
  "column_score": 0.6261467889908257,
  "time_ms": 147
}