{
  "sum_of_pairs": 0.8169637308275536,
  "column_score": 0.6132075471698113,
  "time_ms": 265
}