{
  "sum_of_pairs": 0.8643067202422549,
  "column_score": 0.3541666666666667,
  "time_ms": 1012
}