{
  "sum_of_pairs": 0.46518243661100805,
  "column_score": 0.0653061224489796,
  "time_ms": 75
}