{
  "sum_of_pairs": 0.6041282535060125,
  "column_score": 0.00899131872674659,
  "time_ms": 270
}