{
  "sum_of_pairs": 0.07791554352896994,
  "column_score": 0.024485131426557883,
  "time_ms": 12
}