{
  "sum_of_pairs": 0.3299319727891156,
  "column_score": 0.3469387755102041,
  "time_ms": 2
}