{
  "sum_of_pairs": 0.1891304347826087,
  "column_score": 0.08695652173913043,
  "time_ms": 2
}