{
  "sum_of_pairs": 0.22432432432432434,
  "column_score": 0.13513513513513514,
  "time_ms": 1
}