{
  "sum_of_pairs": 0.17973856209150327,
  "column_score": 0.13725490196078433,
  "time_ms": 0
}