{
  "sum_of_pairs": 0.1326530612244898,
  "column_score": 0.04081632653061224,
  "time_ms": 0
}