{
  "sum_of_pairs": 0.565417034054544,
  "column_score": 0.14545831339822904,
  "time_ms": 291
}