{
  "sum_of_pairs": 0.5654170340545441,
  "column_score": 0.14545831339822904,
  "time_ms": 302
}