{
  "sum_of_pairs": 0.5128112594731143,
  "column_score": 0.1656441717791411,
  "time_ms": 114
}