{
  "sum_of_pairs": 0.8366571699905033,
  "column_score": 0.43209876543209874,
  "time_ms": 87
}