{
  "sum_of_pairs": 0.62661644695543,
  "column_score": 0.1111111111111111,
  "time_ms": 1362
}