{
  "sum_of_pairs": 0.5559649610678532,
  "column_score": 0.2413793103448276,
  "time_ms": 210
}