{
  "sum_of_pairs": 0.6302815089290309,
  "column_score": 0.03937007874015748,
  "time_ms": 66
}