{
  "sum_of_pairs": 0.7409405392366479,
  "column_score": 0.16831683168316833,
  "time_ms": 617
}