{
  "sum_of_pairs": 0.865958240119314,
  "column_score": 0.6577181208053692,
  "time_ms": 45
}