{
  "sum_of_pairs": 0.7582678428227747,
  "column_score": 0.4604651162790698,
  "time_ms": 320
}