{
  "sum_of_pairs": 0.6118948101706723,
  "column_score": 0.05459770114942529,
  "time_ms": 55
}