{
  "sum_of_pairs": 0.6595265151515152,
  "column_score": 0.09090909090909091,
  "time_ms": 95
}