{
  "sum_of_pairs": 0.7755984786337534,
  "column_score": 0.4276729559748428,
  "time_ms": 242
}