{
  "sum_of_pairs": 0.5844774273345702,
  "column_score": 0.061224489795918366,
  "time_ms": 39
}