{
  "sum_of_pairs": 0.4374485596707819,
  "column_score": 0.18518518518518517,
  "time_ms": 27
}