{
  "sum_of_pairs": 0.7740857946554149,
  "column_score": 0.5632911392405063,
  "time_ms": 24
}