{
  "sum_of_pairs": 0.9755184522626383,
  "column_score": 0.8255813953488372,
  "time_ms": 189
}