{
  "sum_of_pairs": 0.6415882967607106,
  "column_score": 0.3620689655172414,
  "time_ms": 46
}