{
  "sum_of_pairs": 0.7884848893685915,
  "column_score": 0.3922018348623853,
  "time_ms": 153
}