{
  "sum_of_pairs": 0.02213693506318146,
  "column_score": 0.0002658160552897395,
  "time_ms": 7
}