{
  "sum_of_pairs": 0.755225651480901,
  "column_score": 0.0376480166031758,
  "time_ms": 395
}