{
  "sum_of_pairs": 0.9307609496288741,
  "column_score": 0.08783783783783784,
  "time_ms": 399
}