{
  "sum_of_pairs": 0.9143240072470225,
  "column_score": 0.19907407407407407,
  "time_ms": 1801
}