{
  "sum_of_pairs": 0.7793478260869565,
  "column_score": 0.18840579710144928,
  "time_ms": 25
}