{
  "sum_of_pairs": 0.9185988674625039,
  "column_score": 0.01893939393939394,
  "time_ms": 612
}