{
  "sum_of_pairs": 0.9002832204483148,
  "column_score": 0.20833333333333334,
  "time_ms": 351
}