{
  "sum_of_pairs": 0.8697096324868745,
  "column_score": 0.09289617486338798,
  "time_ms": 244
}