{
  "sum_of_pairs": 0.9395090590298071,
  "column_score": 0.2796610169491525,
  "time_ms": 113
}