{
  "sum_of_pairs": 0.6584825777470088,
  "column_score": 0.4185586930106768,
  "time_ms": 16
}