{
  "sum_of_pairs": 0.65909205995613,
  "column_score": 0.4198049235918816,
  "time_ms": 58
}