{
  "sum_of_pairs": 0.6063812327270046,
  "column_score": 0.3528919136595867,
  "time_ms": 31
}