{
  "sum_of_pairs": 0.515527950310559,
  "column_score": 0.17391304347826086,
  "time_ms": 1
}