{
  "sum_of_pairs": 0.2810344827586207,
  "column_score": 0.11724137931034483,
  "time_ms": 2
}