{
  "sum_of_pairs": 0.7764705882352941,
  "column_score": 0.5490196078431373,
  "time_ms": 3
}