{
  "sum_of_pairs": 0.7150990831115055,
  "column_score": 0.6128364389233955,
  "time_ms": 22
}