{
  "sum_of_pairs": 0.83840190816935,
  "column_score": 0.4069767441860465,
  "time_ms": 57
}