{
  "sum_of_pairs": 0.6947761194029851,
  "column_score": 0.5970149253731343,
  "time_ms": 13
}