{
  "sum_of_pairs": 0.752542372881356,
  "column_score": 0.5141242937853108,
  "time_ms": 23
}