{
  "sum_of_pairs": 0.6523330651649236,
  "column_score": 0.3805309734513274,
  "time_ms": 81
}