{
  "sum_of_pairs": 0.5597882231404959,
  "column_score": 0.32386363636363635,
  "time_ms": 192
}