{
  "sum_of_pairs": 0.8191998667832313,
  "column_score": 0.6050955414012739,
  "time_ms": 28
}