{
  "sum_of_pairs": 0.22604166666666667,
  "column_score": 0.052083333333333336,
  "time_ms": 1
}