{
  "sum_of_pairs": 0.7237468671679198,
  "column_score": 0.4934210526315789,
  "time_ms": 68
}