{
  "sum_of_pairs": 0.9345723182932485,
  "column_score": 0.5813953488372093,
  "time_ms": 292
}