{
  "sum_of_pairs": 0.9269671504965623,
  "column_score": 0.6142857142857143,
  "time_ms": 440
}