{
  "sum_of_pairs": 0.665610599078341,
  "column_score": 0.45161290322580644,
  "time_ms": 4
}