{
  "sum_of_pairs": 0.4907258064516129,
  "column_score": 0.21169354838709678,
  "time_ms": 39
}