{
  "sum_of_pairs": 0.677860696517413,
  "column_score": 0.4291044776119403,
  "time_ms": 23
}