{
  "sum_of_pairs": 0.7448253022023514,
  "column_score": 0.5856929955290611,
  "time_ms": 166
}