{
  "sum_of_pairs": 0.6717948717948717,
  "column_score": 0.5384615384615384,
  "time_ms": 0
}