{
  "sum_of_pairs": 0.3960366755397811,
  "column_score": 0.12422360248447205,
  "time_ms": 8
}