{
  "sum_of_pairs": 0.67876304023845,
  "column_score": 0.45491803278688525,
  "time_ms": 19
}