{
  "sum_of_pairs": 0.5813700444696754,
  "column_score": 0.08118081180811808,
  "time_ms": 100
}