{
  "sum_of_pairs": 0.5579268292682927,
  "column_score": 0.3475609756097561,
  "time_ms": 8
}