{
  "sum_of_pairs": 0.7364771151178918,
  "column_score": 0.4368932038834951,
  "time_ms": 5
}