{
  "sum_of_pairs": 0.5987373737373738,
  "column_score": 0.26666666666666666,
  "time_ms": 24
}