{
  "sum_of_pairs": 0.9107461166284696,
  "column_score": 0.6142857142857143,
  "time_ms": 124
}