{
  "sum_of_pairs": 0.7915652879156528,
  "column_score": 0.45985401459854014,
  "time_ms": 4
}