{
  "sum_of_pairs": 0.21264367816091953,
  "column_score": 0.07931034482758621,
  "time_ms": 4
}