{
  "sum_of_pairs": 0.7331453634085213,
  "column_score": 0.4934210526315789,
  "time_ms": 15
}