{
  "sum_of_pairs": 0.6821661998132587,
  "column_score": 0.4117647058823529,
  "time_ms": 26
}