{
  "sum_of_pairs": 0.8334989730338568,
  "column_score": 0.3953488372093023,
  "time_ms": 111
}