{
  "sum_of_pairs": 0.5989583333333334,
  "column_score": 0.40625,
  "time_ms": 1
}