{
  "sum_of_pairs": 0.7510846166583871,
  "column_score": 0.5976154992548435,
  "time_ms": 68
}