{
  "sum_of_pairs": 0.5628013085399449,
  "column_score": 0.32954545454545453,
  "time_ms": 131
}