{
  "sum_of_pairs": 0.7534917656868877,
  "column_score": 0.3333333333333333,
  "time_ms": 77
}