{
  "sum_of_pairs": 0.44798387096774195,
  "column_score": 0.1975806451612903,
  "time_ms": 14
}