{
  "sum_of_pairs": 0.9185703185703186,
  "column_score": 0.764102564102564,
  "time_ms": 70
}