{
  "sum_of_pairs": 0.7068273092369478,
  "column_score": 0.572289156626506,
  "time_ms": 1
}