{
  "sum_of_pairs": 0.34900916888494526,
  "column_score": 0.07453416149068323,
  "time_ms": 13
}