{
  "sum_of_pairs": 0.7609126984126984,
  "column_score": 0.6130952380952381,
  "time_ms": 1
}