{
  "sum_of_pairs": 0.7989259398026727,
  "column_score": 0.5923566878980892,
  "time_ms": 47
}