{
  "sum_of_pairs": 0.4817073170731707,
  "column_score": 0.29878048780487804,
  "time_ms": 3
}