{
  "sum_of_pairs": 0.7546798029556651,
  "column_score": 0.5788177339901478,
  "time_ms": 21
}