{
  "sum_of_pairs": 0.6818140875517925,
  "column_score": 0.4930643127364439,
  "time_ms": 40
}