{
  "sum_of_pairs": 0.6574202496532594,
  "column_score": 0.32524271844660196,
  "time_ms": 8
}