{
  "sum_of_pairs": 0.6796572280178838,
  "column_score": 0.45491803278688525,
  "time_ms": 92
}