{
  "sum_of_pairs": 0.4893939393939394,
  "column_score": 0.16666666666666666,
  "time_ms": 19
}