{
  "sum_of_pairs": 0.7868217054263565,
  "column_score": 0.4883720930232558,
  "time_ms": 2
}