{
  "sum_of_pairs": 0.6565573770491804,
  "column_score": 0.4180327868852459,
  "time_ms": 70
}