{
  "sum_of_pairs": 0.730940794809408,
  "column_score": 0.35036496350364965,
  "time_ms": 18
}