{
  "sum_of_pairs": 0.8024691358024691,
  "column_score": 0.6111111111111112,
  "time_ms": 2
}