{
  "sum_of_pairs": 0.7693050193050193,
  "column_score": 0.40540540540540543,
  "time_ms": 1
}