{
  "sum_of_pairs": 0.7145299145299145,
  "column_score": 0.5641025641025641,
  "time_ms": 14
}