{
  "sum_of_pairs": 0.7700729927007299,
  "column_score": 0.45985401459854014,
  "time_ms": 9
}