{
  "sum_of_pairs": 0.7746268656716417,
  "column_score": 0.7014925373134329,
  "time_ms": 7
}