{
  "sum_of_pairs": 0.28390804597701147,
  "column_score": 0.11724137931034483,
  "time_ms": 10
}