{
  "sum_of_pairs": 0.5921658986175116,
  "column_score": 0.3387096774193548,
  "time_ms": 7
}