{
  "sum_of_pairs": 0.6506485317960727,
  "column_score": 0.46027742749054223,
  "time_ms": 124
}