{
  "sum_of_pairs": 0.7150302272253491,
  "column_score": 0.2682926829268293,
  "time_ms": 52
}