{
  "sum_of_pairs": 0.7753731343283582,
  "column_score": 0.7014925373134329,
  "time_ms": 31
}