{
  "sum_of_pairs": 0.712155388471178,
  "column_score": 0.4407894736842105,
  "time_ms": 53
}