{
  "sum_of_pairs": 0.7372068230277186,
  "column_score": 0.582089552238806,
  "time_ms": 51
}