{
  "sum_of_pairs": 0.7344537815126051,
  "column_score": 0.44537815126050423,
  "time_ms": 58
}