{
  "sum_of_pairs": 0.5794593663911846,
  "column_score": 0.3494318181818182,
  "time_ms": 77
}