{
  "sum_of_pairs": 0.7469251615593079,
  "column_score": 0.3333333333333333,
  "time_ms": 32
}