{
  "sum_of_pairs": 0.6646090534979424,
  "column_score": 0.14814814814814814,
  "time_ms": 2
}