{
  "sum_of_pairs": 0.5245775729646698,
  "column_score": 0.271889400921659,
  "time_ms": 3
}