{
  "sum_of_pairs": 0.8166023166023166,
  "column_score": 0.5405405405405406,
  "time_ms": 0
}