{
  "sum_of_pairs": 0.6313725490196078,
  "column_score": 0.39215686274509803,
  "time_ms": 2
}