{
  "sum_of_pairs": 0.8273809523809523,
  "column_score": 0.6904761904761905,
  "time_ms": 1
}