{
  "sum_of_pairs": 0.7795414462081128,
  "column_score": 0.5617283950617284,
  "time_ms": 16
}