{
  "sum_of_pairs": 0.6831201585299946,
  "column_score": 0.49810844892812106,
  "time_ms": 160
}