{
  "sum_of_pairs": 0.5969817390481598,
  "column_score": 0.09225092250922509,
  "time_ms": 27
}