{
  "sum_of_pairs": 0.7281669150521609,
  "column_score": 0.5618479880774963,
  "time_ms": 112
}