{
  "sum_of_pairs": 0.7838041431261771,
  "column_score": 0.615819209039548,
  "time_ms": 45
}