{
  "sum_of_pairs": 0.6534246575342466,
  "column_score": 0.4931506849315068,
  "time_ms": 3
}