{
  "sum_of_pairs": 0.284375,
  "column_score": 0.08333333333333333,
  "time_ms": 0
}