{
  "sum_of_pairs": 0.5150768011996303,
  "column_score": 0.04535887875410371,
  "time_ms": 1775
}