{
  "sum_of_pairs": 0.8185838221928448,
  "column_score": 0.044534412955465584,
  "time_ms": 1377
}