{
  "sum_of_pairs": 0.5212969909143953,
  "column_score": 0.015503875968992248,
  "time_ms": 390
}