{
  "sum_of_pairs": 0.6366434278840843,
  "column_score": 0.06796116504854369,
  "time_ms": 4686
}