{
  "sum_of_pairs": 0.7363202522049566,
  "column_score": 0.376984126984127,
  "time_ms": 3896
}