{
  "sum_of_pairs": 0.5654096349283515,
  "column_score": 0.24675324675324675,
  "time_ms": 211
}