{
  "sum_of_pairs": 0.6221326530612244,
  "column_score": 0.06666666666666667,
  "time_ms": 840
}