{
  "sum_of_pairs": 0.8105038236617184,
  "column_score": 0.25146198830409355,
  "time_ms": 1166
}