{
  "sum_of_pairs": 0.4366280470123261,
  "column_score": 0.09391570346575842,
  "time_ms": 111
}