{
  "sum_of_pairs": 0.666649312786339,
  "column_score": 0.04081632653061224,
  "time_ms": 272
}