{
  "sum_of_pairs": 0.37912628178114904,
  "column_score": 0.10619469026548672,
  "time_ms": 103
}