{
  "sum_of_pairs": 0.6326971398021919,
  "column_score": 0.3627906976744186,
  "time_ms": 137
}