{
  "sum_of_pairs": 0.8082137747999707,
  "column_score": 0.12651990934617563,
  "time_ms": 1281
}