{
  "sum_of_pairs": 0.8030022261432279,
  "column_score": 0.13285261814340804,
  "time_ms": 1055
}