{
  "sum_of_pairs": 0.8604468599033817,
  "column_score": 0.5289855072463768,
  "time_ms": 48
}