{
  "sum_of_pairs": 0.9385885341074021,
  "column_score": 0.2569444444444444,
  "time_ms": 848
}