{
  "sum_of_pairs": 0.9173123411640737,
  "column_score": 0.17194570135746606,
  "time_ms": 3574
}