{
  "sum_of_pairs": 0.9387534639049363,
  "column_score": 0.3708609271523179,
  "time_ms": 1791
}