{
  "sum_of_pairs": 0.8878623188405798,
  "column_score": 0.6956521739130435,
  "time_ms": 26
}