{
  "sum_of_pairs": 0.9350869809203143,
  "column_score": 0.09166666666666666,
  "time_ms": 1306
}