{
  "sum_of_pairs": 0.9034214743589744,
  "column_score": 0.21666666666666667,
  "time_ms": 1422
}