{
  "sum_of_pairs": 0.9192606726853302,
  "column_score": 0.18552036199095023,
  "time_ms": 1829
}