{
  "sum_of_pairs": 0.8520365886467581,
  "column_score": 0.12380952380952381,
  "time_ms": 304
}