{
  "sum_of_pairs": 0.8158036569786011,
  "column_score": 0.12376237623762376,
  "time_ms": 964
}