{
  "sum_of_pairs": 0.8364865993153544,
  "column_score": 0.31864406779661014,
  "time_ms": 1470
}