{
  "sum_of_pairs": 0.8521947572132301,
  "column_score": 0.30357142857142855,
  "time_ms": 364
}