{
  "sum_of_pairs": 0.8231270612571473,
  "column_score": 0.0967741935483871,
  "time_ms": 1533
}