{
  "sum_of_pairs": 0.9276170798898071,
  "column_score": 0.0946969696969697,
  "time_ms": 2145
}