{
  "sum_of_pairs": 0.9457928232586539,
  "column_score": 0.37748344370860926,
  "time_ms": 2288
}