{
  "sum_of_pairs": 0.8032876876397317,
  "column_score": 0.11386138613861387,
  "time_ms": 695
}