{
  "sum_of_pairs": 0.7956781164328334,
  "column_score": 0.37735849056603776,
  "time_ms": 302
}