{
  "sum_of_pairs": 0.9622594292405613,
  "column_score": 0.3108108108108108,
  "time_ms": 831
}