{
  "sum_of_pairs": 0.8707567478059282,
  "column_score": 0.030303030303030304,
  "time_ms": 270
}