{
  "sum_of_pairs": 0.9738631976001664,
  "column_score": 0.4861111111111111,
  "time_ms": 4223
}