{
  "sum_of_pairs": 0.8086973011817311,
  "column_score": 0.12376237623762376,
  "time_ms": 406
}