{
  "sum_of_pairs": 0.7491462248502234,
  "column_score": 0.0967741935483871,
  "time_ms": 655
}