{
  "sum_of_pairs": 0.9156387528667947,
  "column_score": 0.1493212669683258,
  "time_ms": 4164
}