{
  "sum_of_pairs": 0.8991449694631951,
  "column_score": 0.273224043715847,
  "time_ms": 642
}