{
  "sum_of_pairs": 0.8581113801452784,
  "column_score": 0.12380952380952381,
  "time_ms": 747
}