{
  "sum_of_pairs": 0.9251683501683502,
  "column_score": 0.08712121212121213,
  "time_ms": 1876
}