{
  "sum_of_pairs": 0.8852657004830918,
  "column_score": 0.6884057971014492,
  "time_ms": 46
}