{
  "sum_of_pairs": 0.9007907425265188,
  "column_score": 0.28415300546448086,
  "time_ms": 467
}