{
  "sum_of_pairs": 0.9414459361393324,
  "column_score": 0.2986111111111111,
  "time_ms": 471
}