{
  "sum_of_pairs": 0.9041465766634522,
  "column_score": 0.30601092896174864,
  "time_ms": 272
}