{
  "sum_of_pairs": 0.8716509355853618,
  "column_score": 0.030303030303030304,
  "time_ms": 145
}