{
  "sum_of_pairs": 0.9181983772147707,
  "column_score": 0.030303030303030304,
  "time_ms": 347
}