{
  "sum_of_pairs": 0.9399159269174768,
  "column_score": 0.37748344370860926,
  "time_ms": 1044
}