{
  "sum_of_pairs": 0.06795085922936045,
  "column_score": 0.002317973579611429,
  "time_ms": 6
}