{
  "sum_of_pairs": 0.7152638941719875,
  "column_score": 0.3277157931877149,
  "time_ms": 2561
}