{
  "sum_of_pairs": 0.7172044192339465,
  "column_score": 0.33870346947465785,
  "time_ms": 1399
}