{
  "sum_of_pairs": 0.69058229352347,
  "column_score": 0.4772727272727273,
  "time_ms": 70
}