{
  "sum_of_pairs": 0.8243257492133055,
  "column_score": 0.42857142857142855,
  "time_ms": 4946
}