{
  "sum_of_pairs": 0.6418557025834909,
  "column_score": 0.30434782608695654,
  "time_ms": 47
}