{
  "sum_of_pairs": 0.6948900772430184,
  "column_score": 0.5227272727272727,
  "time_ms": 32
}