{
  "sum_of_pairs": 0.8587776085300838,
  "column_score": 0.693069306930693,
  "time_ms": 2131
}