{
  "sum_of_pairs": 0.8391564625850341,
  "column_score": 0.5791666666666667,
  "time_ms": 1816
}