{
  "sum_of_pairs": 0.9259324134512105,
  "column_score": 0.5546558704453441,
  "time_ms": 1288
}