{
  "sum_of_pairs": 0.4138775510204082,
  "column_score": 0.19047619047619047,
  "time_ms": 57
}