{
  "sum_of_pairs": 0.712648136177548,
  "column_score": 0.3031674208144796,
  "time_ms": 921
}