{
  "sum_of_pairs": 0.9239088409657187,
  "column_score": 0.6504854368932039,
  "time_ms": 8710
}