{
  "sum_of_pairs": 0.9284131803868646,
  "column_score": 0.8187134502923976,
  "time_ms": 1620
}