{
  "sum_of_pairs": 0.9233578451623564,
  "column_score": 0.5303643724696356,
  "time_ms": 2640
}