{
  "sum_of_pairs": 0.7776769058574804,
  "column_score": 0.49411764705882355,
  "time_ms": 160
}