{
  "sum_of_pairs": 0.6172518463634408,
  "column_score": 0.16279069767441862,
  "time_ms": 2167
}