{
  "sum_of_pairs": 0.7602611292450865,
  "column_score": 0.36363636363636365,
  "time_ms": 171
}