{
  "sum_of_pairs": 0.8240176614989209,
  "column_score": 0.42857142857142855,
  "time_ms": 9435
}