{
  "sum_of_pairs": 0.8498291805676615,
  "column_score": 0.6150793650793651,
  "time_ms": 4138
}