{
  "sum_of_pairs": 0.8398673469387755,
  "column_score": 0.6083333333333333,
  "time_ms": 852
}