{
  "sum_of_pairs": 0.8493891911207291,
  "column_score": 0.6031746031746031,
  "time_ms": 5592
}