{
  "sum_of_pairs": 0.8331069480364245,
  "column_score": 0.20212765957446807,
  "time_ms": 2706
}