{
  "sum_of_pairs": 0.3698051948051948,
  "column_score": 0.18181818181818182,
  "time_ms": 94
}