{
  "sum_of_pairs": 0.37835497835497833,
  "column_score": 0.18181818181818182,
  "time_ms": 38
}