{
  "sum_of_pairs": 0.9287758659469186,
  "column_score": 0.8304093567251462,
  "time_ms": 1260
}