{
  "sum_of_pairs": 0.7062770562770563,
  "column_score": 0.5333333333333333,
  "time_ms": 115
}