{
  "sum_of_pairs": 0.7374317492416582,
  "column_score": 0.41739130434782606,
  "time_ms": 7497
}