{
  "sum_of_pairs": 0.7693506493506493,
  "column_score": 0.22857142857142856,
  "time_ms": 162
}