{
  "sum_of_pairs": 0.7744683497077478,
  "column_score": 0.47058823529411764,
  "time_ms": 308
}