{
  "sum_of_pairs": 0.6534341524889729,
  "column_score": 0.3695652173913043,
  "time_ms": 17
}