{
  "sum_of_pairs": 0.8316725707952101,
  "column_score": 0.13829787234042554,
  "time_ms": 5428
}