{
  "sum_of_pairs": 0.6163232868854418,
  "column_score": 0.16279069767441862,
  "time_ms": 4421
}