{
  "sum_of_pairs": 0.7685049019607844,
  "column_score": 0.20588235294117646,
  "time_ms": 3611
}