{
  "sum_of_pairs": 0.7926734919216122,
  "column_score": 0.15384615384615385,
  "time_ms": 896
}