{
  "sum_of_pairs": 0.7052380952380952,
  "column_score": 0.5333333333333333,
  "time_ms": 229
}