{
  "sum_of_pairs": 0.6947153455030425,
  "column_score": 0.35271317829457366,
  "time_ms": 304
}