{
  "sum_of_pairs": 0.7688634713144517,
  "column_score": 0.20588235294117646,
  "time_ms": 1831
}