{
  "sum_of_pairs": 0.6174925365230244,
  "column_score": 0.3660593908506104,
  "time_ms": 22
}