{
  "sum_of_pairs": 0.7235023041474654,
  "column_score": 0.3790322580645161,
  "time_ms": 10
}