{
  "sum_of_pairs": 0.6610898905016552,
  "column_score": 0.12857142857142856,
  "time_ms": 127
}