{
  "sum_of_pairs": 0.21794354838709679,
  "column_score": 0.19153225806451613,
  "time_ms": 16
}