{
  "sum_of_pairs": 0.48364325068870523,
  "column_score": 0.17045454545454544,
  "time_ms": 87
}