{
  "sum_of_pairs": 0.5907079646017699,
  "column_score": 0.23893805309734514,
  "time_ms": 47
}