{
  "sum_of_pairs": 0.7785714285714286,
  "column_score": 0.6970443349753694,
  "time_ms": 21
}