{
  "sum_of_pairs": 0.6697388632872504,
  "column_score": 0.4700460829493088,
  "time_ms": 4
}