{
  "sum_of_pairs": 0.7353233830845771,
  "column_score": 0.6268656716417911,
  "time_ms": 16
}