{
  "sum_of_pairs": 0.8567987567987568,
  "column_score": 0.4717948717948718,
  "time_ms": 36
}