{
  "sum_of_pairs": 0.26436781609195403,
  "column_score": 0.15517241379310345,
  "time_ms": 7
}