{
  "sum_of_pairs": 0.7156726768377254,
  "column_score": 0.3932038834951456,
  "time_ms": 10
}