{
  "sum_of_pairs": 0.5650406504065041,
  "column_score": 0.4695121951219512,
  "time_ms": 6
}