{
  "sum_of_pairs": 0.582815734989648,
  "column_score": 0.06521739130434782,
  "time_ms": 3
}