{
  "sum_of_pairs": 0.7879699248120301,
  "column_score": 0.35526315789473684,
  "time_ms": 24
}