{
  "sum_of_pairs": 0.6598290598290598,
  "column_score": 0.48717948717948717,
  "time_ms": 1
}