{
  "sum_of_pairs": 0.42472641230405206,
  "column_score": 0.09937888198757763,
  "time_ms": 15
}