{
  "sum_of_pairs": 0.6361003861003861,
  "column_score": 0.6756756756756757,
  "time_ms": 2
}