{
  "sum_of_pairs": 0.7232654412982282,
  "column_score": 0.4858420268256334,
  "time_ms": 80
}