{
  "sum_of_pairs": 0.44246575342465755,
  "column_score": 0.1780821917808219,
  "time_ms": 9
}