{
  "sum_of_pairs": 0.18357487922705315,
  "column_score": 0.2753623188405797,
  "time_ms": 1
}