{
  "sum_of_pairs": 0.7038598047914818,
  "column_score": 0.5445134575569358,
  "time_ms": 34
}