{
  "sum_of_pairs": 0.752020202020202,
  "column_score": 0.13333333333333333,
  "time_ms": 11
}