{
  "sum_of_pairs": 0.688512241054614,
  "column_score": 0.4180790960451977,
  "time_ms": 23
}