{
  "sum_of_pairs": 0.7480859010270775,
  "column_score": 0.4957983193277311,
  "time_ms": 23
}