{
  "sum_of_pairs": 0.7610481680249123,
  "column_score": 0.19767441860465115,
  "time_ms": 67
}