{
  "sum_of_pairs": 0.5966505818904343,
  "column_score": 0.2693726937269373,
  "time_ms": 37
}