{
  "sum_of_pairs": 0.8370176095916073,
  "column_score": 0.5477707006369427,
  "time_ms": 39
}