{
  "sum_of_pairs": 0.6238450074515648,
  "column_score": 0.28688524590163933,
  "time_ms": 29
}