{
  "sum_of_pairs": 0.39009024896222433,
  "column_score": 0.013481894514503212,
  "time_ms": 2229
}