{
  "sum_of_pairs": 0.5365918367346939,
  "column_score": 0.029166666666666667,
  "time_ms": 1090
}