{
  "sum_of_pairs": 0.38366414618777567,
  "column_score": 0.10869565217391304,
  "time_ms": 41
}