{
  "sum_of_pairs": 0.37312776350209503,
  "column_score": 0.1038961038961039,
  "time_ms": 248
}