{
  "sum_of_pairs": 0.5752165686549692,
  "column_score": 0.1576782170367837,
  "time_ms": 266
}