{
  "sum_of_pairs": 0.47224542838577926,
  "column_score": 0.11904761904761904,
  "time_ms": 111
}