{
  "sum_of_pairs": 0.867545871559633,
  "column_score": 0.6811926605504587,
  "time_ms": 147
}