{
  "sum_of_pairs": 0.7115813108460167,
  "column_score": 0.23076923076923078,
  "time_ms": 499
}