{
  "sum_of_pairs": 0.37736625514403294,
  "column_score": 0.24074074074074073,
  "time_ms": 55
}