{
  "sum_of_pairs": 0.798400011646867,
  "column_score": 0.34375,
  "time_ms": 1275
}