{
  "sum_of_pairs": 0.8330322817729534,
  "column_score": 0.23125,
  "time_ms": 2465
}