{
  "sum_of_pairs": 0.6014859844647079,
  "column_score": 0.23404255319148937,
  "time_ms": 92
}