{
  "sum_of_pairs": 0.831879086185895,
  "column_score": 0.7327044025157232,
  "time_ms": 261
}