{
  "sum_of_pairs": 0.2958089541619195,
  "column_score": 0.02233497768381489,
  "time_ms": 2315
}