{
  "sum_of_pairs": 0.2493123280820205,
  "column_score": 0.015503875968992248,
  "time_ms": 540
}