{
  "sum_of_pairs": 0.5222488038277512,
  "column_score": 0.3181818181818182,
  "time_ms": 28
}