{
  "sum_of_pairs": 0.42413419913419914,
  "column_score": 0.13636363636363635,
  "time_ms": 97
}