{
  "sum_of_pairs": 0.6783193392883077,
  "column_score": 0.24288976376164662,
  "time_ms": 1830
}