{
  "sum_of_pairs": 0.6746876189445309,
  "column_score": 0.2542138186030184,
  "time_ms": 2628
}