{
  "sum_of_pairs": 0.6746854722213321,
  "column_score": 0.2542138186030184,
  "time_ms": 4179
}