{
  "sum_of_pairs": 0.8814407840634321,
  "column_score": 0.5145631067961165,
  "time_ms": 6120
}