{
  "sum_of_pairs": 0.5475728387389756,
  "column_score": 0.16279069767441862,
  "time_ms": 3373
}