{
  "sum_of_pairs": 0.63909767610748,
  "column_score": 0.3088235294117647,
  "time_ms": 3625
}