{
  "sum_of_pairs": 0.7448341763184342,
  "column_score": 0.3076923076923077,
  "time_ms": 10266
}