{
  "sum_of_pairs": 0.8371628371628371,
  "column_score": 0.5428571428571428,
  "time_ms": 158
}