{
  "sum_of_pairs": 0.8825807322671314,
  "column_score": 0.5436893203883495,
  "time_ms": 3214
}