{
  "sum_of_pairs": 0.8939800049574486,
  "column_score": 0.3117408906882591,
  "time_ms": 2681
}