{
  "sum_of_pairs": 0.651487871967992,
  "column_score": 0.18604651162790697,
  "time_ms": 199
}