{
  "sum_of_pairs": 0.6367465504720407,
  "column_score": 0.3088235294117647,
  "time_ms": 1223
}