{
  "sum_of_pairs": 0.8074162679425837,
  "column_score": 0.2727272727272727,
  "time_ms": 24
}