{
  "sum_of_pairs": 0.8274924108082113,
  "column_score": 0.5238095238095238,
  "time_ms": 7693
}