{
  "sum_of_pairs": 0.6349355482933914,
  "column_score": 0.3088235294117647,
  "time_ms": 2372
}