{
  "sum_of_pairs": 0.8202204789623262,
  "column_score": 0.5238095238095238,
  "time_ms": 4794
}