{
  "sum_of_pairs": 0.6532445131743294,
  "column_score": 0.11304347826086956,
  "time_ms": 2223
}