{
  "sum_of_pairs": 0.860884894382188,
  "column_score": 0.5242718446601942,
  "time_ms": 13928
}