{
  "sum_of_pairs": 0.7258923019524934,
  "column_score": 0.4117647058823529,
  "time_ms": 591
}