{
  "sum_of_pairs": 0.820849154585742,
  "column_score": 0.5396825396825397,
  "time_ms": 2713
}