{
  "sum_of_pairs": 0.7441158541608317,
  "column_score": 0.3076923076923077,
  "time_ms": 7183
}