{
  "sum_of_pairs": 0.6625387993470213,
  "column_score": 0.25217391304347825,
  "time_ms": 2189
}