{
  "sum_of_pairs": 0.6852840064236008,
  "column_score": 0.33043478260869563,
  "time_ms": 10051
}