{
  "sum_of_pairs": 0.8300409367859863,
  "column_score": 0.38613861386138615,
  "time_ms": 1462
}