{
  "sum_of_pairs": 0.8881434355118566,
  "column_score": 0.27125506072874495,
  "time_ms": 1807
}