{
  "sum_of_pairs": 0.9274825686009897,
  "column_score": 0.7251461988304093,
  "time_ms": 599
}