{
  "sum_of_pairs": 0.8326875476009139,
  "column_score": 0.39603960396039606,
  "time_ms": 724
}