{
  "sum_of_pairs": 0.8161117510268837,
  "column_score": 0.05319148936170213,
  "time_ms": 4506
}