{
  "sum_of_pairs": 0.6898101898101898,
  "column_score": 0.12087912087912088,
  "time_ms": 2835
}