{
  "sum_of_pairs": 0.890291663223994,
  "column_score": 0.3117408906882591,
  "time_ms": 900
}