{
  "sum_of_pairs": 0.7010903534967706,
  "column_score": 0.4675324675324675,
  "time_ms": 587
}