{
  "sum_of_pairs": 0.7088378288378289,
  "column_score": 0.17142857142857143,
  "time_ms": 514
}