{
  "sum_of_pairs": 0.7182216476334123,
  "column_score": 0.36199095022624433,
  "time_ms": 550
}