{
  "sum_of_pairs": 0.912715138742536,
  "column_score": 0.5958904109589042,
  "time_ms": 4439
}