{
  "sum_of_pairs": 0.7202183437477555,
  "column_score": 0.3755656108597285,
  "time_ms": 976
}