{
  "sum_of_pairs": 0.7177794448612153,
  "column_score": 0.3372093023255814,
  "time_ms": 920
}