{
  "sum_of_pairs": 0.8952189363148267,
  "column_score": 0.5136986301369864,
  "time_ms": 1378
}