{
  "sum_of_pairs": 0.7415619947767691,
  "column_score": 0.4117647058823529,
  "time_ms": 130
}