{
  "sum_of_pairs": 0.6851341224052816,
  "column_score": 0.33043478260869563,
  "time_ms": 7305
}