{
  "sum_of_pairs": 0.8951051506972559,
  "column_score": 0.631578947368421,
  "time_ms": 1803
}