{
  "sum_of_pairs": 0.7268204078817281,
  "column_score": 0.43478260869565216,
  "time_ms": 704
}