{
  "sum_of_pairs": 0.6904385070927986,
  "column_score": 0.029035041358711593,
  "time_ms": 284
}