{
  "sum_of_pairs": 0.905599364400487,
  "column_score": 0.23148148148148148,
  "time_ms": 1245
}