{
  "sum_of_pairs": 0.9178140404555499,
  "column_score": 0.06756756756756757,
  "time_ms": 315
}