{
  "sum_of_pairs": 0.8287832887135409,
  "column_score": 0.16556291390728478,
  "time_ms": 341
}