{
  "sum_of_pairs": 0.5588089330024814,
  "column_score": 0.0641025641025641,
  "time_ms": 43
}