{
  "sum_of_pairs": 0.7670459659273545,
  "column_score": 0.060109289617486336,
  "time_ms": 174
}