{
  "sum_of_pairs": 0.6998367012819415,
  "column_score": 0.31050283573406,
  "time_ms": 246
}