{
  "sum_of_pairs": 0.6945169219897505,
  "column_score": 0.2955747008523465,
  "time_ms": 410
}