{
  "sum_of_pairs": 0.6186402584632673,
  "column_score": 0.25663716814159293,
  "time_ms": 401
}