{
  "sum_of_pairs": 0.8995419690185785,
  "column_score": 0.8188976377952756,
  "time_ms": 69
}