{
  "sum_of_pairs": 0.5736036838978016,
  "column_score": 0.08080808080808081,
  "time_ms": 60
}