{
  "sum_of_pairs": 0.8961595824011931,
  "column_score": 0.7348993288590604,
  "time_ms": 35
}