{
  "sum_of_pairs": 0.7321144674085851,
  "column_score": 0.16891891891891891,
  "time_ms": 480
}