{
  "sum_of_pairs": 0.9004683238124647,
  "column_score": 0.8188976377952756,
  "time_ms": 40
}