{
  "sum_of_pairs": 0.8840265906932574,
  "column_score": 0.691358024691358,
  "time_ms": 71
}