{
  "sum_of_pairs": 0.8225044091710758,
  "column_score": 0.14666666666666667,
  "time_ms": 277
}