{
  "sum_of_pairs": 0.7714877800072366,
  "column_score": 0.4752475247524752,
  "time_ms": 953
}