{
  "sum_of_pairs": 0.7767069065710558,
  "column_score": 0.5445544554455446,
  "time_ms": 534
}