{
  "sum_of_pairs": 0.6209018120522545,
  "column_score": 0.2743362831858407,
  "time_ms": 210
}