{
  "sum_of_pairs": 0.5807004470938897,
  "column_score": 0.10860655737704918,
  "time_ms": 88
}