{
  "sum_of_pairs": 0.5828986587183308,
  "column_score": 0.10860655737704918,
  "time_ms": 46
}