{
  "sum_of_pairs": 0.8586439677911981,
  "column_score": 0.3877551020408163,
  "time_ms": 800
}