{
  "sum_of_pairs": 0.8577328890739969,
  "column_score": 0.3877551020408163,
  "time_ms": 1280
}