{
  "sum_of_pairs": 0.5561497326203209,
  "column_score": 0.030303030303030304,
  "time_ms": 112
}