{
  "sum_of_pairs": 0.8233092755947607,
  "column_score": 0.5395348837209303,
  "time_ms": 492
}