{
  "sum_of_pairs": 0.9083706189410887,
  "column_score": 0.7751677852348994,
  "time_ms": 18
}