{
  "sum_of_pairs": 0.7371970901382666,
  "column_score": 0.20270270270270271,
  "time_ms": 277
}