{
  "sum_of_pairs": 0.7807421357327196,
  "column_score": 0.37037037037037035,
  "time_ms": 1194
}