{
  "sum_of_pairs": 0.8273295910184443,
  "column_score": 0.5534883720930233,
  "time_ms": 265
}