{
  "sum_of_pairs": 0.26125399147011985,
  "column_score": 0.0888884190132989,
  "time_ms": 11
}