{
  "sum_of_pairs": 0.1842741935483871,
  "column_score": 0.12903225806451613,
  "time_ms": 11
}