{
  "sum_of_pairs": 0.6094161958568738,
  "column_score": 0.24293785310734464,
  "time_ms": 15
}