{
  "sum_of_pairs": 0.5268940722652609,
  "column_score": 0.12492405414254092,
  "time_ms": 334
}