{
  "sum_of_pairs": 0.5268940722652609,
  "column_score": 0.1249240541425409,
  "time_ms": 246
}