{
  "sum_of_pairs": 0.6816003859522165,
  "column_score": 0.16831683168316833,
  "time_ms": 742
}