{
  "sum_of_pairs": 0.711875466070097,
  "column_score": 0.28859060402684567,
  "time_ms": 32
}