{
  "sum_of_pairs": 0.5698439080792022,
  "column_score": 0.07432432432432433,
  "time_ms": 564
}