{
  "sum_of_pairs": 0.7084415931569099,
  "column_score": 0.42790697674418604,
  "time_ms": 259
}