{
  "sum_of_pairs": 0.3180327868852459,
  "column_score": 0.1168032786885246,
  "time_ms": 75
}