{
  "sum_of_pairs": 0.39484341793977307,
  "column_score": 0.09202453987730061,
  "time_ms": 80
}