{
  "sum_of_pairs": 0.6237218385994281,
  "column_score": 0.012345679012345678,
  "time_ms": 1018
}