{
  "sum_of_pairs": 0.5243232275410997,
  "column_score": 0.1705868918841667,
  "time_ms": 243
}