{
  "sum_of_pairs": 0.3612414290869722,
  "column_score": 0.09202453987730061,
  "time_ms": 86
}