{
  "sum_of_pairs": 0.47921013412816693,
  "column_score": 0.23975409836065573,
  "time_ms": 117
}