{
  "sum_of_pairs": 0.5266329540665824,
  "column_score": 0.19469026548672566,
  "time_ms": 240
}