{
  "sum_of_pairs": 0.504215445391916,
  "column_score": 0.013513513513513514,
  "time_ms": 347
}