{
  "sum_of_pairs": 0.6702754036087369,
  "column_score": 0.41975308641975306,
  "time_ms": 118
}