{
  "sum_of_pairs": 0.7589485458612976,
  "column_score": 0.5033557046979866,
  "time_ms": 31
}