{
  "sum_of_pairs": 0.635251447304178,
  "column_score": 0.09876543209876543,
  "time_ms": 918
}