{
  "sum_of_pairs": 0.6501466728423653,
  "column_score": 0.4015748031496063,
  "time_ms": 60
}