{
  "sum_of_pairs": 0.5978531407958072,
  "column_score": 0.10891089108910891,
  "time_ms": 511
}