{
  "sum_of_pairs": 0.692028869286287,
  "column_score": 0.4325581395348837,
  "time_ms": 277
}