{
  "sum_of_pairs": 0.37267080745341613,
  "column_score": 0.13664596273291926,
  "time_ms": 5
}