{
  "sum_of_pairs": 0.6972369194591417,
  "column_score": 0.43209876543209874,
  "time_ms": 2
}