{
  "sum_of_pairs": 0.45471521942110177,
  "column_score": 0.2689075630252101,
  "time_ms": 8
}