{
  "sum_of_pairs": 0.7737373737373737,
  "column_score": 0.5538461538461539,
  "time_ms": 11
}