{
  "sum_of_pairs": 0.3858880778588808,
  "column_score": 0.15328467153284672,
  "time_ms": 2
}