{
  "sum_of_pairs": 0.373015873015873,
  "column_score": 0.16666666666666666,
  "time_ms": 2
}