{
  "sum_of_pairs": 0.5826461334658056,
  "column_score": 0.3710879284649776,
  "time_ms": 29
}