{
  "sum_of_pairs": 0.5231143552311436,
  "column_score": 0.2846715328467153,
  "time_ms": 3
}