{
  "sum_of_pairs": 0.369758064516129,
  "column_score": 0.2540322580645161,
  "time_ms": 10
}