{
  "sum_of_pairs": 0.48698432714826156,
  "column_score": 0.3493064312736444,
  "time_ms": 17
}