{
  "sum_of_pairs": 0.35678749111584934,
  "column_score": 0.05970149253731343,
  "time_ms": 6
}