{
  "sum_of_pairs": 0.36280082429709165,
  "column_score": 0.1479638556560967,
  "time_ms": 12
}