{
  "sum_of_pairs": 0.49526270456503013,
  "column_score": 0.11627906976744186,
  "time_ms": 35
}