{
  "sum_of_pairs": 0.15483870967741936,
  "column_score": 0.0907258064516129,
  "time_ms": 11
}