{
  "sum_of_pairs": 0.3434959349593496,
  "column_score": 0.3048780487804878,
  "time_ms": 4
}