{
  "sum_of_pairs": 0.6371406371406372,
  "column_score": 0.4205128205128205,
  "time_ms": 20
}