{
  "sum_of_pairs": 0.695320197044335,
  "column_score": 0.6059113300492611,
  "time_ms": 12
}