{
  "sum_of_pairs": 0.3461265103056148,
  "column_score": 0.05970149253731343,
  "time_ms": 11
}