{
  "sum_of_pairs": 0.47998864604030655,
  "column_score": 0.03690036900369004,
  "time_ms": 19
}