{
  "sum_of_pairs": 0.6255144032921811,
  "column_score": 0.18518518518518517,
  "time_ms": 4
}