{
  "sum_of_pairs": 0.4920141969831411,
  "column_score": 0.36853002070393376,
  "time_ms": 20
}