{
  "sum_of_pairs": 0.41997019374068556,
  "column_score": 0.18442622950819673,
  "time_ms": 17
}