{
  "sum_of_pairs": 0.7226177095041838,
  "column_score": 0.21019108280254778,
  "time_ms": 20
}