{
  "sum_of_pairs": 0.41754645053407935,
  "column_score": 0.03741641561774922,
  "time_ms": 589
}