{
  "sum_of_pairs": 0.7640692640692641,
  "column_score": 0.13013698630136986,
  "time_ms": 897
}