{
  "sum_of_pairs": 0.02404932440996597,
  "column_score": 0.0002658160552897395,
  "time_ms": 14
}