{
  "sum_of_pairs": 0.6766793742355461,
  "column_score": 0.009152765829078355,
  "time_ms": 310
}