{
  "sum_of_pairs": 0.8933508980678792,
  "column_score": 0.0472972972972973,
  "time_ms": 310
}