{
  "sum_of_pairs": 0.9400053956656469,
  "column_score": 0.20833333333333334,
  "time_ms": 1472
}