{
  "sum_of_pairs": 0.670101026968356,
  "column_score": 0.07796610169491526,
  "time_ms": 454
}