{
  "sum_of_pairs": 0.8536526366715046,
  "column_score": 0.041666666666666664,
  "time_ms": 291
}