{
  "sum_of_pairs": 0.4880534226910223,
  "column_score": 0.12637161044455816,
  "time_ms": 84
}