{
  "sum_of_pairs": 0.7648345638501504,
  "column_score": 0.5534591194968553,
  "time_ms": 102
}