{
  "sum_of_pairs": 0.7542189620081411,
  "column_score": 0.184375,
  "time_ms": 691
}