{
  "sum_of_pairs": 0.7053488236664337,
  "column_score": 0.22916666666666666,
  "time_ms": 293
}