{
  "sum_of_pairs": 0.3539068100358423,
  "column_score": 0.08709677419354839,
  "time_ms": 23
}