{
  "sum_of_pairs": 0.7871188613059903,
  "column_score": 0.47706422018348627,
  "time_ms": 73
}