{
  "sum_of_pairs": 0.7296211588083509,
  "column_score": 0.05357142857142857,
  "time_ms": 76
}