{
  "sum_of_pairs": 0.23485217673814165,
  "column_score": 0.11805555555555555,
  "time_ms": 33
}