{
  "sum_of_pairs": 0.44013605442176873,
  "column_score": 0.02857142857142857,
  "time_ms": 20
}