{
  "sum_of_pairs": 0.8303551491194169,
  "column_score": 0.20477245234163954,
  "time_ms": 1235
}