{
  "sum_of_pairs": 0.8332542068956249,
  "column_score": 0.2140871144100012,
  "time_ms": 620
}