{
  "sum_of_pairs": 0.9118240516545602,
  "column_score": 0.13095238095238096,
  "time_ms": 855
}