{
  "sum_of_pairs": 0.78981884642262,
  "column_score": 0.29245283018867924,
  "time_ms": 313
}