{
  "sum_of_pairs": 0.8455565314595975,
  "column_score": 0.22772277227722773,
  "time_ms": 461
}