{
  "sum_of_pairs": 0.9384465144230769,
  "column_score": 0.09375,
  "time_ms": 600
}