{
  "sum_of_pairs": 0.8478667445938048,
  "column_score": 0.3898305084745763,
  "time_ms": 1887
}