{
  "sum_of_pairs": 0.953013468013468,
  "column_score": 0.2916666666666667,
  "time_ms": 3062
}