{
  "sum_of_pairs": 0.8419135260300223,
  "column_score": 0.19801980198019803,
  "time_ms": 804
}