{
  "sum_of_pairs": 0.7178540666912759,
  "column_score": 0.6046511627906976,
  "time_ms": 434
}