{
  "sum_of_pairs": 0.7940654733107563,
  "column_score": 0.3584905660377358,
  "time_ms": 167
}