{
  "sum_of_pairs": 0.740508633243187,
  "column_score": 0.26973684210526316,
  "time_ms": 98
}