{
  "sum_of_pairs": 0.9630198897106141,
  "column_score": 0.5879629629629629,
  "time_ms": 2711
}