{
  "sum_of_pairs": 0.8512064790849128,
  "column_score": 0.39322033898305087,
  "time_ms": 959
}