{
  "sum_of_pairs": 0.9221850494751562,
  "column_score": 0.2028985507246377,
  "time_ms": 2749
}