{
  "sum_of_pairs": 0.9247609656654738,
  "column_score": 0.2900763358778626,
  "time_ms": 1521
}