{
  "sum_of_pairs": 0.9431508618665164,
  "column_score": 0.31125827814569534,
  "time_ms": 1128
}