{
  "sum_of_pairs": 0.9285160184292296,
  "column_score": 0.4426229508196721,
  "time_ms": 588
}