{
  "sum_of_pairs": 0.809017817067697,
  "column_score": 0.1935483870967742,
  "time_ms": 1471
}