{
  "sum_of_pairs": 0.9137051372273047,
  "column_score": 0.44642857142857145,
  "time_ms": 402
}