{
  "sum_of_pairs": 0.9533221099887766,
  "column_score": 0.29583333333333334,
  "time_ms": 1459
}