{
  "sum_of_pairs": 0.810657065355268,
  "column_score": 0.20161290322580644,
  "time_ms": 719
}