{
  "sum_of_pairs": 0.9592152475407192,
  "column_score": 0.4027777777777778,
  "time_ms": 1192
}