{
  "sum_of_pairs": 0.9798524940034374,
  "column_score": 0.6891891891891891,
  "time_ms": 466
}