{
  "sum_of_pairs": 0.9641730354693318,
  "column_score": 0.30158730158730157,
  "time_ms": 2080
}