{
  "sum_of_pairs": 0.9623924579484591,
  "column_score": 0.5740740740740741,
  "time_ms": 5430
}