{
  "sum_of_pairs": 0.73584229390681,
  "column_score": 0.15384615384615385,
  "time_ms": 75
}