{
  "sum_of_pairs": 0.9639770723104056,
  "column_score": 0.29365079365079366,
  "time_ms": 4396
}