{
  "sum_of_pairs": 0.9793519935029369,
  "column_score": 0.6756756756756757,
  "time_ms": 938
}