{
  "sum_of_pairs": 0.7342431761786601,
  "column_score": 0.14102564102564102,
  "time_ms": 231
}