{
  "sum_of_pairs": 0.9531871747780839,
  "column_score": 0.3484848484848485,
  "time_ms": 1898
}