{
  "sum_of_pairs": 0.8588020574083292,
  "column_score": 0.08571428571428572,
  "time_ms": 122
}