{
  "sum_of_pairs": 0.9238801670747515,
  "column_score": 0.26717557251908397,
  "time_ms": 2993
}