{
  "sum_of_pairs": 0.9142175280398541,
  "column_score": 0.15476190476190477,
  "time_ms": 462
}