{
  "sum_of_pairs": 0.930221793635487,
  "column_score": 0.44808743169398907,
  "time_ms": 290
}