{
  "sum_of_pairs": 0.7726190476190476,
  "column_score": 0.4090909090909091,
  "time_ms": 16
}