{
  "sum_of_pairs": 0.8503019323671498,
  "column_score": 0.5217391304347826,
  "time_ms": 50
}