{
  "sum_of_pairs": 0.9398572166643182,
  "column_score": 0.2847682119205298,
  "time_ms": 1857
}