{
  "sum_of_pairs": 0.7707792207792208,
  "column_score": 0.4090909090909091,
  "time_ms": 29
}