{
  "sum_of_pairs": 0.6499302131738984,
  "column_score": 0.23542073762568413,
  "time_ms": 316
}