{
  "sum_of_pairs": 0.6619420259140397,
  "column_score": 0.25033400755531315,
  "time_ms": 168
}