{
  "sum_of_pairs": 0.724033200662259,
  "column_score": 0.25742574257425743,
  "time_ms": 352
}