{
  "sum_of_pairs": 0.9021252796420581,
  "column_score": 0.7751677852348994,
  "time_ms": 14
}