{
  "sum_of_pairs": 0.8619500372856077,
  "column_score": 0.6912751677852349,
  "time_ms": 28
}