{
  "sum_of_pairs": 0.5698412698412698,
  "column_score": 0.1504424778761062,
  "time_ms": 154
}