{
  "sum_of_pairs": 0.801635926222935,
  "column_score": 0.413953488372093,
  "time_ms": 381
}