{
  "sum_of_pairs": 0.509362845342636,
  "column_score": 0.08588957055214724,
  "time_ms": 109
}