{
  "sum_of_pairs": 0.7407862407862408,
  "column_score": 0.17567567567567569,
  "time_ms": 206
}