{
  "sum_of_pairs": 0.5560050568900127,
  "column_score": 0.1504424778761062,
  "time_ms": 321
}