{
  "sum_of_pairs": 0.8560141093474427,
  "column_score": 0.18666666666666668,
  "time_ms": 94
}