{
  "sum_of_pairs": 0.5309755804162156,
  "column_score": 0.09815950920245399,
  "time_ms": 50
}