{
  "sum_of_pairs": 0.7677966101694915,
  "column_score": 0.32098765432098764,
  "time_ms": 1393
}