{
  "sum_of_pairs": 0.7249482102423279,
  "column_score": 0.17567567567567569,
  "time_ms": 451
}