{
  "sum_of_pairs": 0.7709981167608286,
  "column_score": 0.32098765432098764,
  "time_ms": 838
}