{
  "sum_of_pairs": 0.7798290598290598,
  "column_score": 0.48148148148148145,
  "time_ms": 59
}