{
  "sum_of_pairs": 0.6910208643815201,
  "column_score": 0.08401639344262295,
  "time_ms": 55
}