{
  "sum_of_pairs": 0.8169419998970717,
  "column_score": 0.5826771653543307,
  "time_ms": 33
}