{
  "sum_of_pairs": 0.8272681521588228,
  "column_score": 0.46938775510204084,
  "time_ms": 466
}