{
  "sum_of_pairs": 0.49594485504334734,
  "column_score": 0.13924893843321215,
  "time_ms": 78
}