{
  "sum_of_pairs": 0.5675975267461254,
  "column_score": 0.0673076923076923,
  "time_ms": 412
}