{
  "sum_of_pairs": 0.5606060606060606,
  "column_score": 0.4396551724137931,
  "time_ms": 19
}