{
  "sum_of_pairs": 0.39626137536354256,
  "column_score": 0.14473684210526316,
  "time_ms": 58
}