{
  "sum_of_pairs": 0.3749820788530466,
  "column_score": 0.041935483870967745,
  "time_ms": 16
}