{
  "sum_of_pairs": 0.7863763568521032,
  "column_score": 0.215625,
  "time_ms": 805
}