{
  "sum_of_pairs": 0.6554230083641849,
  "column_score": 0.2548076923076923,
  "time_ms": 223
}