{
  "sum_of_pairs": 0.7844358266835707,
  "column_score": 0.5880503144654088,
  "time_ms": 97
}