{
  "sum_of_pairs": 0.7018062397372742,
  "column_score": 0.15384615384615385,
  "time_ms": 64
}