{
  "sum_of_pairs": 0.25881254061078623,
  "column_score": 0.16666666666666666,
  "time_ms": 22
}