{
  "sum_of_pairs": 0.3586331138068865,
  "column_score": 0.04482456733208691,
  "time_ms": 166
}