{
  "sum_of_pairs": 0.418628912071535,
  "column_score": 0.2028688524590164,
  "time_ms": 60
}