{
  "sum_of_pairs": 0.5780807270783213,
  "column_score": 0.2372093023255814,
  "time_ms": 198
}