{
  "sum_of_pairs": 0.7601153453435665,
  "column_score": 0.36192946167696927,
  "time_ms": 347
}