{
  "sum_of_pairs": 0.7661257327698905,
  "column_score": 0.38457002392968465,
  "time_ms": 377
}