{
  "sum_of_pairs": 0.7696476955560656,
  "column_score": 0.38497164549382445,
  "time_ms": 191
}