{
  "sum_of_pairs": 0.7419522326064382,
  "column_score": 0.3644859813084112,
  "time_ms": 598
}