{
  "sum_of_pairs": 0.9350832750989984,
  "column_score": 0.65625,
  "time_ms": 707
}