{
  "sum_of_pairs": 0.9028637482288016,
  "column_score": 0.7672955974842768,
  "time_ms": 178
}