{
  "sum_of_pairs": 0.7776057791537667,
  "column_score": 0.4473684210526316,
  "time_ms": 326
}