{
  "sum_of_pairs": 0.7998084291187739,
  "column_score": 0.5459770114942529,
  "time_ms": 73
}