{
  "sum_of_pairs": 0.6425322565673443,
  "column_score": 0.3253968253968254,
  "time_ms": 72
}