{
  "sum_of_pairs": 0.7829313543599258,
  "column_score": 0.5469387755102041,
  "time_ms": 53
}