{
  "sum_of_pairs": 0.6666666666666666,
  "column_score": 0.26666666666666666,
  "time_ms": 28
}