{
  "sum_of_pairs": 0.8923076923076924,
  "column_score": 0.7448275862068966,
  "time_ms": 39
}