{
  "sum_of_pairs": 0.6830991017096494,
  "column_score": 0.22058823529411764,
  "time_ms": 345
}