{
  "sum_of_pairs": 0.6609115381045205,
  "column_score": 0.42857142857142855,
  "time_ms": 189
}