{
  "sum_of_pairs": 0.7392002816839418,
  "column_score": 0.08641975308641975,
  "time_ms": 241
}