{
  "sum_of_pairs": 0.9201126551538047,
  "column_score": 0.786697247706422,
  "time_ms": 194
}