{
  "sum_of_pairs": 0.7473251028806585,
  "column_score": 0.5802469135802469,
  "time_ms": 28
}