{
  "sum_of_pairs": 0.8992702535559678,
  "column_score": 0.6628571428571428,
  "time_ms": 111
}