{
  "sum_of_pairs": 0.8636174242424243,
  "column_score": 0.6590909090909091,
  "time_ms": 71
}