{
  "sum_of_pairs": 0.7908056600867058,
  "column_score": 0.16049382716049382,
  "time_ms": 518
}