{
  "sum_of_pairs": 0.7340317985479275,
  "column_score": 0.4274193548387097,
  "time_ms": 221
}