{
  "sum_of_pairs": 0.9949645531040879,
  "column_score": 0.9534883720930233,
  "time_ms": 136
}