{
  "sum_of_pairs": 0.7613324175824175,
  "column_score": 0.4807692307692308,
  "time_ms": 163
}