{
  "sum_of_pairs": 0.8539774557165861,
  "column_score": 0.43333333333333335,
  "time_ms": 147
}