{
  "sum_of_pairs": 0.8834713013057804,
  "column_score": 0.17307692307692307,
  "time_ms": 2147
}