{
  "sum_of_pairs": 0.7750257997936016,
  "column_score": 0.4868421052631579,
  "time_ms": 137
}