{
  "sum_of_pairs": 0.9137159137159138,
  "column_score": 0.7407407407407407,
  "time_ms": 18
}