{
  "sum_of_pairs": 0.872754831375521,
  "column_score": 0.6689655172413793,
  "time_ms": 42
}