{
  "sum_of_pairs": 0.9245143011332974,
  "column_score": 0.7981651376146789,
  "time_ms": 110
}