{
  "sum_of_pairs": 0.8815594109750641,
  "column_score": 0.27884615384615385,
  "time_ms": 2134
}