{
  "sum_of_pairs": 0.8713406691347868,
  "column_score": 0.5769230769230769,
  "time_ms": 772
}