{
  "sum_of_pairs": 0.5859938877690357,
  "column_score": 0.1893491124260355,
  "time_ms": 48
}