{
  "sum_of_pairs": 0.7792218021424071,
  "column_score": 0.6304347826086957,
  "time_ms": 24
}