{
  "sum_of_pairs": 0.7555555555555555,
  "column_score": 0.6049382716049383,
  "time_ms": 18
}