{
  "sum_of_pairs": 0.9003157083550849,
  "column_score": 0.7515723270440252,
  "time_ms": 333
}