{
  "sum_of_pairs": 0.8044235458028561,
  "column_score": 0.6810344827586207,
  "time_ms": 33
}