{
  "sum_of_pairs": 0.714100064977258,
  "column_score": 0.4861111111111111,
  "time_ms": 122
}