{
  "sum_of_pairs": 0.5889849795175239,
  "column_score": 0.1893491124260355,
  "time_ms": 31
}