{
  "sum_of_pairs": 0.7363834422657952,
  "column_score": 0.07407407407407407,
  "time_ms": 467
}