{
  "sum_of_pairs": 0.8153953326367119,
  "column_score": 0.6091954022988506,
  "time_ms": 100
}