{
  "sum_of_pairs": 0.8698203514293208,
  "column_score": 0.6260162601626016,
  "time_ms": 224
}