{
  "sum_of_pairs": 0.8556077492247705,
  "column_score": 0.5531914893617021,
  "time_ms": 64
}