{
  "sum_of_pairs": 0.8706071334906897,
  "column_score": 0.6260162601626016,
  "time_ms": 132
}