{
  "sum_of_pairs": 0.7445652173913043,
  "column_score": 0.41304347826086957,
  "time_ms": 51
}