{
  "sum_of_pairs": 0.9350978336827394,
  "column_score": 0.65625,
  "time_ms": 1474
}