{
  "sum_of_pairs": 0.7013482781026641,
  "column_score": 0.4791666666666667,
  "time_ms": 112
}