{
  "sum_of_pairs": 0.9405641566971616,
  "column_score": 0.5773809523809523,
  "time_ms": 115
}