{
  "sum_of_pairs": 0.7147670250896058,
  "column_score": 0.31290322580645163,
  "time_ms": 93
}