{
  "sum_of_pairs": 0.769927536231884,
  "column_score": 0.6086956521739131,
  "time_ms": 43
}