{
  "sum_of_pairs": 0.8588727858293076,
  "column_score": 0.43333333333333335,
  "time_ms": 370
}