{
  "sum_of_pairs": 0.8695908733280882,
  "column_score": 0.6097560975609756,
  "time_ms": 345
}