{
  "sum_of_pairs": 0.8603219696969697,
  "column_score": 0.6420454545454546,
  "time_ms": 125
}