{
  "sum_of_pairs": 0.7421747515205459,
  "column_score": 0.3644859813084112,
  "time_ms": 665
}