{
  "sum_of_pairs": 0.7663934426229508,
  "column_score": 0.4426229508196721,
  "time_ms": 8
}