{
  "sum_of_pairs": 0.9291836273179557,
  "column_score": 0.509375,
  "time_ms": 2709
}