{
  "sum_of_pairs": 0.8666700946112711,
  "column_score": 0.5432692307692307,
  "time_ms": 760
}