{
  "sum_of_pairs": 0.7731259968102073,
  "column_score": 0.4605263157894737,
  "time_ms": 237
}