{
  "sum_of_pairs": 0.903426097711812,
  "column_score": 0.6857142857142857,
  "time_ms": 51
}