{
  "sum_of_pairs": 0.6728846711098232,
  "column_score": 0.22058823529411764,
  "time_ms": 271
}