{
  "sum_of_pairs": 0.8649242424242424,
  "column_score": 0.6590909090909091,
  "time_ms": 148
}