{
  "sum_of_pairs": 0.5589440145653164,
  "column_score": 0.1893491124260355,
  "time_ms": 64
}