{
  "sum_of_pairs": 0.7136127355425601,
  "column_score": 0.4861111111111111,
  "time_ms": 67
}