{
  "sum_of_pairs": 0.522488038277512,
  "column_score": 0.07894736842105263,
  "time_ms": 14
}