{
  "sum_of_pairs": 0.7464516129032258,
  "column_score": 0.3870967741935484,
  "time_ms": 26
}