{
  "sum_of_pairs": 0.885083187568645,
  "column_score": 0.18269230769230768,
  "time_ms": 1606
}