{
  "sum_of_pairs": 0.6393298059964727,
  "column_score": 0.31746031746031744,
  "time_ms": 133
}