{
  "sum_of_pairs": 0.8391350210970464,
  "column_score": 0.4810126582278481,
  "time_ms": 27
}