{
  "sum_of_pairs": 0.8738173591114767,
  "column_score": 0.6009615384615384,
  "time_ms": 396
}