{
  "sum_of_pairs": 0.7938871473354232,
  "column_score": 0.6379310344827587,
  "time_ms": 69
}