{
  "sum_of_pairs": 0.2497649536935476,
  "column_score": 0.06885411800101454,
  "time_ms": 6
}