{
  "sum_of_pairs": 0.2454922425766267,
  "column_score": 0.0807872234272173,
  "time_ms": 13
}