{
  "sum_of_pairs": 0.2302881322241578,
  "column_score": 0.06039869115314703,
  "time_ms": 14
}