{
  "sum_of_pairs": 0.7631578947368421,
  "column_score": 0.631578947368421,
  "time_ms": 1
}