{
  "sum_of_pairs": 0.7397660818713451,
  "column_score": 0.8245614035087719,
  "time_ms": 0
}