{
  "sum_of_pairs": 0.4970899470899471,
  "column_score": 0.14074074074074075,
  "time_ms": 8
}