{
  "sum_of_pairs": 0.43280075187969924,
  "column_score": 0.13157894736842105,
  "time_ms": 21
}