{
  "sum_of_pairs": 0.44404332129963897,
  "column_score": 0.23826714801444043,
  "time_ms": 9
}