{
  "sum_of_pairs": 0.488962472406181,
  "column_score": 0.2052980132450331,
  "time_ms": 3
}