{
  "sum_of_pairs": 0.560983570884561,
  "column_score": 0.3069306930693069,
  "time_ms": 36
}