{
  "sum_of_pairs": 0.4801587301587302,
  "column_score": 0.22962962962962963,
  "time_ms": 14
}