{
  "sum_of_pairs": 0.46082337317397076,
  "column_score": 0.3147410358565737,
  "time_ms": 5
}