{
  "sum_of_pairs": 0.50265604249668,
  "column_score": 0.3665338645418327,
  "time_ms": 3
}