{
  "sum_of_pairs": 0.45342960288808665,
  "column_score": 0.27075812274368233,
  "time_ms": 17
}