{
  "sum_of_pairs": 0.38095238095238093,
  "column_score": 0.20408163265306123,
  "time_ms": 8
}