{
  "sum_of_pairs": 0.39951865222623345,
  "column_score": 0.1552346570397112,
  "time_ms": 15
}