{
  "sum_of_pairs": 0.23063973063973064,
  "column_score": 0.08585858585858586,
  "time_ms": 4
}