{
  "sum_of_pairs": 0.4392935982339956,
  "column_score": 0.2251655629139073,
  "time_ms": 2
}