{
  "sum_of_pairs": 0.5106241699867198,
  "column_score": 0.3705179282868526,
  "time_ms": 6
}