{
  "sum_of_pairs": 0.37777777777777777,
  "column_score": 0.14432989690721648,
  "time_ms": 23
}