{
  "sum_of_pairs": 0.22421713428646697,
  "column_score": 0.07790834944546803,
  "time_ms": 12
}