{
  "sum_of_pairs": 0.3263877715205149,
  "column_score": 0.17035398230088494,
  "time_ms": 23
}