{
  "sum_of_pairs": 0.17802419354838708,
  "column_score": 0.11693548387096774,
  "time_ms": 12
}