{
  "sum_of_pairs": 0.40180419994084593,
  "column_score": 0.33954451345755693,
  "time_ms": 24
}