{
  "sum_of_pairs": 0.1712737136128372,
  "column_score": 0.040522187665349645,
  "time_ms": 9
}