{
  "sum_of_pairs": 0.35716004813477736,
  "column_score": 0.17328519855595667,
  "time_ms": 15
}