{
  "sum_of_pairs": 0.27755102040816326,
  "column_score": 0.15714285714285714,
  "time_ms": 6
}