{
  "sum_of_pairs": 0.45714285714285713,
  "column_score": 0.2074074074074074,
  "time_ms": 13
}