{
  "sum_of_pairs": 0.7146557516270934,
  "column_score": 0.35043871654653613,
  "time_ms": 1054
}