{
  "sum_of_pairs": 0.7174026430630509,
  "column_score": 0.35570776947591287,
  "time_ms": 2091
}