{
  "sum_of_pairs": 0.7123948969406865,
  "column_score": 0.3384355398451536,
  "time_ms": 2127
}