{
  "sum_of_pairs": 0.3261904761904762,
  "column_score": 0.22727272727272727,
  "time_ms": 37
}