{
  "sum_of_pairs": 0.4423582766439909,
  "column_score": 0.22857142857142856,
  "time_ms": 25
}