{
  "sum_of_pairs": 0.9288349077822762,
  "column_score": 0.8304093567251462,
  "time_ms": 1513
}