{
  "sum_of_pairs": 0.6972667855020797,
  "column_score": 0.5227272727272727,
  "time_ms": 57
}