{
  "sum_of_pairs": 0.7682626538987688,
  "column_score": 0.43529411764705883,
  "time_ms": 143
}