{
  "sum_of_pairs": 0.7257200316023845,
  "column_score": 0.3031674208144796,
  "time_ms": 651
}