{
  "sum_of_pairs": 0.921949602935942,
  "column_score": 0.6407766990291263,
  "time_ms": 7232
}