{
  "sum_of_pairs": 0.5998615808325128,
  "column_score": 0.16071428571428573,
  "time_ms": 7436
}