{
  "sum_of_pairs": 0.6992331416187381,
  "column_score": 0.35658914728682173,
  "time_ms": 216
}