{
  "sum_of_pairs": 0.9271519457985623,
  "column_score": 0.5222672064777328,
  "time_ms": 1756
}