{
  "sum_of_pairs": 0.828026096841689,
  "column_score": 0.4065934065934066,
  "time_ms": 7940
}