{
  "sum_of_pairs": 0.7642457405795299,
  "column_score": 0.4235294117647059,
  "time_ms": 289
}