{
  "sum_of_pairs": 0.7966469620604959,
  "column_score": 0.0989010989010989,
  "time_ms": 695
}