{
  "sum_of_pairs": 0.8535653084539223,
  "column_score": 0.5742574257425742,
  "time_ms": 1734
}