{
  "sum_of_pairs": 0.3829004329004329,
  "column_score": 0.18181818181818182,
  "time_ms": 71
}