{
  "sum_of_pairs": 0.9187375030984054,
  "column_score": 0.5263157894736842,
  "time_ms": 2131
}