{
  "sum_of_pairs": 0.7719317356572258,
  "column_score": 0.20588235294117646,
  "time_ms": 2807
}