{
  "sum_of_pairs": 0.9289276878092667,
  "column_score": 0.8304093567251462,
  "time_ms": 668
}