{
  "sum_of_pairs": 0.6205103969754253,
  "column_score": 0.30434782608695654,
  "time_ms": 53
}