{
  "sum_of_pairs": 0.7330963154492566,
  "column_score": 0.33031674208144796,
  "time_ms": 809
}