{
  "sum_of_pairs": 0.657889472368092,
  "column_score": 0.3643410852713178,
  "time_ms": 466
}