{
  "sum_of_pairs": 0.8129722024233784,
  "column_score": 0.40869565217391307,
  "time_ms": 1625
}