{
  "sum_of_pairs": 0.697791114445278,
  "column_score": 0.3488372093023256,
  "time_ms": 394
}