{
  "sum_of_pairs": 0.8509604627319755,
  "column_score": 0.6150793650793651,
  "time_ms": 3159
}