{
  "sum_of_pairs": 0.930483351235231,
  "column_score": 0.5708502024291497,
  "time_ms": 964
}