{
  "sum_of_pairs": 0.7681690268700072,
  "column_score": 0.20588235294117646,
  "time_ms": 2904
}