{
  "sum_of_pairs": 0.7685275962236746,
  "column_score": 0.20588235294117646,
  "time_ms": 1373
}