{
  "sum_of_pairs": 0.8558834729626809,
  "column_score": 0.6633663366336634,
  "time_ms": 821
}