{
  "sum_of_pairs": 0.9123479260465562,
  "column_score": 0.6986301369863014,
  "time_ms": 1551
}