{
  "sum_of_pairs": 0.837812925170068,
  "column_score": 0.6333333333333333,
  "time_ms": 1346
}