{
  "sum_of_pairs": 0.8505672273818707,
  "column_score": 0.6150793650793651,
  "time_ms": 6649
}