{
  "sum_of_pairs": 0.922636947209505,
  "column_score": 0.6601941747572816,
  "time_ms": 3512
}