{
  "sum_of_pairs": 0.5541791151796172,
  "column_score": 0.16279069767441862,
  "time_ms": 3659
}