{
  "sum_of_pairs": 0.7350121929459347,
  "column_score": 0.4434782608695652,
  "time_ms": 5554
}