{
  "sum_of_pairs": 0.31764069264069267,
  "column_score": 0.22727272727272727,
  "time_ms": 86
}