{
  "sum_of_pairs": 0.42403628117913833,
  "column_score": 0.22857142857142856,
  "time_ms": 52
}