{
  "sum_of_pairs": 0.554538827409833,
  "column_score": 0.16279069767441862,
  "time_ms": 1794
}