{
  "sum_of_pairs": 0.9129500636349951,
  "column_score": 0.7328767123287672,
  "time_ms": 3320
}