{
  "sum_of_pairs": 0.790957705396208,
  "column_score": 0.3246753246753247,
  "time_ms": 259
}