{
  "sum_of_pairs": 0.8554455445544554,
  "column_score": 0.6633663366336634,
  "time_ms": 1934
}