{
  "sum_of_pairs": 0.6899881164587047,
  "column_score": 0.4772727272727273,
  "time_ms": 70
}