{
  "sum_of_pairs": 0.7585017478065607,
  "column_score": 0.3116883116883117,
  "time_ms": 276
}