{
  "sum_of_pairs": 0.6536704473850031,
  "column_score": 0.3695652173913043,
  "time_ms": 37
}