{
  "sum_of_pairs": 0.8355952380952381,
  "column_score": 0.6166666666666667,
  "time_ms": 640
}