{
  "sum_of_pairs": 0.8326994545019886,
  "column_score": 0.23404255319148937,
  "time_ms": 5209
}