{
  "sum_of_pairs": 0.7275515334338863,
  "column_score": 0.3167420814479638,
  "time_ms": 367
}