{
  "sum_of_pairs": 0.8501046957811107,
  "column_score": 0.6031746031746031,
  "time_ms": 5780
}