{
  "sum_of_pairs": 0.8099188375140828,
  "column_score": 0.391304347826087,
  "time_ms": 789
}