{
  "sum_of_pairs": 0.8322186121313542,
  "column_score": 0.09574468085106383,
  "time_ms": 4955
}