{
  "sum_of_pairs": 0.794814208348043,
  "column_score": 0.18681318681318682,
  "time_ms": 1518
}