{
  "sum_of_pairs": 0.8281562515445574,
  "column_score": 0.42857142857142855,
  "time_ms": 7582
}