{
  "sum_of_pairs": 0.1454952773240336,
  "column_score": 0.011285721727430814,
  "time_ms": 17
}