{
  "sum_of_pairs": 0.40397350993377484,
  "column_score": 0.1986754966887417,
  "time_ms": 7
}