{
  "sum_of_pairs": 0.27148014440433216,
  "column_score": 0.05054151624548736,
  "time_ms": 23
}