{
  "sum_of_pairs": 0.41100642033131124,
  "column_score": 0.022960862025507334,
  "time_ms": 1181
}