{
  "sum_of_pairs": 0.36612328420665397,
  "column_score": 0.034782608695652174,
  "time_ms": 736
}