{
  "sum_of_pairs": 0.5790289023841655,
  "column_score": 0.08771929824561403,
  "time_ms": 844
}