{
  "sum_of_pairs": 0.38915190636174124,
  "column_score": 0.06614549457694956,
  "time_ms": 69
}