{
  "sum_of_pairs": 0.29588077781450484,
  "column_score": 0.023349174772794926,
  "time_ms": 123
}