{
  "sum_of_pairs": 0.38992458808021935,
  "column_score": 0.06614549457694956,
  "time_ms": 149
}