{
  "sum_of_pairs": 0.46732488822652757,
  "column_score": 0.11270491803278689,
  "time_ms": 71
}