{
  "sum_of_pairs": 0.3499254287844892,
  "column_score": 0.02348993288590604,
  "time_ms": 15
}