{
  "sum_of_pairs": 0.36856241268005974,
  "column_score": 0.02027027027027027,
  "time_ms": 230
}