{
  "sum_of_pairs": 0.6458643815201193,
  "column_score": 0.3012295081967213,
  "time_ms": 22
}