{
  "sum_of_pairs": 0.4146466985744429,
  "column_score": 0.09448818897637795,
  "time_ms": 43
}