{
  "sum_of_pairs": 0.40877492877492877,
  "column_score": 0.06172839506172839,
  "time_ms": 63
}