{
  "sum_of_pairs": 0.028424399911067377,
  "column_score": 0.0014481310933351903,
  "time_ms": 7
}