{
  "sum_of_pairs": 0.055958619451095176,
  "column_score": 0.0030277116611618997,
  "time_ms": 3
}