{
  "sum_of_pairs": 0.15980746089049339,
  "column_score": 0.02527075812274368,
  "time_ms": 6
}