{
  "sum_of_pairs": 0.0451527224435591,
  "column_score": 0.04780876494023904,
  "time_ms": 3
}