{
  "sum_of_pairs": 0.0888086642599278,
  "column_score": 0.007220216606498195,
  "time_ms": 9
}