{
  "sum_of_pairs": 0.5758999757736234,
  "column_score": 0.004470979969594084,
  "time_ms": 518
}