{
  "sum_of_pairs": 0.6105757850584864,
  "column_score": 0.006520110097831552,
  "time_ms": 294
}