{
  "sum_of_pairs": 0.6155130667111964,
  "column_score": 0.0576271186440678,
  "time_ms": 929
}