{
  "sum_of_pairs": 0.633562627236687,
  "column_score": 0.12568306010928962,
  "time_ms": 416
}