{
  "sum_of_pairs": 0.8951929074222579,
  "column_score": 0.032407407407407406,
  "time_ms": 1472
}