{
  "sum_of_pairs": 0.491531838395307,
  "column_score": 0.09225092250922509,
  "time_ms": 112
}