{
  "sum_of_pairs": 0.4758569299552906,
  "column_score": 0.3114754098360656,
  "time_ms": 40
}