{
  "sum_of_pairs": 0.7296019900497512,
  "column_score": 0.6283582089552239,
  "time_ms": 37
}