{
  "sum_of_pairs": 0.778957528957529,
  "column_score": 0.40540540540540543,
  "time_ms": 4
}