{
  "sum_of_pairs": 0.49653259361997226,
  "column_score": 0.1553398058252427,
  "time_ms": 15
}