{
  "sum_of_pairs": 0.4712328767123288,
  "column_score": 0.3287671232876712,
  "time_ms": 15
}