{
  "sum_of_pairs": 0.5422885572139303,
  "column_score": 0.3208955223880597,
  "time_ms": 45
}