{
  "sum_of_pairs": 0.3116883116883117,
  "column_score": 0.34285714285714286,
  "time_ms": 8
}