{
  "sum_of_pairs": 0.7147630147630147,
  "column_score": 0.29743589743589743,
  "time_ms": 102
}