{
  "sum_of_pairs": 0.5953815261044176,
  "column_score": 0.46987951807228917,
  "time_ms": 5
}