{
  "sum_of_pairs": 0.7894538606403013,
  "column_score": 0.6666666666666666,
  "time_ms": 34
}