{
  "sum_of_pairs": 0.481216457960644,
  "column_score": 0.046511627906976744,
  "time_ms": 120
}