{
  "sum_of_pairs": 0.45420110192837465,
  "column_score": 0.17045454545454544,
  "time_ms": 163
}