{
  "sum_of_pairs": 0.8244047619047619,
  "column_score": 0.7142857142857143,
  "time_ms": 6
}