{
  "sum_of_pairs": 0.5113871635610766,
  "column_score": 0.17391304347826086,
  "time_ms": 11
}