{
  "sum_of_pairs": 0.680859691808597,
  "column_score": 0.34306569343065696,
  "time_ms": 16
}