{
  "sum_of_pairs": 0.704014939309057,
  "column_score": 0.4789915966386555,
  "time_ms": 32
}