{
  "sum_of_pairs": 0.6601998824221046,
  "column_score": 0.4444444444444444,
  "time_ms": 10
}