{
  "sum_of_pairs": 0.7869458128078818,
  "column_score": 0.6305418719211823,
  "time_ms": 24
}