{
  "sum_of_pairs": 0.6171875,
  "column_score": 0.390625,
  "time_ms": 4
}