{
  "sum_of_pairs": 0.5988334674175382,
  "column_score": 0.28761061946902655,
  "time_ms": 62
}