{
  "sum_of_pairs": 0.6577935522034901,
  "column_score": 0.4782608695652174,
  "time_ms": 57
}