{
  "sum_of_pairs": 0.7213659147869674,
  "column_score": 0.5328947368421053,
  "time_ms": 50
}