{
  "sum_of_pairs": 0.6222222222222222,
  "column_score": 0.38461538461538464,
  "time_ms": 2
}