{
  "sum_of_pairs": 0.4953125,
  "column_score": 0.296875,
  "time_ms": 3
}