{
  "sum_of_pairs": 0.5737327188940092,
  "column_score": 0.22580645161290322,
  "time_ms": 18
}