{
  "sum_of_pairs": 0.7641646892302568,
  "column_score": 0.4140127388535032,
  "time_ms": 102
}