{
  "sum_of_pairs": 0.21839080459770116,
  "column_score": 0.06896551724137931,
  "time_ms": 16
}