{
  "sum_of_pairs": 0.5432442777078189,
  "column_score": 0.16859032176058988,
  "time_ms": 122
}