{
  "sum_of_pairs": 0.6518658017716398,
  "column_score": 0.08641975308641975,
  "time_ms": 547
}