{
  "sum_of_pairs": 0.6670942841792485,
  "column_score": 0.21782178217821782,
  "time_ms": 245
}