{
  "sum_of_pairs": 0.7125153702218658,
  "column_score": 0.4186046511627907,
  "time_ms": 136
}