{
  "sum_of_pairs": 0.6374441132637854,
  "column_score": 0.21311475409836064,
  "time_ms": 40
}