{
  "sum_of_pairs": 0.481275460036522,
  "column_score": 0.17699115044247787,
  "time_ms": 120
}