{
  "sum_of_pairs": 0.742451062057476,
  "column_score": 0.09183673469387756,
  "time_ms": 311
}