{
  "sum_of_pairs": 0.36003849392517745,
  "column_score": 0.08588957055214724,
  "time_ms": 46
}