{
  "sum_of_pairs": 0.4550444499345465,
  "column_score": 0.09464066698735416,
  "time_ms": 78
}