{
  "sum_of_pairs": 0.5549423851173122,
  "column_score": 0.030612244897959183,
  "time_ms": 197
}