{
  "sum_of_pairs": 0.39726085124315214,
  "column_score": 0.061946902654867256,
  "time_ms": 74
}