{
  "sum_of_pairs": 0.5309042252071432,
  "column_score": 0.12598425196850394,
  "time_ms": 21
}