{
  "sum_of_pairs": 0.6863348247576435,
  "column_score": 0.2651006711409396,
  "time_ms": 10
}