{
  "sum_of_pairs": 0.6285767511177347,
  "column_score": 0.22950819672131148,
  "time_ms": 23
}