{
  "sum_of_pairs": 0.5719748619396241,
  "column_score": 0.1517411759198245,
  "time_ms": 172
}