{
  "sum_of_pairs": 0.7585672280139,
  "column_score": 0.46511627906976744,
  "time_ms": 277
}