{
  "sum_of_pairs": 0.8416714150047483,
  "column_score": 0.4074074074074074,
  "time_ms": 59
}