{
  "sum_of_pairs": 0.6340517542024133,
  "column_score": 0.19753086419753085,
  "time_ms": 663
}