{
  "sum_of_pairs": 0.5744577308120133,
  "column_score": 0.2413793103448276,
  "time_ms": 173
}