{
  "sum_of_pairs": 0.6300241881529515,
  "column_score": 0.03937007874015748,
  "time_ms": 61
}