{
  "sum_of_pairs": 0.38982861400894186,
  "column_score": 0.06557377049180328,
  "time_ms": 52
}