{
  "sum_of_pairs": 0.4262992611372725,
  "column_score": 0.041457672006722505,
  "time_ms": 1045
}