{
  "sum_of_pairs": 0.6303884234577304,
  "column_score": 0.039603960396039604,
  "time_ms": 658
}