{
  "sum_of_pairs": 0.3680224403927069,
  "column_score": 0.08695652173913043,
  "time_ms": 762
}