{
  "sum_of_pairs": 0.6002479348986781,
  "column_score": 0.04854368932038835,
  "time_ms": 2873
}