{
  "sum_of_pairs": 0.7073882508468975,
  "column_score": 0.024291497975708502,
  "time_ms": 1084
}