{
  "sum_of_pairs": 0.43612008906126554,
  "column_score": 0.14479638009049775,
  "time_ms": 401
}