{
  "sum_of_pairs": 0.4997562214739897,
  "column_score": 0.07868126119489881,
  "time_ms": 479
}