{
  "sum_of_pairs": 0.7289400097619275,
  "column_score": 0.03424657534246575,
  "time_ms": 768
}