{
  "sum_of_pairs": 0.7635297033793275,
  "column_score": 0.10931174089068826,
  "time_ms": 461
}