{
  "sum_of_pairs": 0.7335148874364561,
  "column_score": 0.058823529411764705,
  "time_ms": 570
}