{
  "sum_of_pairs": 0.7664642375168691,
  "column_score": 0.25146198830409355,
  "time_ms": 319
}