{
  "sum_of_pairs": 0.7006861168730745,
  "column_score": 0.21359223300970873,
  "time_ms": 1608
}