{
  "sum_of_pairs": 0.4734463017037224,
  "column_score": 0.10434782608695652,
  "time_ms": 300
}