{
  "sum_of_pairs": 0.6187603246426776,
  "column_score": 0.25339366515837103,
  "time_ms": 170
}