{
  "sum_of_pairs": 0.4439864719520065,
  "column_score": 0.05813953488372093,
  "time_ms": 869
}