{
  "sum_of_pairs": 0.7371858339680122,
  "column_score": 0.0891089108910891,
  "time_ms": 325
}