{
  "sum_of_pairs": 0.4995274219624425,
  "column_score": 0.023529411764705882,
  "time_ms": 62
}