{
  "sum_of_pairs": 0.41751106036820324,
  "column_score": 0.04395604395604396,
  "time_ms": 258
}