{
  "sum_of_pairs": 0.7783383033757847,
  "column_score": 0.27472527472527475,
  "time_ms": 1889
}