{
  "sum_of_pairs": 0.12159053054350318,
  "column_score": 0.021431075039544153,
  "time_ms": 17
}