{
  "sum_of_pairs": 0.1729264475743349,
  "column_score": 0.08450704225352113,
  "time_ms": 26
}