{
  "sum_of_pairs": 0.08754208754208755,
  "column_score": 0.030303030303030304,
  "time_ms": 7
}