{
  "sum_of_pairs": 0.15359477124183007,
  "column_score": 0.0392156862745098,
  "time_ms": 2
}