{
  "sum_of_pairs": 0.349933598937583,
  "column_score": 0.15139442231075698,
  "time_ms": 10
}