{
  "sum_of_pairs": 0.6029393749626388,
  "column_score": 0.3452580411502203,
  "time_ms": 37
}