{
  "sum_of_pairs": 0.666331456154465,
  "column_score": 0.37168141592920356,
  "time_ms": 54
}