{
  "sum_of_pairs": 0.6138888888888889,
  "column_score": 0.31666666666666665,
  "time_ms": 22
}