{
  "sum_of_pairs": 0.5650319829424307,
  "column_score": 0.16791044776119404,
  "time_ms": 41
}