{
  "sum_of_pairs": 0.6613681521430599,
  "column_score": 0.16974169741697417,
  "time_ms": 69
}