{
  "sum_of_pairs": 0.8310945273631841,
  "column_score": 0.7701492537313432,
  "time_ms": 40
}