{
  "sum_of_pairs": 0.6506706408345753,
  "column_score": 0.4057377049180328,
  "time_ms": 38
}