{
  "sum_of_pairs": 0.7247399456701782,
  "column_score": 0.03488372093023256,
  "time_ms": 146
}