{
  "sum_of_pairs": 0.39864864864864863,
  "column_score": 0.02702702702702703,
  "time_ms": 3
}