{
  "sum_of_pairs": 0.4905982905982906,
  "column_score": 0.02564102564102564,
  "time_ms": 2
}