{
  "sum_of_pairs": 0.5020325203252033,
  "column_score": 0.4329268292682927,
  "time_ms": 21
}