{
  "sum_of_pairs": 0.2987012987012987,
  "column_score": 0.37142857142857144,
  "time_ms": 8
}