{
  "sum_of_pairs": 0.7803258145363409,
  "column_score": 0.4605263157894737,
  "time_ms": 36
}