{
  "sum_of_pairs": 0.9551670551670551,
  "column_score": 0.8717948717948718,
  "time_ms": 48
}