{
  "sum_of_pairs": 0.4338952972493345,
  "column_score": 0.15527950310559005,
  "time_ms": 22
}