{
  "sum_of_pairs": 0.851380042462845,
  "column_score": 0.554140127388535,
  "time_ms": 79
}