{
  "sum_of_pairs": 0.7129785247432306,
  "column_score": 0.46218487394957986,
  "time_ms": 37
}