{
  "sum_of_pairs": 0.7867858917039245,
  "column_score": 0.6736214605067065,
  "time_ms": 117
}