{
  "sum_of_pairs": 0.7502605795288723,
  "column_score": 0.15447154471544716,
  "time_ms": 59
}