{
  "sum_of_pairs": 0.5384383608815427,
  "column_score": 0.2869318181818182,
  "time_ms": 83
}