{
  "sum_of_pairs": 0.915374677002584,
  "column_score": 0.6744186046511628,
  "time_ms": 9
}