{
  "sum_of_pairs": 0.5822916666666667,
  "column_score": 0.3541666666666667,
  "time_ms": 3
}