{
  "sum_of_pairs": 0.6116618696083592,
  "column_score": 0.35268191478143074,
  "time_ms": 16
}