{
  "sum_of_pairs": 0.6860157063109092,
  "column_score": 0.2029520295202952,
  "time_ms": 28
}