{
  "sum_of_pairs": 0.6583457526080477,
  "column_score": 0.4057377049180328,
  "time_ms": 22
}