{
  "sum_of_pairs": 0.6641596108809223,
  "column_score": 0.5510718789407314,
  "time_ms": 37
}