{
  "sum_of_pairs": 0.6175115207373272,
  "column_score": 0.3951612903225806,
  "time_ms": 8
}