{
  "sum_of_pairs": 0.7842401500938087,
  "column_score": 0.15447154471544716,
  "time_ms": 31
}