{
  "sum_of_pairs": 0.49131274131274133,
  "column_score": 0.32432432432432434,
  "time_ms": 1
}