{
  "sum_of_pairs": 0.7447823494335122,
  "column_score": 0.03488372093023256,
  "time_ms": 51
}