{
  "sum_of_pairs": 0.7169000933706816,
  "column_score": 0.46218487394957986,
  "time_ms": 18
}