{
  "sum_of_pairs": 0.3106854838709677,
  "column_score": 0.2217741935483871,
  "time_ms": 14
}