{
  "sum_of_pairs": 0.3527272727272727,
  "column_score": 0.37142857142857144,
  "time_ms": 3
}