{
  "sum_of_pairs": 0.6839903459372486,
  "column_score": 0.3938053097345133,
  "time_ms": 31
}