{
  "sum_of_pairs": 0.9577311577311577,
  "column_score": 0.8871794871794871,
  "time_ms": 26
}