{
  "sum_of_pairs": 0.6985668053629218,
  "column_score": 0.4223300970873786,
  "time_ms": 9
}