{
  "sum_of_pairs": 0.6363501922508134,
  "column_score": 0.43685300207039335,
  "time_ms": 24
}