{
  "sum_of_pairs": 0.4029197080291971,
  "column_score": 0.1386861313868613,
  "time_ms": 4
}