{
  "sum_of_pairs": 0.7716748768472906,
  "column_score": 0.6527093596059114,
  "time_ms": 14
}