{
  "sum_of_pairs": 0.7846994535519126,
  "column_score": 0.669150521609538,
  "time_ms": 48
}