{
  "sum_of_pairs": 0.4501626737651582,
  "column_score": 0.15527950310559005,
  "time_ms": 11
}