{
  "sum_of_pairs": 0.42039639115380906,
  "column_score": 0.04118715276813714,
  "time_ms": 1009
}