{
  "sum_of_pairs": 0.4203648903652785,
  "column_score": 0.04073053176357093,
  "time_ms": 401
}