{
  "sum_of_pairs": 0.42039639115380906,
  "column_score": 0.041187152768137135,
  "time_ms": 2112
}