{
  "sum_of_pairs": 0.3561090718710141,
  "column_score": 0.00976207391169028,
  "time_ms": 756
}