{
  "sum_of_pairs": 0.35618145448692895,
  "column_score": 0.08695652173913043,
  "time_ms": 452
}