{
  "sum_of_pairs": 0.7052878628221094,
  "column_score": 0.1095890410958904,
  "time_ms": 4065
}