{
  "sum_of_pairs": 0.5406412178526122,
  "column_score": 0.03296703296703297,
  "time_ms": 3011
}