{
  "sum_of_pairs": 0.6724137931034483,
  "column_score": 0.10989010989010989,
  "time_ms": 4654
}