{
  "sum_of_pairs": 0.6927145428618182,
  "column_score": 0.35714285714285715,
  "time_ms": 2145
}