{
  "sum_of_pairs": 0.3873864759846412,
  "column_score": 0.10434782608695652,
  "time_ms": 1457
}