{
  "sum_of_pairs": 0.38410543704661354,
  "column_score": 0.00904977375565611,
  "time_ms": 286
}