{
  "sum_of_pairs": 0.4261653379300438,
  "column_score": 0.027149321266968326,
  "time_ms": 331
}