{
  "sum_of_pairs": 0.0604216124113288,
  "column_score": 0.0002658160552897395,
  "time_ms": 4
}