{
  "sum_of_pairs": 0.061447811447811446,
  "column_score": 0.010101010101010102,
  "time_ms": 2
}