{
  "sum_of_pairs": 0.08313929516658884,
  "column_score": 0.00010484378276368212,
  "time_ms": 6
}