{
  "sum_of_pairs": 0.6908473735118463,
  "column_score": 0.0295790119634118,
  "time_ms": 297
}