{
  "sum_of_pairs": 0.7230692159973282,
  "column_score": 0.10508474576271186,
  "time_ms": 357
}