{
  "sum_of_pairs": 0.5925248326600706,
  "column_score": 0.03225806451612903,
  "time_ms": 288
}