{
  "sum_of_pairs": 0.9327487865223715,
  "column_score": 0.08108108108108109,
  "time_ms": 313
}