{
  "sum_of_pairs": 0.7476469035890219,
  "column_score": 0.10714285714285714,
  "time_ms": 86
}