{
  "sum_of_pairs": 0.9271139623986456,
  "column_score": 0.39814814814814814,
  "time_ms": 1337
}