{
  "sum_of_pairs": 0.8731555394291244,
  "column_score": 0.24305555555555555,
  "time_ms": 262
}