{
  "sum_of_pairs": 0.08922558922558922,
  "column_score": 0.010101010101010102,
  "time_ms": 6
}