{
  "sum_of_pairs": 0.6215953895879935,
  "column_score": 0.16475344971888453,
  "time_ms": 2909
}