{
  "sum_of_pairs": 0.6216407410619165,
  "column_score": 0.16475344971888453,
  "time_ms": 1580
}