{
  "sum_of_pairs": 0.6215953895879934,
  "column_score": 0.1647534497188845,
  "time_ms": 1811
}