{
  "sum_of_pairs": 0.6027349617582684,
  "column_score": 0.11181253471936414,
  "time_ms": 1337
}