{
  "sum_of_pairs": 0.6218076411013183,
  "column_score": 0.16362295876281222,
  "time_ms": 697
}