{
  "sum_of_pairs": 0.8355769230769231,
  "column_score": 0.22807017543859648,
  "time_ms": 833
}