{
  "sum_of_pairs": 0.7748604778679966,
  "column_score": 0.08791208791208792,
  "time_ms": 2291
}