{
  "sum_of_pairs": 0.7287517531556802,
  "column_score": 0.26956521739130435,
  "time_ms": 457
}