{
  "sum_of_pairs": 0.529428284614833,
  "column_score": 0.11627906976744186,
  "time_ms": 3159
}