{
  "sum_of_pairs": 0.8077351485148515,
  "column_score": 0.25742574257425743,
  "time_ms": 916
}