{
  "sum_of_pairs": 0.8225247524752475,
  "column_score": 0.297029702970297,
  "time_ms": 509
}