{
  "sum_of_pairs": 0.7306187202538339,
  "column_score": 0.26956521739130435,
  "time_ms": 1048
}