{
  "sum_of_pairs": 0.688279307678582,
  "column_score": 0.14782608695652175,
  "time_ms": 7466
}