{
  "sum_of_pairs": 0.44742033762860856,
  "column_score": 0.03571428571428571,
  "time_ms": 10918
}