{
  "sum_of_pairs": 0.5193443915963575,
  "column_score": 0.11627906976744186,
  "time_ms": 2653
}