{
  "sum_of_pairs": 0.36381537492123506,
  "column_score": 0.2826086956521739,
  "time_ms": 37
}