{
  "sum_of_pairs": 0.7622777222777223,
  "column_score": 0.17142857142857143,
  "time_ms": 123
}