{
  "sum_of_pairs": 0.8041501877118316,
  "column_score": 0.0136986301369863,
  "time_ms": 2571
}