{
  "sum_of_pairs": 0.5430238210986874,
  "column_score": 0.11688311688311688,
  "time_ms": 160
}