{
  "sum_of_pairs": 0.7196054537511783,
  "column_score": 0.22608695652173913,
  "time_ms": 911
}