{
  "sum_of_pairs": 0.5896281557020271,
  "column_score": 0.11764705882352941,
  "time_ms": 177
}