{
  "sum_of_pairs": 0.81498476770754,
  "column_score": 0.297029702970297,
  "time_ms": 1186
}