{
  "sum_of_pairs": 0.7261685682738315,
  "column_score": 0.06593406593406594,
  "time_ms": 1015
}