{
  "sum_of_pairs": 0.8262614608520614,
  "column_score": 0.23300970873786409,
  "time_ms": 4541
}