{
  "sum_of_pairs": 0.7976840511087087,
  "column_score": 0.0136986301369863,
  "time_ms": 1957
}