{
  "sum_of_pairs": 0.8322005449658169,
  "column_score": 0.32038834951456313,
  "time_ms": 4716
}