{
  "sum_of_pairs": 0.8152874112394353,
  "column_score": 0.3076923076923077,
  "time_ms": 4843
}