{
  "sum_of_pairs": 0.8747185911401598,
  "column_score": 0.23529411764705882,
  "time_ms": 1906
}