{
  "sum_of_pairs": 0.8272698815427451,
  "column_score": 0.4945054945054945,
  "time_ms": 2499
}