{
  "sum_of_pairs": 0.8467358299595141,
  "column_score": 0.3216374269005848,
  "time_ms": 2107
}