{
  "sum_of_pairs": 0.5727018079959256,
  "column_score": 0.19480519480519481,
  "time_ms": 80
}