{
  "sum_of_pairs": 0.835170854148,
  "column_score": 0.32038834951456313,
  "time_ms": 2324
}