{
  "sum_of_pairs": 0.8251939964083892,
  "column_score": 0.4945054945054945,
  "time_ms": 5877
}