{
  "sum_of_pairs": 0.6234423579156821,
  "column_score": 0.15294117647058825,
  "time_ms": 107
}