{
  "sum_of_pairs": 0.5401850462615654,
  "column_score": 0.12790697674418605,
  "time_ms": 270
}