{
  "sum_of_pairs": 0.4493628437290409,
  "column_score": 0.03571428571428571,
  "time_ms": 2651
}