{
  "sum_of_pairs": 0.7131462585034014,
  "column_score": 0.30416666666666664,
  "time_ms": 983
}