{
  "sum_of_pairs": 0.5770359256480787,
  "column_score": 0.1434108527131783,
  "time_ms": 778
}