{
  "sum_of_pairs": 0.7117857142857142,
  "column_score": 0.30416666666666664,
  "time_ms": 2068
}