{
  "sum_of_pairs": 0.8297909609187805,
  "column_score": 0.0728744939271255,
  "time_ms": 1022
}