{
  "sum_of_pairs": 0.8365201259688951,
  "column_score": 0.5396825396825397,
  "time_ms": 5391
}