{
  "sum_of_pairs": 0.8369208753702757,
  "column_score": 0.5396825396825397,
  "time_ms": 2235
}