{
  "sum_of_pairs": 0.4292929292929293,
  "column_score": 0.06818181818181818,
  "time_ms": 35
}