{
  "sum_of_pairs": 0.6491919844861022,
  "column_score": 0.23529411764705882,
  "time_ms": 393
}