{
  "sum_of_pairs": 0.773865232511849,
  "column_score": 0.08791208791208792,
  "time_ms": 501
}