{
  "sum_of_pairs": 0.03535353535353535,
  "column_score": 0.010101010101010102,
  "time_ms": 3
}