{
  "sum_of_pairs": 0.2341756919374248,
  "column_score": 0.09025270758122744,
  "time_ms": 11
}