{
  "sum_of_pairs": 0.0314606665908086,
  "column_score": 0.0014678129586915495,
  "time_ms": 7
}