{
  "sum_of_pairs": 0.06334717012007726,
  "column_score": 0.0032565917216560323,
  "time_ms": 6
}