{
  "sum_of_pairs": 0.0650730411686587,
  "column_score": 0.055776892430278883,
  "time_ms": 15
}