{
  "sum_of_pairs": 0.18260292164674635,
  "column_score": 0.08764940239043825,
  "time_ms": 2
}