{
  "sum_of_pairs": 0.15667870036101084,
  "column_score": 0.036101083032490974,
  "time_ms": 6
}