{
  "sum_of_pairs": 0.7407052968646977,
  "column_score": 0.5335740743690568,
  "time_ms": 44
}