{
  "sum_of_pairs": 0.7407365195448528,
  "column_score": 0.5335740743690568,
  "time_ms": 44
}