{
  "sum_of_pairs": 0.7350308734334283,
  "column_score": 0.5311726813896089,
  "time_ms": 15
}