{
  "sum_of_pairs": 0.6802185356106881,
  "column_score": 0.45263171392768237,
  "time_ms": 29
}