{
  "sum_of_pairs": 0.6627450980392157,
  "column_score": 0.35294117647058826,
  "time_ms": 2
}