{
  "sum_of_pairs": 0.8581196581196581,
  "column_score": 0.7948717948717948,
  "time_ms": 2
}