{
  "sum_of_pairs": 0.7798973339956946,
  "column_score": 0.6140089418777943,
  "time_ms": 91
}