{
  "sum_of_pairs": 0.8515406162464986,
  "column_score": 0.6554621848739496,
  "time_ms": 13
}