{
  "sum_of_pairs": 0.8658257358144956,
  "column_score": 0.7261146496815286,
  "time_ms": 52
}