{
  "sum_of_pairs": 0.7373271889400922,
  "column_score": 0.5668202764976958,
  "time_ms": 2
}