{
  "sum_of_pairs": 0.643574297188755,
  "column_score": 0.5421686746987951,
  "time_ms": 3
}