{
  "sum_of_pairs": 0.633130081300813,
  "column_score": 0.5487804878048781,
  "time_ms": 16
}