{
  "sum_of_pairs": 0.8155172413793104,
  "column_score": 0.6970443349753694,
  "time_ms": 11
}