{
  "sum_of_pairs": 0.804726368159204,
  "column_score": 0.7611940298507462,
  "time_ms": 9
}