{
  "sum_of_pairs": 0.7599502487562189,
  "column_score": 0.6970149253731344,
  "time_ms": 19
}