{
  "sum_of_pairs": 0.7828713574982231,
  "column_score": 0.503731343283582,
  "time_ms": 9
}