{
  "sum_of_pairs": 0.7884882108183079,
  "column_score": 0.5242718446601942,
  "time_ms": 11
}