{
  "sum_of_pairs": 0.7640394088669951,
  "column_score": 0.6083743842364532,
  "time_ms": 19
}