{
  "sum_of_pairs": 0.7273531777956557,
  "column_score": 0.5110619469026548,
  "time_ms": 30
}