{
  "sum_of_pairs": 0.8030799801291605,
  "column_score": 0.6631892697466468,
  "time_ms": 135
}