{
  "sum_of_pairs": 0.6327479338842975,
  "column_score": 0.3806818181818182,
  "time_ms": 434
}