{
  "sum_of_pairs": 0.7970397404703974,
  "column_score": 0.48905109489051096,
  "time_ms": 9
}