{
  "sum_of_pairs": 0.740757172434191,
  "column_score": 0.5507246376811594,
  "time_ms": 35
}