{
  "sum_of_pairs": 0.8459729570840682,
  "column_score": 0.691358024691358,
  "time_ms": 6
}