{
  "sum_of_pairs": 0.7116237799467613,
  "column_score": 0.4968944099378882,
  "time_ms": 14
}