{
  "sum_of_pairs": 0.7001728110599078,
  "column_score": 0.25806451612903225,
  "time_ms": 10
}