{
  "sum_of_pairs": 0.7911646586345381,
  "column_score": 0.7469879518072289,
  "time_ms": 6
}