{
  "sum_of_pairs": 0.9794094794094794,
  "column_score": 0.8923076923076924,
  "time_ms": 24
}