{
  "sum_of_pairs": 0.8833936971816327,
  "column_score": 0.7388535031847133,
  "time_ms": 82
}