{
  "sum_of_pairs": 0.8050133096716947,
  "column_score": 0.6521739130434783,
  "time_ms": 81
}