{
  "sum_of_pairs": 0.9085831863609641,
  "column_score": 0.7901234567901234,
  "time_ms": 13
}