{
  "sum_of_pairs": 0.7792843691148776,
  "column_score": 0.4858757062146893,
  "time_ms": 14
}