{
  "sum_of_pairs": 0.7367511520737328,
  "column_score": 0.2903225806451613,
  "time_ms": 13
}