{
  "sum_of_pairs": 0.6991935483870968,
  "column_score": 0.6673387096774194,
  "time_ms": 24
}