{
  "sum_of_pairs": 0.8124075717243419,
  "column_score": 0.660455486542443,
  "time_ms": 20
}