{
  "sum_of_pairs": 0.7157071783937455,
  "column_score": 0.3843283582089552,
  "time_ms": 17
}