{
  "sum_of_pairs": 0.6991058122205663,
  "column_score": 0.47950819672131145,
  "time_ms": 32
}