{
  "sum_of_pairs": 0.7250470809792844,
  "column_score": 0.3954802259887006,
  "time_ms": 25
}