{
  "sum_of_pairs": 0.7897152048443561,
  "column_score": 0.3210332103321033,
  "time_ms": 25
}