{
  "sum_of_pairs": 0.8580674988441979,
  "column_score": 0.6359223300970874,
  "time_ms": 6
}