{
  "sum_of_pairs": 0.7858832434478191,
  "column_score": 0.3210332103321033,
  "time_ms": 100
}