{
  "sum_of_pairs": 0.864539990753583,
  "column_score": 0.6456310679611651,
  "time_ms": 25
}