{
  "sum_of_pairs": 0.5802845528455285,
  "column_score": 0.4878048780487805,
  "time_ms": 10
}