{
  "sum_of_pairs": 0.8239028944911297,
  "column_score": 0.5882352941176471,
  "time_ms": 25
}