{
  "sum_of_pairs": 0.7895559724828017,
  "column_score": 0.3902439024390244,
  "time_ms": 56
}