{
  "sum_of_pairs": 0.918918918918919,
  "column_score": 0.7837837837837838,
  "time_ms": 1
}