{
  "sum_of_pairs": 0.6241391184573003,
  "column_score": 0.3693181818181818,
  "time_ms": 57
}