{
  "sum_of_pairs": 0.8830808080808081,
  "column_score": 0.6666666666666666,
  "time_ms": 15
}