{
  "sum_of_pairs": 0.7738095238095238,
  "column_score": 0.5394736842105263,
  "time_ms": 30
}