{
  "sum_of_pairs": 0.738301043219076,
  "column_score": 0.5491803278688525,
  "time_ms": 46
}