{
  "sum_of_pairs": 0.6040805785123967,
  "column_score": 0.3494318181818182,
  "time_ms": 105
}