{
  "sum_of_pairs": 0.5725490196078431,
  "column_score": 0.3137254901960784,
  "time_ms": 4
}