{
  "sum_of_pairs": 0.8054511278195489,
  "column_score": 0.5789473684210527,
  "time_ms": 42
}