{
  "sum_of_pairs": 0.4720194647201946,
  "column_score": 0.1897810218978102,
  "time_ms": 10
}