{
  "sum_of_pairs": 0.7588325652841782,
  "column_score": 0.5990783410138248,
  "time_ms": 17
}