{
  "sum_of_pairs": 0.8032338308457712,
  "column_score": 0.7671641791044777,
  "time_ms": 55
}