{
  "sum_of_pairs": 0.8139462163852408,
  "column_score": 0.4146341463414634,
  "time_ms": 116
}