{
  "sum_of_pairs": 0.7736346516007533,
  "column_score": 0.4689265536723164,
  "time_ms": 46
}