{
  "sum_of_pairs": 0.753968253968254,
  "column_score": 0.6369047619047619,
  "time_ms": 3
}