{
  "sum_of_pairs": 0.3201149425287356,
  "column_score": 0.18275862068965518,
  "time_ms": 4
}