{
  "sum_of_pairs": 0.8023182957393483,
  "column_score": 0.6118421052631579,
  "time_ms": 17
}