{
  "sum_of_pairs": 0.8037423414472595,
  "column_score": 0.669150521609538,
  "time_ms": 49
}