{
  "sum_of_pairs": 0.7316572807723251,
  "column_score": 0.5022123893805309,
  "time_ms": 78
}