{
  "sum_of_pairs": 0.7019607843137254,
  "column_score": 0.29411764705882354,
  "time_ms": 5
}