{
  "sum_of_pairs": 0.24942528735632183,
  "column_score": 0.1482758620689655,
  "time_ms": 7
}