{
  "sum_of_pairs": 0.6965406275140789,
  "column_score": 0.4668141592920354,
  "time_ms": 48
}