{
  "sum_of_pairs": 0.8621031746031746,
  "column_score": 0.7916666666666666,
  "time_ms": 2
}