{
  "sum_of_pairs": 0.6993951612903225,
  "column_score": 0.6673387096774194,
  "time_ms": 12
}