{
  "sum_of_pairs": 0.7681159420289855,
  "column_score": 0.6211180124223602,
  "time_ms": 9
}