{
  "sum_of_pairs": 0.738479262672811,
  "column_score": 0.2903225806451613,
  "time_ms": 6
}