{
  "sum_of_pairs": 0.7188794811745631,
  "column_score": 0.587641866330391,
  "time_ms": 79
}