{
  "sum_of_pairs": 0.8603174603174604,
  "column_score": 0.6974789915966386,
  "time_ms": 26
}