{
  "sum_of_pairs": 0.6368951612903225,
  "column_score": 0.5544354838709677,
  "time_ms": 18
}