{
  "sum_of_pairs": 0.7567555395424248,
  "column_score": 0.6532156368221942,
  "time_ms": 33
}