{
  "sum_of_pairs": 0.7524363705175513,
  "column_score": 0.26199261992619927,
  "time_ms": 48
}