{
  "sum_of_pairs": 0.5491551459293394,
  "column_score": 0.30414746543778803,
  "time_ms": 8
}