{
  "sum_of_pairs": 0.11835748792270531,
  "column_score": 0.07246376811594203,
  "time_ms": 1
}