{
  "sum_of_pairs": 0.5348654202814053,
  "column_score": 0.14918237579030266,
  "time_ms": 204
}