{
  "sum_of_pairs": 0.5823436151405349,
  "column_score": 0.1967400827244585,
  "time_ms": 118
}