{
  "sum_of_pairs": 0.5749085146481474,
  "column_score": 0.19674008272445848,
  "time_ms": 634
}