{
  "sum_of_pairs": 0.6966171444514194,
  "column_score": 0.1111111111111111,
  "time_ms": 3416
}