{
  "sum_of_pairs": 0.7431886019714008,
  "column_score": 0.22448979591836735,
  "time_ms": 422
}