{
  "sum_of_pairs": 0.6332960477255779,
  "column_score": 0.2651006711409396,
  "time_ms": 24
}