{
  "sum_of_pairs": 0.7656011384145495,
  "column_score": 0.24489795918367346,
  "time_ms": 663
}