{
  "sum_of_pairs": 0.7338574389000362,
  "column_score": 0.1485148514851485,
  "time_ms": 266
}