{
  "sum_of_pairs": 0.7554064131245339,
  "column_score": 0.47651006711409394,
  "time_ms": 22
}