{
  "sum_of_pairs": 0.6584292390318756,
  "column_score": 0.1111111111111111,
  "time_ms": 950
}