{
  "sum_of_pairs": 0.7416542473919523,
  "column_score": 0.29098360655737704,
  "time_ms": 55
}