{
  "sum_of_pairs": 0.6975587640371068,
  "column_score": 0.1111111111111111,
  "time_ms": 585
}