{
  "sum_of_pairs": 0.835096870342772,
  "column_score": 0.5307377049180327,
  "time_ms": 145
}