{
  "sum_of_pairs": 0.6954595791805094,
  "column_score": 0.10891089108910891,
  "time_ms": 431
}