{
  "sum_of_pairs": 0.6934280273789306,
  "column_score": 0.5669291338582677,
  "time_ms": 69
}