{
  "sum_of_pairs": 0.721329534662868,
  "column_score": 0.5061728395061729,
  "time_ms": 42
}