{
  "sum_of_pairs": 0.710751136059877,
  "column_score": 0.4046511627906977,
  "time_ms": 142
}