{
  "sum_of_pairs": 0.6736594493450949,
  "column_score": 0.31627906976744186,
  "time_ms": 249
}