{
  "sum_of_pairs": 0.677809728067684,
  "column_score": 0.28967059905650033,
  "time_ms": 797
}