{
  "sum_of_pairs": 0.6708586055966943,
  "column_score": 0.25463440759172007,
  "time_ms": 1490
}