{
  "sum_of_pairs": 0.6948762591717448,
  "column_score": 0.21176470588235294,
  "time_ms": 215
}