{
  "sum_of_pairs": 0.7001795590030884,
  "column_score": 0.3393665158371041,
  "time_ms": 278
}