{
  "sum_of_pairs": 0.4921052631578947,
  "column_score": 0.18181818181818182,
  "time_ms": 9
}