{
  "sum_of_pairs": 0.8959993390068578,
  "column_score": 0.32388663967611336,
  "time_ms": 681
}