{
  "sum_of_pairs": 0.7591561362176055,
  "column_score": 0.26373626373626374,
  "time_ms": 5710
}