{
  "sum_of_pairs": 0.6950800833153774,
  "column_score": 0.3076923076923077,
  "time_ms": 469
}