{
  "sum_of_pairs": 0.8797945331582242,
  "column_score": 0.5339805825242718,
  "time_ms": 4666
}