{
  "sum_of_pairs": 0.813243147829614,
  "column_score": 0.2967032967032967,
  "time_ms": 1218
}