{
  "sum_of_pairs": 0.7643556443556444,
  "column_score": 0.22857142857142856,
  "time_ms": 140
}