{
  "sum_of_pairs": 0.8390097816249721,
  "column_score": 0.5595238095238095,
  "time_ms": 2471
}