{
  "sum_of_pairs": 0.6187630240893557,
  "column_score": 0.1744186046511628,
  "time_ms": 153
}