{
  "sum_of_pairs": 0.5094086856760439,
  "column_score": 0.16279069767441862,
  "time_ms": 1484
}