{
  "sum_of_pairs": 0.9256172839506173,
  "column_score": 0.6911764705882353,
  "time_ms": 1041
}