{
  "sum_of_pairs": 0.877813214013709,
  "column_score": 0.6039603960396039,
  "time_ms": 575
}