{
  "sum_of_pairs": 0.6058264566141536,
  "column_score": 0.1124031007751938,
  "time_ms": 300
}