{
  "sum_of_pairs": 0.7621892350528032,
  "column_score": 0.31868131868131866,
  "time_ms": 2855
}