{
  "sum_of_pairs": 0.7050366869792314,
  "column_score": 0.3411764705882353,
  "time_ms": 114
}