{
  "sum_of_pairs": 0.39564625850340135,
  "column_score": 0.14285714285714285,
  "time_ms": 19
}