{
  "sum_of_pairs": 0.6886357848924693,
  "column_score": 0.3116883116883117,
  "time_ms": 98
}