{
  "sum_of_pairs": 0.9256747638326586,
  "column_score": 0.7485380116959064,
  "time_ms": 507
}