{
  "sum_of_pairs": 0.7236471777790995,
  "column_score": 0.41739130434782606,
  "time_ms": 1885
}