{
  "sum_of_pairs": 0.4035714285714286,
  "column_score": 0.18181818181818182,
  "time_ms": 31
}