{
  "sum_of_pairs": 0.6772211720226843,
  "column_score": 0.3695652173913043,
  "time_ms": 16
}