{
  "sum_of_pairs": 0.8814024277981662,
  "column_score": 0.5436893203883495,
  "time_ms": 2681
}