{
  "sum_of_pairs": 0.7221483375959079,
  "column_score": 0.40869565217391307,
  "time_ms": 3834
}