{
  "sum_of_pairs": 0.8856217466743782,
  "column_score": 0.2550607287449393,
  "time_ms": 1375
}