{
  "sum_of_pairs": 0.9200714125056231,
  "column_score": 0.6198830409356725,
  "time_ms": 942
}