{
  "sum_of_pairs": 0.8461720927474352,
  "column_score": 0.273972602739726,
  "time_ms": 2288
}