{
  "sum_of_pairs": 0.6578449905482041,
  "column_score": 0.30434782608695654,
  "time_ms": 45
}