{
  "sum_of_pairs": 0.6927367622376015,
  "column_score": 0.24347826086956523,
  "time_ms": 541
}