{
  "sum_of_pairs": 0.09793063484318776,
  "column_score": 0.02771494705084578,
  "time_ms": 6
}