{
  "sum_of_pairs": 0.20717131474103587,
  "column_score": 0.04780876494023904,
  "time_ms": 2
}