{
  "sum_of_pairs": 0.26269315673289184,
  "column_score": 0.15894039735099338,
  "time_ms": 1
}