{
  "sum_of_pairs": 0.3299319727891156,
  "column_score": 0.2857142857142857,
  "time_ms": 0
}