{
  "sum_of_pairs": 0.2945945945945946,
  "column_score": 0.1891891891891892,
  "time_ms": 0
}