{
  "sum_of_pairs": 0.14743589743589744,
  "column_score": 0.1282051282051282,
  "time_ms": 4
}