{
  "sum_of_pairs": 0.17251461988304093,
  "column_score": 0.017543859649122806,
  "time_ms": 0
}