{
  "sum_of_pairs": 0.49772465922977455,
  "column_score": 0.13888102644425293,
  "time_ms": 92
}