{
  "sum_of_pairs": 0.404658035462989,
  "column_score": 0.14473684210526316,
  "time_ms": 87
}