{
  "sum_of_pairs": 0.5114695340501793,
  "column_score": 0.25806451612903225,
  "time_ms": 24
}