{
  "sum_of_pairs": 0.5608672936259144,
  "column_score": 0.23563218390804597,
  "time_ms": 32
}