{
  "sum_of_pairs": 0.5265340909090909,
  "column_score": 0.13636363636363635,
  "time_ms": 65
}