{
  "sum_of_pairs": 0.541034831357412,
  "column_score": 0.13709677419354838,
  "time_ms": 102
}