{
  "sum_of_pairs": 0.8255362924986508,
  "column_score": 0.6376146788990825,
  "time_ms": 84
}