{
  "sum_of_pairs": 0.6556115453174277,
  "column_score": 0.2548076923076923,
  "time_ms": 190
}