{
  "sum_of_pairs": 0.7081694204038814,
  "column_score": 0.45528455284552843,
  "time_ms": 79
}