{
  "sum_of_pairs": 0.4975369458128079,
  "column_score": 0.27586206896551724,
  "time_ms": 18
}