{
  "sum_of_pairs": 0.569226750261233,
  "column_score": 0.4454022988505747,
  "time_ms": 28
}