{
  "sum_of_pairs": 0.6884669479606188,
  "column_score": 0.41139240506329117,
  "time_ms": 15
}