{
  "sum_of_pairs": 0.7777984935491088,
  "column_score": 0.5880503144654088,
  "time_ms": 107
}