{
  "sum_of_pairs": 0.7016185784658691,
  "column_score": 0.023809523809523808,
  "time_ms": 82
}