{
  "sum_of_pairs": 0.6699226699226699,
  "column_score": 0.4444444444444444,
  "time_ms": 17
}