{
  "sum_of_pairs": 0.8788706739526412,
  "column_score": 0.8032786885245902,
  "time_ms": 3
}