{
  "sum_of_pairs": 0.7776515151515152,
  "column_score": 0.196875,
  "time_ms": 793
}