{
  "sum_of_pairs": 0.4175015460729746,
  "column_score": 0.07755102040816327,
  "time_ms": 20
}