{
  "sum_of_pairs": 0.6889301175015461,
  "column_score": 0.3314285714285714,
  "time_ms": 31
}