{
  "sum_of_pairs": 0.3097143497043949,
  "column_score": 0.03600470026174632,
  "time_ms": 545
}