{
  "sum_of_pairs": 0.5459449192782526,
  "column_score": 0.24691358024691357,
  "time_ms": 139
}