{
  "sum_of_pairs": 0.4661698956780924,
  "column_score": 0.0942622950819672,
  "time_ms": 111
}