{
  "sum_of_pairs": 0.6488627889634601,
  "column_score": 0.2348993288590604,
  "time_ms": 33
}