{
  "sum_of_pairs": 0.04568045687473297,
  "column_score": 0.0021442495126705653,
  "time_ms": 5
}