{
  "sum_of_pairs": 0.4045381636943275,
  "column_score": 0.049179028656785306,
  "time_ms": 333
}