{
  "sum_of_pairs": 0.23218148616378706,
  "column_score": 0.061946902654867256,
  "time_ms": 272
}