{
  "sum_of_pairs": 0.48257938345942053,
  "column_score": 0.07874015748031496,
  "time_ms": 48
}