{
  "sum_of_pairs": 0.6745898583146905,
  "column_score": 0.29194630872483224,
  "time_ms": 27
}