{
  "sum_of_pairs": 0.5049925484351714,
  "column_score": 0.13114754098360656,
  "time_ms": 61
}