{
  "sum_of_pairs": 0.7478214381181503,
  "column_score": 0.18604651162790697,
  "time_ms": 324
}