{
  "sum_of_pairs": 0.25338585499739047,
  "column_score": 0.08165946924279484,
  "time_ms": 11
}