{
  "sum_of_pairs": 0.5893034825870647,
  "column_score": 0.4507462686567164,
  "time_ms": 11
}