{
  "sum_of_pairs": 0.2646889400921659,
  "column_score": 0.13709677419354838,
  "time_ms": 7
}