{
  "sum_of_pairs": 0.2540983606557377,
  "column_score": 0.06557377049180328,
  "time_ms": 16
}