{
  "sum_of_pairs": 0.29374416433239964,
  "column_score": 0.226890756302521,
  "time_ms": 15
}