{
  "sum_of_pairs": 0.18770161290322582,
  "column_score": 0.10080645161290322,
  "time_ms": 11
}