{
  "sum_of_pairs": 0.36919459141681366,
  "column_score": 0.12345679012345678,
  "time_ms": 4
}