{
  "sum_of_pairs": 0.07363754722096306,
  "column_score": 0.002470074102223067,
  "time_ms": 6
}