{
  "sum_of_pairs": 0.662774951457631,
  "column_score": 0.02635694444600877,
  "time_ms": 322
}