{
  "sum_of_pairs": 0.809837490019257,
  "column_score": 0.1390728476821192,
  "time_ms": 297
}