{
  "sum_of_pairs": 0.6913705137227305,
  "column_score": 0.09821428571428571,
  "time_ms": 102
}