{
  "sum_of_pairs": 0.4508454106280193,
  "column_score": 0.10869565217391304,
  "time_ms": 20
}