{
  "sum_of_pairs": 0.8952968606136208,
  "column_score": 0.46296296296296297,
  "time_ms": 1091
}