{
  "sum_of_pairs": 0.55540708214184,
  "column_score": 0.17725523469664012,
  "time_ms": 265
}