{
  "sum_of_pairs": 0.5451075383671785,
  "column_score": 0.17621958203576676,
  "time_ms": 130
}