{
  "sum_of_pairs": 0.7873802582257393,
  "column_score": 0.3163265306122449,
  "time_ms": 1741
}