{
  "sum_of_pairs": 0.6671491069372718,
  "column_score": 0.15841584158415842,
  "time_ms": 310
}