{
  "sum_of_pairs": 0.6382363907531693,
  "column_score": 0.2516778523489933,
  "time_ms": 21
}