{
  "sum_of_pairs": 0.6790695280736967,
  "column_score": 0.5669291338582677,
  "time_ms": 57
}