{
  "sum_of_pairs": 0.708945868945869,
  "column_score": 0.43209876543209874,
  "time_ms": 85
}