{
  "sum_of_pairs": 0.577117572692794,
  "column_score": 0.19469026548672566,
  "time_ms": 116
}