{
  "sum_of_pairs": 0.7016766020864381,
  "column_score": 0.18442622950819673,
  "time_ms": 83
}