{
  "sum_of_pairs": 0.7859572400388727,
  "column_score": 0.3163265306122449,
  "time_ms": 349
}