{
  "sum_of_pairs": 0.4981371087928465,
  "column_score": 0.18442622950819673,
  "time_ms": 30
}