{
  "sum_of_pairs": 0.4601713859910581,
  "column_score": 0.12704918032786885,
  "time_ms": 66
}