{
  "sum_of_pairs": 0.6847820493026607,
  "column_score": 0.6141732283464567,
  "time_ms": 76
}