{
  "sum_of_pairs": 0.6465138208172977,
  "column_score": 0.13861386138613863,
  "time_ms": 556
}