{
  "sum_of_pairs": 0.6919219460037423,
  "column_score": 0.42790697674418604,
  "time_ms": 718
}