{
  "sum_of_pairs": 0.768959114257948,
  "column_score": 0.2653061224489796,
  "time_ms": 706
}