{
  "sum_of_pairs": 0.7169090231170768,
  "column_score": 0.34563758389261745,
  "time_ms": 12
}