{
  "sum_of_pairs": 0.41529331569028427,
  "column_score": 0.08588957055214724,
  "time_ms": 33
}