{
  "sum_of_pairs": 0.7062068965517241,
  "column_score": 0.3767441860465116,
  "time_ms": 154
}