{
  "sum_of_pairs": 0.3434379886924095,
  "column_score": 0.04294478527607362,
  "time_ms": 71
}