{
  "sum_of_pairs": 0.6699231384932514,
  "column_score": 0.1485148514851485,
  "time_ms": 1280
}