{
  "sum_of_pairs": 0.02268564217188488,
  "column_score": 0.0002658160552897395,
  "time_ms": 6
}