{
  "sum_of_pairs": 0.369182356562443,
  "column_score": 0.05033514724188342,
  "time_ms": 96
}