{
  "sum_of_pairs": 0.3253145090976814,
  "column_score": 0.030659933013638396,
  "time_ms": 163
}