{
  "sum_of_pairs": 0.6349105812220567,
  "column_score": 0.1598360655737705,
  "time_ms": 27
}