{
  "sum_of_pairs": 0.38813412342824105,
  "column_score": 0.02027027027027027,
  "time_ms": 204
}