{
  "sum_of_pairs": 0.4165303394814221,
  "column_score": 0.21395348837209302,
  "time_ms": 232
}