{
  "sum_of_pairs": 0.5592399403874814,
  "column_score": 0.0430327868852459,
  "time_ms": 55
}