{
  "sum_of_pairs": 0.48350573825330656,
  "column_score": 0.08661417322834646,
  "time_ms": 63
}