{
  "sum_of_pairs": 0.7076895707032693,
  "column_score": 0.0958904109589041,
  "time_ms": 2112
}