{
  "sum_of_pairs": 0.37436828914997816,
  "column_score": 0.10434782608695652,
  "time_ms": 882
}