{
  "sum_of_pairs": 0.5458396801218584,
  "column_score": 0.1782178217821782,
  "time_ms": 692
}