{
  "sum_of_pairs": 0.608462656307634,
  "column_score": 0.002032520325203252,
  "time_ms": 286
}