{
  "sum_of_pairs": 0.5537565068214587,
  "column_score": 0.14207835438470756,
  "time_ms": 155
}