{
  "sum_of_pairs": 0.5310557760936685,
  "column_score": 0.25153374233128833,
  "time_ms": 60
}