{
  "sum_of_pairs": 0.5311502151881161,
  "column_score": 0.02040816326530612,
  "time_ms": 451
}