{
  "sum_of_pairs": 0.7202408522464103,
  "column_score": 0.2992125984251969,
  "time_ms": 39
}