{
  "sum_of_pairs": 0.836875466070097,
  "column_score": 0.5436241610738255,
  "time_ms": 19
}