{
  "sum_of_pairs": 0.567548435171386,
  "column_score": 0.19057377049180327,
  "time_ms": 50
}