{
  "sum_of_pairs": 0.06892498691488814,
  "column_score": 0.0053086173859962634,
  "time_ms": 5
}