{
  "sum_of_pairs": 0.029225452504871723,
  "column_score": 0.002705690576028673,
  "time_ms": 6
}