{
  "sum_of_pairs": 0.13024282560706402,
  "column_score": 0.09271523178807947,
  "time_ms": 3
}