{
  "sum_of_pairs": 0.3668032786885246,
  "column_score": 0.10450819672131148,
  "time_ms": 33
}