{
  "sum_of_pairs": 0.500926626208423,
  "column_score": 0.031535620176924524,
  "time_ms": 796
}