{
  "sum_of_pairs": 0.6811020408163265,
  "column_score": 0.12916666666666668,
  "time_ms": 423
}