{
  "sum_of_pairs": 0.46190476190476193,
  "column_score": 0.22727272727272727,
  "time_ms": 40
}