{
  "sum_of_pairs": 0.2922448979591837,
  "column_score": 0.01904761904761905,
  "time_ms": 25
}