{
  "sum_of_pairs": 0.6521739130434783,
  "column_score": 0.30434782608695654,
  "time_ms": 20
}