{
  "sum_of_pairs": 0.36863466304078957,
  "column_score": 0.1585560775431223,
  "time_ms": 21
}