{
  "sum_of_pairs": 0.4681968102458095,
  "column_score": 0.2535262678936729,
  "time_ms": 10
}