{
  "sum_of_pairs": 0.524330900243309,
  "column_score": 0.18248175182481752,
  "time_ms": 11
}