{
  "sum_of_pairs": 0.540184191346982,
  "column_score": 0.20930232558139536,
  "time_ms": 88
}