{
  "sum_of_pairs": 0.5823232323232324,
  "column_score": 0.31666666666666665,
  "time_ms": 5
}