{
  "sum_of_pairs": 0.4575585399449036,
  "column_score": 0.22727272727272727,
  "time_ms": 38
}