{
  "sum_of_pairs": 0.7321926647516757,
  "column_score": 0.31210191082802546,
  "time_ms": 31
}