{
  "sum_of_pairs": 0.8301476301476302,
  "column_score": 0.5897435897435898,
  "time_ms": 15
}