{
  "sum_of_pairs": 0.5149522608539002,
  "column_score": 0.3707440100882724,
  "time_ms": 39
}