{
  "sum_of_pairs": 0.595658439920735,
  "column_score": 0.403530895334174,
  "time_ms": 23
}