{
  "sum_of_pairs": 0.6772983114446529,
  "column_score": 0.43902439024390244,
  "time_ms": 20
}