{
  "sum_of_pairs": 0.45698924731182794,
  "column_score": 0.2995391705069124,
  "time_ms": 1
}