{
  "sum_of_pairs": 0.5751412429378531,
  "column_score": 0.2033898305084746,
  "time_ms": 19
}