{
  "sum_of_pairs": 0.4367469879518072,
  "column_score": 0.37349397590361444,
  "time_ms": 2
}