{
  "sum_of_pairs": 0.5552208835341366,
  "column_score": 0.4578313253012048,
  "time_ms": 1
}