{
  "sum_of_pairs": 0.6625615763546798,
  "column_score": 0.5221674876847291,
  "time_ms": 14
}