{
  "sum_of_pairs": 0.6362530413625304,
  "column_score": 0.291970802919708,
  "time_ms": 4
}