{
  "sum_of_pairs": 0.23709677419354838,
  "column_score": 0.07258064516129033,
  "time_ms": 14
}