{
  "sum_of_pairs": 0.4851010101010101,
  "column_score": 0.06666666666666667,
  "time_ms": 8
}