{
  "sum_of_pairs": 0.5076425631981187,
  "column_score": 0.22839506172839505,
  "time_ms": 5
}