{
  "sum_of_pairs": 0.5362318840579711,
  "column_score": 0.33954451345755693,
  "time_ms": 24
}