{
  "sum_of_pairs": 0.669117403543633,
  "column_score": 0.45603576751117736,
  "time_ms": 53
}