{
  "sum_of_pairs": 0.27123552123552125,
  "column_score": 0.02702702702702703,
  "time_ms": 1
}