{
  "sum_of_pairs": 0.25297619047619047,
  "column_score": 0.13095238095238096,
  "time_ms": 2
}