{
  "sum_of_pairs": 0.40323691460055094,
  "column_score": 0.20170454545454544,
  "time_ms": 91
}