{
  "sum_of_pairs": 0.49082864038616253,
  "column_score": 0.19911504424778761,
  "time_ms": 31
}