{
  "sum_of_pairs": 0.4748832866479925,
  "column_score": 0.35294117647058826,
  "time_ms": 44
}