{
  "sum_of_pairs": 0.754001554001554,
  "column_score": 0.46153846153846156,
  "time_ms": 25
}