{
  "sum_of_pairs": 0.746551724137931,
  "column_score": 0.6231527093596059,
  "time_ms": 10
}