{
  "sum_of_pairs": 0.28398617511520735,
  "column_score": 0.16129032258064516,
  "time_ms": 6
}