{
  "sum_of_pairs": 0.7219738367279351,
  "column_score": 0.5603576751117735,
  "time_ms": 32
}