{
  "sum_of_pairs": 0.6241228070175439,
  "column_score": 0.28289473684210525,
  "time_ms": 20
}