{
  "sum_of_pairs": 0.39854299928926795,
  "column_score": 0.1455223880597015,
  "time_ms": 29
}