{
  "sum_of_pairs": 0.6194029850746269,
  "column_score": 0.5388059701492537,
  "time_ms": 13
}