{
  "sum_of_pairs": 0.8063361225594272,
  "column_score": 0.3630573248407643,
  "time_ms": 19
}