{
  "sum_of_pairs": 0.29193548387096774,
  "column_score": 0.0846774193548387,
  "time_ms": 8
}