{
  "sum_of_pairs": 0.46758569299552905,
  "column_score": 0.13524590163934427,
  "time_ms": 33
}