{
  "sum_of_pairs": 0.3018292682926829,
  "column_score": 0.22560975609756098,
  "time_ms": 3
}