{
  "sum_of_pairs": 0.3392857142857143,
  "column_score": 0.1774193548387097,
  "time_ms": 4
}