{
  "sum_of_pairs": 0.41742243573558535,
  "column_score": 0.014427661710270405,
  "time_ms": 1216
}