{
  "sum_of_pairs": 0.5830952380952381,
  "column_score": 0.041666666666666664,
  "time_ms": 674
}