{
  "sum_of_pairs": 0.37988342785129176,
  "column_score": 0.10869565217391304,
  "time_ms": 23
}