{
  "sum_of_pairs": 0.41319999074009767,
  "column_score": 0.1038961038961039,
  "time_ms": 172
}