{
  "sum_of_pairs": 0.416582148942082,
  "column_score": 0.015611695241116134,
  "time_ms": 546
}