{
  "sum_of_pairs": 0.5070850340136055,
  "column_score": 0.004166666666666667,
  "time_ms": 340
}