{
  "sum_of_pairs": 0.592740860624524,
  "column_score": 0.0594059405940594,
  "time_ms": 387
}