{
  "sum_of_pairs": 0.7322593249376333,
  "column_score": 0.32936507936507936,
  "time_ms": 1721
}