{
  "sum_of_pairs": 0.4853203935402213,
  "column_score": 0.2586948856628515,
  "time_ms": 15
}