{
  "sum_of_pairs": 0.38958333333333334,
  "column_score": 0.23958333333333334,
  "time_ms": 1
}