{
  "sum_of_pairs": 0.16774193548387098,
  "column_score": 0.04838709677419355,
  "time_ms": 12
}