{
  "sum_of_pairs": 0.8542346542346543,
  "column_score": 0.7025641025641025,
  "time_ms": 26
}