{
  "sum_of_pairs": 0.6098191214470284,
  "column_score": 0.5116279069767442,
  "time_ms": 2
}