{
  "sum_of_pairs": 0.40476190476190477,
  "column_score": 0.2995391705069124,
  "time_ms": 3
}