{
  "sum_of_pairs": 0.5108792846497765,
  "column_score": 0.09016393442622951,
  "time_ms": 20
}