{
  "sum_of_pairs": 0.6757062146892655,
  "column_score": 0.4124293785310734,
  "time_ms": 17
}