{
  "sum_of_pairs": 0.6545012165450121,
  "column_score": 0.48175182481751827,
  "time_ms": 7
}