{
  "sum_of_pairs": 0.7216095380029807,
  "column_score": 0.5275707898658718,
  "time_ms": 45
}