{
  "sum_of_pairs": 0.5806754221388368,
  "column_score": 0.2032520325203252,
  "time_ms": 29
}