{
  "sum_of_pairs": 0.5400345622119815,
  "column_score": 0.3870967741935484,
  "time_ms": 8
}