{
  "sum_of_pairs": 0.7838974230881313,
  "column_score": 0.34394904458598724,
  "time_ms": 24
}