{
  "sum_of_pairs": 0.4137396694214876,
  "column_score": 0.16761363636363635,
  "time_ms": 50
}