{
  "sum_of_pairs": 0.6040306556911723,
  "column_score": 0.2952029520295203,
  "time_ms": 26
}