{
  "sum_of_pairs": 0.6870748299319728,
  "column_score": 0.5631469979296067,
  "time_ms": 23
}