{
  "sum_of_pairs": 0.5291400142146411,
  "column_score": 0.26865671641791045,
  "time_ms": 12
}