{
  "sum_of_pairs": 0.5125482625482626,
  "column_score": 0.2972972972972973,
  "time_ms": 1
}