{
  "sum_of_pairs": 0.7853233830845772,
  "column_score": 0.7074626865671642,
  "time_ms": 13
}