{
  "sum_of_pairs": 0.675250626566416,
  "column_score": 0.3092105263157895,
  "time_ms": 17
}