{
  "sum_of_pairs": 0.605876896574571,
  "column_score": 0.22093023255813954,
  "time_ms": 43
}