{
  "sum_of_pairs": 0.44128955930198166,
  "column_score": 0.32919254658385094,
  "time_ms": 11
}