{
  "sum_of_pairs": 0.22493212583316757,
  "column_score": 0.0620835998229305,
  "time_ms": 6
}