{
  "sum_of_pairs": 0.2289382306253568,
  "column_score": 0.06248106945014959,
  "time_ms": 12
}