{
  "sum_of_pairs": 0.2510882016036655,
  "column_score": 0.05154639175257732,
  "time_ms": 11
}