{
  "sum_of_pairs": 0.26228419654714474,
  "column_score": 0.09561752988047809,
  "time_ms": 4
}