{
  "sum_of_pairs": 0.5573951434878587,
  "column_score": 0.39072847682119205,
  "time_ms": 1
}