{
  "sum_of_pairs": 0.19507389162561575,
  "column_score": 0.10837438423645321,
  "time_ms": 4
}