{
  "sum_of_pairs": 0.308843537414966,
  "column_score": 0.24285714285714285,
  "time_ms": 5
}