{
  "sum_of_pairs": 0.3636582430806258,
  "column_score": 0.1588447653429603,
  "time_ms": 8
}