{
  "sum_of_pairs": 0.2668350168350168,
  "column_score": 0.030303030303030304,
  "time_ms": 1
}