{
  "sum_of_pairs": 0.22448979591836735,
  "column_score": 0.16326530612244897,
  "time_ms": 0
}