{
  "sum_of_pairs": 0.3280212483399734,
  "column_score": 0.17131474103585656,
  "time_ms": 3
}