{
  "sum_of_pairs": 0.5374149659863946,
  "column_score": 0.4489795918367347,
  "time_ms": 3
}