{
  "sum_of_pairs": 0.36462093862815886,
  "column_score": 0.1552346570397112,
  "time_ms": 18
}