{
  "sum_of_pairs": 0.20715249662618085,
  "column_score": 0.06882591093117409,
  "time_ms": 5
}