{
  "sum_of_pairs": 0.1936026936026936,
  "column_score": 0.030303030303030304,
  "time_ms": 2
}