{
  "sum_of_pairs": 0.43941798941798943,
  "column_score": 0.2518518518518518,
  "time_ms": 15
}