{
  "sum_of_pairs": 0.282312925170068,
  "column_score": 0.16326530612244897,
  "time_ms": 0
}