{
  "sum_of_pairs": 0.2595647193585338,
  "column_score": 0.05154639175257732,
  "time_ms": 22
}