{
  "sum_of_pairs": 0.4965986394557823,
  "column_score": 0.3877551020408163,
  "time_ms": 2
}