{
  "sum_of_pairs": 0.4166666666666667,
  "column_score": 0.21666666666666667,
  "time_ms": 2
}