{
  "sum_of_pairs": 0.39444444444444443,
  "column_score": 0.21666666666666667,
  "time_ms": 0
}