{
  "sum_of_pairs": 0.1724137931034483,
  "column_score": 0.04926108374384237,
  "time_ms": 9
}