{
  "sum_of_pairs": 0.20923913043478262,
  "column_score": 0.04891304347826087,
  "time_ms": 3
}