{
  "sum_of_pairs": 0.14482758620689656,
  "column_score": 0.04926108374384237,
  "time_ms": 7
}