{
  "sum_of_pairs": 0.2829931972789116,
  "column_score": 0.24285714285714285,
  "time_ms": 7
}