{
  "sum_of_pairs": 0.3751851851851852,
  "column_score": 0.05333333333333334,
  "time_ms": 9
}