{
  "sum_of_pairs": 0.4759259259259259,
  "column_score": 0.2962962962962963,
  "time_ms": 6
}