{
  "sum_of_pairs": 0.24074074074074073,
  "column_score": 0.030303030303030304,
  "time_ms": 2
}