{
  "sum_of_pairs": 0.48095238095238096,
  "column_score": 0.2962962962962963,
  "time_ms": 12
}