{
  "sum_of_pairs": 0.2931972789115646,
  "column_score": 0.24285714285714285,
  "time_ms": 3
}