{
  "sum_of_pairs": 0.3222623345367028,
  "column_score": 0.11552346570397112,
  "time_ms": 18
}