{
  "sum_of_pairs": 0.22955326460481099,
  "column_score": 0.05154639175257732,
  "time_ms": 22
}