{
  "sum_of_pairs": 0.5586808590212093,
  "column_score": 0.15122197894849174,
  "time_ms": 150
}