{
  "sum_of_pairs": 0.7355898380535728,
  "column_score": 0.2376237623762376,
  "time_ms": 295
}