{
  "sum_of_pairs": 0.5673621460506706,
  "column_score": 0.18032786885245902,
  "time_ms": 50
}