{
  "sum_of_pairs": 0.7106932573599241,
  "column_score": 0.4567901234567901,
  "time_ms": 60
}