{
  "sum_of_pairs": 0.8747877103597345,
  "column_score": 0.6614173228346457,
  "time_ms": 37
}