{
  "sum_of_pairs": 0.7031488906709435,
  "column_score": 0.19534883720930232,
  "time_ms": 167
}