{
  "sum_of_pairs": 0.584885261909744,
  "column_score": 0.037037037037037035,
  "time_ms": 675
}