{
  "sum_of_pairs": 0.8438665175242357,
  "column_score": 0.6510067114093959,
  "time_ms": 19
}