{
  "sum_of_pairs": 0.725456182443564,
  "column_score": 0.03509049608091773,
  "time_ms": 421
}