{
  "sum_of_pairs": 0.773317191283293,
  "column_score": 0.13333333333333333,
  "time_ms": 267
}