{
  "sum_of_pairs": 0.7106351161154116,
  "column_score": 0.15178571428571427,
  "time_ms": 129
}