{
  "sum_of_pairs": 0.9561886799924758,
  "column_score": 0.4444444444444444,
  "time_ms": 1933
}