{
  "sum_of_pairs": 0.7616681973783084,
  "column_score": 0.17288135593220338,
  "time_ms": 487
}