{
  "sum_of_pairs": 0.9322467095194368,
  "column_score": 0.11363636363636363,
  "time_ms": 659
}