{
  "sum_of_pairs": 0.8272450800807853,
  "column_score": 0.07947019867549669,
  "time_ms": 518
}