{
  "sum_of_pairs": 0.4106366855885594,
  "column_score": 0.0335973078816131,
  "time_ms": 474
}