{
  "sum_of_pairs": 0.5318741496598639,
  "column_score": 0.016666666666666666,
  "time_ms": 308
}