{
  "sum_of_pairs": 0.8993012557354789,
  "column_score": 0.6211630491125312,
  "time_ms": 26462
}