{
  "sum_of_pairs": 0.9801454138702461,
  "column_score": 0.9295302013422819,
  "time_ms": 673
}