{
  "sum_of_pairs": 0.8811179087875417,
  "column_score": 0.5689655172413793,
  "time_ms": 38600
}