{
  "sum_of_pairs": 0.8764585588836762,
  "column_score": 0.5766871165644172,
  "time_ms": 36160
}