{
  "sum_of_pairs": 0.8568434744905333,
  "column_score": 0.5743243243243243,
  "time_ms": 10975
}