{
  "sum_of_pairs": 0.9083839017925647,
  "column_score": 0.5679012345679012,
  "time_ms": 109401
}