{
  "sum_of_pairs": 0.9812563485699011,
  "column_score": 0.9023255813953488,
  "time_ms": 11961
}