{
  "sum_of_pairs": 0.8873559627932806,
  "column_score": 0.32653061224489793,
  "time_ms": 144731
}