{
  "sum_of_pairs": 0.9220832690031393,
  "column_score": 0.8661417322834646,
  "time_ms": 274
}