{
  "sum_of_pairs": 0.8711195392611322,
  "column_score": 0.584070796460177,
  "time_ms": 14694
}