{
  "sum_of_pairs": 0.0745525751906708,
  "column_score": 0.008592910848549946,
  "time_ms": 15
}