{
  "sum_of_pairs": 0.9108701289900358,
  "column_score": 0.6137807532998311,
  "time_ms": 25255
}