{
  "sum_of_pairs": 0.9576131687242798,
  "column_score": 0.9259259259259259,
  "time_ms": 2131
}