{
  "sum_of_pairs": 0.9927781090571788,
  "column_score": 0.9767441860465116,
  "time_ms": 5711
}