{
  "sum_of_pairs": 0.9407654650645305,
  "column_score": 0.6635514018691588,
  "time_ms": 48171
}