{
  "sum_of_pairs": 0.9720661348132732,
  "column_score": 0.8064516129032258,
  "time_ms": 11041
}