{
  "sum_of_pairs": 0.9022988505747126,
  "column_score": 0.8304597701149425,
  "time_ms": 1683
}