{
  "sum_of_pairs": 0.8028708133971292,
  "column_score": 0.5789473684210527,
  "time_ms": 1031
}