{
  "sum_of_pairs": 0.9554441659704818,
  "column_score": 0.9126984126984127,
  "time_ms": 3878
}