{
  "sum_of_pairs": 0.9471374947174783,
  "column_score": 0.8459119496855346,
  "time_ms": 9187
}