{
  "sum_of_pairs": 0.9712057236687779,
  "column_score": 0.8333333333333334,
  "time_ms": 4116
}