{
  "sum_of_pairs": 0.9586390217969165,
  "column_score": 0.7368421052631579,
  "time_ms": 103158
}