{
  "sum_of_pairs": 0.9792114695340501,
  "column_score": 0.9161290322580645,
  "time_ms": 3657
}