{
  "sum_of_pairs": 0.9353413383702105,
  "column_score": 0.8348623853211009,
  "time_ms": 5498
}