{
  "sum_of_pairs": 0.9669951797611372,
  "column_score": 0.7304964539007093,
  "time_ms": 4334
}