{
  "sum_of_pairs": 0.9758217060570313,
  "column_score": 0.6153846153846154,
  "time_ms": 432262
}