{
  "sum_of_pairs": 0.9558292569298859,
  "column_score": 0.7916666666666666,
  "time_ms": 25083
}