{
  "sum_of_pairs": 0.5250289700581168,
  "column_score": 0.16008527250396104,
  "time_ms": 125
}