{
  "sum_of_pairs": 0.6638936372269706,
  "column_score": 0.4074074074074074,
  "time_ms": 53
}