{
  "sum_of_pairs": 0.7129644480085539,
  "column_score": 0.46511627906976744,
  "time_ms": 143
}