{
  "sum_of_pairs": 0.6974112693661393,
  "column_score": 0.1485148514851485,
  "time_ms": 251
}