{
  "sum_of_pairs": 0.5711864406779661,
  "column_score": 0.1111111111111111,
  "time_ms": 555
}