{
  "sum_of_pairs": 0.6789515444868021,
  "column_score": 0.2729133842228939,
  "time_ms": 1093
}