{
  "sum_of_pairs": 0.6680444894259957,
  "column_score": 0.25358575937110717,
  "time_ms": 333
}