{
  "sum_of_pairs": 0.6780865163381149,
  "column_score": 0.2729133842228939,
  "time_ms": 368
}