{
  "sum_of_pairs": 0.6253434065934066,
  "column_score": 0.057692307692307696,
  "time_ms": 68
}