{
  "sum_of_pairs": 0.708289794496691,
  "column_score": 0.5201149425287356,
  "time_ms": 30
}