{
  "sum_of_pairs": 0.7914560719131615,
  "column_score": 0.146875,
  "time_ms": 2787
}