{
  "sum_of_pairs": 0.47248803827751196,
  "column_score": 0.14473684210526316,
  "time_ms": 284
}