{
  "sum_of_pairs": 0.9035010793308149,
  "column_score": 0.731651376146789,
  "time_ms": 92
}