{
  "sum_of_pairs": 0.8295540244069656,
  "column_score": 0.4519230769230769,
  "time_ms": 319
}