{
  "sum_of_pairs": 0.9826839826839827,
  "column_score": 0.7575757575757576,
  "time_ms": 245
}