{
  "sum_of_pairs": 0.8998005474027486,
  "column_score": 0.5729166666666666,
  "time_ms": 617
}