{
  "sum_of_pairs": 0.9135359297141359,
  "column_score": 0.6585365853658537,
  "time_ms": 113
}