{
  "sum_of_pairs": 0.6869126999845954,
  "column_score": 0.13580246913580246,
  "time_ms": 1379
}