{
  "sum_of_pairs": 0.8470632815460402,
  "column_score": 0.5862068965517241,
  "time_ms": 29
}