{
  "sum_of_pairs": 0.503614359974009,
  "column_score": 0.14583333333333334,
  "time_ms": 55
}