{
  "sum_of_pairs": 0.8790171240910157,
  "column_score": 0.03571428571428571,
  "time_ms": 421
}