{
  "sum_of_pairs": 0.663761801016703,
  "column_score": 0.13580246913580246,
  "time_ms": 209
}