{
  "sum_of_pairs": 0.8357765151515152,
  "column_score": 0.5340909090909091,
  "time_ms": 306
}