{
  "sum_of_pairs": 0.6912568306010929,
  "column_score": 0.4426229508196721,
  "time_ms": 6
}