{
  "sum_of_pairs": 0.42473502828532417,
  "column_score": 0.1242603550295858,
  "time_ms": 37
}