{
  "sum_of_pairs": 0.5124401913875598,
  "column_score": 0.07894736842105263,
  "time_ms": 14
}