{
  "sum_of_pairs": 0.5655197132616487,
  "column_score": 0.17419354838709677,
  "time_ms": 49
}