{
  "sum_of_pairs": 0.9006231073841137,
  "column_score": 0.5833333333333334,
  "time_ms": 1496
}