{
  "sum_of_pairs": 0.5062200956937799,
  "column_score": 0.07894736842105263,
  "time_ms": 15
}