{
  "sum_of_pairs": 0.4808143353034994,
  "column_score": 0.15789473684210525,
  "time_ms": 358
}