{
  "sum_of_pairs": 0.874586720361946,
  "column_score": 0.7012578616352201,
  "time_ms": 284
}