{
  "sum_of_pairs": 0.6149710504549214,
  "column_score": 0.2661290322580645,
  "time_ms": 554
}