{
  "sum_of_pairs": 0.9633699633699634,
  "column_score": 0.8888888888888888,
  "time_ms": 43
}