{
  "sum_of_pairs": 0.6581281221804097,
  "column_score": 0.13580246913580246,
  "time_ms": 470
}