{
  "sum_of_pairs": 0.8819200093830636,
  "column_score": 0.14285714285714285,
  "time_ms": 100
}