{
  "sum_of_pairs": 0.6407544836116265,
  "column_score": 0.24897959183673468,
  "time_ms": 25
}