{
  "sum_of_pairs": 0.8274715480597834,
  "column_score": 0.44711538461538464,
  "time_ms": 599
}