{
  "sum_of_pairs": 0.46862604850770534,
  "column_score": 0.20118343195266272,
  "time_ms": 111
}