{
  "sum_of_pairs": 0.8268116687234335,
  "column_score": 0.4519230769230769,
  "time_ms": 957
}