{
  "sum_of_pairs": 0.47703818369453044,
  "column_score": 0.14473684210526316,
  "time_ms": 113
}