{
  "sum_of_pairs": 0.7310126582278481,
  "column_score": 0.5189873417721519,
  "time_ms": 14
}