{
  "sum_of_pairs": 0.7847164655675294,
  "column_score": 0.18439716312056736,
  "time_ms": 56
}