{
  "sum_of_pairs": 0.7426854754440961,
  "column_score": 0.3994252873563218,
  "time_ms": 87
}