{
  "sum_of_pairs": 0.9637769637769638,
  "column_score": 0.8888888888888888,
  "time_ms": 16
}