{
  "sum_of_pairs": 0.8918814085267135,
  "column_score": 0.6720183486238532,
  "time_ms": 197
}