{
  "sum_of_pairs": 0.6395061728395062,
  "column_score": 0.3950617283950617,
  "time_ms": 30
}