{
  "sum_of_pairs": 0.8022211720226843,
  "column_score": 0.391304347826087,
  "time_ms": 37
}