{
  "sum_of_pairs": 0.8707843880257673,
  "column_score": 0.6068965517241379,
  "time_ms": 72
}