{
  "sum_of_pairs": 0.5646090534979424,
  "column_score": 0.30246913580246915,
  "time_ms": 48
}