{
  "sum_of_pairs": 0.7600139324277255,
  "column_score": 0.39080459770114945,
  "time_ms": 71
}