{
  "sum_of_pairs": 0.5689605734767025,
  "column_score": 0.17419354838709677,
  "time_ms": 25
}