{
  "sum_of_pairs": 0.6712962962962963,
  "column_score": 0.26666666666666666,
  "time_ms": 21
}