{
  "sum_of_pairs": 0.8649103277674707,
  "column_score": 0.6457142857142857,
  "time_ms": 83
}