{
  "sum_of_pairs": 0.8831257613045964,
  "column_score": 0.7327044025157232,
  "time_ms": 568
}