{
  "sum_of_pairs": 0.6221624850657109,
  "column_score": 0.2661290322580645,
  "time_ms": 190
}