{
  "sum_of_pairs": 0.9078809336480461,
  "column_score": 0.6016260162601627,
  "time_ms": 213
}