{
  "sum_of_pairs": 0.6371657016818307,
  "column_score": 0.2661290322580645,
  "time_ms": 1316
}