{
  "sum_of_pairs": 0.5445558340295182,
  "column_score": 0.12698412698412698,
  "time_ms": 59
}