{
  "sum_of_pairs": 0.5650896057347671,
  "column_score": 0.17419354838709677,
  "time_ms": 128
}