{
  "sum_of_pairs": 0.5267335004177109,
  "column_score": 0.10317460317460317,
  "time_ms": 136
}