{
  "sum_of_pairs": 0.8795547309833024,
  "column_score": 0.7028571428571428,
  "time_ms": 196
}