{
  "sum_of_pairs": 0.8777438039127949,
  "column_score": 0.720125786163522,
  "time_ms": 152
}