{
  "sum_of_pairs": 0.9003811386940097,
  "column_score": 0.731651376146789,
  "time_ms": 284
}