{
  "sum_of_pairs": 0.8681318681318682,
  "column_score": 0.6068965517241379,
  "time_ms": 18
}