{
  "sum_of_pairs": 0.5231541218637993,
  "column_score": 0.14838709677419354,
  "time_ms": 47
}