{
  "sum_of_pairs": 0.4629689836790429,
  "column_score": 0.20118343195266272,
  "time_ms": 23
}