{
  "sum_of_pairs": 0.7686346220828979,
  "column_score": 0.4482758620689655,
  "time_ms": 36
}