{
  "sum_of_pairs": 0.7775836725463591,
  "column_score": 0.146875,
  "time_ms": 1197
}