{
  "sum_of_pairs": 0.8060478855721394,
  "column_score": 0.146875,
  "time_ms": 3459
}