{
  "sum_of_pairs": 0.48334957764782327,
  "column_score": 0.14583333333333334,
  "time_ms": 172
}