{
  "sum_of_pairs": 0.5004784688995215,
  "column_score": 0.07894736842105263,
  "time_ms": 14
}