{
  "sum_of_pairs": 0.541585445094217,
  "column_score": 0.12698412698412698,
  "time_ms": 166
}