{
  "sum_of_pairs": 0.5092186484730344,
  "column_score": 0.14583333333333334,
  "time_ms": 171
}