{
  "sum_of_pairs": 0.6185528756957328,
  "column_score": 0.23265306122448978,
  "time_ms": 76
}