{
  "sum_of_pairs": 0.708899338209683,
  "column_score": 0.5431034482758621,
  "time_ms": 141
}