{
  "sum_of_pairs": 0.9024866061029583,
  "column_score": 0.5833333333333334,
  "time_ms": 1608
}