{
  "sum_of_pairs": 0.7669700485686942,
  "column_score": 0.08404069684336397,
  "time_ms": 323
}