{
  "sum_of_pairs": 0.7436403516594527,
  "column_score": 0.05418742051648385,
  "time_ms": 613
}