{
  "sum_of_pairs": 0.7656196724078307,
  "column_score": 0.08404069684336397,
  "time_ms": 1400
}