{
  "sum_of_pairs": 0.8159746657283603,
  "column_score": 0.29464285714285715,
  "time_ms": 193
}