{
  "sum_of_pairs": 0.9553731424554733,
  "column_score": 0.5787037037037037,
  "time_ms": 5459
}