{
  "sum_of_pairs": 0.7019323671497585,
  "column_score": 0.17391304347826086,
  "time_ms": 41
}