{
  "sum_of_pairs": 0.9362366029032696,
  "column_score": 0.1111111111111111,
  "time_ms": 675
}