{
  "sum_of_pairs": 0.7389312519961674,
  "column_score": 0.12871287128712872,
  "time_ms": 809
}