{
  "sum_of_pairs": 0.9387217406085331,
  "column_score": 0.1554054054054054,
  "time_ms": 609
}