{
  "sum_of_pairs": 0.9073294456050298,
  "column_score": 0.049773755656108594,
  "time_ms": 2039
}