{
  "sum_of_pairs": 0.9489961091805519,
  "column_score": 0.4305555555555556,
  "time_ms": 2219
}