{
  "sum_of_pairs": 0.8009104503870513,
  "column_score": 0.2767857142857143,
  "time_ms": 174
}