{
  "sum_of_pairs": 0.8665038037072753,
  "column_score": 0.2459016393442623,
  "time_ms": 188
}