{
  "sum_of_pairs": 0.750146113383986,
  "column_score": 0.12542372881355932,
  "time_ms": 730
}