{
  "sum_of_pairs": 0.8228736740597878,
  "column_score": 0.2459016393442623,
  "time_ms": 353
}