{
  "sum_of_pairs": 0.9210934110208888,
  "column_score": 0.19457013574660634,
  "time_ms": 4328
}