{
  "sum_of_pairs": 0.5364052423548991,
  "column_score": 0.10526315789473684,
  "time_ms": 89
}