{
  "sum_of_pairs": 0.8967305199481492,
  "column_score": 0.13740458015267176,
  "time_ms": 3070
}