{
  "sum_of_pairs": 0.9083514755684567,
  "column_score": 0.10416666666666667,
  "time_ms": 607
}