{
  "sum_of_pairs": 0.9120814895215831,
  "column_score": 0.1016949152542373,
  "time_ms": 403
}