{
  "sum_of_pairs": 0.6237233911652517,
  "column_score": 0.313953488372093,
  "time_ms": 240
}