{
  "sum_of_pairs": 0.8857066885296757,
  "column_score": 0.061068702290076333,
  "time_ms": 1391
}