{
  "sum_of_pairs": 0.5869939707149009,
  "column_score": 0.26744186046511625,
  "time_ms": 222
}