{
  "sum_of_pairs": 0.6260305155653992,
  "column_score": 0.313953488372093,
  "time_ms": 114
}