{
  "sum_of_pairs": 0.9358249158249158,
  "column_score": 0.17083333333333334,
  "time_ms": 685
}