{
  "sum_of_pairs": 0.9062995741838524,
  "column_score": 0.0847457627118644,
  "time_ms": 200
}