{
  "sum_of_pairs": 0.8613557371659386,
  "column_score": 0.039735099337748346,
  "time_ms": 871
}