{
  "sum_of_pairs": 0.9185299969390879,
  "column_score": 0.10606060606060606,
  "time_ms": 987
}