{
  "sum_of_pairs": 0.6720410628019323,
  "column_score": 0.10869565217391304,
  "time_ms": 31
}