{
  "sum_of_pairs": 0.8798788220374806,
  "column_score": 0.09271523178807947,
  "time_ms": 405
}