{
  "sum_of_pairs": 0.5416553170377336,
  "column_score": 0.13319865181235097,
  "time_ms": 146
}