{
  "sum_of_pairs": 0.5164914875054633,
  "column_score": 0.11089267263879136,
  "time_ms": 311
}