{
  "sum_of_pairs": 0.4848714707121787,
  "column_score": 0.1504424778761062,
  "time_ms": 130
}