{
  "sum_of_pairs": 0.6322507122507123,
  "column_score": 0.3333333333333333,
  "time_ms": 86
}