{
  "sum_of_pairs": 0.6845761926817971,
  "column_score": 0.11023622047244094,
  "time_ms": 136
}