{
  "sum_of_pairs": 0.4502317741255794,
  "column_score": 0.12389380530973451,
  "time_ms": 319
}