{
  "sum_of_pairs": 0.6954545454545454,
  "column_score": 0.15368852459016394,
  "time_ms": 105
}