{
  "sum_of_pairs": 0.8190715883668904,
  "column_score": 0.5805369127516778,
  "time_ms": 13
}