{
  "sum_of_pairs": 0.6488888888888888,
  "column_score": 0.4074074074074074,
  "time_ms": 51
}