{
  "sum_of_pairs": 0.659663191659984,
  "column_score": 0.2744186046511628,
  "time_ms": 576
}