{
  "sum_of_pairs": 0.6310039986510575,
  "column_score": 0.08783783783783784,
  "time_ms": 352
}