{
  "sum_of_pairs": 0.7511887408024435,
  "column_score": 0.25510204081632654,
  "time_ms": 389
}