{
  "sum_of_pairs": 0.7410581222056631,
  "column_score": 0.19467213114754098,
  "time_ms": 30
}