{
  "sum_of_pairs": 0.7447800149142431,
  "column_score": 0.4261744966442953,
  "time_ms": 22
}