{
  "sum_of_pairs": 0.3699503889197172,
  "column_score": 0.06591894236695167,
  "time_ms": 68
}