{
  "sum_of_pairs": 0.32671466464569915,
  "column_score": 0.2413793103448276,
  "time_ms": 14
}