{
  "sum_of_pairs": 0.3663151364764268,
  "column_score": 0.11538461538461539,
  "time_ms": 281
}