{
  "sum_of_pairs": 0.5850216365066876,
  "column_score": 0.13821138211382114,
  "time_ms": 61
}