{
  "sum_of_pairs": 0.6872498570611778,
  "column_score": 0.4748427672955975,
  "time_ms": 90
}