{
  "sum_of_pairs": 0.604194966592708,
  "column_score": 0.01091261639008642,
  "time_ms": 606
}