{
  "sum_of_pairs": 0.6364949486515822,
  "column_score": 0.10847457627118644,
  "time_ms": 649
}