{
  "sum_of_pairs": 0.4768021539120932,
  "column_score": 0.001016260162601626,
  "time_ms": 517
}