{
  "sum_of_pairs": 0.5917708673656281,
  "column_score": 0.041666666666666664,
  "time_ms": 2132
}