{
  "sum_of_pairs": 0.8518699745488875,
  "column_score": 0.6953529375352595,
  "time_ms": 1626
}