{
  "sum_of_pairs": 0.8532338308457711,
  "column_score": 0.8029850746268656,
  "time_ms": 737
}