{
  "sum_of_pairs": 0.9488536155202821,
  "column_score": 0.8641975308641975,
  "time_ms": 234
}