{
  "sum_of_pairs": 0.7367642709257616,
  "column_score": 0.5652173913043478,
  "time_ms": 646
}