{
  "sum_of_pairs": 0.927860696517413,
  "column_score": 0.8694029850746269,
  "time_ms": 779
}