{
  "sum_of_pairs": 0.9067460317460317,
  "column_score": 0.8333333333333334,
  "time_ms": 130
}