{
  "sum_of_pairs": 0.9006024096385542,
  "column_score": 0.8493975903614458,
  "time_ms": 71
}