{
  "sum_of_pairs": 0.7550403225806451,
  "column_score": 0.6975806451612904,
  "time_ms": 919
}