{
  "sum_of_pairs": 0.8954927425515661,
  "column_score": 0.6571428571428571,
  "time_ms": 9689
}