{
  "sum_of_pairs": 0.8545012165450122,
  "column_score": 0.6496350364963503,
  "time_ms": 153
}