{
  "sum_of_pairs": 0.9745143745143745,
  "column_score": 0.9384615384615385,
  "time_ms": 2330
}