{
  "sum_of_pairs": 0.9093183239524703,
  "column_score": 0.7886178861788617,
  "time_ms": 3701
}