{
  "sum_of_pairs": 0.7052845528455285,
  "column_score": 0.4817073170731707,
  "time_ms": 211
}