{
  "sum_of_pairs": 0.37681159420289856,
  "column_score": 0.34782608695652173,
  "time_ms": 45
}