{
  "sum_of_pairs": 0.9612052730696798,
  "column_score": 0.903954802259887,
  "time_ms": 1473
}