{
  "sum_of_pairs": 0.8759124087591241,
  "column_score": 0.5912408759124088,
  "time_ms": 340
}