{
  "sum_of_pairs": 0.8366060169338858,
  "column_score": 0.6645649432534678,
  "time_ms": 4827
}