{
  "sum_of_pairs": 0.8669950738916257,
  "column_score": 0.770935960591133,
  "time_ms": 937
}