{
  "sum_of_pairs": 0.9534883720930233,
  "column_score": 0.7906976744186046,
  "time_ms": 127
}