{
  "sum_of_pairs": 0.8607843137254902,
  "column_score": 0.7254901960784313,
  "time_ms": 108
}