{
  "sum_of_pairs": 0.8068493150684931,
  "column_score": 0.5753424657534246,
  "time_ms": 325
}