{
  "sum_of_pairs": 0.9198461993493049,
  "column_score": 0.8053830227743272,
  "time_ms": 2486
}