{
  "sum_of_pairs": 0.7349345730027548,
  "column_score": 0.5369318181818182,
  "time_ms": 7276
}