{
  "sum_of_pairs": 0.721875,
  "column_score": 0.453125,
  "time_ms": 82
}