{
  "sum_of_pairs": 0.8778801843317973,
  "column_score": 0.815668202764977,
  "time_ms": 89
}