{
  "sum_of_pairs": 0.9084362139917695,
  "column_score": 0.6666666666666666,
  "time_ms": 116
}