{
  "sum_of_pairs": 0.8803088803088803,
  "column_score": 0.7837837837837838,
  "time_ms": 81
}