{
  "sum_of_pairs": 0.5747126436781609,
  "column_score": 0.36551724137931035,
  "time_ms": 299
}