{
  "sum_of_pairs": 0.837183308494784,
  "column_score": 0.7008196721311475,
  "time_ms": 1911
}