{
  "sum_of_pairs": 0.9247001921420526,
  "column_score": 0.686046511627907,
  "time_ms": 4433
}