{
  "sum_of_pairs": 0.9076923076923077,
  "column_score": 0.8461538461538461,
  "time_ms": 84
}