{
  "sum_of_pairs": 0.7950310559006211,
  "column_score": 0.6086956521739131,
  "time_ms": 95
}