{
  "sum_of_pairs": 0.8484848484848485,
  "column_score": 0.7242921013412816,
  "time_ms": 6518
}