{
  "sum_of_pairs": 0.927713123285079,
  "column_score": 0.7527675276752768,
  "time_ms": 2926
}