{
  "sum_of_pairs": 0.9179380490060102,
  "column_score": 0.8252427184466019,
  "time_ms": 468
}