{
  "sum_of_pairs": 0.8756892230576441,
  "column_score": 0.618421052631579,
  "time_ms": 1407
}