{
  "sum_of_pairs": 0.23244786053009764,
  "column_score": 0.06808382116764668,
  "time_ms": 12
}