{
  "sum_of_pairs": 0.19345238095238096,
  "column_score": 0.03571428571428571,
  "time_ms": 3
}