{
  "sum_of_pairs": 0.29833849862258954,
  "column_score": 0.06818181818181818,
  "time_ms": 43
}