{
  "sum_of_pairs": 0.26824817518248173,
  "column_score": 0.051094890510948905,
  "time_ms": 6
}