{
  "sum_of_pairs": 0.17883064516129032,
  "column_score": 0.0967741935483871,
  "time_ms": 12
}