{
  "sum_of_pairs": 0.4897499586024176,
  "column_score": 0.19523099850968703,
  "time_ms": 37
}