{
  "sum_of_pairs": 0.3558345761043247,
  "column_score": 0.14943687422384683,
  "time_ms": 12
}