{
  "sum_of_pairs": 0.5019098548510313,
  "column_score": 0.014285714285714285,
  "time_ms": 58
}