{
  "sum_of_pairs": 0.7382290495816161,
  "column_score": 0.3248407643312102,
  "time_ms": 19
}