{
  "sum_of_pairs": 0.3531373775276214,
  "column_score": 0.12195121951219512,
  "time_ms": 23
}