{
  "sum_of_pairs": 0.46198712791633145,
  "column_score": 0.14601769911504425,
  "time_ms": 23
}