{
  "sum_of_pairs": 0.5895015731081304,
  "column_score": 0.38152011922503726,
  "time_ms": 34
}