{
  "sum_of_pairs": 0.3313008130081301,
  "column_score": 0.2926829268292683,
  "time_ms": 4
}