{
  "sum_of_pairs": 0.1537712895377129,
  "column_score": 0.043795620437956206,
  "time_ms": 3
}