{
  "sum_of_pairs": 0.23809523809523808,
  "column_score": 0.07373271889400922,
  "time_ms": 3
}