{
  "sum_of_pairs": 0.1719758064516129,
  "column_score": 0.04838709677419355,
  "time_ms": 11
}