{
  "sum_of_pairs": 0.34142302961491156,
  "column_score": 0.07380073800738007,
  "time_ms": 19
}