{
  "sum_of_pairs": 0.4579338774337149,
  "column_score": 0.11212679042601484,
  "time_ms": 107
}