{
  "sum_of_pairs": 0.6587654320987655,
  "column_score": 0.4074074074074074,
  "time_ms": 47
}