{
  "sum_of_pairs": 0.6568791946308725,
  "column_score": 0.25838926174496646,
  "time_ms": 15
}