{
  "sum_of_pairs": 0.6557391071905907,
  "column_score": 0.3627906976744186,
  "time_ms": 120
}