{
  "sum_of_pairs": 0.5295659134019715,
  "column_score": 0.13861386138613863,
  "time_ms": 211
}