{
  "sum_of_pairs": 0.5630693222170758,
  "column_score": 0.1968503937007874,
  "time_ms": 32
}