{
  "sum_of_pairs": 0.4612518628912072,
  "column_score": 0.1762295081967213,
  "time_ms": 35
}