{
  "sum_of_pairs": 0.4032498849070717,
  "column_score": 0.018991538252851284,
  "time_ms": 524
}