{
  "sum_of_pairs": 0.6256044759334233,
  "column_score": 0.04678362573099415,
  "time_ms": 364
}