{
  "sum_of_pairs": 0.7041108979640833,
  "column_score": 0.33868270393367333,
  "time_ms": 2076
}