{
  "sum_of_pairs": 0.710572543993998,
  "column_score": 0.33775109530735276,
  "time_ms": 1890
}