{
  "sum_of_pairs": 0.8025325832812464,
  "column_score": 0.2857142857142857,
  "time_ms": 134
}