{
  "sum_of_pairs": 0.9360702614379085,
  "column_score": 0.7941176470588235,
  "time_ms": 2807
}