{
  "sum_of_pairs": 0.8929231156334,
  "column_score": 0.5825242718446602,
  "time_ms": 7238
}