{
  "sum_of_pairs": 0.5519138755980861,
  "column_score": 0.22727272727272727,
  "time_ms": 34
}