{
  "sum_of_pairs": 0.8572154929718574,
  "column_score": 0.5873015873015873,
  "time_ms": 4506
}