{
  "sum_of_pairs": 0.7986546786546787,
  "column_score": 0.45714285714285713,
  "time_ms": 359
}