{
  "sum_of_pairs": 0.7736475562740953,
  "column_score": 0.5647058823529412,
  "time_ms": 143
}