{
  "sum_of_pairs": 0.8379815673048756,
  "column_score": 0.45054945054945056,
  "time_ms": 736
}