{
  "sum_of_pairs": 0.83573569287855,
  "column_score": 0.4175824175824176,
  "time_ms": 1402
}