{
  "sum_of_pairs": 0.6385628631617937,
  "column_score": 0.24675324675324675,
  "time_ms": 268
}