{
  "sum_of_pairs": 0.7652272764716542,
  "column_score": 0.43956043956043955,
  "time_ms": 3734
}