{
  "sum_of_pairs": 0.8921391135713672,
  "column_score": 0.5922330097087378,
  "time_ms": 5996
}