{
  "sum_of_pairs": 0.5875885638076186,
  "column_score": 0.1937984496124031,
  "time_ms": 346
}