{
  "sum_of_pairs": 0.7198017668605904,
  "column_score": 0.2986425339366516,
  "time_ms": 769
}