{
  "sum_of_pairs": 0.8887376237623762,
  "column_score": 0.6831683168316832,
  "time_ms": 789
}