{
  "sum_of_pairs": 0.9275085644948659,
  "column_score": 0.684931506849315,
  "time_ms": 2941
}