{
  "sum_of_pairs": 0.7723330642371122,
  "column_score": 0.42857142857142855,
  "time_ms": 7854
}