{
  "sum_of_pairs": 0.9402834008097166,
  "column_score": 0.8011695906432749,
  "time_ms": 645
}