{
  "sum_of_pairs": 0.7151332327802916,
  "column_score": 0.2986425339366516,
  "time_ms": 679
}