{
  "sum_of_pairs": 0.9397548358074674,
  "column_score": 0.7894736842105263,
  "time_ms": 1288
}