{
  "sum_of_pairs": 0.8870573115003808,
  "column_score": 0.6633663366336634,
  "time_ms": 1503
}