{
  "sum_of_pairs": 0.6041229474891847,
  "column_score": 0.16279069767441862,
  "time_ms": 3798
}