{
  "sum_of_pairs": 0.9355119825708061,
  "column_score": 0.7941176470588235,
  "time_ms": 2588
}