{
  "sum_of_pairs": 0.5667464114832536,
  "column_score": 0.22727272727272727,
  "time_ms": 10
}