{
  "sum_of_pairs": 0.7313544708343871,
  "column_score": 0.28695652173913044,
  "time_ms": 1351
}