{
  "sum_of_pairs": 0.902163100057837,
  "column_score": 0.4898785425101215,
  "time_ms": 956
}