{
  "sum_of_pairs": 0.7607511503544335,
  "column_score": 0.5058823529411764,
  "time_ms": 308
}