{
  "sum_of_pairs": 0.9358841684822077,
  "column_score": 0.7941176470588235,
  "time_ms": 1361
}