{
  "sum_of_pairs": 0.8576972271481003,
  "column_score": 0.5912698412698413,
  "time_ms": 3093
}