{
  "sum_of_pairs": 0.6795841209829868,
  "column_score": 0.32608695652173914,
  "time_ms": 19
}