{
  "sum_of_pairs": 0.8891231911652704,
  "column_score": 0.6732673267326733,
  "time_ms": 1666
}