{
  "sum_of_pairs": 0.928674065660367,
  "column_score": 0.726027397260274,
  "time_ms": 1492
}