{
  "sum_of_pairs": 0.7067736185383244,
  "column_score": 0.11363636363636363,
  "time_ms": 30
}