{
  "sum_of_pairs": 0.6656427221172023,
  "column_score": 0.2608695652173913,
  "time_ms": 53
}