{
  "sum_of_pairs": 0.9004775675452367,
  "column_score": 0.4817813765182186,
  "time_ms": 1812
}