{
  "sum_of_pairs": 0.8951235230934479,
  "column_score": 0.39271255060728744,
  "time_ms": 2054
}