{
  "sum_of_pairs": 0.7355436507024119,
  "column_score": 0.25217391304347825,
  "time_ms": 1162
}