{
  "sum_of_pairs": 0.41904761904761906,
  "column_score": 0.14285714285714285,
  "time_ms": 50
}