{
  "sum_of_pairs": 0.5944652829874135,
  "column_score": 0.23255813953488372,
  "time_ms": 199
}