{
  "sum_of_pairs": 0.8925380187301315,
  "column_score": 0.5922330097087378,
  "time_ms": 3529
}