{
  "sum_of_pairs": 0.7705136177092401,
  "column_score": 0.5294117647058824,
  "time_ms": 273
}