{
  "sum_of_pairs": 0.8367789115646258,
  "column_score": 0.6041666666666666,
  "time_ms": 703
}