{
  "sum_of_pairs": 0.7998935111234576,
  "column_score": 0.2597402597402597,
  "time_ms": 263
}