{
  "sum_of_pairs": 0.38852813852813856,
  "column_score": 0.13636363636363635,
  "time_ms": 38
}