{
  "sum_of_pairs": 0.5401913875598087,
  "column_score": 0.22727272727272727,
  "time_ms": 31
}