{
  "sum_of_pairs": 0.7349228611500701,
  "column_score": 0.3130434782608696,
  "time_ms": 738
}