{
  "sum_of_pairs": 0.8354081632653061,
  "column_score": 0.5708333333333333,
  "time_ms": 1261
}