{
  "sum_of_pairs": 0.7649735571774552,
  "column_score": 0.43956043956043955,
  "time_ms": 7056
}