{
  "sum_of_pairs": 0.9303504714463618,
  "column_score": 0.7191780821917808,
  "time_ms": 3211
}