{
  "sum_of_pairs": 0.49377451180393217,
  "column_score": 0.04651347034558099,
  "time_ms": 749
}