{
  "sum_of_pairs": 0.5271856734237035,
  "column_score": 0.07058823529411765,
  "time_ms": 107
}