{
  "sum_of_pairs": 0.7889403183953994,
  "column_score": 0.47619047619047616,
  "time_ms": 2203
}