{
  "sum_of_pairs": 0.5077189666036547,
  "column_score": 0.2391304347826087,
  "time_ms": 26
}