{
  "sum_of_pairs": 0.452253628724217,
  "column_score": 0.19480519480519481,
  "time_ms": 95
}