{
  "sum_of_pairs": 0.830217301495497,
  "column_score": 0.2145748987854251,
  "time_ms": 683
}