{
  "sum_of_pairs": 0.545265794025008,
  "column_score": 0.16474810864583583,
  "time_ms": 241
}