{
  "sum_of_pairs": 0.545265794025008,
  "column_score": 0.1647481086458358,
  "time_ms": 263
}