{
  "sum_of_pairs": 0.6660965099832242,
  "column_score": 0.21782178217821782,
  "time_ms": 513
}