{
  "sum_of_pairs": 0.7405508121615993,
  "column_score": 0.09183673469387756,
  "time_ms": 597
}