{
  "sum_of_pairs": 0.688487468478205,
  "column_score": 0.5196850393700787,
  "time_ms": 58
}