{
  "sum_of_pairs": 0.6486921950198786,
  "column_score": 0.08641975308641975,
  "time_ms": 1098
}