{
  "sum_of_pairs": 0.6190387481371088,
  "column_score": 0.15163934426229508,
  "time_ms": 71
}