{
  "sum_of_pairs": 0.47667052078816785,
  "column_score": 0.02702702702702703,
  "time_ms": 378
}