{
  "sum_of_pairs": 0.36380769076546776,
  "column_score": 0.08588957055214724,
  "time_ms": 116
}