{
  "sum_of_pairs": 0.7118738305265971,
  "column_score": 0.4186046511627907,
  "time_ms": 269
}