{
  "sum_of_pairs": 0.481078803202697,
  "column_score": 0.17699115044247787,
  "time_ms": 233
}