{
  "sum_of_pairs": 0.7377561103126676,
  "column_score": 0.05423914941791899,
  "time_ms": 313
}