{
  "sum_of_pairs": 0.6432749121686362,
  "column_score": 0.09405940594059406,
  "time_ms": 150
}