{
  "sum_of_pairs": 0.9590424426029879,
  "column_score": 0.44907407407407407,
  "time_ms": 1416
}