{
  "sum_of_pairs": 0.6723268118616956,
  "column_score": 0.27906976744186046,
  "time_ms": 105
}