{
  "sum_of_pairs": 0.8036374032371569,
  "column_score": 0.2767857142857143,
  "time_ms": 95
}