{
  "sum_of_pairs": 0.45424204160850085,
  "column_score": 0.09583681002313549,
  "time_ms": 98
}