{
  "sum_of_pairs": 0.6842982090795502,
  "column_score": 0.04081632653061224,
  "time_ms": 258
}