{
  "sum_of_pairs": 0.3709228824273072,
  "column_score": 0.10619469026548672,
  "time_ms": 90
}