{
  "sum_of_pairs": 0.6353488372093024,
  "column_score": 0.3627906976744186,
  "time_ms": 128
}