{
  "sum_of_pairs": 0.5459449192782526,
  "column_score": 0.2962962962962963,
  "time_ms": 37
}