{
  "sum_of_pairs": 0.671793437733035,
  "column_score": 0.30201342281879195,
  "time_ms": 11
}