{
  "sum_of_pairs": 0.45163510704369214,
  "column_score": 0.1068543835131639,
  "time_ms": 97
}