{
  "sum_of_pairs": 0.41488413547237074,
  "column_score": 0.19736842105263158,
  "time_ms": 78
}