{
  "sum_of_pairs": 0.6968266456858117,
  "column_score": 0.4146341463414634,
  "time_ms": 87
}