{
  "sum_of_pairs": 0.4381362007168459,
  "column_score": 0.1032258064516129,
  "time_ms": 25
}