{
  "sum_of_pairs": 0.621829151240916,
  "column_score": 0.2548076923076923,
  "time_ms": 206
}