{
  "sum_of_pairs": 0.7657667735600467,
  "column_score": 0.6226415094339622,
  "time_ms": 116
}