{
  "sum_of_pairs": 0.5376230661040787,
  "column_score": 0.2848101265822785,
  "time_ms": 16
}