{
  "sum_of_pairs": 0.6230407523510971,
  "column_score": 0.25287356321839083,
  "time_ms": 34
}