{
  "sum_of_pairs": 0.8326531300593631,
  "column_score": 0.5940366972477065,
  "time_ms": 79
}