{
  "sum_of_pairs": 0.4933820968303727,
  "column_score": 0.3275862068965517,
  "time_ms": 28
}