{
  "sum_of_pairs": 0.8287795992714025,
  "column_score": 0.5901639344262295,
  "time_ms": 3
}