{
  "sum_of_pairs": 0.5207954545454545,
  "column_score": 0.05113636363636364,
  "time_ms": 49
}