{
  "sum_of_pairs": 0.8682791381568108,
  "column_score": 0.32001939151691766,
  "time_ms": 40116
}