{
  "sum_of_pairs": 0.7758090316229851,
  "column_score": 0.6976744186046512,
  "time_ms": 19043
}