{
  "sum_of_pairs": 0.9696280991735537,
  "column_score": 0.5984848484848485,
  "time_ms": 70310
}