{
  "sum_of_pairs": 0.9338459322616027,
  "column_score": 0.3816793893129771,
  "time_ms": 99803
}