{
  "sum_of_pairs": 0.9697298207054956,
  "column_score": 0.7129629629629629,
  "time_ms": 145662
}