{
  "sum_of_pairs": 0.990147375393277,
  "column_score": 0.8181818181818182,
  "time_ms": 7482
}