{
  "sum_of_pairs": 0.8093247242399785,
  "column_score": 0.1523809523809524,
  "time_ms": 17617
}