{
  "sum_of_pairs": 0.9338362764070312,
  "column_score": 0.7013888888888888,
  "time_ms": 30219
}