{
  "sum_of_pairs": 0.9497578692493946,
  "column_score": 0.3983050847457627,
  "time_ms": 9773
}