{
  "sum_of_pairs": 0.7016932575340791,
  "column_score": 0.08421052631578947,
  "time_ms": 29361
}