{
  "sum_of_pairs": 0.9227000964320154,
  "column_score": 0.4262295081967213,
  "time_ms": 18861
}