{
  "sum_of_pairs": 0.7978354978354978,
  "column_score": 0.5681818181818182,
  "time_ms": 1428
}