{
  "sum_of_pairs": 0.8782332804542039,
  "column_score": 0.48135593220338985,
  "time_ms": 83202
}