{
  "sum_of_pairs": 0.9647742331062235,
  "column_score": 0.4796380090497738,
  "time_ms": 121315
}