{
  "sum_of_pairs": 0.9092085614733698,
  "column_score": 0.14285714285714285,
  "time_ms": 3490
}