{
  "sum_of_pairs": 0.8290781699137656,
  "column_score": 0.3118811881188119,
  "time_ms": 36207
}