{
  "sum_of_pairs": 0.9663678228493043,
  "column_score": 0.5079365079365079,
  "time_ms": 130396
}