{
  "sum_of_pairs": 0.930296958058501,
  "column_score": 0.20238095238095238,
  "time_ms": 27116
}