{
  "sum_of_pairs": 0.9374919871794872,
  "column_score": 0.26666666666666666,
  "time_ms": 100418
}