{
  "sum_of_pairs": 0.8214322862492199,
  "column_score": 0.4407894736842105,
  "time_ms": 7754
}