{
  "sum_of_pairs": 0.8211578777616514,
  "column_score": 0.36792452830188677,
  "time_ms": 12533
}