{
  "sum_of_pairs": 0.29449450797268373,
  "column_score": 0.04073271536501376,
  "time_ms": 288
}