{
  "sum_of_pairs": 0.4312220566318927,
  "column_score": 0.15368852459016394,
  "time_ms": 53
}