{
  "sum_of_pairs": 0.6006711409395973,
  "column_score": 0.13087248322147652,
  "time_ms": 25
}