{
  "sum_of_pairs": 0.05657514311872219,
  "column_score": 0.0030400912027360822,
  "time_ms": 11
}