{
  "sum_of_pairs": 0.0565751431187222,
  "column_score": 0.0030400912027360822,
  "time_ms": 6
}