{
  "sum_of_pairs": 0.03267801063040108,
  "column_score": 0.0012350370511115334,
  "time_ms": 7
}