{
  "sum_of_pairs": 0.12322503008423585,
  "column_score": 0.04693140794223827,
  "time_ms": 9
}