{
  "sum_of_pairs": 0.7354305233089646,
  "column_score": 0.5276441161655372,
  "time_ms": 45
}