{
  "sum_of_pairs": 0.7363790027266759,
  "column_score": 0.5279904629009413,
  "time_ms": 15
}