{
  "sum_of_pairs": 0.6858527861125797,
  "column_score": 0.4583611003868679,
  "time_ms": 32
}