{
  "sum_of_pairs": 0.8056497175141243,
  "column_score": 0.5932203389830508,
  "time_ms": 28
}