{
  "sum_of_pairs": 0.7258207630878438,
  "column_score": 0.577639751552795,
  "time_ms": 18
}