{
  "sum_of_pairs": 0.6867776236708275,
  "column_score": 0.41262135922330095,
  "time_ms": 11
}