{
  "sum_of_pairs": 0.7464420825076563,
  "column_score": 0.5662042875157629,
  "time_ms": 75
}