{
  "sum_of_pairs": 0.9041277413370437,
  "column_score": 0.5697674418604651,
  "time_ms": 127
}