{
  "sum_of_pairs": 0.8424015009380863,
  "column_score": 0.6829268292682927,
  "time_ms": 90
}