{
  "sum_of_pairs": 0.5872983870967742,
  "column_score": 0.4879032258064516,
  "time_ms": 17
}