{
  "sum_of_pairs": 0.49585921325051757,
  "column_score": 0.17391304347826086,
  "time_ms": 3
}