{
  "sum_of_pairs": 0.6826382727003845,
  "column_score": 0.5093167701863354,
  "time_ms": 17
}