{
  "sum_of_pairs": 0.8238037307380373,
  "column_score": 0.5109489051094891,
  "time_ms": 10
}