{
  "sum_of_pairs": 0.5640243902439024,
  "column_score": 0.4451219512195122,
  "time_ms": 5
}