{
  "sum_of_pairs": 0.930506748153807,
  "column_score": 0.6142857142857143,
  "time_ms": 106
}