{
  "sum_of_pairs": 0.7522354694485842,
  "column_score": 0.5204918032786885,
  "time_ms": 19
}