{
  "sum_of_pairs": 0.7745098039215687,
  "column_score": 0.5882352941176471,
  "time_ms": 4
}