{
  "sum_of_pairs": 0.9793317793317793,
  "column_score": 0.9128205128205128,
  "time_ms": 49
}