{
  "sum_of_pairs": 0.8846309813463098,
  "column_score": 0.6423357664233577,
  "time_ms": 12
}