{
  "sum_of_pairs": 0.7269585253456221,
  "column_score": 0.41935483870967744,
  "time_ms": 6
}