{
  "sum_of_pairs": 0.8261083743842365,
  "column_score": 0.7118226600985221,
  "time_ms": 32
}