{
  "sum_of_pairs": 0.7912992357436802,
  "column_score": 0.691358024691358,
  "time_ms": 6
}