{
  "sum_of_pairs": 0.8438357460497682,
  "column_score": 0.6125461254612546,
  "time_ms": 53
}