{
  "sum_of_pairs": 0.39855072463768115,
  "column_score": 0.391304347826087,
  "time_ms": 0
}