{
  "sum_of_pairs": 0.780360986918364,
  "column_score": 0.6095380029806259,
  "time_ms": 89
}