{
  "sum_of_pairs": 0.7287630402384501,
  "column_score": 0.4672131147540984,
  "time_ms": 63
}