{
  "sum_of_pairs": 0.9132671250318309,
  "column_score": 0.5428571428571428,
  "time_ms": 200
}