{
  "sum_of_pairs": 0.851421188630491,
  "column_score": 0.5348837209302325,
  "time_ms": 3
}