{
  "sum_of_pairs": 0.7478556640047324,
  "column_score": 0.587991718426501,
  "time_ms": 36
}