{
  "sum_of_pairs": 0.8016227852293426,
  "column_score": 0.676602086438152,
  "time_ms": 52
}