{
  "sum_of_pairs": 0.8042950513538749,
  "column_score": 0.46218487394957986,
  "time_ms": 22
}