{
  "sum_of_pairs": 0.9175445570794408,
  "column_score": 0.5813953488372093,
  "time_ms": 165
}