{
  "sum_of_pairs": 0.44166666666666665,
  "column_score": 0.09375,
  "time_ms": 2
}