{
  "sum_of_pairs": 0.7027649769585254,
  "column_score": 0.3709677419354839,
  "time_ms": 17
}