{
  "sum_of_pairs": 0.8533834586466166,
  "column_score": 0.5526315789473685,
  "time_ms": 16
}