{
  "sum_of_pairs": 0.7555555555555555,
  "column_score": 0.5128205128205128,
  "time_ms": 2
}