{
  "sum_of_pairs": 0.7979148181011535,
  "column_score": 0.650103519668737,
  "time_ms": 21
}