{
  "sum_of_pairs": 0.5670626721763086,
  "column_score": 0.3039772727272727,
  "time_ms": 58
}