{
  "sum_of_pairs": 0.49391727493917276,
  "column_score": 0.1897810218978102,
  "time_ms": 6
}