{
  "sum_of_pairs": 0.8428895827419812,
  "column_score": 0.6125461254612546,
  "time_ms": 25
}