{
  "sum_of_pairs": 0.8787784031686471,
  "column_score": 0.7154471544715447,
  "time_ms": 30
}