{
  "sum_of_pairs": 0.7576562781480815,
  "column_score": 0.6040353089533418,
  "time_ms": 209
}