{
  "sum_of_pairs": 0.8561507936507936,
  "column_score": 0.8154761904761905,
  "time_ms": 14
}