{
  "sum_of_pairs": 0.7004608294930875,
  "column_score": 0.5622119815668203,
  "time_ms": 2
}