{
  "sum_of_pairs": 0.9137017160272974,
  "column_score": 0.5813953488372093,
  "time_ms": 53
}