{
  "sum_of_pairs": 0.7272565742714996,
  "column_score": 0.4626865671641791,
  "time_ms": 18
}