{
  "sum_of_pairs": 0.7638418079096045,
  "column_score": 0.519774011299435,
  "time_ms": 23
}