{
  "sum_of_pairs": 0.6338709677419355,
  "column_score": 0.5443548387096774,
  "time_ms": 11
}