{
  "sum_of_pairs": 0.5121951219512195,
  "column_score": 0.38414634146341464,
  "time_ms": 5
}