{
  "sum_of_pairs": 0.8848370927318295,
  "column_score": 0.5460526315789473,
  "time_ms": 58
}