{
  "sum_of_pairs": 0.9217171717171717,
  "column_score": 0.7666666666666667,
  "time_ms": 27
}