{
  "sum_of_pairs": 0.6109375,
  "column_score": 0.359375,
  "time_ms": 3
}