{
  "sum_of_pairs": 0.8015565490975327,
  "column_score": 0.684053651266766,
  "time_ms": 106
}