{
  "sum_of_pairs": 0.694015444015444,
  "column_score": 0.43243243243243246,
  "time_ms": 2
}