{
  "sum_of_pairs": 0.7523845007451565,
  "column_score": 0.5204918032786885,
  "time_ms": 104
}