{
  "sum_of_pairs": 0.5476190476190477,
  "column_score": 0.17391304347826086,
  "time_ms": 3
}