{
  "sum_of_pairs": 0.8196517412935324,
  "column_score": 0.7626865671641792,
  "time_ms": 33
}