{
  "sum_of_pairs": 0.5859375,
  "column_score": 0.453125,
  "time_ms": 2
}