{
  "sum_of_pairs": 0.7620481927710844,
  "column_score": 0.6506024096385542,
  "time_ms": 1
}