{
  "sum_of_pairs": 0.7626865671641792,
  "column_score": 0.6940298507462687,
  "time_ms": 16
}