{
  "sum_of_pairs": 0.7782831922176184,
  "column_score": 0.6090794451450189,
  "time_ms": 34
}