{
  "sum_of_pairs": 0.73416551086454,
  "column_score": 0.470873786407767,
  "time_ms": 13
}