{
  "sum_of_pairs": 0.8117794486215539,
  "column_score": 0.4934210526315789,
  "time_ms": 40
}