{
  "sum_of_pairs": 0.7341269841269841,
  "column_score": 0.6011904761904762,
  "time_ms": 4
}