{
  "sum_of_pairs": 0.9635586635586636,
  "column_score": 0.8666666666666667,
  "time_ms": 90
}