{
  "sum_of_pairs": 0.2775862068965517,
  "column_score": 0.05172413793103448,
  "time_ms": 4
}