{
  "sum_of_pairs": 0.5668904958677686,
  "column_score": 0.3039772727272727,
  "time_ms": 157
}