{
  "sum_of_pairs": 0.5858880778588808,
  "column_score": 0.20437956204379562,
  "time_ms": 13
}