{
  "sum_of_pairs": 0.6167434715821812,
  "column_score": 0.4792626728110599,
  "time_ms": 3
}