{
  "sum_of_pairs": 0.7777185501066098,
  "column_score": 0.5671641791044776,
  "time_ms": 10
}