{
  "sum_of_pairs": 0.8300653594771242,
  "column_score": 0.5042016806722689,
  "time_ms": 14
}