{
  "sum_of_pairs": 0.8527336860670194,
  "column_score": 0.7962962962962963,
  "time_ms": 4
}