{
  "sum_of_pairs": 0.21379310344827587,
  "column_score": 0.020689655172413793,
  "time_ms": 7
}