{
  "sum_of_pairs": 0.3526570048309179,
  "column_score": 0.391304347826087,
  "time_ms": 1
}