{
  "sum_of_pairs": 0.7996154983732624,
  "column_score": 0.6521739130434783,
  "time_ms": 81
}