{
  "sum_of_pairs": 0.7928801287208367,
  "column_score": 0.6128318584070797,
  "time_ms": 29
}