{
  "sum_of_pairs": 0.7352941176470589,
  "column_score": 0.5686274509803921,
  "time_ms": 6
}