{
  "sum_of_pairs": 0.7683829444891391,
  "column_score": 0.5376106194690266,
  "time_ms": 48
}