{
  "sum_of_pairs": 0.610210580043458,
  "column_score": 0.38156760048814253,
  "time_ms": 17
}