{
  "sum_of_pairs": 0.8333333333333334,
  "column_score": 0.46511627906976744,
  "time_ms": 54
}