{
  "sum_of_pairs": 0.6075268817204301,
  "column_score": 0.4147465437788018,
  "time_ms": 3
}