{
  "sum_of_pairs": 0.724751718869366,
  "column_score": 0.2714285714285714,
  "time_ms": 98
}