{
  "sum_of_pairs": 0.5724946695095949,
  "column_score": 0.31716417910447764,
  "time_ms": 13
}