{
  "sum_of_pairs": 0.700603378921963,
  "column_score": 0.39601769911504425,
  "time_ms": 33
}