{
  "sum_of_pairs": 0.5308880308880309,
  "column_score": 0.35135135135135137,
  "time_ms": 1
}