{
  "sum_of_pairs": 0.5442062672176309,
  "column_score": 0.29829545454545453,
  "time_ms": 61
}