{
  "sum_of_pairs": 0.7524330900243309,
  "column_score": 0.5912408759124088,
  "time_ms": 7
}