{
  "sum_of_pairs": 0.7394262052647146,
  "column_score": 0.6335403726708074,
  "time_ms": 26
}