{
  "sum_of_pairs": 0.22946859903381642,
  "column_score": 0.21739130434782608,
  "time_ms": 1
}