{
  "sum_of_pairs": 0.7193609022556391,
  "column_score": 0.21052631578947367,
  "time_ms": 19
}