{
  "sum_of_pairs": 0.7728261898003596,
  "column_score": 0.4095940959409594,
  "time_ms": 29
}