{
  "sum_of_pairs": 0.6586367880485527,
  "column_score": 0.4789915966386555,
  "time_ms": 19
}