{
  "sum_of_pairs": 0.8434286665834062,
  "column_score": 0.4968152866242038,
  "time_ms": 28
}