{
  "sum_of_pairs": 0.6536660061250226,
  "column_score": 0.4905422446406053,
  "time_ms": 38
}