{
  "sum_of_pairs": 0.4928861788617886,
  "column_score": 0.4329268292682927,
  "time_ms": 5
}