{
  "sum_of_pairs": 0.8039079317767842,
  "column_score": 0.6572280178837556,
  "time_ms": 52
}