{
  "sum_of_pairs": 0.6323917137476459,
  "column_score": 0.4858757062146893,
  "time_ms": 21
}