{
  "sum_of_pairs": 0.21379310344827587,
  "column_score": 0.05172413793103448,
  "time_ms": 6
}