{
  "sum_of_pairs": 0.4192708333333333,
  "column_score": 0.34375,
  "time_ms": 2
}