{
  "sum_of_pairs": 0.5873479318734793,
  "column_score": 0.36496350364963503,
  "time_ms": 4
}