{
  "sum_of_pairs": 0.6752525252525252,
  "column_score": 0.26666666666666666,
  "time_ms": 9
}