{
  "sum_of_pairs": 0.19193548387096773,
  "column_score": 0.04838709677419355,
  "time_ms": 14
}