{
  "sum_of_pairs": 0.6046875,
  "column_score": 0.328125,
  "time_ms": 2
}