{
  "sum_of_pairs": 0.6639344262295082,
  "column_score": 0.430327868852459,
  "time_ms": 22
}