{
  "sum_of_pairs": 0.34670781893004116,
  "column_score": 0.2222222222222222,
  "time_ms": 1
}