{
  "sum_of_pairs": 0.7128413591828225,
  "column_score": 0.2682926829268293,
  "time_ms": 32
}