{
  "sum_of_pairs": 0.7057316660645472,
  "column_score": 0.5059894615987228,
  "time_ms": 17
}