{
  "sum_of_pairs": 0.6696717355727224,
  "column_score": 0.45011758999085866,
  "time_ms": 33
}