{
  "sum_of_pairs": 0.5808219178082191,
  "column_score": 0.2465753424657534,
  "time_ms": 9
}