{
  "sum_of_pairs": 0.847743987278871,
  "column_score": 0.37209302325581395,
  "time_ms": 58
}