{
  "sum_of_pairs": 0.8294883170659568,
  "column_score": 0.6563146997929606,
  "time_ms": 40
}