{
  "sum_of_pairs": 0.7905838041431261,
  "column_score": 0.5310734463276836,
  "time_ms": 26
}