{
  "sum_of_pairs": 0.9209922868459454,
  "column_score": 0.7235772357723578,
  "time_ms": 33
}