{
  "sum_of_pairs": 0.4403292181069959,
  "column_score": 0.25925925925925924,
  "time_ms": 2
}