{
  "sum_of_pairs": 0.8468547912992358,
  "column_score": 0.654320987654321,
  "time_ms": 8
}