{
  "sum_of_pairs": 0.6716269841269841,
  "column_score": 0.5297619047619048,
  "time_ms": 4
}