{
  "sum_of_pairs": 0.676131322094055,
  "column_score": 0.5031055900621118,
  "time_ms": 11
}