{
  "sum_of_pairs": 0.6644714187327824,
  "column_score": 0.38920454545454547,
  "time_ms": 127
}