{
  "sum_of_pairs": 0.8078037007240547,
  "column_score": 0.5530973451327433,
  "time_ms": 59
}