{
  "sum_of_pairs": 0.8470149253731343,
  "column_score": 0.7791044776119403,
  "time_ms": 17
}