{
  "sum_of_pairs": 0.9060871377944548,
  "column_score": 0.6585365853658537,
  "time_ms": 64
}