{
  "sum_of_pairs": 0.9168136390358612,
  "column_score": 0.7716049382716049,
  "time_ms": 4
}