{
  "sum_of_pairs": 0.6566104702750666,
  "column_score": 0.484472049689441,
  "time_ms": 20
}