{
  "sum_of_pairs": 0.8608607079195314,
  "column_score": 0.45714285714285713,
  "time_ms": 191
}