{
  "sum_of_pairs": 0.748015873015873,
  "column_score": 0.5952380952380952,
  "time_ms": 2
}