{
  "sum_of_pairs": 0.6274961597542242,
  "column_score": 0.4377880184331797,
  "time_ms": 3
}