{
  "sum_of_pairs": 0.8727447500739426,
  "column_score": 0.7163561076604554,
  "time_ms": 23
}