{
  "sum_of_pairs": 0.9383061383061383,
  "column_score": 0.841025641025641,
  "time_ms": 25
}