{
  "sum_of_pairs": 0.7249627421758569,
  "column_score": 0.5081967213114754,
  "time_ms": 38
}