{
  "sum_of_pairs": 0.8125186289120715,
  "column_score": 0.6438152011922503,
  "time_ms": 146
}