{
  "sum_of_pairs": 0.8507389162561576,
  "column_score": 0.7783251231527094,
  "time_ms": 12
}