{
  "sum_of_pairs": 0.7805555555555556,
  "column_score": 0.5166666666666667,
  "time_ms": 12
}