{
  "sum_of_pairs": 0.5521367521367522,
  "column_score": 0.41025641025641024,
  "time_ms": 1
}