{
  "sum_of_pairs": 0.4244306418219462,
  "column_score": 0.06521739130434782,
  "time_ms": 1
}