{
  "sum_of_pairs": 0.7887266828872669,
  "column_score": 0.5109489051094891,
  "time_ms": 6
}