{
  "sum_of_pairs": 0.8701492537313433,
  "column_score": 0.808955223880597,
  "time_ms": 10
}