{
  "sum_of_pairs": 0.7311475409836066,
  "column_score": 0.5204918032786885,
  "time_ms": 21
}