{
  "sum_of_pairs": 0.8639164756811816,
  "column_score": 0.4857142857142857,
  "time_ms": 118
}