{
  "sum_of_pairs": 0.8263052208835341,
  "column_score": 0.7530120481927711,
  "time_ms": 2
}