{
  "sum_of_pairs": 0.9298368298368298,
  "column_score": 0.8102564102564103,
  "time_ms": 41
}