{
  "sum_of_pairs": 0.3156862745098039,
  "column_score": 0.1568627450980392,
  "time_ms": 4
}