{
  "sum_of_pairs": 0.7945736434108527,
  "column_score": 0.5348837209302325,
  "time_ms": 3
}