{
  "sum_of_pairs": 0.5010416666666667,
  "column_score": 0.3229166666666667,
  "time_ms": 2
}