{
  "sum_of_pairs": 0.3862745098039216,
  "column_score": 0.17647058823529413,
  "time_ms": 3
}