{
  "sum_of_pairs": 0.5213414634146342,
  "column_score": 0.3231707317073171,
  "time_ms": 3
}