{
  "sum_of_pairs": 0.7740963855421686,
  "column_score": 0.6807228915662651,
  "time_ms": 3
}