{
  "sum_of_pairs": 0.8788910966032737,
  "column_score": 0.6199261992619927,
  "time_ms": 47
}