{
  "sum_of_pairs": 0.8629072681704261,
  "column_score": 0.631578947368421,
  "time_ms": 32
}