{
  "sum_of_pairs": 0.829143897996357,
  "column_score": 0.6810730253353204,
  "time_ms": 56
}