{
  "sum_of_pairs": 0.6759124087591241,
  "column_score": 0.49635036496350365,
  "time_ms": 3
}