{
  "sum_of_pairs": 0.7632119514472455,
  "column_score": 0.5966386554621849,
  "time_ms": 17
}