{
  "sum_of_pairs": 0.7194700460829493,
  "column_score": 0.45161290322580644,
  "time_ms": 11
}