{
  "sum_of_pairs": 0.32741935483870965,
  "column_score": 0.11290322580645161,
  "time_ms": 34
}