{
  "sum_of_pairs": 0.6525096525096525,
  "column_score": 0.6756756756756757,
  "time_ms": 1
}