{
  "sum_of_pairs": 0.8840597810249365,
  "column_score": 0.6178343949044586,
  "time_ms": 29
}