{
  "sum_of_pairs": 0.609073359073359,
  "column_score": 0.5675675675675675,
  "time_ms": 2
}