{
  "sum_of_pairs": 0.6145833333333334,
  "column_score": 0.421875,
  "time_ms": 2
}