{
  "sum_of_pairs": 0.7847896440129449,
  "column_score": 0.5097087378640777,
  "time_ms": 12
}