{
  "sum_of_pairs": 0.7966132228427311,
  "column_score": 0.6557377049180327,
  "time_ms": 38
}