{
  "sum_of_pairs": 0.9083167754754471,
  "column_score": 0.7084870848708487,
  "time_ms": 27
}