{
  "sum_of_pairs": 0.3120689655172414,
  "column_score": 0.1482758620689655,
  "time_ms": 4
}