{
  "sum_of_pairs": 0.4806910569105691,
  "column_score": 0.27439024390243905,
  "time_ms": 5
}