{
  "sum_of_pairs": 0.41701478478482845,
  "column_score": 0.02104142472383177,
  "time_ms": 1179
}