{
  "sum_of_pairs": 0.4170829859783493,
  "column_score": 0.02104142472383177,
  "time_ms": 504
}