{
  "sum_of_pairs": 0.4170147847848285,
  "column_score": 0.02104142472383177,
  "time_ms": 2321
}