{
  "sum_of_pairs": 0.38612542890911306,
  "column_score": 0.011304368407828084,
  "time_ms": 930
}