{
  "sum_of_pairs": 0.6928998894599567,
  "column_score": 0.17857142857142858,
  "time_ms": 2935
}