{
  "sum_of_pairs": 0.46709042591395533,
  "column_score": 0.09049773755656108,
  "time_ms": 194
}