{
  "sum_of_pairs": 0.5927097390913181,
  "column_score": 0.04093567251461988,
  "time_ms": 595
}