{
  "sum_of_pairs": 0.6575882816014395,
  "column_score": 0.15789473684210525,
  "time_ms": 348
}