{
  "sum_of_pairs": 0.6677644694136449,
  "column_score": 0.02197802197802198,
  "time_ms": 8343
}