{
  "sum_of_pairs": 0.4554047259929613,
  "column_score": 0.09049773755656108,
  "time_ms": 354
}