{
  "sum_of_pairs": 0.5971472144145913,
  "column_score": 0.02912621359223301,
  "time_ms": 3183
}