{
  "sum_of_pairs": 0.7244589048186776,
  "column_score": 0.28174603174603174,
  "time_ms": 3426
}