{
  "sum_of_pairs": 0.5167862815679376,
  "column_score": 0.08306219992098114,
  "time_ms": 286
}