{
  "sum_of_pairs": 0.6397521636506688,
  "column_score": 0.18699186991869918,
  "time_ms": 154
}