{
  "sum_of_pairs": 0.6273835125448028,
  "column_score": 0.3096774193548387,
  "time_ms": 42
}