{
  "sum_of_pairs": 0.9607765189160538,
  "column_score": 0.5232558139534884,
  "time_ms": 219
}