{
  "sum_of_pairs": 0.657064393939394,
  "column_score": 0.09090909090909091,
  "time_ms": 99
}