{
  "sum_of_pairs": 0.649294670846395,
  "column_score": 0.31896551724137934,
  "time_ms": 49
}