{
  "sum_of_pairs": 0.6157359797065679,
  "column_score": 0.1971153846153846,
  "time_ms": 559
}