{
  "sum_of_pairs": 0.7558777429467085,
  "column_score": 0.3879310344827586,
  "time_ms": 59
}