{
  "sum_of_pairs": 0.6565491651205937,
  "column_score": 0.08571428571428572,
  "time_ms": 76
}