{
  "sum_of_pairs": 0.5991561181434599,
  "column_score": 0.1962025316455696,
  "time_ms": 24
}