{
  "sum_of_pairs": 0.6757734096536588,
  "column_score": 0.2672691306928328,
  "time_ms": 439
}