{
  "sum_of_pairs": 0.5565591397849462,
  "column_score": 0.13225806451612904,
  "time_ms": 108
}