{
  "sum_of_pairs": 0.8098613736609956,
  "column_score": 0.41304347826086957,
  "time_ms": 45
}