{
  "sum_of_pairs": 0.9859307359307359,
  "column_score": 0.803030303030303,
  "time_ms": 147
}