{
  "sum_of_pairs": 0.8377651515151515,
  "column_score": 0.5227272727272727,
  "time_ms": 84
}