{
  "sum_of_pairs": 0.6898395721925134,
  "column_score": 0.13580246913580246,
  "time_ms": 711
}