{
  "sum_of_pairs": 0.8124307440072366,
  "column_score": 0.146875,
  "time_ms": 1608
}