{
  "sum_of_pairs": 0.4731777098641004,
  "column_score": 0.20710059171597633,
  "time_ms": 50
}