{
  "sum_of_pairs": 0.5390681003584229,
  "column_score": 0.14838709677419354,
  "time_ms": 87
}