{
  "sum_of_pairs": 0.736241727621038,
  "column_score": 0.3706896551724138,
  "time_ms": 116
}