{
  "sum_of_pairs": 0.777409351877437,
  "column_score": 0.18439716312056736,
  "time_ms": 62
}