{
  "sum_of_pairs": 0.9121262785208497,
  "column_score": 0.6341463414634146,
  "time_ms": 123
}