{
  "sum_of_pairs": 0.5538382994523345,
  "column_score": 0.15079365079365079,
  "time_ms": 179
}