{
  "sum_of_pairs": 0.9039206266014442,
  "column_score": 0.5833333333333334,
  "time_ms": 932
}