{
  "sum_of_pairs": 0.853326820238585,
  "column_score": 0.4519230769230769,
  "time_ms": 937
}