{
  "sum_of_pairs": 0.776948819502011,
  "column_score": 0.14893617021276595,
  "time_ms": 171
}