{
  "sum_of_pairs": 0.5055636777128005,
  "column_score": 0.14583333333333334,
  "time_ms": 80
}