{
  "sum_of_pairs": 0.514335607537362,
  "column_score": 0.14583333333333334,
  "time_ms": 197
}