{
  "sum_of_pairs": 0.8734941249226964,
  "column_score": 0.6742857142857143,
  "time_ms": 117
}