{
  "sum_of_pairs": 0.7168669453152212,
  "column_score": 0.49712643678160917,
  "time_ms": 62
}