{
  "sum_of_pairs": 0.8758620689655172,
  "column_score": 0.6896551724137931,
  "time_ms": 17
}