{
  "sum_of_pairs": 0.9061656772800863,
  "column_score": 0.7224770642201835,
  "time_ms": 278
}