{
  "sum_of_pairs": 0.49424539957084335,
  "column_score": 0.21301775147928995,
  "time_ms": 63
}