{
  "sum_of_pairs": 0.603021978021978,
  "column_score": 0.038461538461538464,
  "time_ms": 172
}