{
  "sum_of_pairs": 0.8870367112362186,
  "column_score": 0.13690476190476192,
  "time_ms": 227
}