{
  "sum_of_pairs": 0.6815430998437534,
  "column_score": 0.13580246913580246,
  "time_ms": 345
}