{
  "sum_of_pairs": 0.5954732510288065,
  "column_score": 0.41358024691358025,
  "time_ms": 31
}