{
  "sum_of_pairs": 0.8680024737167594,
  "column_score": 0.6457142857142857,
  "time_ms": 145
}