{
  "sum_of_pairs": 0.9012491264849756,
  "column_score": 0.5729166666666666,
  "time_ms": 2050
}