{
  "sum_of_pairs": 0.9110772357723578,
  "column_score": 0.6178861788617886,
  "time_ms": 231
}