{
  "sum_of_pairs": 0.9056025439286651,
  "column_score": 0.6422764227642277,
  "time_ms": 272
}