{
  "sum_of_pairs": 0.7280128874956461,
  "column_score": 0.5545977011494253,
  "time_ms": 31
}