{
  "sum_of_pairs": 0.8746072974644403,
  "column_score": 0.6742857142857143,
  "time_ms": 54
}