{
  "sum_of_pairs": 0.531281908474891,
  "column_score": 0.11904761904761904,
  "time_ms": 134
}