{
  "sum_of_pairs": 0.8557520910462086,
  "column_score": 0.4519230769230769,
  "time_ms": 469
}