{
  "sum_of_pairs": 0.7606234761407176,
  "column_score": 0.4540229885057471,
  "time_ms": 99
}