{
  "sum_of_pairs": 0.8367613636363637,
  "column_score": 0.5227272727272727,
  "time_ms": 187
}