{
  "sum_of_pairs": 0.7223963775687914,
  "column_score": 0.5287356321839081,
  "time_ms": 67
}