{
  "sum_of_pairs": 0.6421150278293135,
  "column_score": 0.3224489795918367,
  "time_ms": 53
}