{
  "sum_of_pairs": 0.7659267446501489,
  "column_score": 0.14184397163120568,
  "time_ms": 109
}