{
  "sum_of_pairs": 0.4876780024709019,
  "column_score": 0.21301775147928995,
  "time_ms": 27
}