{
  "sum_of_pairs": 0.8045053560176434,
  "column_score": 0.391304347826087,
  "time_ms": 48
}