{
  "sum_of_pairs": 0.49204028589993504,
  "column_score": 0.14583333333333334,
  "time_ms": 181
}