{
  "sum_of_pairs": 0.6842592592592592,
  "column_score": 0.26666666666666666,
  "time_ms": 6
}