{
  "sum_of_pairs": 0.8896263703482735,
  "column_score": 0.7578616352201258,
  "time_ms": 449
}