{
  "sum_of_pairs": 0.47617037245520216,
  "column_score": 0.14473684210526316,
  "time_ms": 145
}