{
  "sum_of_pairs": 0.6565862708719852,
  "column_score": 0.34285714285714286,
  "time_ms": 27
}