{
  "sum_of_pairs": 0.858128078817734,
  "column_score": 0.6482758620689655,
  "time_ms": 30
}