{
  "sum_of_pairs": 0.9747659747659748,
  "column_score": 0.8888888888888888,
  "time_ms": 81
}