{
  "sum_of_pairs": 0.6300925925925925,
  "column_score": 0.21666666666666667,
  "time_ms": 10
}