{
  "sum_of_pairs": 0.8883562045507858,
  "column_score": 0.13690476190476192,
  "time_ms": 103
}