{
  "sum_of_pairs": 0.7522204806687566,
  "column_score": 0.39655172413793105,
  "time_ms": 41
}