{
  "sum_of_pairs": 0.5705376344086022,
  "column_score": 0.16774193548387098,
  "time_ms": 27
}