{
  "sum_of_pairs": 0.6782861292665214,
  "column_score": 0.13580246913580246,
  "time_ms": 605
}