{
  "sum_of_pairs": 0.9062162709120345,
  "column_score": 0.7224770642201835,
  "time_ms": 119
}