{
  "sum_of_pairs": 0.8551093514328808,
  "column_score": 0.4519230769230769,
  "time_ms": 1081
}