{
  "sum_of_pairs": 0.795693407960199,
  "column_score": 0.146875,
  "time_ms": 3775
}