{
  "sum_of_pairs": 0.9743589743589743,
  "column_score": 0.8888888888888888,
  "time_ms": 32
}