{
  "sum_of_pairs": 0.5205741626794258,
  "column_score": 0.07894736842105263,
  "time_ms": 5
}