{
  "sum_of_pairs": 0.6389118647183163,
  "column_score": 0.2661290322580645,
  "time_ms": 302
}