{
  "sum_of_pairs": 0.11700193986524497,
  "column_score": 0.019973227361401277,
  "time_ms": 14
}