{
  "sum_of_pairs": 0.26216931216931216,
  "column_score": 0.08148148148148149,
  "time_ms": 18
}