{
  "sum_of_pairs": 0.2240618101545254,
  "column_score": 0.10596026490066225,
  "time_ms": 10
}