{
  "sum_of_pairs": 0.2079124579124579,
  "column_score": 0.045454545454545456,
  "time_ms": 6
}