{
  "sum_of_pairs": 0.41092161680396977,
  "column_score": 0.006756756756756757,
  "time_ms": 355
}