{
  "sum_of_pairs": 0.5492548435171386,
  "column_score": 0.030737704918032786,
  "time_ms": 89
}