{
  "sum_of_pairs": 0.7678451958211105,
  "column_score": 0.6850393700787402,
  "time_ms": 43
}