{
  "sum_of_pairs": 0.6904250200481155,
  "column_score": 0.4046511627906977,
  "time_ms": 182
}