{
  "sum_of_pairs": 0.576204523107178,
  "column_score": 0.23893805309734514,
  "time_ms": 161
}