{
  "sum_of_pairs": 0.7313960113960114,
  "column_score": 0.4074074074074074,
  "time_ms": 65
}