{
  "sum_of_pairs": 0.8383668903803132,
  "column_score": 0.5771812080536913,
  "time_ms": 20
}