{
  "sum_of_pairs": 0.5498371436389458,
  "column_score": 0.09736002658255134,
  "time_ms": 1613
}