{
  "sum_of_pairs": 0.5511209772703928,
  "column_score": 0.11789443022048175,
  "time_ms": 2383
}