{
  "sum_of_pairs": 0.4466490594899496,
  "column_score": 0.13953488372093023,
  "time_ms": 1609
}