{
  "sum_of_pairs": 0.8074779102176363,
  "column_score": 0.10273972602739725,
  "time_ms": 3679
}