{
  "sum_of_pairs": 0.5968776584737774,
  "column_score": 0.30434782608695654,
  "time_ms": 1082
}