{
  "sum_of_pairs": 0.736943056943057,
  "column_score": 0.17142857142857143,
  "time_ms": 393
}