{
  "sum_of_pairs": 0.8024933171060352,
  "column_score": 0.031914893617021274,
  "time_ms": 3868
}