{
  "sum_of_pairs": 0.6147194989106753,
  "column_score": 0.16176470588235295,
  "time_ms": 5319
}