{
  "sum_of_pairs": 0.747323436797121,
  "column_score": 0.19883040935672514,
  "time_ms": 1597
}