{
  "sum_of_pairs": 0.7957533740464652,
  "column_score": 0.031914893617021274,
  "time_ms": 6897
}