{
  "sum_of_pairs": 0.4336007130124777,
  "column_score": 0.09090909090909091,
  "time_ms": 25
}