{
  "sum_of_pairs": 0.4946969696969697,
  "column_score": 0.22727272727272727,
  "time_ms": 79
}