{
  "sum_of_pairs": 0.5855619099491649,
  "column_score": 0.16176470588235295,
  "time_ms": 2064
}