{
  "sum_of_pairs": 0.7527693223521903,
  "column_score": 0.1941747572815534,
  "time_ms": 2956
}