{
  "sum_of_pairs": 0.6430295195001078,
  "column_score": 0.2895927601809955,
  "time_ms": 508
}