{
  "sum_of_pairs": 0.49558711964727004,
  "column_score": 0.06593406593406594,
  "time_ms": 1077
}