{
  "sum_of_pairs": 0.6140918367346939,
  "column_score": 0.058333333333333334,
  "time_ms": 522
}