{
  "sum_of_pairs": 0.619892856321707,
  "column_score": 0.30434782608695654,
  "time_ms": 1925
}