{
  "sum_of_pairs": 0.7444981773102746,
  "column_score": 0.1941747572815534,
  "time_ms": 8536
}