{
  "sum_of_pairs": 0.5116612710597673,
  "column_score": 0.07692307692307693,
  "time_ms": 2921
}