{
  "sum_of_pairs": 0.7499447669780173,
  "column_score": 0.17475728155339806,
  "time_ms": 5598
}