{
  "sum_of_pairs": 0.7676555158145733,
  "column_score": 0.42857142857142855,
  "time_ms": 3713
}