{
  "sum_of_pairs": 0.6097210884353742,
  "column_score": 0.04583333333333333,
  "time_ms": 1387
}