{
  "sum_of_pairs": 0.6095068027210885,
  "column_score": 0.05416666666666667,
  "time_ms": 861
}