{
  "sum_of_pairs": 0.5003042070711243,
  "column_score": 0.07692307692307693,
  "time_ms": 593
}