{
  "sum_of_pairs": 0.5984779159864806,
  "column_score": 0.30434782608695654,
  "time_ms": 658
}