{
  "sum_of_pairs": 0.7789473684210526,
  "column_score": 0.5909090909090909,
  "time_ms": 39
}