{
  "sum_of_pairs": 0.5048252704887451,
  "column_score": 0.09411764705882353,
  "time_ms": 261
}