{
  "sum_of_pairs": 0.7696342159838899,
  "column_score": 0.4523809523809524,
  "time_ms": 2519
}