{
  "sum_of_pairs": 0.8208179790134678,
  "column_score": 0.10121457489878542,
  "time_ms": 2679
}