{
  "sum_of_pairs": 0.5870688090050835,
  "column_score": 0.16176470588235295,
  "time_ms": 1137
}