{
  "sum_of_pairs": 0.7684436563039551,
  "column_score": 0.4444444444444444,
  "time_ms": 6201
}