{
  "sum_of_pairs": 0.25149137714412256,
  "column_score": 0.013291306799427879,
  "time_ms": 575
}