{
  "sum_of_pairs": 0.24274450135614845,
  "column_score": 0.0140629101501079,
  "time_ms": 414
}