{
  "sum_of_pairs": 0.43919510061242345,
  "column_score": 0.03937007874015748,
  "time_ms": 65
}