{
  "sum_of_pairs": 0.3470566318926975,
  "column_score": 0.06147540983606557,
  "time_ms": 90
}