{
  "sum_of_pairs": 0.3694858420268256,
  "column_score": 0.07172131147540983,
  "time_ms": 105
}