{
  "sum_of_pairs": 0.5459545115585384,
  "column_score": 0.12416107382550336,
  "time_ms": 23
}