{
  "sum_of_pairs": 0.5374720357941835,
  "column_score": 0.14093959731543623,
  "time_ms": 33
}