{
  "sum_of_pairs": 0.167548129155067,
  "column_score": 0.028565921565857706,
  "time_ms": 9
}