{
  "sum_of_pairs": 0.35042117930204575,
  "column_score": 0.2490974729241877,
  "time_ms": 17
}