{
  "sum_of_pairs": 0.36423841059602646,
  "column_score": 0.2185430463576159,
  "time_ms": 3
}