{
  "sum_of_pairs": 0.45476190476190476,
  "column_score": 0.1037037037037037,
  "time_ms": 13
}