{
  "sum_of_pairs": 0.3280212483399734,
  "column_score": 0.10358565737051793,
  "time_ms": 5
}