{
  "sum_of_pairs": 0.5139930231857207,
  "column_score": 0.09041215108853613,
  "time_ms": 804
}