{
  "sum_of_pairs": 0.7231091895474574,
  "column_score": 0.22330097087378642,
  "time_ms": 2365
}