{
  "sum_of_pairs": 0.4832483521950006,
  "column_score": 0.17647058823529413,
  "time_ms": 80
}