{
  "sum_of_pairs": 0.5859897959183673,
  "column_score": 0.14166666666666666,
  "time_ms": 738
}