{
  "sum_of_pairs": 0.7949830620507312,
  "column_score": 0.17813765182186234,
  "time_ms": 762
}