{
  "sum_of_pairs": 0.7613904668396568,
  "column_score": 0.4126984126984127,
  "time_ms": 2245
}