{
  "sum_of_pairs": 0.8014884658720275,
  "column_score": 0.1780821917808219,
  "time_ms": 1718
}