{
  "sum_of_pairs": 0.6063379527746386,
  "column_score": 0.1391304347826087,
  "time_ms": 1518
}