{
  "sum_of_pairs": 0.7332388750679605,
  "column_score": 0.23076923076923078,
  "time_ms": 3364
}