{
  "sum_of_pairs": 0.5401134812899518,
  "column_score": 0.17194570135746606,
  "time_ms": 245
}