{
  "sum_of_pairs": 0.49288851079484053,
  "column_score": 0.10434782608695652,
  "time_ms": 543
}