{
  "sum_of_pairs": 0.7397610434120335,
  "column_score": 0.24752475247524752,
  "time_ms": 502
}