{
  "sum_of_pairs": 0.39597657244716067,
  "column_score": 0.14285714285714285,
  "time_ms": 96
}