{
  "sum_of_pairs": 0.7591128111891989,
  "column_score": 0.0546215146676311,
  "time_ms": 717
}