{
  "sum_of_pairs": 0.7590376897784212,
  "column_score": 0.05560499224434236,
  "time_ms": 299
}