{
  "sum_of_pairs": 0.8739096128298385,
  "column_score": 0.06334841628959276,
  "time_ms": 1882
}