{
  "sum_of_pairs": 0.9013927150290787,
  "column_score": 0.022727272727272728,
  "time_ms": 1073
}