{
  "sum_of_pairs": 0.8328861717100633,
  "column_score": 0.2767857142857143,
  "time_ms": 452
}