{
  "sum_of_pairs": 0.8522747240972892,
  "column_score": 0.21311475409836064,
  "time_ms": 173
}