{
  "sum_of_pairs": 0.8984622755775052,
  "column_score": 0.1493212669683258,
  "time_ms": 2526
}