{
  "sum_of_pairs": 0.6252195784094539,
  "column_score": 0.054455445544554455,
  "time_ms": 314
}