{
  "sum_of_pairs": 0.5279563608026495,
  "column_score": 0.05952380952380952,
  "time_ms": 213
}