{
  "sum_of_pairs": 0.8778885444554037,
  "column_score": 0.16556291390728478,
  "time_ms": 359
}