{
  "sum_of_pairs": 0.8949689227667047,
  "column_score": 0.10687022900763359,
  "time_ms": 1655
}