{
  "sum_of_pairs": 0.9387431069133823,
  "column_score": 0.14351851851851852,
  "time_ms": 2034
}