{
  "sum_of_pairs": 0.7189195958921266,
  "column_score": 0.10847457627118644,
  "time_ms": 688
}