{
  "sum_of_pairs": 0.8822037480625616,
  "column_score": 0.16556291390728478,
  "time_ms": 806
}