{
  "sum_of_pairs": 0.7766757565095004,
  "column_score": 0.19642857142857142,
  "time_ms": 156
}