{
  "sum_of_pairs": 0.6487455197132617,
  "column_score": 0.16666666666666666,
  "time_ms": 96
}