{
  "sum_of_pairs": 0.6980416837421697,
  "column_score": 0.04032258064516129,
  "time_ms": 331
}