{
  "sum_of_pairs": 0.771944712311154,
  "column_score": 0.09289617486338798,
  "time_ms": 370
}