{
  "sum_of_pairs": 0.8726150392817059,
  "column_score": 0.058333333333333334,
  "time_ms": 1449
}