{
  "sum_of_pairs": 0.7622443015780246,
  "column_score": 0.15593220338983052,
  "time_ms": 876
}