{
  "sum_of_pairs": 0.939883279505921,
  "column_score": 0.13513513513513514,
  "time_ms": 1381
}