{
  "sum_of_pairs": 0.9170263238445057,
  "column_score": 0.030303030303030304,
  "time_ms": 1148
}