{
  "sum_of_pairs": 0.5972826086956522,
  "column_score": 0.07246376811594203,
  "time_ms": 43
}