{
  "sum_of_pairs": 0.854909351369123,
  "column_score": 0.13245033112582782,
  "time_ms": 650
}