{
  "sum_of_pairs": 0.886415759093276,
  "column_score": 0.07633587786259542,
  "time_ms": 1465
}