{
  "sum_of_pairs": 0.480079875316579,
  "column_score": 0.03571428571428571,
  "time_ms": 407
}