{
  "sum_of_pairs": 0.9303548831850719,
  "column_score": 0.0945945945945946,
  "time_ms": 642
}