{
  "sum_of_pairs": 0.9113720538720539,
  "column_score": 0.10416666666666667,
  "time_ms": 1595
}