{
  "sum_of_pairs": 0.12418300653594772,
  "column_score": 0.0784313725490196,
  "time_ms": 0
}