{
  "sum_of_pairs": 0.47742363877822047,
  "column_score": 0.2868525896414343,
  "time_ms": 4
}