{
  "sum_of_pairs": 0.7189597315436241,
  "column_score": 0.26174496644295303,
  "time_ms": 28
}