{
  "sum_of_pairs": 0.6096443826874581,
  "column_score": 0.1732283464566929,
  "time_ms": 50
}