{
  "sum_of_pairs": 0.44392697466467956,
  "column_score": 0.0942622950819672,
  "time_ms": 79
}