{
  "sum_of_pairs": 0.6673884140550808,
  "column_score": 0.4074074074074074,
  "time_ms": 83
}