{
  "sum_of_pairs": 0.6337022186581128,
  "column_score": 0.2837209302325581,
  "time_ms": 319
}