{
  "sum_of_pairs": 0.43376523210030626,
  "column_score": 0.06567317974281343,
  "time_ms": 110
}