{
  "sum_of_pairs": 0.40196656833824973,
  "column_score": 0.19469026548672566,
  "time_ms": 102
}