{
  "sum_of_pairs": 0.5565891472868217,
  "column_score": 0.26976744186046514,
  "time_ms": 140
}