{
  "sum_of_pairs": 0.5707374813442437,
  "column_score": 0.1968503937007874,
  "time_ms": 34
}