{
  "sum_of_pairs": 0.4958270906297227,
  "column_score": 0.2547651508866165,
  "time_ms": 21
}