{
  "sum_of_pairs": 0.49599831973940484,
  "column_score": 0.2545298789122142,
  "time_ms": 8
}