{
  "sum_of_pairs": 0.3452301047350846,
  "column_score": 0.13917605205638464,
  "time_ms": 17
}