{
  "sum_of_pairs": 0.4958270906297228,
  "column_score": 0.25476515088661655,
  "time_ms": 40
}