{
  "sum_of_pairs": 0.4165424739195231,
  "column_score": 0.1680327868852459,
  "time_ms": 18
}