{
  "sum_of_pairs": 0.4955223880597015,
  "column_score": 0.3895522388059702,
  "time_ms": 12
}