{
  "sum_of_pairs": 0.28363384188626906,
  "column_score": 0.0970873786407767,
  "time_ms": 9
}