{
  "sum_of_pairs": 0.5547914818101154,
  "column_score": 0.4244306418219462,
  "time_ms": 26
}