{
  "sum_of_pairs": 0.06436781609195402,
  "column_score": 0.006896551724137931,
  "time_ms": 5
}