{
  "sum_of_pairs": 0.47382297551789077,
  "column_score": 0.20903954802259886,
  "time_ms": 18
}