{
  "sum_of_pairs": 0.33777540867093103,
  "column_score": 0.06343283582089553,
  "time_ms": 10
}