{
  "sum_of_pairs": 0.5490644146381851,
  "column_score": 0.30700447093889716,
  "time_ms": 89
}