{
  "sum_of_pairs": 0.46162736939435967,
  "column_score": 0.1262135922330097,
  "time_ms": 9
}