{
  "sum_of_pairs": 0.09754224270353302,
  "column_score": 0.009216589861751152,
  "time_ms": 2
}