{
  "sum_of_pairs": 0.421222810111699,
  "column_score": 0.1728395061728395,
  "time_ms": 5
}