{
  "sum_of_pairs": 0.3996265172735761,
  "column_score": 0.226890756302521,
  "time_ms": 20
}