{
  "sum_of_pairs": 0.4643146796431468,
  "column_score": 0.17518248175182483,
  "time_ms": 6
}