{
  "sum_of_pairs": 0.7008771929824561,
  "column_score": 0.39473684210526316,
  "time_ms": 22
}