{
  "sum_of_pairs": 0.5174185463659148,
  "column_score": 0.20394736842105263,
  "time_ms": 29
}