{
  "sum_of_pairs": 0.4073232323232323,
  "column_score": 0.08333333333333333,
  "time_ms": 7
}