{
  "sum_of_pairs": 0.3621913142208345,
  "column_score": 0.033210332103321034,
  "time_ms": 33
}