{
  "sum_of_pairs": 0.4509297520661157,
  "column_score": 0.20454545454545456,
  "time_ms": 58
}