{
  "sum_of_pairs": 0.5441437444543035,
  "column_score": 0.4140786749482402,
  "time_ms": 13
}