{
  "sum_of_pairs": 0.15885416666666666,
  "column_score": 0.15625,
  "time_ms": 1
}