{
  "sum_of_pairs": 0.5758620689655173,
  "column_score": 0.3694581280788177,
  "time_ms": 13
}