{
  "sum_of_pairs": 0.5193798449612403,
  "column_score": 0.2558139534883721,
  "time_ms": 2
}