{
  "sum_of_pairs": 0.4684231697506034,
  "column_score": 0.16371681415929204,
  "time_ms": 30
}