{
  "sum_of_pairs": 0.7762237762237763,
  "column_score": 0.4512820512820513,
  "time_ms": 24
}