{
  "sum_of_pairs": 0.6369177764526601,
  "column_score": 0.313953488372093,
  "time_ms": 29
}