{
  "sum_of_pairs": 0.3455645161290323,
  "column_score": 0.2399193548387097,
  "time_ms": 12
}