{
  "sum_of_pairs": 0.6905684754521964,
  "column_score": 0.32558139534883723,
  "time_ms": 3
}