{
  "sum_of_pairs": 0.41647465437788017,
  "column_score": 0.1693548387096774,
  "time_ms": 12
}