{
  "sum_of_pairs": 0.6623787519253986,
  "column_score": 0.33121019108280253,
  "time_ms": 36
}