{
  "sum_of_pairs": 0.35264227642276424,
  "column_score": 0.27439024390243905,
  "time_ms": 3
}