{
  "sum_of_pairs": 0.3253475303164744,
  "column_score": 0.14906832298136646,
  "time_ms": 9
}