{
  "sum_of_pairs": 0.44260838663823737,
  "column_score": 0.11567164179104478,
  "time_ms": 12
}