{
  "sum_of_pairs": 0.29819277108433734,
  "column_score": 0.14457831325301204,
  "time_ms": 11
}