{
  "sum_of_pairs": 0.5495925263367124,
  "column_score": 0.2441860465116279,
  "time_ms": 62
}