{
  "sum_of_pairs": 0.49213709677419354,
  "column_score": 0.3528225806451613,
  "time_ms": 17
}