{
  "sum_of_pairs": 0.4524410016213295,
  "column_score": 0.3203026481715006,
  "time_ms": 61
}