{
  "sum_of_pairs": 0.18452380952380953,
  "column_score": 0.011904761904761904,
  "time_ms": 2
}