{
  "sum_of_pairs": 0.3789600550964187,
  "column_score": 0.15625,
  "time_ms": 43
}