{
  "sum_of_pairs": 0.43744454303460517,
  "column_score": 0.2525879917184265,
  "time_ms": 31
}