{
  "sum_of_pairs": 0.7469067249021707,
  "column_score": 0.03237296854578062,
  "time_ms": 794
}