{
  "sum_of_pairs": 0.9217171717171717,
  "column_score": 0.06060606060606061,
  "time_ms": 1207
}