{
  "sum_of_pairs": 0.8140174173117523,
  "column_score": 0.07142857142857142,
  "time_ms": 228
}