{
  "sum_of_pairs": 0.9496482917025553,
  "column_score": 0.35185185185185186,
  "time_ms": 2747
}