{
  "sum_of_pairs": 0.8584806600235723,
  "column_score": 0.11475409836065574,
  "time_ms": 527
}