{
  "sum_of_pairs": 0.7754696501628121,
  "column_score": 0.0711864406779661,
  "time_ms": 749
}