{
  "sum_of_pairs": 0.8705808641344499,
  "column_score": 0.027149321266968326,
  "time_ms": 3531
}