{
  "sum_of_pairs": 0.7711299153807865,
  "column_score": 0.02857142857142857,
  "time_ms": 175
}