{
  "sum_of_pairs": 0.9015147222694393,
  "column_score": 0.0472972972972973,
  "time_ms": 806
}