{
  "sum_of_pairs": 0.4934932635998427,
  "column_score": 0.07245622478139466,
  "time_ms": 313
}