{
  "sum_of_pairs": 0.7402908394287705,
  "column_score": 0.3793103448275862,
  "time_ms": 58
}