{
  "sum_of_pairs": 0.6789617486338798,
  "column_score": 0.03278688524590164,
  "time_ms": 5
}