{
  "sum_of_pairs": 0.6038709677419355,
  "column_score": 0.1774193548387097,
  "time_ms": 44
}