{
  "sum_of_pairs": 0.9131385410455178,
  "column_score": 0.4883720930232558,
  "time_ms": 224
}