{
  "sum_of_pairs": 0.6327590921520372,
  "column_score": 0.1918238993710692,
  "time_ms": 289
}