{
  "sum_of_pairs": 0.5010548523206751,
  "column_score": 0.1962025316455696,
  "time_ms": 45
}