{
  "sum_of_pairs": 0.751717032967033,
  "column_score": 0.4807692307692308,
  "time_ms": 152
}