{
  "sum_of_pairs": 0.8121212121212121,
  "column_score": 0.3942857142857143,
  "time_ms": 78
}