{
  "sum_of_pairs": 0.6631701631701632,
  "column_score": 0.10576923076923077,
  "time_ms": 566
}