{
  "sum_of_pairs": 0.8444077172153265,
  "column_score": 0.6169724770642202,
  "time_ms": 170
}