{
  "sum_of_pairs": 0.5814155984512959,
  "column_score": 0.3113083683955248,
  "time_ms": 50
}