{
  "sum_of_pairs": 0.6135265700483091,
  "column_score": 0.5217391304347826,
  "time_ms": 3
}