{
  "sum_of_pairs": 0.49697938877043357,
  "column_score": 0.13059701492537312,
  "time_ms": 25
}