{
  "sum_of_pairs": 0.6445783132530121,
  "column_score": 0.46987951807228917,
  "time_ms": 5
}