{
  "sum_of_pairs": 0.7932835820895522,
  "column_score": 0.7029850746268657,
  "time_ms": 55
}