{
  "sum_of_pairs": 0.6834516415261757,
  "column_score": 0.4886128364389234,
  "time_ms": 95
}