{
  "sum_of_pairs": 0.8119674185463659,
  "column_score": 0.34210526315789475,
  "time_ms": 44
}