{
  "sum_of_pairs": 0.814484126984127,
  "column_score": 0.7321428571428571,
  "time_ms": 6
}