{
  "sum_of_pairs": 0.7808167853128513,
  "column_score": 0.3885350318471338,
  "time_ms": 66
}