{
  "sum_of_pairs": 0.6979284369114878,
  "column_score": 0.4576271186440678,
  "time_ms": 37
}