{
  "sum_of_pairs": 0.8741258741258742,
  "column_score": 0.7076923076923077,
  "time_ms": 69
}