{
  "sum_of_pairs": 0.4315245478036176,
  "column_score": 0.16279069767441862,
  "time_ms": 211
}