{
  "sum_of_pairs": 0.4339703856749311,
  "column_score": 0.2528409090909091,
  "time_ms": 148
}