{
  "sum_of_pairs": 0.6806424904785561,
  "column_score": 0.42921013412816694,
  "time_ms": 125
}