{
  "sum_of_pairs": 0.6057027649769585,
  "column_score": 0.3790322580645161,
  "time_ms": 17
}