{
  "sum_of_pairs": 0.43478260869565216,
  "column_score": 0.10869565217391304,
  "time_ms": 13
}