{
  "sum_of_pairs": 0.663594470046083,
  "column_score": 0.5345622119815668,
  "time_ms": 6
}