{
  "sum_of_pairs": 0.763668430335097,
  "column_score": 0.5864197530864198,
  "time_ms": 17
}