{
  "sum_of_pairs": 0.7432432432432432,
  "column_score": 0.6216216216216216,
  "time_ms": 4
}