{
  "sum_of_pairs": 0.2655241935483871,
  "column_score": 0.16330645161290322,
  "time_ms": 25
}