{
  "sum_of_pairs": 0.42945874001774625,
  "column_score": 0.20496894409937888,
  "time_ms": 47
}