{
  "sum_of_pairs": 0.6255201109570042,
  "column_score": 0.17475728155339806,
  "time_ms": 22
}