{
  "sum_of_pairs": 0.5436974789915966,
  "column_score": 0.11428571428571428,
  "time_ms": 262
}