{
  "sum_of_pairs": 0.6793650793650794,
  "column_score": 0.40336134453781514,
  "time_ms": 46
}