{
  "sum_of_pairs": 0.8017241379310345,
  "column_score": 0.6527093596059114,
  "time_ms": 74
}