{
  "sum_of_pairs": 0.5568181818181818,
  "column_score": 0.18333333333333332,
  "time_ms": 18
}