{
  "sum_of_pairs": 0.6376068376068376,
  "column_score": 0.28205128205128205,
  "time_ms": 9
}