{
  "sum_of_pairs": 0.34233766233766233,
  "column_score": 0.37142857142857144,
  "time_ms": 16
}