{
  "sum_of_pairs": 0.6451668580601078,
  "column_score": 0.009084076806987643,
  "time_ms": 797
}