{
  "sum_of_pairs": 0.920752984389348,
  "column_score": 0.23484848484848486,
  "time_ms": 1488
}