{
  "sum_of_pairs": 0.8651880424300867,
  "column_score": 0.02185792349726776,
  "time_ms": 377
}