{
  "sum_of_pairs": 0.8577041690179888,
  "column_score": 0.11574074074074074,
  "time_ms": 3325
}