{
  "sum_of_pairs": 0.23814811993341425,
  "column_score": 0.07515635280255721,
  "time_ms": 12
}