{
  "sum_of_pairs": 0.3442176870748299,
  "column_score": 0.24285714285714285,
  "time_ms": 3
}