{
  "sum_of_pairs": 0.5803452855245684,
  "column_score": 0.398406374501992,
  "time_ms": 2
}