{
  "sum_of_pairs": 0.6051572190186052,
  "column_score": 0.38613861386138615,
  "time_ms": 94
}