{
  "sum_of_pairs": 0.3730684326710817,
  "column_score": 0.2781456953642384,
  "time_ms": 1
}