{
  "sum_of_pairs": 0.30492554410080186,
  "column_score": 0.07216494845360824,
  "time_ms": 11
}