{
  "sum_of_pairs": 0.30409356725146197,
  "column_score": 0.12280701754385964,
  "time_ms": 0
}