{
  "sum_of_pairs": 0.3826291079812207,
  "column_score": 0.18309859154929578,
  "time_ms": 12
}