{
  "sum_of_pairs": 0.3983152827918171,
  "column_score": 0.19133574007220217,
  "time_ms": 31
}