{
  "sum_of_pairs": 0.5272108843537415,
  "column_score": 0.40816326530612246,
  "time_ms": 1
}