{
  "sum_of_pairs": 0.1721014492753623,
  "column_score": 0.059782608695652176,
  "time_ms": 2
}