{
  "sum_of_pairs": 0.4392935982339956,
  "column_score": 0.32450331125827814,
  "time_ms": 1
}