{
  "sum_of_pairs": 0.19023569023569023,
  "column_score": 0.0707070707070707,
  "time_ms": 1
}