{
  "sum_of_pairs": 0.4492063492063492,
  "column_score": 0.16296296296296298,
  "time_ms": 11
}