{
  "sum_of_pairs": 0.34054054054054056,
  "column_score": 0.13513513513513514,
  "time_ms": 0
}