{
  "sum_of_pairs": 0.42839951865222625,
  "column_score": 0.22382671480144403,
  "time_ms": 9
}