{
  "sum_of_pairs": 0.37265258215962443,
  "column_score": 0.15492957746478872,
  "time_ms": 21
}