{
  "sum_of_pairs": 0.16666666666666666,
  "column_score": 0.06565656565656566,
  "time_ms": 2
}