{
  "sum_of_pairs": 0.16485507246376813,
  "column_score": 0.04891304347826087,
  "time_ms": 4
}