{
  "sum_of_pairs": 0.1472143648080417,
  "column_score": 0.03512754357281013,
  "time_ms": 7
}