{
  "sum_of_pairs": 0.3244283995186522,
  "column_score": 0.1624548736462094,
  "time_ms": 11
}