{
  "sum_of_pairs": 0.3207171314741036,
  "column_score": 0.1394422310756972,
  "time_ms": 4
}