{
  "sum_of_pairs": 0.38986697965571204,
  "column_score": 0.28169014084507044,
  "time_ms": 14
}