{
  "sum_of_pairs": 0.31677704194260486,
  "column_score": 0.10596026490066225,
  "time_ms": 3
}