{
  "sum_of_pairs": 0.543397755074343,
  "column_score": 0.14317164999756407,
  "time_ms": 142
}