{
  "sum_of_pairs": 0.6497206025267249,
  "column_score": 0.12244897959183673,
  "time_ms": 413
}