{
  "sum_of_pairs": 0.7315263298583267,
  "column_score": 0.42790697674418604,
  "time_ms": 151
}