{
  "sum_of_pairs": 0.8540930674264008,
  "column_score": 0.6296296296296297,
  "time_ms": 57
}