{
  "sum_of_pairs": 0.7928784489187174,
  "column_score": 0.540268456375839,
  "time_ms": 17
}