{
  "sum_of_pairs": 0.4987369180801155,
  "column_score": 0.24539877300613497,
  "time_ms": 54
}