{
  "sum_of_pairs": 0.3358047690014903,
  "column_score": 0.05737704918032787,
  "time_ms": 50
}