{
  "sum_of_pairs": 0.33389377759957656,
  "column_score": 0.009936713435213063,
  "time_ms": 1181
}