{
  "sum_of_pairs": 0.31748702425394154,
  "column_score": 0.054945054945054944,
  "time_ms": 757
}