{
  "sum_of_pairs": 0.324495430312262,
  "column_score": 0.0594059405940594,
  "time_ms": 885
}