{
  "sum_of_pairs": 0.3929193899782135,
  "column_score": 0.08823529411764706,
  "time_ms": 1491
}