{
  "sum_of_pairs": 0.5806196810708089,
  "column_score": 0.05668016194331984,
  "time_ms": 1153
}