{
  "sum_of_pairs": 0.49401949111975746,
  "column_score": 0.038834951456310676,
  "time_ms": 3814
}