{
  "sum_of_pairs": 0.37517611186793154,
  "column_score": 0.033869972300664616,
  "time_ms": 307
}