{
  "sum_of_pairs": 0.5462081128747795,
  "column_score": 0.18666666666666668,
  "time_ms": 170
}