{
  "sum_of_pairs": 0.5837928464977645,
  "column_score": 0.022540983606557378,
  "time_ms": 56
}