{
  "sum_of_pairs": 0.7354226020892688,
  "column_score": 0.14814814814814814,
  "time_ms": 96
}