{
  "sum_of_pairs": 0.06809291477307805,
  "column_score": 0.002317973579611429,
  "time_ms": 14
}