{
  "sum_of_pairs": 0.034433905342357914,
  "column_score": 0.00009500285008550257,
  "time_ms": 5
}