{
  "sum_of_pairs": 0.21299638989169675,
  "column_score": 0.08303249097472924,
  "time_ms": 22
}