{
  "sum_of_pairs": 0.08838383838383838,
  "column_score": 0.005050505050505051,
  "time_ms": 2
}