{
  "sum_of_pairs": 0.08977135980746088,
  "column_score": 0.0036101083032490976,
  "time_ms": 10
}