{
  "sum_of_pairs": 0.245194503953793,
  "column_score": 0.07961507681058579,
  "time_ms": 7
}