{
  "sum_of_pairs": 0.22562389097050356,
  "column_score": 0.0697535960813454,
  "time_ms": 13
}