{
  "sum_of_pairs": 0.2802721088435374,
  "column_score": 0.14285714285714285,
  "time_ms": 4
}