{
  "sum_of_pairs": 0.3801948051948052,
  "column_score": 0.07272727272727272,
  "time_ms": 11
}