{
  "sum_of_pairs": 0.1936026936026936,
  "column_score": 0.03535353535353535,
  "time_ms": 2
}