{
  "sum_of_pairs": 0.37284820031298904,
  "column_score": 0.1267605633802817,
  "time_ms": 21
}