{
  "sum_of_pairs": 0.4013605442176871,
  "column_score": 0.30612244897959184,
  "time_ms": 2
}