{
  "sum_of_pairs": 0.2606498194945848,
  "column_score": 0.07581227436823104,
  "time_ms": 18
}