{
  "sum_of_pairs": 0.5227513227513227,
  "column_score": 0.23703703703703705,
  "time_ms": 12
}