{
  "sum_of_pairs": 0.5435752366445435,
  "column_score": 0.31683168316831684,
  "time_ms": 87
}