{
  "sum_of_pairs": 0.5494505494505495,
  "column_score": 0.32673267326732675,
  "time_ms": 46
}