{
  "sum_of_pairs": 0.308843537414966,
  "column_score": 0.18571428571428572,
  "time_ms": 4
}