{
  "sum_of_pairs": 0.16396761133603238,
  "column_score": 0.024291497975708502,
  "time_ms": 6
}