{
  "sum_of_pairs": 0.42622180451127817,
  "column_score": 0.2631578947368421,
  "time_ms": 8
}