{
  "sum_of_pairs": 0.29073405535499397,
  "column_score": 0.10469314079422383,
  "time_ms": 10
}