{
  "sum_of_pairs": 0.42935982339955847,
  "column_score": 0.2582781456953642,
  "time_ms": 1
}