{
  "sum_of_pairs": 0.2516835016835017,
  "column_score": 0.06565656565656566,
  "time_ms": 1
}