{
  "sum_of_pairs": 0.41836734693877553,
  "column_score": 0.32653061224489793,
  "time_ms": 1
}