{
  "sum_of_pairs": 0.35778560250391234,
  "column_score": 0.1056338028169014,
  "time_ms": 23
}