{
  "sum_of_pairs": 0.4746136865342163,
  "column_score": 0.2980132450331126,
  "time_ms": 1
}