{
  "sum_of_pairs": 0.49335989375830014,
  "column_score": 0.38247011952191234,
  "time_ms": 4
}