{
  "sum_of_pairs": 0.47168382085709465,
  "column_score": 0.10960218698997028,
  "time_ms": 299
}