{
  "sum_of_pairs": 0.47168382085709454,
  "column_score": 0.10960218698997026,
  "time_ms": 325
}