{
  "sum_of_pairs": 0.4390946502057613,
  "column_score": 0.12345679012345678,
  "time_ms": 40
}