{
  "sum_of_pairs": 0.6910838059231253,
  "column_score": 0.34782608695652173,
  "time_ms": 46
}