{
  "sum_of_pairs": 0.6183192686357243,
  "column_score": 0.41139240506329117,
  "time_ms": 33
}