{
  "sum_of_pairs": 0.7252747252747253,
  "column_score": 0.2962962962962963,
  "time_ms": 37
}