{
  "sum_of_pairs": 0.5260989010989011,
  "column_score": 0.1346153846153846,
  "time_ms": 167
}