{
  "sum_of_pairs": 0.6264516129032258,
  "column_score": 0.1870967741935484,
  "time_ms": 57
}