{
  "sum_of_pairs": 0.48891059920471686,
  "column_score": 0.028846153846153848,
  "time_ms": 714
}