{
  "sum_of_pairs": 0.7436247723132969,
  "column_score": 0.45901639344262296,
  "time_ms": 10
}