{
  "sum_of_pairs": 0.7828689962223422,
  "column_score": 0.48853211009174313,
  "time_ms": 215
}