{
  "sum_of_pairs": 0.5520724486241727,
  "column_score": 0.3448275862068966,
  "time_ms": 63
}