{
  "sum_of_pairs": 0.22469948018193633,
  "column_score": 0.09722222222222222,
  "time_ms": 124
}