{
  "sum_of_pairs": 0.3825016083080599,
  "column_score": 0.1532258064516129,
  "time_ms": 349
}