{
  "sum_of_pairs": 0.7498033044846577,
  "column_score": 0.3252032520325203,
  "time_ms": 276
}