{
  "sum_of_pairs": 0.7315649867374006,
  "column_score": 0.43448275862068964,
  "time_ms": 37
}