{
  "sum_of_pairs": 0.5060518982932776,
  "column_score": 0.06321839080459771,
  "time_ms": 96
}