{
  "sum_of_pairs": 0.7197773654916512,
  "column_score": 0.37714285714285717,
  "time_ms": 111
}