{
  "sum_of_pairs": 0.6821187271513881,
  "column_score": 0.023260630352259604,
  "time_ms": 369
}