{
  "sum_of_pairs": 0.9111570247933884,
  "column_score": 0.20454545454545456,
  "time_ms": 508
}