{
  "sum_of_pairs": 0.6961927026801369,
  "column_score": 0.0847457627118644,
  "time_ms": 415
}