{
  "sum_of_pairs": 0.9024873930534308,
  "column_score": 0.0472972972972973,
  "time_ms": 356
}