{
  "sum_of_pairs": 0.9417639371528705,
  "column_score": 0.44907407407407407,
  "time_ms": 1466
}