{
  "sum_of_pairs": 0.5280852322359467,
  "column_score": 0.13577318989788154,
  "time_ms": 238
}