{
  "sum_of_pairs": 0.5578662887376383,
  "column_score": 0.16443203789165906,
  "time_ms": 293
}