{
  "sum_of_pairs": 0.5612633217521895,
  "column_score": 0.16664442727219006,
  "time_ms": 193
}