{
  "sum_of_pairs": 0.6712771151565878,
  "column_score": 0.037037037037037035,
  "time_ms": 825
}