{
  "sum_of_pairs": 0.5953533747651395,
  "column_score": 0.05405405405405406,
  "time_ms": 331
}