{
  "sum_of_pairs": 0.6807419835943326,
  "column_score": 0.3187919463087248,
  "time_ms": 21
}