{
  "sum_of_pairs": 0.69299117882919,
  "column_score": 0.3581395348837209,
  "time_ms": 358
}