{
  "sum_of_pairs": 0.4591937069813176,
  "column_score": 0.11504424778761062,
  "time_ms": 310
}