{
  "sum_of_pairs": 0.639603507250566,
  "column_score": 0.05405405405405406,
  "time_ms": 284
}