{
  "sum_of_pairs": 0.6983475783475783,
  "column_score": 0.3950617283950617,
  "time_ms": 95
}