{
  "sum_of_pairs": 0.7299161134269981,
  "column_score": 0.6456692913385826,
  "time_ms": 68
}