{
  "sum_of_pairs": 0.4722292456805731,
  "column_score": 0.1415929203539823,
  "time_ms": 220
}