{
  "sum_of_pairs": 0.6302160953800298,
  "column_score": 0.09016393442622951,
  "time_ms": 46
}