{
  "sum_of_pairs": 0.6692543767873335,
  "column_score": 0.037037037037037035,
  "time_ms": 2763
}