{
  "sum_of_pairs": 0.6364381520119226,
  "column_score": 0.09016393442622951,
  "time_ms": 113
}