{
  "sum_of_pairs": 0.6400370959194489,
  "column_score": 0.05405405405405406,
  "time_ms": 779
}