{
  "sum_of_pairs": 0.6547874899759423,
  "column_score": 0.3116279069767442,
  "time_ms": 342
}