{
  "sum_of_pairs": 0.5084453850485244,
  "column_score": 0.07566222845389749,
  "time_ms": 603
}