{
  "sum_of_pairs": 0.513152261272562,
  "column_score": 0.07692307692307693,
  "time_ms": 350
}