{
  "sum_of_pairs": 0.7880822936462034,
  "column_score": 0.10931174089068826,
  "time_ms": 550
}