{
  "sum_of_pairs": 0.4386096524131033,
  "column_score": 0.031007751937984496,
  "time_ms": 129
}