{
  "sum_of_pairs": 0.7874324987727049,
  "column_score": 0.4444444444444444,
  "time_ms": 1675
}