{
  "sum_of_pairs": 0.4943922010438461,
  "column_score": 0.11304347826086956,
  "time_ms": 361
}