{
  "sum_of_pairs": 0.642103134479272,
  "column_score": 0.12173913043478261,
  "time_ms": 1405
}