{
  "sum_of_pairs": 0.7123004431850009,
  "column_score": 0.45054945054945056,
  "time_ms": 2370
}