{
  "sum_of_pairs": 0.13314229538010638,
  "column_score": 0.024335224435163567,
  "time_ms": 4
}