{
  "sum_of_pairs": 0.29415670650730413,
  "column_score": 0.1593625498007968,
  "time_ms": 2
}