{
  "sum_of_pairs": 0.4152975737134153,
  "column_score": 0.19801980198019803,
  "time_ms": 27
}