{
  "sum_of_pairs": 0.23178807947019867,
  "column_score": 0.13245033112582782,
  "time_ms": 1
}