{
  "sum_of_pairs": 0.28736306729264477,
  "column_score": 0.08450704225352113,
  "time_ms": 16
}