{
  "sum_of_pairs": 0.3212050078247261,
  "column_score": 0.09154929577464789,
  "time_ms": 10
}