{
  "sum_of_pairs": 0.050505050505050504,
  "column_score": 0.025252525252525252,
  "time_ms": 3
}