{
  "sum_of_pairs": 0.2507936507936508,
  "column_score": 0.05185185185185185,
  "time_ms": 10
}