{
  "sum_of_pairs": 0.3056558363417569,
  "column_score": 0.1552346570397112,
  "time_ms": 12
}