{
  "sum_of_pairs": 0.17880794701986755,
  "column_score": 0.13245033112582782,
  "time_ms": 2
}