{
  "sum_of_pairs": 0.22841965471447542,
  "column_score": 0.12350597609561753,
  "time_ms": 4
}