{
  "sum_of_pairs": 0.7056763285024155,
  "column_score": 0.2028985507246377,
  "time_ms": 35
}