{
  "sum_of_pairs": 0.7142116387973111,
  "column_score": 0.1111111111111111,
  "time_ms": 3007
}