{
  "sum_of_pairs": 0.8921799157648215,
  "column_score": 0.16216216216216217,
  "time_ms": 648
}