{
  "sum_of_pairs": 0.8559530767303999,
  "column_score": 0.0423728813559322,
  "time_ms": 177
}