{
  "sum_of_pairs": 0.6395591550471738,
  "column_score": 0.09491525423728814,
  "time_ms": 1111
}