{
  "sum_of_pairs": 0.3760195533611334,
  "column_score": 0.15084703161589294,
  "time_ms": 20
}