{
  "sum_of_pairs": 0.4891397229276153,
  "column_score": 0.24836384718109344,
  "time_ms": 10
}