{
  "sum_of_pairs": 0.44420753375977257,
  "column_score": 0.1828358208955224,
  "time_ms": 7
}