{
  "sum_of_pairs": 0.6333333333333333,
  "column_score": 0.5492537313432836,
  "time_ms": 14
}