{
  "sum_of_pairs": 0.16975806451612904,
  "column_score": 0.06653225806451613,
  "time_ms": 11
}