{
  "sum_of_pairs": 0.31467181467181465,
  "column_score": 0.02702702702702703,
  "time_ms": 6
}