{
  "sum_of_pairs": 0.7446327683615819,
  "column_score": 0.480225988700565,
  "time_ms": 10
}