{
  "sum_of_pairs": 0.7257661038148843,
  "column_score": 0.42276422764227645,
  "time_ms": 20
}