{
  "sum_of_pairs": 0.6909825747035049,
  "column_score": 0.20930232558139536,
  "time_ms": 35
}