{
  "sum_of_pairs": 0.3583419421487603,
  "column_score": 0.1846590909090909,
  "time_ms": 80
}