{
  "sum_of_pairs": 0.35843373493975905,
  "column_score": 0.20481927710843373,
  "time_ms": 2
}