{
  "sum_of_pairs": 0.515537740947577,
  "column_score": 0.3417402269861286,
  "time_ms": 39
}