{
  "sum_of_pairs": 0.47816691505216097,
  "column_score": 0.26639344262295084,
  "time_ms": 22
}