{
  "sum_of_pairs": 0.6276942355889724,
  "column_score": 0.26973684210526316,
  "time_ms": 20
}