{
  "sum_of_pairs": 0.20734126984126985,
  "column_score": 0.03571428571428571,
  "time_ms": 2
}