{
  "sum_of_pairs": 0.6472937000887311,
  "column_score": 0.5072463768115942,
  "time_ms": 15
}