{
  "sum_of_pairs": 0.7791044776119403,
  "column_score": 0.6865671641791045,
  "time_ms": 7
}