{
  "sum_of_pairs": 0.544973544973545,
  "column_score": 0.3333333333333333,
  "time_ms": 5
}