{
  "sum_of_pairs": 0.763668430335097,
  "column_score": 0.5246913580246914,
  "time_ms": 3
}