{
  "sum_of_pairs": 0.6544461003477396,
  "column_score": 0.40238450074515647,
  "time_ms": 49
}