{
  "sum_of_pairs": 0.4496732026143791,
  "column_score": 0.2689075630252101,
  "time_ms": 17
}