{
  "sum_of_pairs": 0.43048381542699726,
  "column_score": 0.21875,
  "time_ms": 36
}