{
  "sum_of_pairs": 0.5279377880184332,
  "column_score": 0.16129032258064516,
  "time_ms": 4
}