{
  "sum_of_pairs": 0.5710134128166915,
  "column_score": 0.38934426229508196,
  "time_ms": 12
}