{
  "sum_of_pairs": 0.3626152073732719,
  "column_score": 0.14516129032258066,
  "time_ms": 7
}