{
  "sum_of_pairs": 0.5171546879621414,
  "column_score": 0.30434782608695654,
  "time_ms": 39
}