{
  "sum_of_pairs": 0.41230405205560483,
  "column_score": 0.2732919254658385,
  "time_ms": 10
}