{
  "sum_of_pairs": 0.4724193395780112,
  "column_score": 0.07749077490774908,
  "time_ms": 58
}