{
  "sum_of_pairs": 0.5843373493975904,
  "column_score": 0.572289156626506,
  "time_ms": 1
}