{
  "sum_of_pairs": 0.7353866534194403,
  "column_score": 0.5588673621460507,
  "time_ms": 30
}