{
  "sum_of_pairs": 0.6761962692619627,
  "column_score": 0.41605839416058393,
  "time_ms": 4
}