{
  "sum_of_pairs": 0.3720682302771855,
  "column_score": 0.12686567164179105,
  "time_ms": 20
}