{
  "sum_of_pairs": 0.23698296836982968,
  "column_score": 0.029197080291970802,
  "time_ms": 7
}