{
  "sum_of_pairs": 0.5364963503649635,
  "column_score": 0.1897810218978102,
  "time_ms": 15
}