{
  "sum_of_pairs": 0.20846774193548387,
  "column_score": 0.09879032258064516,
  "time_ms": 9
}