{
  "sum_of_pairs": 0.6640394088669951,
  "column_score": 0.5295566502463054,
  "time_ms": 17
}