{
  "sum_of_pairs": 0.30691056910569103,
  "column_score": 0.20121951219512196,
  "time_ms": 2
}