{
  "sum_of_pairs": 0.24961597542242703,
  "column_score": 0.1382488479262673,
  "time_ms": 3
}