{
  "sum_of_pairs": 0.7885003885003885,
  "column_score": 0.48205128205128206,
  "time_ms": 30
}