{
  "sum_of_pairs": 0.36202568994932227,
  "column_score": 0.06689375506243814,
  "time_ms": 87
}