{
  "sum_of_pairs": 0.3635061924847665,
  "column_score": 0.06689375506243814,
  "time_ms": 159
}