{
  "sum_of_pairs": 0.36350619248476657,
  "column_score": 0.06689375506243814,
  "time_ms": 412
}