{
  "sum_of_pairs": 0.5391832858499526,
  "column_score": 0.2839506172839506,
  "time_ms": 34
}