{
  "sum_of_pairs": 0.3967215878980585,
  "column_score": 0.06756756756756757,
  "time_ms": 249
}