{
  "sum_of_pairs": 0.517872226677359,
  "column_score": 0.23255813953488372,
  "time_ms": 529
}