{
  "sum_of_pairs": 0.5196685378241112,
  "column_score": 0.23255813953488372,
  "time_ms": 115
}