{
  "sum_of_pairs": 0.45962042234696604,
  "column_score": 0.16279069767441862,
  "time_ms": 212
}