{
  "sum_of_pairs": 0.48961063627730295,
  "column_score": 0.2716049382716049,
  "time_ms": 65
}