{
  "sum_of_pairs": 0.4782049302660697,
  "column_score": 0.10236220472440945,
  "time_ms": 51
}