{
  "sum_of_pairs": 0.3266750948166877,
  "column_score": 0.17699115044247787,
  "time_ms": 144
}