{
  "sum_of_pairs": 0.4466840536512668,
  "column_score": 0.028688524590163935,
  "time_ms": 44
}