{
  "sum_of_pairs": 0.5910581222056632,
  "column_score": 0.10450819672131148,
  "time_ms": 89
}