{
  "sum_of_pairs": 0.3347545406368936,
  "column_score": 0.04054054054054054,
  "time_ms": 180
}