{
  "sum_of_pairs": 0.517154648925849,
  "column_score": 0.07262921071632082,
  "time_ms": 590
}