{
  "sum_of_pairs": 0.5394801641586867,
  "column_score": 0.008695652173913044,
  "time_ms": 1435
}