{
  "sum_of_pairs": 0.7371613908902336,
  "column_score": 0.2524271844660194,
  "time_ms": 1868
}