{
  "sum_of_pairs": 0.38641572331411905,
  "column_score": 0.15584415584415584,
  "time_ms": 58
}