{
  "sum_of_pairs": 0.6383741496598639,
  "column_score": 0.15833333333333333,
  "time_ms": 400
}