{
  "sum_of_pairs": 0.5126388154415653,
  "column_score": 0.10434782608695652,
  "time_ms": 384
}