{
  "sum_of_pairs": 0.6325254954940113,
  "column_score": 0.0989010989010989,
  "time_ms": 2140
}