{
  "sum_of_pairs": 0.7795546558704454,
  "column_score": 0.16374269005847952,
  "time_ms": 418
}