{
  "sum_of_pairs": 0.5008332296977988,
  "column_score": 0.023529411764705882,
  "time_ms": 75
}