{
  "sum_of_pairs": 0.7933687317248961,
  "column_score": 0.1917808219178082,
  "time_ms": 917
}