{
  "sum_of_pairs": 0.8102586135668842,
  "column_score": 0.11336032388663968,
  "time_ms": 534
}