{
  "sum_of_pairs": 0.14202642805506113,
  "column_score": 0.025086478528428446,
  "time_ms": 18
}