{
  "sum_of_pairs": 0.2692307692307692,
  "column_score": 0.01282051282051282,
  "time_ms": 12
}