{
  "sum_of_pairs": 0.3984547461368653,
  "column_score": 0.17218543046357615,
  "time_ms": 5
}