{
  "sum_of_pairs": 0.18193891102257637,
  "column_score": 0.01195219123505976,
  "time_ms": 9
}