{
  "sum_of_pairs": 0.1271043771043771,
  "column_score": 0.020202020202020204,
  "time_ms": 7
}