{
  "sum_of_pairs": 0.30612244897959184,
  "column_score": 0.24489795918367346,
  "time_ms": 6
}