{
  "sum_of_pairs": 0.48689660821209146,
  "column_score": 0.23666833941119855,
  "time_ms": 35
}