{
  "sum_of_pairs": 0.4868966082120915,
  "column_score": 0.23666833941119847,
  "time_ms": 42
}