{
  "sum_of_pairs": 0.8613830613830614,
  "column_score": 0.6512820512820513,
  "time_ms": 74
}