{
  "sum_of_pairs": 0.1409274193548387,
  "column_score": 0.10483870967741936,
  "time_ms": 30
}