{
  "sum_of_pairs": 0.23166023166023167,
  "column_score": 0.02702702702702703,
  "time_ms": 3
}