{
  "sum_of_pairs": 0.7451233647954959,
  "column_score": 0.5827123695976155,
  "time_ms": 104
}