{
  "sum_of_pairs": 0.42803030303030304,
  "column_score": 0.22443181818181818,
  "time_ms": 155
}