{
  "sum_of_pairs": 0.7075796726959518,
  "column_score": 0.20930232558139536,
  "time_ms": 119
}