{
  "sum_of_pairs": 0.5892196299275946,
  "column_score": 0.27654867256637167,
  "time_ms": 78
}