{
  "sum_of_pairs": 0.3740079365079365,
  "column_score": 0.22023809523809523,
  "time_ms": 5
}