{
  "sum_of_pairs": 0.7077412783295136,
  "column_score": 0.2571428571428571,
  "time_ms": 246
}