{
  "sum_of_pairs": 0.5915150423347144,
  "column_score": 0.4274905422446406,
  "time_ms": 64
}