{
  "sum_of_pairs": 0.4988479262672811,
  "column_score": 0.18548387096774194,
  "time_ms": 15
}