{
  "sum_of_pairs": 0.5861008610086101,
  "column_score": 0.06642066420664207,
  "time_ms": 92
}