{
  "sum_of_pairs": 0.5076005961251863,
  "column_score": 0.3237704918032787,
  "time_ms": 55
}