{
  "sum_of_pairs": 0.439641177310562,
  "column_score": 0.1118494839229564,
  "time_ms": 331
}