{
  "sum_of_pairs": 0.43964117731056207,
  "column_score": 0.1118494839229564,
  "time_ms": 395
}