{
  "sum_of_pairs": 0.6630847367014168,
  "column_score": 0.33488372093023255,
  "time_ms": 395
}