{
  "sum_of_pairs": 0.6824198359433259,
  "column_score": 0.24161073825503357,
  "time_ms": 93
}