{
  "sum_of_pairs": 0.388934574520575,
  "column_score": 0.1188118811881188,
  "time_ms": 824
}