{
  "sum_of_pairs": 0.7513770180436847,
  "column_score": 0.49382716049382713,
  "time_ms": 165
}