{
  "sum_of_pairs": 0.7116804299519046,
  "column_score": 0.35298083342347186,
  "time_ms": 1083
}