{
  "sum_of_pairs": 0.7090487265959091,
  "column_score": 0.3375245251106218,
  "time_ms": 2042
}