{
  "sum_of_pairs": 0.9178682971164174,
  "column_score": 0.5344129554655871,
  "time_ms": 1043
}