{
  "sum_of_pairs": 0.655166981726528,
  "column_score": 0.41304347826086957,
  "time_ms": 65
}