{
  "sum_of_pairs": 0.8420383214985914,
  "column_score": 0.5164835164835165,
  "time_ms": 7247
}