{
  "sum_of_pairs": 0.8799219345011424,
  "column_score": 0.5247524752475248,
  "time_ms": 1670
}