{
  "sum_of_pairs": 0.8775259735705769,
  "column_score": 0.6825396825396826,
  "time_ms": 4083
}