{
  "sum_of_pairs": 0.42848072562358275,
  "column_score": 0.23809523809523808,
  "time_ms": 48
}