{
  "sum_of_pairs": 0.9176120682969998,
  "column_score": 0.6575342465753424,
  "time_ms": 3014
}