{
  "sum_of_pairs": 0.5246411483253588,
  "column_score": 0.13636363636363635,
  "time_ms": 11
}