{
  "sum_of_pairs": 0.3359307359307359,
  "column_score": 0.20454545454545456,
  "time_ms": 39
}