{
  "sum_of_pairs": 0.8734949001509703,
  "column_score": 0.6504854368932039,
  "time_ms": 3557
}