{
  "sum_of_pairs": 0.8777338623225431,
  "column_score": 0.6865079365079365,
  "time_ms": 3354
}