{
  "sum_of_pairs": 0.9141237709658763,
  "column_score": 0.46153846153846156,
  "time_ms": 1888
}