{
  "sum_of_pairs": 0.7275960701405297,
  "column_score": 0.5294117647058824,
  "time_ms": 148
}