{
  "sum_of_pairs": 0.842072919584164,
  "column_score": 0.5164835164835165,
  "time_ms": 3882
}