{
  "sum_of_pairs": 0.71364777255695,
  "column_score": 0.45217391304347826,
  "time_ms": 2803
}