{
  "sum_of_pairs": 0.5900212720189297,
  "column_score": 0.20930232558139536,
  "time_ms": 1911
}