{
  "sum_of_pairs": 0.5409620146462252,
  "column_score": 0.07407407407407407,
  "time_ms": 149
}