{
  "sum_of_pairs": 0.9433929374718848,
  "column_score": 0.8011695906432749,
  "time_ms": 704
}