{
  "sum_of_pairs": 0.7129578302504015,
  "column_score": 0.4260869565217391,
  "time_ms": 5882
}