{
  "sum_of_pairs": 0.7268498942917547,
  "column_score": 0.5294117647058824,
  "time_ms": 303
}