{
  "sum_of_pairs": 0.8584727891156463,
  "column_score": 0.6083333333333333,
  "time_ms": 1299
}