{
  "sum_of_pairs": 0.43709750566893424,
  "column_score": 0.2761904761904762,
  "time_ms": 29
}