{
  "sum_of_pairs": 0.4988038277511962,
  "column_score": 0.13636363636363635,
  "time_ms": 20
}