{
  "sum_of_pairs": 0.8175016669349091,
  "column_score": 0.5304347826086957,
  "time_ms": 1466
}