{
  "sum_of_pairs": 0.7063765941485372,
  "column_score": 0.3178294573643411,
  "time_ms": 419
}