{
  "sum_of_pairs": 0.8195433747959442,
  "column_score": 0.5739130434782609,
  "time_ms": 837
}