{
  "sum_of_pairs": 0.8808977532368621,
  "column_score": 0.5643564356435643,
  "time_ms": 814
}