{
  "sum_of_pairs": 0.6314558881403801,
  "column_score": 0.24675324675324675,
  "time_ms": 140
}