{
  "sum_of_pairs": 0.589889049455996,
  "column_score": 0.06451612903225806,
  "time_ms": 177
}