{
  "sum_of_pairs": 0.5895169578622816,
  "column_score": 0.20930232558139536,
  "time_ms": 3633
}