{
  "sum_of_pairs": 0.7101025256314079,
  "column_score": 0.3372093023255814,
  "time_ms": 224
}