{
  "sum_of_pairs": 0.7570829170829171,
  "column_score": 0.05714285714285714,
  "time_ms": 333
}