{
  "sum_of_pairs": 0.32716450216450216,
  "column_score": 0.20454545454545456,
  "time_ms": 77
}