{
  "sum_of_pairs": 0.5893277280815946,
  "column_score": 0.06451612903225806,
  "time_ms": 392
}