{
  "sum_of_pairs": 0.13376272135901815,
  "column_score": 0.03490787443300304,
  "time_ms": 6
}