{
  "sum_of_pairs": 0.36795112781954886,
  "column_score": 0.17105263157894737,
  "time_ms": 7
}