{
  "sum_of_pairs": 0.2972972972972973,
  "column_score": 0.02702702702702703,
  "time_ms": 1
}