{
  "sum_of_pairs": 0.09935064935064936,
  "column_score": 0.03636363636363636,
  "time_ms": 13
}