{
  "sum_of_pairs": 0.5945907431430213,
  "column_score": 0.011338881730872555,
  "time_ms": 1031
}