{
  "sum_of_pairs": 0.5119664602986363,
  "column_score": 0.0045027953306167445,
  "time_ms": 429
}