{
  "sum_of_pairs": 0.5944957239601607,
  "column_score": 0.011338881730872555,
  "time_ms": 241
}