{
  "sum_of_pairs": 0.5166695988740324,
  "column_score": 0.044642857142857144,
  "time_ms": 101
}