{
  "sum_of_pairs": 0.450642038912632,
  "column_score": 0.03225806451612903,
  "time_ms": 1052
}