{
  "sum_of_pairs": 0.66233614427653,
  "column_score": 0.1152542372881356,
  "time_ms": 714
}