{
  "sum_of_pairs": 0.6230647431386348,
  "column_score": 0.05357142857142857,
  "time_ms": 154
}