{
  "sum_of_pairs": 0.8291912936727157,
  "column_score": 0.21296296296296297,
  "time_ms": 1125
}