{
  "sum_of_pairs": 0.7614150504420486,
  "column_score": 0.041666666666666664,
  "time_ms": 1907
}