{
  "sum_of_pairs": 0.8326143237597394,
  "column_score": 0.21296296296296297,
  "time_ms": 2234
}