{
  "sum_of_pairs": 0.6522975520068348,
  "column_score": 0.03140655302543809,
  "time_ms": 1087
}