{
  "sum_of_pairs": 0.6522975520068348,
  "column_score": 0.031406553025438086,
  "time_ms": 1071
}