{
  "sum_of_pairs": 0.753864734299517,
  "column_score": 0.26811594202898553,
  "time_ms": 50
}