{
  "sum_of_pairs": 0.7480976430976432,
  "column_score": 0.06666666666666667,
  "time_ms": 2579
}