{
  "sum_of_pairs": 0.9460545451111488,
  "column_score": 0.22972972972972974,
  "time_ms": 1106
}