{
  "sum_of_pairs": 0.6132336979210152,
  "column_score": 0.2135593220338983,
  "time_ms": 1266
}