{
  "sum_of_pairs": 0.8484510974486916,
  "column_score": 0.2037037037037037,
  "time_ms": 3503
}