{
  "sum_of_pairs": 0.5725052294819737,
  "column_score": 0.11627906976744186,
  "time_ms": 281
}