{
  "sum_of_pairs": 0.4946303098051741,
  "column_score": 0.04950495049504951,
  "time_ms": 627
}