{
  "sum_of_pairs": 0.5391828631469658,
  "column_score": 0.14308889153701454,
  "time_ms": 146
}