{
  "sum_of_pairs": 0.805462341536167,
  "column_score": 0.5134228187919463,
  "time_ms": 19
}