{
  "sum_of_pairs": 0.6893303948335033,
  "column_score": 0.27722772277227725,
  "time_ms": 291
}