{
  "sum_of_pairs": 0.8540035273368607,
  "column_score": 0.14666666666666667,
  "time_ms": 101
}