{
  "sum_of_pairs": 0.6055460588793922,
  "column_score": 0.35802469135802467,
  "time_ms": 59
}