{
  "sum_of_pairs": 0.4858601917425447,
  "column_score": 0.02702702702702703,
  "time_ms": 172
}