{
  "sum_of_pairs": 0.7201924619085806,
  "column_score": 0.3767441860465116,
  "time_ms": 162
}