{
  "sum_of_pairs": 0.5064828614008942,
  "column_score": 0.24385245901639344,
  "time_ms": 50
}