{
  "sum_of_pairs": 0.7485127519330876,
  "column_score": 0.047460628324863384,
  "time_ms": 320
}