{
  "sum_of_pairs": 0.6733727082564291,
  "column_score": 0.26744186046511625,
  "time_ms": 108
}