{
  "sum_of_pairs": 0.6410192430533376,
  "column_score": 0.08415841584158416,
  "time_ms": 150
}