{
  "sum_of_pairs": 0.8646611244187685,
  "column_score": 0.16556291390728478,
  "time_ms": 416
}