{
  "sum_of_pairs": 0.8972979797979798,
  "column_score": 0.09583333333333334,
  "time_ms": 650
}