{
  "sum_of_pairs": 0.8540594148974487,
  "column_score": 0.049773755656108594,
  "time_ms": 978
}