{
  "sum_of_pairs": 0.9252271139063591,
  "column_score": 0.02702702702702703,
  "time_ms": 348
}