{
  "sum_of_pairs": 0.7659644448010511,
  "column_score": 0.0442254654760704,
  "time_ms": 390
}