{
  "sum_of_pairs": 0.7867635189669088,
  "column_score": 0.10476190476190476,
  "time_ms": 263
}