{
  "sum_of_pairs": 0.9220987654320988,
  "column_score": 0.041666666666666664,
  "time_ms": 789
}