{
  "sum_of_pairs": 0.8923475838422801,
  "column_score": 0.0546448087431694,
  "time_ms": 238
}