{
  "sum_of_pairs": 0.9507348500598969,
  "column_score": 0.23148148148148148,
  "time_ms": 1796
}