{
  "sum_of_pairs": 0.7458044585455457,
  "column_score": 0.13898305084745763,
  "time_ms": 429
}