{
  "sum_of_pairs": 0.8260120585701981,
  "column_score": 0.27906976744186046,
  "time_ms": 126
}