{
  "sum_of_pairs": 0.8780791404612159,
  "column_score": 0.09722222222222222,
  "time_ms": 348
}