{
  "sum_of_pairs": 0.6987922705314009,
  "column_score": 0.14492753623188406,
  "time_ms": 25
}