{
  "sum_of_pairs": 0.9282063054790327,
  "column_score": 0.07196969696969698,
  "time_ms": 625
}