{
  "sum_of_pairs": 0.7216654959163322,
  "column_score": 0.3382723469372557,
  "time_ms": 252
}