{
  "sum_of_pairs": 0.8769492048788019,
  "column_score": 0.7795275590551181,
  "time_ms": 83
}