{
  "sum_of_pairs": 0.9034302759134973,
  "column_score": 0.8120805369127517,
  "time_ms": 34
}