{
  "sum_of_pairs": 0.799441132637854,
  "column_score": 0.20491803278688525,
  "time_ms": 47
}