{
  "sum_of_pairs": 0.8396043838545844,
  "column_score": 0.5813953488372093,
  "time_ms": 272
}