{
  "sum_of_pairs": 0.7394718359320129,
  "column_score": 0.26548672566371684,
  "time_ms": 216
}