{
  "sum_of_pairs": 0.7888599105812221,
  "column_score": 0.19467213114754098,
  "time_ms": 101
}