{
  "sum_of_pairs": 0.7627186009538951,
  "column_score": 0.2905405405405405,
  "time_ms": 290
}