{
  "sum_of_pairs": 0.6520710533702233,
  "column_score": 0.09815950920245399,
  "time_ms": 79
}