{
  "sum_of_pairs": 0.8408562404553658,
  "column_score": 0.40816326530612246,
  "time_ms": 1390
}