{
  "sum_of_pairs": 0.7594305535482007,
  "column_score": 0.2702702702702703,
  "time_ms": 576
}