{
  "sum_of_pairs": 0.8774123822757449,
  "column_score": 0.7795275590551181,
  "time_ms": 41
}