{
  "sum_of_pairs": 0.7358055906728473,
  "column_score": 0.23008849557522124,
  "time_ms": 388
}