{
  "sum_of_pairs": 0.7839366673641627,
  "column_score": 0.4444444444444444,
  "time_ms": 1696
}