{
  "sum_of_pairs": 0.7908621426926746,
  "column_score": 0.6534653465346535,
  "time_ms": 550
}