{
  "sum_of_pairs": 0.9192766592095452,
  "column_score": 0.8523489932885906,
  "time_ms": 19
}