{
  "sum_of_pairs": 0.8037986704653372,
  "column_score": 0.7037037037037037,
  "time_ms": 130
}