{
  "sum_of_pairs": 0.8049002849002849,
  "column_score": 0.7037037037037037,
  "time_ms": 77
}