{
  "sum_of_pairs": 0.7867065776345077,
  "column_score": 0.6138613861386139,
  "time_ms": 858
}