{
  "sum_of_pairs": 0.8435981535471332,
  "column_score": 0.41836734693877553,
  "time_ms": 802
}