{
  "sum_of_pairs": 0.3529855943042182,
  "column_score": 0.14128188323439736,
  "time_ms": 12
}