{
  "sum_of_pairs": 0.5755437977660199,
  "column_score": 0.3395061728395062,
  "time_ms": 4
}