{
  "sum_of_pairs": 0.42778109057178826,
  "column_score": 0.11627906976744186,
  "time_ms": 30
}