{
  "sum_of_pairs": 0.3669077134986226,
  "column_score": 0.11647727272727272,
  "time_ms": 39
}