{
  "sum_of_pairs": 0.20362903225806453,
  "column_score": 0.14919354838709678,
  "time_ms": 11
}