{
  "sum_of_pairs": 0.7152907872278423,
  "column_score": 0.34394904458598724,
  "time_ms": 20
}