{
  "sum_of_pairs": 0.37067972350230416,
  "column_score": 0.13709677419354838,
  "time_ms": 7
}