{
  "sum_of_pairs": 0.30881307746979386,
  "column_score": 0.0708955223880597,
  "time_ms": 12
}