{
  "sum_of_pairs": 0.4595704948646125,
  "column_score": 0.2605042016806723,
  "time_ms": 15
}