{
  "sum_of_pairs": 0.43703427719821164,
  "column_score": 0.2540983606557377,
  "time_ms": 17
}