{
  "sum_of_pairs": 0.6783427495291902,
  "column_score": 0.4180790960451977,
  "time_ms": 15
}