{
  "sum_of_pairs": 0.6337544339842647,
  "column_score": 0.02912621359223301,
  "time_ms": 1811
}