{
  "sum_of_pairs": 0.7311689526080437,
  "column_score": 0.34523809523809523,
  "time_ms": 1642
}