{
  "sum_of_pairs": 0.35080866094409835,
  "column_score": 0.007980615875352719,
  "time_ms": 2578
}