{
  "sum_of_pairs": 0.4180735930735931,
  "column_score": 0.18181818181818182,
  "time_ms": 72
}