{
  "sum_of_pairs": 0.3222488038277512,
  "column_score": 0.045454545454545456,
  "time_ms": 18
}