{
  "sum_of_pairs": 0.6597075105345782,
  "column_score": 0.012145748987854251,
  "time_ms": 2610
}