{
  "sum_of_pairs": 0.7473156525419306,
  "column_score": 0.023865384052930257,
  "time_ms": 404
}