{
  "sum_of_pairs": 0.763828502415459,
  "column_score": 0.30434782608695654,
  "time_ms": 27
}