{
  "sum_of_pairs": 0.7449110795691742,
  "column_score": 0.1423728813559322,
  "time_ms": 461
}