{
  "sum_of_pairs": 0.8854387656702025,
  "column_score": 0.09289617486338798,
  "time_ms": 247
}