{
  "sum_of_pairs": 0.9380377102577049,
  "column_score": 0.2962962962962963,
  "time_ms": 1865
}