{
  "sum_of_pairs": 0.1295927371311433,
  "column_score": 0.021008323808672107,
  "time_ms": 7
}