{
  "sum_of_pairs": 0.3837981407702523,
  "column_score": 0.2589641434262948,
  "time_ms": 4
}