{
  "sum_of_pairs": 0.30698739977090495,
  "column_score": 0.10309278350515463,
  "time_ms": 13
}