{
  "sum_of_pairs": 0.36654632972322504,
  "column_score": 0.13357400722021662,
  "time_ms": 12
}