{
  "sum_of_pairs": 0.35034013605442177,
  "column_score": 0.1836734693877551,
  "time_ms": 3
}