{
  "sum_of_pairs": 0.3612229354803612,
  "column_score": 0.10891089108910891,
  "time_ms": 34
}