{
  "sum_of_pairs": 0.7521760529068631,
  "column_score": 0.048946317531856395,
  "time_ms": 324
}