{
  "sum_of_pairs": 0.761467813308842,
  "column_score": 0.16610169491525423,
  "time_ms": 369
}