{
  "sum_of_pairs": 0.6592642127115937,
  "column_score": 0.07425742574257425,
  "time_ms": 158
}