{
  "sum_of_pairs": 0.7186830313656731,
  "column_score": 0.09523809523809523,
  "time_ms": 236
}