{
  "sum_of_pairs": 0.9560872018770976,
  "column_score": 0.47685185185185186,
  "time_ms": 1472
}