{
  "sum_of_pairs": 0.8782907998709886,
  "column_score": 0.04861111111111111,
  "time_ms": 285
}