{
  "sum_of_pairs": 0.031246458242668224,
  "column_score": 0.0002658160552897395,
  "time_ms": 5
}