{
  "sum_of_pairs": 0.611405959531846,
  "column_score": 0.22794487487722714,
  "time_ms": 200
}