{
  "sum_of_pairs": 0.6114698881584255,
  "column_score": 0.22781320930777355,
  "time_ms": 211
}