{
  "sum_of_pairs": 0.6104758949746181,
  "column_score": 0.22395197336879766,
  "time_ms": 89
}