{
  "sum_of_pairs": 0.6114059595318462,
  "column_score": 0.22794487487722712,
  "time_ms": 582
}