{
  "sum_of_pairs": 0.5440925979034231,
  "column_score": 0.14948939897985183,
  "time_ms": 176
}