{
  "sum_of_pairs": 0.6713068181818181,
  "column_score": 0.26136363636363635,
  "time_ms": 203
}