{
  "sum_of_pairs": 0.9482210296163784,
  "column_score": 0.7093023255813954,
  "time_ms": 177
}