{
  "sum_of_pairs": 0.6732829237555136,
  "column_score": 0.13043478260869565,
  "time_ms": 33
}