{
  "sum_of_pairs": 0.6830714088778604,
  "column_score": 0.1774193548387097,
  "time_ms": 235
}