{
  "sum_of_pairs": 0.7213623235569295,
  "column_score": 0.19230769230769232,
  "time_ms": 4784
}