{
  "sum_of_pairs": 0.7154334296058251,
  "column_score": 0.19230769230769232,
  "time_ms": 551
}