{
  "sum_of_pairs": 0.8185174136773808,
  "column_score": 0.6572327044025157,
  "time_ms": 275
}