{
  "sum_of_pairs": 0.3028447742733457,
  "column_score": 0.053061224489795916,
  "time_ms": 24
}