{
  "sum_of_pairs": 0.9447757238454912,
  "column_score": 0.6627906976744186,
  "time_ms": 133
}