{
  "sum_of_pairs": 0.7888309729871492,
  "column_score": 0.34146341463414637,
  "time_ms": 178
}