{
  "sum_of_pairs": 0.8261047731445056,
  "column_score": 0.5609756097560976,
  "time_ms": 73
}