{
  "sum_of_pairs": 0.654954719609892,
  "column_score": 0.47701149425287354,
  "time_ms": 20
}