{
  "sum_of_pairs": 0.8065130868861305,
  "column_score": 0.463302752293578,
  "time_ms": 112
}