{
  "sum_of_pairs": 0.87042970858068,
  "column_score": 0.6628440366972477,
  "time_ms": 62
}