{
  "sum_of_pairs": 0.8671189507010403,
  "column_score": 0.309375,
  "time_ms": 821
}