{
  "sum_of_pairs": 0.671957671957672,
  "column_score": 0.37037037037037035,
  "time_ms": 10
}