{
  "sum_of_pairs": 0.4608534322820037,
  "column_score": 0.11836734693877551,
  "time_ms": 48
}