{
  "sum_of_pairs": 0.5584045584045584,
  "column_score": 0.25925925925925924,
  "time_ms": 34
}