{
  "sum_of_pairs": 0.5983901515151515,
  "column_score": 0.23295454545454544,
  "time_ms": 69
}