{
  "sum_of_pairs": 0.7670995670995671,
  "column_score": 0.49142857142857144,
  "time_ms": 101
}