{
  "sum_of_pairs": 0.6971096406580277,
  "column_score": 0.1774193548387097,
  "time_ms": 86
}