{
  "sum_of_pairs": 0.8513307679974347,
  "column_score": 0.5454545454545454,
  "time_ms": 374
}