{
  "sum_of_pairs": 0.769410736322501,
  "column_score": 0.40384615384615385,
  "time_ms": 458
}