{
  "sum_of_pairs": 0.8218769736011116,
  "column_score": 0.0989010989010989,
  "time_ms": 70
}