{
  "sum_of_pairs": 0.3662551440329218,
  "column_score": 0.1419753086419753,
  "time_ms": 19
}