{
  "sum_of_pairs": 0.7123349436392915,
  "column_score": 0.26666666666666666,
  "time_ms": 77
}