{
  "sum_of_pairs": 0.8744643260967888,
  "column_score": 0.309375,
  "time_ms": 3333
}