{
  "sum_of_pairs": 0.6940619533824187,
  "column_score": 0.16346153846153846,
  "time_ms": 912
}