{
  "sum_of_pairs": 0.45161290322580644,
  "column_score": 0.11612903225806452,
  "time_ms": 52
}