{
  "sum_of_pairs": 0.7416700946112711,
  "column_score": 0.3269230769230769,
  "time_ms": 410
}