{
  "sum_of_pairs": 0.6646638801811215,
  "column_score": 0.2614942528735632,
  "time_ms": 46
}