{
  "sum_of_pairs": 0.865748885761201,
  "column_score": 0.13690476190476192,
  "time_ms": 288
}