{
  "sum_of_pairs": 0.5460640891675375,
  "column_score": 0.22413793103448276,
  "time_ms": 62
}