{
  "sum_of_pairs": 0.8118988974900305,
  "column_score": 0.05357142857142857,
  "time_ms": 178
}