{
  "sum_of_pairs": 0.7657446002273588,
  "column_score": 0.06593406593406594,
  "time_ms": 150
}