{
  "sum_of_pairs": 0.6107594936708861,
  "column_score": 0.4240506329113924,
  "time_ms": 30
}