{
  "sum_of_pairs": 0.8161542045189843,
  "column_score": 0.28125,
  "time_ms": 722
}