{
  "sum_of_pairs": 0.6730418943533698,
  "column_score": 0.3770491803278688,
  "time_ms": 4
}