{
  "sum_of_pairs": 0.6449412656309208,
  "column_score": 0.4896551724137931,
  "time_ms": 12
}