{
  "sum_of_pairs": 0.49382716049382713,
  "column_score": 0.2716049382716049,
  "time_ms": 10
}