{
  "sum_of_pairs": 0.6922061191626409,
  "column_score": 0.26666666666666666,
  "time_ms": 143
}