{
  "sum_of_pairs": 0.8162723315241972,
  "column_score": 0.215625,
  "time_ms": 1604
}