{
  "sum_of_pairs": 0.7509321401938852,
  "column_score": 0.4798657718120805,
  "time_ms": 52
}