{
  "sum_of_pairs": 0.7621326745921466,
  "column_score": 0.44881889763779526,
  "time_ms": 88
}