{
  "sum_of_pairs": 0.699639126305793,
  "column_score": 0.37037037037037035,
  "time_ms": 147
}