{
  "sum_of_pairs": 0.513859910581222,
  "column_score": 0.15163934426229508,
  "time_ms": 114
}