{
  "sum_of_pairs": 0.6672654370489174,
  "column_score": 0.2930232558139535,
  "time_ms": 493
}