{
  "sum_of_pairs": 0.8105191427551963,
  "column_score": 0.12329726582349604,
  "time_ms": 573
}