{
  "sum_of_pairs": 0.806406821681917,
  "column_score": 0.1161321332043941,
  "time_ms": 1478
}