{
  "sum_of_pairs": 0.8070943174901869,
  "column_score": 0.11523897297807124,
  "time_ms": 1032
}