{
  "sum_of_pairs": 0.9423821548821549,
  "column_score": 0.25833333333333336,
  "time_ms": 2500
}