{
  "sum_of_pairs": 0.8562815307001354,
  "column_score": 0.5348837209302325,
  "time_ms": 436
}