{
  "sum_of_pairs": 0.803698755948902,
  "column_score": 0.26440677966101694,
  "time_ms": 1650
}