{
  "sum_of_pairs": 0.9567295649995825,
  "column_score": 0.4406779661016949,
  "time_ms": 128
}