{
  "sum_of_pairs": 0.7887445887445887,
  "column_score": 0.18181818181818182,
  "time_ms": 48
}