{
  "sum_of_pairs": 0.9479627619604242,
  "column_score": 0.3135593220338983,
  "time_ms": 269
}