{
  "sum_of_pairs": 0.9731330501846407,
  "column_score": 0.5046296296296297,
  "time_ms": 2675
}