{
  "sum_of_pairs": 0.9343956619900016,
  "column_score": 0.08333333333333333,
  "time_ms": 860
}