{
  "sum_of_pairs": 0.8433981351161154,
  "column_score": 0.29464285714285715,
  "time_ms": 318
}