{
  "sum_of_pairs": 0.9661689991878671,
  "column_score": 0.4797297297297297,
  "time_ms": 1321
}