{
  "sum_of_pairs": 0.6142084460162264,
  "column_score": 0.03289473684210526,
  "time_ms": 176
}