{
  "sum_of_pairs": 0.8110879185104785,
  "column_score": 0.25084745762711863,
  "time_ms": 1294
}