{
  "sum_of_pairs": 0.6937386569872959,
  "column_score": 0.08064516129032258,
  "time_ms": 1449
}