{
  "sum_of_pairs": 0.8488679709609942,
  "column_score": 0.4883720930232558,
  "time_ms": 372
}