{
  "sum_of_pairs": 0.9631612744820292,
  "column_score": 0.42567567567567566,
  "time_ms": 772
}