{
  "sum_of_pairs": 0.7954106280193237,
  "column_score": 0.37681159420289856,
  "time_ms": 23
}