{
  "sum_of_pairs": 0.9722865741978278,
  "column_score": 0.4861111111111111,
  "time_ms": 4641
}