{
  "sum_of_pairs": 0.8546204011320291,
  "column_score": 0.5348837209302325,
  "time_ms": 203
}