{
  "sum_of_pairs": 0.8941776492017572,
  "column_score": 0.04371584699453552,
  "time_ms": 272
}