{
  "sum_of_pairs": 0.9453935935371753,
  "column_score": 0.3509933774834437,
  "time_ms": 1062
}