{
  "sum_of_pairs": 0.8898446373084753,
  "column_score": 0.04371584699453552,
  "time_ms": 641
}