{
  "sum_of_pairs": 0.9434259259259259,
  "column_score": 0.26666666666666666,
  "time_ms": 1316
}