{
  "sum_of_pairs": 0.889248901746491,
  "column_score": 0.03278688524590164,
  "time_ms": 491
}