{
  "sum_of_pairs": 0.6822200105380247,
  "column_score": 0.04838709677419355,
  "time_ms": 611
}