{
  "sum_of_pairs": 0.7872584541062801,
  "column_score": 0.34057971014492755,
  "time_ms": 37
}