{
  "sum_of_pairs": 0.9458808886383918,
  "column_score": 0.3509933774834437,
  "time_ms": 1602
}