{
  "sum_of_pairs": 0.679961165427473,
  "column_score": 0.04838709677419355,
  "time_ms": 1111
}