{
  "sum_of_pairs": 0.7742135100606835,
  "column_score": 0.21782178217821782,
  "time_ms": 420
}