{
  "sum_of_pairs": 0.9332644628099174,
  "column_score": 0.10984848484848485,
  "time_ms": 1751
}