{
  "sum_of_pairs": 0.9756576276891701,
  "column_score": 0.5046296296296297,
  "time_ms": 6390
}