{
  "sum_of_pairs": 0.8050120772946859,
  "column_score": 0.3695652173913043,
  "time_ms": 48
}