{
  "sum_of_pairs": 0.9544126241963764,
  "column_score": 0.4152542372881356,
  "time_ms": 248
}