{
  "sum_of_pairs": 0.9442452300785634,
  "column_score": 0.26666666666666666,
  "time_ms": 3604
}