{
  "sum_of_pairs": 0.6239858539629707,
  "column_score": 0.03289473684210526,
  "time_ms": 108
}