{
  "sum_of_pairs": 0.4537051983005531,
  "column_score": 0.21146038464870773,
  "time_ms": 10
}