{
  "sum_of_pairs": 0.3667279268309724,
  "column_score": 0.14783858944676564,
  "time_ms": 20
}