{
  "sum_of_pairs": 0.6552028218694885,
  "column_score": 0.35802469135802467,
  "time_ms": 3
}