{
  "sum_of_pairs": 0.40986570247933884,
  "column_score": 0.2215909090909091,
  "time_ms": 38
}