{
  "sum_of_pairs": 0.442203548085901,
  "column_score": 0.31932773109243695,
  "time_ms": 16
}