{
  "sum_of_pairs": 0.7724074767911411,
  "column_score": 0.3184713375796178,
  "time_ms": 35
}