{
  "sum_of_pairs": 0.4248400852878465,
  "column_score": 0.22761194029850745,
  "time_ms": 12
}