{
  "sum_of_pairs": 0.5289120715350224,
  "column_score": 0.21311475409836064,
  "time_ms": 13
}