{
  "sum_of_pairs": 0.5068456134029905,
  "column_score": 0.3480453972257251,
  "time_ms": 56
}