{
  "sum_of_pairs": 0.22887864823348694,
  "column_score": 0.055299539170506916,
  "time_ms": 3
}