{
  "sum_of_pairs": 0.7425438596491228,
  "column_score": 0.5263157894736842,
  "time_ms": 12
}