{
  "sum_of_pairs": 0.8331043670121977,
  "column_score": 0.46496815286624205,
  "time_ms": 20
}