{
  "sum_of_pairs": 0.38277649769585254,
  "column_score": 0.12903225806451613,
  "time_ms": 9
}