{
  "sum_of_pairs": 0.5386719905353445,
  "column_score": 0.37888198757763975,
  "time_ms": 23
}