{
  "sum_of_pairs": 0.6409164639091647,
  "column_score": 0.31386861313868614,
  "time_ms": 18
}