{
  "sum_of_pairs": 0.2865853658536585,
  "column_score": 0.21951219512195122,
  "time_ms": 2
}