{
  "sum_of_pairs": 0.6491552695092518,
  "column_score": 0.3163716814159292,
  "time_ms": 20
}