{
  "sum_of_pairs": 0.25998225377107365,
  "column_score": 0.09316770186335403,
  "time_ms": 10
}