{
  "sum_of_pairs": 0.7741281427412814,
  "column_score": 0.635036496350365,
  "time_ms": 4
}