{
  "sum_of_pairs": 0.12721774193548388,
  "column_score": 0.02620967741935484,
  "time_ms": 20
}