{
  "sum_of_pairs": 0.5922036143438357,
  "column_score": 0.11070110701107011,
  "time_ms": 18
}