{
  "sum_of_pairs": 0.48559670781893005,
  "column_score": 0.20987654320987653,
  "time_ms": 5
}