{
  "sum_of_pairs": 0.47473743968208915,
  "column_score": 0.07749077490774908,
  "time_ms": 38
}