{
  "sum_of_pairs": 0.48694779116465864,
  "column_score": 0.40963855421686746,
  "time_ms": 2
}