{
  "sum_of_pairs": 0.15463709677419354,
  "column_score": 0.05241935483870968,
  "time_ms": 8
}