{
  "sum_of_pairs": 0.5269911504424779,
  "column_score": 0.1747787610619469,
  "time_ms": 32
}