{
  "sum_of_pairs": 0.7287630402384501,
  "column_score": 0.5469448584202683,
  "time_ms": 32
}