{
  "sum_of_pairs": 0.6596491228070176,
  "column_score": 0.4144736842105263,
  "time_ms": 44
}