{
  "sum_of_pairs": 0.44892641234104647,
  "column_score": 0.10569105691056911,
  "time_ms": 35
}