{
  "sum_of_pairs": 0.645320197044335,
  "column_score": 0.4729064039408867,
  "time_ms": 16
}