{
  "sum_of_pairs": 0.4838709677419355,
  "column_score": 0.25806451612903225,
  "time_ms": 4
}