{
  "sum_of_pairs": 0.5241830065359477,
  "column_score": 0.44537815126050423,
  "time_ms": 10
}