{
  "sum_of_pairs": 0.5820247796991983,
  "column_score": 0.011627906976744186,
  "time_ms": 34
}