{
  "sum_of_pairs": 0.6034825870646766,
  "column_score": 0.49402985074626865,
  "time_ms": 12
}