{
  "sum_of_pairs": 0.637385388938184,
  "column_score": 0.4720496894409938,
  "time_ms": 15
}