{
  "sum_of_pairs": 0.8141414141414142,
  "column_score": 0.4666666666666667,
  "time_ms": 26
}