{
  "sum_of_pairs": 0.735838496425504,
  "column_score": 0.5757699338273824,
  "time_ms": 21
}