{
  "sum_of_pairs": 0.7082052391698527,
  "column_score": 0.5277973472255421,
  "time_ms": 40
}