{
  "sum_of_pairs": 0.8507751937984496,
  "column_score": 0.6511627906976745,
  "time_ms": 1
}