{
  "sum_of_pairs": 0.8192118226600985,
  "column_score": 0.6822660098522167,
  "time_ms": 21
}