{
  "sum_of_pairs": 0.8731668085911628,
  "column_score": 0.6346863468634686,
  "time_ms": 63
}