{
  "sum_of_pairs": 0.8332512315270936,
  "column_score": 0.7068965517241379,
  "time_ms": 11
}