{
  "sum_of_pairs": 0.887781954887218,
  "column_score": 0.6710526315789473,
  "time_ms": 28
}