{
  "sum_of_pairs": 0.3103448275862069,
  "column_score": 0.1896551724137931,
  "time_ms": 3
}