{
  "sum_of_pairs": 0.9152473641524737,
  "column_score": 0.7956204379562044,
  "time_ms": 7
}