{
  "sum_of_pairs": 0.7286866359447005,
  "column_score": 0.5403225806451613,
  "time_ms": 14
}