{
  "sum_of_pairs": 0.9300604544506984,
  "column_score": 0.8373983739837398,
  "time_ms": 60
}