{
  "sum_of_pairs": 0.7977401129943503,
  "column_score": 0.6497175141242938,
  "time_ms": 30
}