{
  "sum_of_pairs": 0.5712328767123288,
  "column_score": 0.2465753424657534,
  "time_ms": 8
}