{
  "sum_of_pairs": 0.965034965034965,
  "column_score": 0.9435897435897436,
  "time_ms": 36
}