{
  "sum_of_pairs": 0.7274342572850035,
  "column_score": 0.5447761194029851,
  "time_ms": 17
}