{
  "sum_of_pairs": 0.712511091393079,
  "column_score": 0.5962732919254659,
  "time_ms": 19
}