{
  "sum_of_pairs": 0.5355691056910569,
  "column_score": 0.40853658536585363,
  "time_ms": 3
}