{
  "sum_of_pairs": 0.2598790322580645,
  "column_score": 0.22379032258064516,
  "time_ms": 19
}