{
  "sum_of_pairs": 0.8845593439074143,
  "column_score": 0.6751592356687898,
  "time_ms": 50
}