{
  "sum_of_pairs": 0.8773182957393484,
  "column_score": 0.6710526315789473,
  "time_ms": 36
}