{
  "sum_of_pairs": 0.8777728482697427,
  "column_score": 0.7846790890269151,
  "time_ms": 25
}