{
  "sum_of_pairs": 0.7840961627369394,
  "column_score": 0.49514563106796117,
  "time_ms": 22
}