{
  "sum_of_pairs": 0.697317436661699,
  "column_score": 0.44672131147540983,
  "time_ms": 41
}