{
  "sum_of_pairs": 0.838897827835881,
  "column_score": 0.6792035398230089,
  "time_ms": 37
}