{
  "sum_of_pairs": 0.7668650793650794,
  "column_score": 0.6309523809523809,
  "time_ms": 2
}