{
  "sum_of_pairs": 0.8656716417910447,
  "column_score": 0.8223880597014925,
  "time_ms": 15
}