{
  "sum_of_pairs": 0.6550878099173554,
  "column_score": 0.4119318181818182,
  "time_ms": 171
}