{
  "sum_of_pairs": 0.6702393250688705,
  "column_score": 0.4403409090909091,
  "time_ms": 92
}