{
  "sum_of_pairs": 0.7787114845938375,
  "column_score": 0.5042016806722689,
  "time_ms": 30
}