{
  "sum_of_pairs": 0.8242971887550201,
  "column_score": 0.7710843373493976,
  "time_ms": 1
}