{
  "sum_of_pairs": 0.8225663716814159,
  "column_score": 0.6327433628318584,
  "time_ms": 71
}