{
  "sum_of_pairs": 0.8688158961881589,
  "column_score": 0.656934306569343,
  "time_ms": 8
}