{
  "sum_of_pairs": 0.678082191780822,
  "column_score": 0.4794520547945205,
  "time_ms": 4
}