{
  "sum_of_pairs": 0.5752032520325203,
  "column_score": 0.4634146341463415,
  "time_ms": 2
}