{
  "sum_of_pairs": 0.5370370370370371,
  "column_score": 0.1111111111111111,
  "time_ms": 0
}