{
  "sum_of_pairs": 0.7060827250608273,
  "column_score": 0.5766423357664233,
  "time_ms": 4
}