{
  "sum_of_pairs": 0.7855341379931544,
  "column_score": 0.6204287515762925,
  "time_ms": 85
}