{
  "sum_of_pairs": 0.8547027506654836,
  "column_score": 0.7246376811594203,
  "time_ms": 98
}