{
  "sum_of_pairs": 0.7341589861751152,
  "column_score": 0.5564516129032258,
  "time_ms": 9
}