{
  "sum_of_pairs": 0.8320413436692506,
  "column_score": 0.6046511627906976,
  "time_ms": 1
}