{
  "sum_of_pairs": 0.8772345301757066,
  "column_score": 0.5428571428571428,
  "time_ms": 343
}