{
  "sum_of_pairs": 0.8220566318926975,
  "column_score": 0.6527570789865872,
  "time_ms": 73
}