{
  "sum_of_pairs": 0.7153284671532847,
  "column_score": 0.6058394160583942,
  "time_ms": 3
}