{
  "sum_of_pairs": 0.267816091954023,
  "column_score": 0.16206896551724137,
  "time_ms": 15
}