{
  "sum_of_pairs": 0.7942110177404295,
  "column_score": 0.5378151260504201,
  "time_ms": 17
}