{
  "sum_of_pairs": 0.7588841506751954,
  "column_score": 0.6007462686567164,
  "time_ms": 10
}