{
  "sum_of_pairs": 0.8300970873786407,
  "column_score": 0.5825242718446602,
  "time_ms": 6
}