{
  "sum_of_pairs": 0.8253968253968254,
  "column_score": 0.6904761904761905,
  "time_ms": 2
}