{
  "sum_of_pairs": 0.8612580834803057,
  "column_score": 0.8271604938271605,
  "time_ms": 3
}