{
  "sum_of_pairs": 0.5171997120526532,
  "column_score": 0.16346153846153846,
  "time_ms": 183
}