{
  "sum_of_pairs": 0.6191218305504019,
  "column_score": 0.18285714285714286,
  "time_ms": 33
}