{
  "sum_of_pairs": 0.3986379928315412,
  "column_score": 0.1870967741935484,
  "time_ms": 23
}