{
  "sum_of_pairs": 0.6478615445499774,
  "column_score": 0.01875,
  "time_ms": 715
}