{
  "sum_of_pairs": 0.49008757997422026,
  "column_score": 0.2618147010455166,
  "time_ms": 12
}