{
  "sum_of_pairs": 0.388616493248794,
  "column_score": 0.16637478588064594,
  "time_ms": 19
}