{
  "sum_of_pairs": 0.5554396423248882,
  "column_score": 0.29508196721311475,
  "time_ms": 20
}