{
  "sum_of_pairs": 0.42865928659286595,
  "column_score": 0.05166051660516605,
  "time_ms": 42
}