{
  "sum_of_pairs": 0.3243951612903226,
  "column_score": 0.12903225806451613,
  "time_ms": 12
}