{
  "sum_of_pairs": 0.32362459546925565,
  "column_score": 0.024271844660194174,
  "time_ms": 8
}