{
  "sum_of_pairs": 0.5070394207562349,
  "column_score": 0.19690265486725664,
  "time_ms": 49
}