{
  "sum_of_pairs": 0.6140977443609023,
  "column_score": 0.2565789473684211,
  "time_ms": 19
}