{
  "sum_of_pairs": 0.6778235710420049,
  "column_score": 0.27388535031847133,
  "time_ms": 30
}