{
  "sum_of_pairs": 0.5667072181670721,
  "column_score": 0.2773722627737226,
  "time_ms": 7
}