{
  "sum_of_pairs": 0.44687208216619984,
  "column_score": 0.23529411764705882,
  "time_ms": 15
}