{
  "sum_of_pairs": 0.4772727272727273,
  "column_score": 0.19672131147540983,
  "time_ms": 25
}