{
  "sum_of_pairs": 0.40262970859985786,
  "column_score": 0.08955223880597014,
  "time_ms": 14
}