{
  "sum_of_pairs": 0.7569626576745347,
  "column_score": 0.2929936305732484,
  "time_ms": 29
}