{
  "sum_of_pairs": 0.4218146718146718,
  "column_score": 0.16216216216216217,
  "time_ms": 1
}