{
  "sum_of_pairs": 0.6881100266193434,
  "column_score": 0.567287784679089,
  "time_ms": 15
}