{
  "sum_of_pairs": 0.28493150684931506,
  "column_score": 0.1095890410958904,
  "time_ms": 7
}