{
  "sum_of_pairs": 0.5645951035781545,
  "column_score": 0.1638418079096045,
  "time_ms": 18
}