{
  "sum_of_pairs": 0.6182811723795331,
  "column_score": 0.3651266766020864,
  "time_ms": 53
}