{
  "sum_of_pairs": 0.24173387096774193,
  "column_score": 0.09879032258064516,
  "time_ms": 14
}