{
  "sum_of_pairs": 0.5817779565567176,
  "column_score": 0.2610619469026549,
  "time_ms": 19
}