{
  "sum_of_pairs": 0.4534246575342466,
  "column_score": 0.273972602739726,
  "time_ms": 4
}