{
  "sum_of_pairs": 0.5581928423543331,
  "column_score": 0.3333333333333333,
  "time_ms": 28
}