{
  "sum_of_pairs": 0.5568475452196382,
  "column_score": 0.4418604651162791,
  "time_ms": 2
}