{
  "sum_of_pairs": 0.8520590520590521,
  "column_score": 0.6307692307692307,
  "time_ms": 25
}