{
  "sum_of_pairs": 0.5079264997297784,
  "column_score": 0.3493064312736444,
  "time_ms": 76
}