{
  "sum_of_pairs": 0.36438923395445133,
  "column_score": 0.22981366459627328,
  "time_ms": 9
}