{
  "sum_of_pairs": 0.6575564831378785,
  "column_score": 0.22093023255813954,
  "time_ms": 34
}