{
  "sum_of_pairs": 0.3384146341463415,
  "column_score": 0.2621951219512195,
  "time_ms": 4
}