{
  "sum_of_pairs": 0.4379820721284136,
  "column_score": 0.10569105691056911,
  "time_ms": 34
}