{
  "sum_of_pairs": 0.39227642276422764,
  "column_score": 0.29878048780487804,
  "time_ms": 2
}