{
  "sum_of_pairs": 0.41279269972451793,
  "column_score": 0.16193181818181818,
  "time_ms": 51
}