{
  "sum_of_pairs": 0.6984126984126984,
  "column_score": 0.5740740740740741,
  "time_ms": 3
}