{
  "sum_of_pairs": 0.6295566502463055,
  "column_score": 0.47044334975369456,
  "time_ms": 14
}