{
  "sum_of_pairs": 0.5050200803212851,
  "column_score": 0.5602409638554217,
  "time_ms": 2
}