{
  "sum_of_pairs": 0.5360607541631321,
  "column_score": 0.052956841118546275,
  "time_ms": 1595
}