{
  "sum_of_pairs": 0.5302449944036811,
  "column_score": 0.1411764705882353,
  "time_ms": 210
}