{
  "sum_of_pairs": 0.5100958774975284,
  "column_score": 0.11304347826086956,
  "time_ms": 844
}