{
  "sum_of_pairs": 0.5027895455702942,
  "column_score": 0.09090909090909091,
  "time_ms": 162
}