{
  "sum_of_pairs": 0.6836871667936024,
  "column_score": 0.009900990099009901,
  "time_ms": 1040
}