{
  "sum_of_pairs": 0.720543747188484,
  "column_score": 0.07017543859649122,
  "time_ms": 1277
}