{
  "sum_of_pairs": 0.45106957623270155,
  "column_score": 0.13953488372093023,
  "time_ms": 4692
}