{
  "sum_of_pairs": 0.6947394698620188,
  "column_score": 0.10294117647058823,
  "time_ms": 2007
}