{
  "sum_of_pairs": 0.576937441643324,
  "column_score": 0.2081447963800905,
  "time_ms": 406
}