{
  "sum_of_pairs": 0.7911628077838893,
  "column_score": 0.3968253968253968,
  "time_ms": 4642
}