{
  "sum_of_pairs": 0.4748417820372491,
  "column_score": 0.12432714001434429,
  "time_ms": 80
}