{
  "sum_of_pairs": 0.3712522045855379,
  "column_score": 0.015873015873015872,
  "time_ms": 39
}