{
  "sum_of_pairs": 0.24861923326835608,
  "column_score": 0.1388888888888889,
  "time_ms": 24
}