{
  "sum_of_pairs": 0.6457939508506616,
  "column_score": 0.10869565217391304,
  "time_ms": 15
}