{
  "sum_of_pairs": 0.803314393939394,
  "column_score": 0.209375,
  "time_ms": 834
}