{
  "sum_of_pairs": 0.7051595620778011,
  "column_score": 0.19791666666666666,
  "time_ms": 311
}