{
  "sum_of_pairs": 0.5072709857192615,
  "column_score": 0.367816091954023,
  "time_ms": 21
}