{
  "sum_of_pairs": 0.7664496833216045,
  "column_score": 0.09523809523809523,
  "time_ms": 69
}