{
  "sum_of_pairs": 0.7040940012368584,
  "column_score": 0.3314285714285714,
  "time_ms": 28
}