{
  "sum_of_pairs": 0.6285822021116139,
  "column_score": 0.18269230769230768,
  "time_ms": 217
}