{
  "sum_of_pairs": 0.772384187752209,
  "column_score": 0.3836381466967448,
  "time_ms": 639
}