{
  "sum_of_pairs": 0.7781516309332179,
  "column_score": 0.40343409671144054,
  "time_ms": 336
}