{
  "sum_of_pairs": 0.8885189039195283,
  "column_score": 0.3870967741935484,
  "time_ms": 335
}