{
  "sum_of_pairs": 0.8754073512694203,
  "column_score": 0.7448275862068966,
  "time_ms": 35
}