{
  "sum_of_pairs": 0.8637306321129851,
  "column_score": 0.40865384615384615,
  "time_ms": 1536
}