{
  "sum_of_pairs": 0.9915855032134102,
  "column_score": 0.9186046511627907,
  "time_ms": 276
}