{
  "sum_of_pairs": 0.7141619407687461,
  "column_score": 0.2391304347826087,
  "time_ms": 47
}