{
  "sum_of_pairs": 0.8279835390946502,
  "column_score": 0.7654320987654321,
  "time_ms": 32
}