{
  "sum_of_pairs": 0.8896299103195655,
  "column_score": 0.32967032967032966,
  "time_ms": 238
}