{
  "sum_of_pairs": 0.8278474399164054,
  "column_score": 0.5517241379310345,
  "time_ms": 87
}