{
  "sum_of_pairs": 0.9284811736770692,
  "column_score": 0.478125,
  "time_ms": 4202
}