{
  "sum_of_pairs": 0.9141372709871479,
  "column_score": 0.7861635220125787,
  "time_ms": 345
}