{
  "sum_of_pairs": 0.9282245008094981,
  "column_score": 0.7568807339449541,
  "time_ms": 461
}