{
  "sum_of_pairs": 0.7096721554665479,
  "column_score": 0.32710280373831774,
  "time_ms": 957
}