{
  "sum_of_pairs": 0.8226963512677798,
  "column_score": 0.6204081632653061,
  "time_ms": 74
}