{
  "sum_of_pairs": 0.6156272401433692,
  "column_score": 0.035483870967741936,
  "time_ms": 75
}