{
  "sum_of_pairs": 0.8592896174863388,
  "column_score": 0.5737704918032787,
  "time_ms": 4
}