{
  "sum_of_pairs": 0.8152263374485597,
  "column_score": 0.7160493827160493,
  "time_ms": 37
}