{
  "sum_of_pairs": 0.7629453577165995,
  "column_score": 0.08641975308641975,
  "time_ms": 411
}