{
  "sum_of_pairs": 0.7612508527541207,
  "column_score": 0.08641975308641975,
  "time_ms": 1045
}