{
  "sum_of_pairs": 0.8859721838445243,
  "column_score": 0.5390070921985816,
  "time_ms": 126
}