{
  "sum_of_pairs": 0.709830483917705,
  "column_score": 0.22058823529411764,
  "time_ms": 226
}