{
  "sum_of_pairs": 0.7148790980566682,
  "column_score": 0.3925233644859813,
  "time_ms": 496
}