{
  "sum_of_pairs": 0.6714576595999521,
  "column_score": 0.3333333333333333,
  "time_ms": 75
}