{
  "sum_of_pairs": 0.974587141253808,
  "column_score": 0.8484848484848485,
  "time_ms": 474
}