{
  "sum_of_pairs": 0.8273345701917131,
  "column_score": 0.636734693877551,
  "time_ms": 63
}