{
  "sum_of_pairs": 0.9008511979823455,
  "column_score": 0.2980769230769231,
  "time_ms": 4609
}