{
  "sum_of_pairs": 0.9364737274220033,
  "column_score": 0.6488095238095238,
  "time_ms": 325
}