{
  "sum_of_pairs": 0.9024579994305008,
  "column_score": 0.3269230769230769,
  "time_ms": 3250
}