{
  "sum_of_pairs": 0.7851759948534142,
  "column_score": 0.5967741935483871,
  "time_ms": 384
}