{
  "sum_of_pairs": 0.8472222222222222,
  "column_score": 0.5949367088607594,
  "time_ms": 18
}