{
  "sum_of_pairs": 0.8277074542897328,
  "column_score": 0.5063291139240507,
  "time_ms": 53
}