{
  "sum_of_pairs": 0.8814896687237113,
  "column_score": 0.49645390070921985,
  "time_ms": 150
}