{
  "sum_of_pairs": 0.927569573283859,
  "column_score": 0.6514285714285715,
  "time_ms": 63
}