{
  "sum_of_pairs": 0.9534052527370137,
  "column_score": 0.6666666666666666,
  "time_ms": 2218
}