{
  "sum_of_pairs": 0.9747474747474747,
  "column_score": 0.8484848484848485,
  "time_ms": 246
}