{
  "sum_of_pairs": 0.9398604269293924,
  "column_score": 0.6904761904761905,
  "time_ms": 126
}