{
  "sum_of_pairs": 0.7762103796586555,
  "column_score": 0.6350574712643678,
  "time_ms": 72
}