{
  "sum_of_pairs": 0.8793109100445843,
  "column_score": 0.6504065040650406,
  "time_ms": 439
}