{
  "sum_of_pairs": 0.8214472309299895,
  "column_score": 0.5431034482758621,
  "time_ms": 93
}