{
  "sum_of_pairs": 0.8933658933658933,
  "column_score": 0.7037037037037037,
  "time_ms": 25
}