{
  "sum_of_pairs": 0.8469318181818182,
  "column_score": 0.5568181818181818,
  "time_ms": 118
}