{
  "sum_of_pairs": 0.8458712121212121,
  "column_score": 0.5568181818181818,
  "time_ms": 200
}