{
  "sum_of_pairs": 0.86484471410942,
  "column_score": 0.4182692307692308,
  "time_ms": 640
}