{
  "sum_of_pairs": 0.8890488821523305,
  "column_score": 0.8275862068965517,
  "time_ms": 22
}