{
  "sum_of_pairs": 0.9286677408412483,
  "column_score": 0.484375,
  "time_ms": 2459
}