{
  "sum_of_pairs": 0.7133284600389863,
  "column_score": 0.4513888888888889,
  "time_ms": 182
}