{
  "sum_of_pairs": 0.7170646523716699,
  "column_score": 0.4652777777777778,
  "time_ms": 139
}