{
  "sum_of_pairs": 0.7300925925925926,
  "column_score": 0.31666666666666665,
  "time_ms": 22
}