{
  "sum_of_pairs": 0.7352335164835165,
  "column_score": 0.4230769230769231,
  "time_ms": 292
}