{
  "sum_of_pairs": 0.6284693214517776,
  "column_score": 0.3333333333333333,
  "time_ms": 95
}