{
  "sum_of_pairs": 0.7053390321645899,
  "column_score": 0.22058823529411764,
  "time_ms": 543
}