{
  "sum_of_pairs": 0.9314624932541824,
  "column_score": 0.7729357798165137,
  "time_ms": 152
}