{
  "sum_of_pairs": 0.5650717703349283,
  "column_score": 0.21052631578947367,
  "time_ms": 6
}