{
  "sum_of_pairs": 0.8886114001618685,
  "column_score": 0.3978494623655914,
  "time_ms": 195
}