{
  "sum_of_pairs": 0.8805730396013638,
  "column_score": 0.6504065040650406,
  "time_ms": 161
}