{
  "sum_of_pairs": 0.7187634849463508,
  "column_score": 0.34208604505972523,
  "time_ms": 436
}