{
  "sum_of_pairs": 0.7247324111614388,
  "column_score": 0.35504782487233366,
  "time_ms": 263
}