{
  "sum_of_pairs": 0.8870500927643785,
  "column_score": 0.7028571428571428,
  "time_ms": 59
}