{
  "sum_of_pairs": 0.5129186602870813,
  "column_score": 0.02631578947368421,
  "time_ms": 5
}