{
  "sum_of_pairs": 0.505039339358866,
  "column_score": 0.27218934911242604,
  "time_ms": 65
}