{
  "sum_of_pairs": 0.8372171563660925,
  "column_score": 0.48936170212765956,
  "time_ms": 66
}