{
  "sum_of_pairs": 0.5133203378817414,
  "column_score": 0.14583333333333334,
  "time_ms": 79
}