{
  "sum_of_pairs": 0.8218826192964124,
  "column_score": 0.5258620689655172,
  "time_ms": 72
}