{
  "sum_of_pairs": 0.9080612378704432,
  "column_score": 0.6585365853658537,
  "time_ms": 287
}