{
  "sum_of_pairs": 0.9023199023199023,
  "column_score": 0.7037037037037037,
  "time_ms": 18
}