{
  "sum_of_pairs": 0.8000873081518243,
  "column_score": 0.4274193548387097,
  "time_ms": 315
}