{
  "sum_of_pairs": 0.9114706268030422,
  "column_score": 0.6991869918699187,
  "time_ms": 142
}