{
  "sum_of_pairs": 0.7106369820655535,
  "column_score": 0.40816326530612246,
  "time_ms": 29
}