{
  "sum_of_pairs": 0.8501199949475812,
  "column_score": 0.07692307692307693,
  "time_ms": 143
}