{
  "sum_of_pairs": 0.7264144715125107,
  "column_score": 0.19753086419753085,
  "time_ms": 341
}