{
  "sum_of_pairs": 0.6928880643166357,
  "column_score": 0.37142857142857144,
  "time_ms": 80
}