{
  "sum_of_pairs": 0.7948488190423675,
  "column_score": 0.41935483870967744,
  "time_ms": 590
}