{
  "sum_of_pairs": 0.7093535978984895,
  "column_score": 0.4605263157894737,
  "time_ms": 159
}