{
  "sum_of_pairs": 0.7429066944155394,
  "column_score": 0.06451612903225806,
  "time_ms": 191
}