{
  "sum_of_pairs": 0.9209916725310814,
  "column_score": 0.36904761904761907,
  "time_ms": 194
}