{
  "sum_of_pairs": 0.8962148962148963,
  "column_score": 0.6666666666666666,
  "time_ms": 38
}