{
  "sum_of_pairs": 0.5030458089668616,
  "column_score": 0.13194444444444445,
  "time_ms": 213
}