{
  "sum_of_pairs": 0.8725946969696969,
  "column_score": 0.5681818181818182,
  "time_ms": 79
}