{
  "sum_of_pairs": 0.9941032266613662,
  "column_score": 0.9418604651162791,
  "time_ms": 125
}