{
  "sum_of_pairs": 0.7725925925925926,
  "column_score": 0.26666666666666666,
  "time_ms": 162
}