{
  "sum_of_pairs": 0.7745901639344263,
  "column_score": 0.5737704918032787,
  "time_ms": 4
}