{
  "sum_of_pairs": 0.8094740508533612,
  "column_score": 0.6149425287356322,
  "time_ms": 31
}