{
  "sum_of_pairs": 0.8731337627889352,
  "column_score": 0.7586206896551724,
  "time_ms": 32
}