{
  "sum_of_pairs": 0.7250940780352545,
  "column_score": 0.19753086419753085,
  "time_ms": 620
}