{
  "sum_of_pairs": 0.8069620253164557,
  "column_score": 0.6075949367088608,
  "time_ms": 15
}