{
  "sum_of_pairs": 0.7062576226662914,
  "column_score": 0.4473684210526316,
  "time_ms": 292
}