{
  "sum_of_pairs": 0.7985232067510548,
  "column_score": 0.5822784810126582,
  "time_ms": 25
}