{
  "sum_of_pairs": 0.5175627240143369,
  "column_score": 0.04516129032258064,
  "time_ms": 63
}