{
  "sum_of_pairs": 0.5397132616487456,
  "column_score": 0.06129032258064516,
  "time_ms": 27
}