{
  "sum_of_pairs": 0.882215823392294,
  "column_score": 0.5721153846153846,
  "time_ms": 469
}