{
  "sum_of_pairs": 0.9143485718547244,
  "column_score": 0.7264150943396226,
  "time_ms": 400
}