{
  "sum_of_pairs": 0.42281630000928244,
  "column_score": 0.06349206349206349,
  "time_ms": 136
}