{
  "sum_of_pairs": 0.8833816783594172,
  "column_score": 0.676605504587156,
  "time_ms": 120
}