{
  "sum_of_pairs": 0.879064355099838,
  "column_score": 0.6697247706422018,
  "time_ms": 226
}