{
  "sum_of_pairs": 0.6024691358024692,
  "column_score": 0.3271604938271605,
  "time_ms": 33
}