{
  "sum_of_pairs": 0.7878071833648393,
  "column_score": 0.6521739130434783,
  "time_ms": 52
}