{
  "sum_of_pairs": 0.880656108597285,
  "column_score": 0.5721153846153846,
  "time_ms": 969
}