{
  "sum_of_pairs": 0.9160638377209337,
  "column_score": 0.7264150943396226,
  "time_ms": 222
}