{
  "sum_of_pairs": 0.5066985645933014,
  "column_score": 0.02631578947368421,
  "time_ms": 13
}