{
  "sum_of_pairs": 0.5412506745233189,
  "column_score": 0.05697022241222062,
  "time_ms": 1790
}