{
  "sum_of_pairs": 0.5266337940134732,
  "column_score": 0.19480519480519481,
  "time_ms": 198
}