{
  "sum_of_pairs": 0.66050290486565,
  "column_score": 0.04411764705882353,
  "time_ms": 2051
}