{
  "sum_of_pairs": 0.5481901906189762,
  "column_score": 0.13186813186813187,
  "time_ms": 7565
}