{
  "sum_of_pairs": 0.8327819548872181,
  "column_score": 0.14979757085020243,
  "time_ms": 1434
}