{
  "sum_of_pairs": 0.5649818592755605,
  "column_score": 0.19130434782608696,
  "time_ms": 2690
}