{
  "sum_of_pairs": 0.6693124476103647,
  "column_score": 0.1349206349206349,
  "time_ms": 5436
}