{
  "sum_of_pairs": 0.8313315339631129,
  "column_score": 0.2573099415204678,
  "time_ms": 1211
}