{
  "sum_of_pairs": 0.6074183673469388,
  "column_score": 0.11666666666666667,
  "time_ms": 846
}