{
  "sum_of_pairs": 0.6266327657305101,
  "column_score": 0.08791208791208792,
  "time_ms": 1198
}