{
  "sum_of_pairs": 0.7313830682885114,
  "column_score": 0.5259255256643169,
  "time_ms": 45
}