{
  "sum_of_pairs": 0.8345771144278606,
  "column_score": 0.7776119402985074,
  "time_ms": 37
}