{
  "sum_of_pairs": 0.7472977841830301,
  "column_score": 0.5889029003783102,
  "time_ms": 35
}