{
  "sum_of_pairs": 0.8654926938928438,
  "column_score": 0.6751592356687898,
  "time_ms": 95
}