{
  "sum_of_pairs": 0.9205753595997499,
  "column_score": 0.7804878048780488,
  "time_ms": 30
}