{
  "sum_of_pairs": 0.7994038748137109,
  "column_score": 0.6527570789865872,
  "time_ms": 118
}