{
  "sum_of_pairs": 0.7897292250233426,
  "column_score": 0.46218487394957986,
  "time_ms": 26
}