{
  "sum_of_pairs": 0.6756912442396313,
  "column_score": 0.3870967741935484,
  "time_ms": 12
}