{
  "sum_of_pairs": 0.6736947791164659,
  "column_score": 0.5963855421686747,
  "time_ms": 3
}