{
  "sum_of_pairs": 0.7683013503909026,
  "column_score": 0.5223880597014925,
  "time_ms": 20
}