{
  "sum_of_pairs": 0.955050505050505,
  "column_score": 0.8166666666666667,
  "time_ms": 12
}