{
  "sum_of_pairs": 0.8763333995892135,
  "column_score": 0.45348837209302323,
  "time_ms": 104
}