{
  "sum_of_pairs": 0.5994208494208494,
  "column_score": 0.4594594594594595,
  "time_ms": 3
}