{
  "sum_of_pairs": 0.6107723577235772,
  "column_score": 0.5121951219512195,
  "time_ms": 5
}