{
  "sum_of_pairs": 0.8208974995860242,
  "column_score": 0.698956780923994,
  "time_ms": 126
}