{
  "sum_of_pairs": 0.9699300699300699,
  "column_score": 0.8615384615384616,
  "time_ms": 24
}