{
  "sum_of_pairs": 0.8174863387978142,
  "column_score": 0.698956780923994,
  "time_ms": 56
}