{
  "sum_of_pairs": 0.4592741935483871,
  "column_score": 0.18346774193548387,
  "time_ms": 17
}