{
  "sum_of_pairs": 0.6136986301369863,
  "column_score": 0.3835616438356164,
  "time_ms": 9
}