{
  "sum_of_pairs": 0.837192118226601,
  "column_score": 0.729064039408867,
  "time_ms": 34
}