{
  "sum_of_pairs": 0.7999195494770716,
  "column_score": 0.581858407079646,
  "time_ms": 66
}