{
  "sum_of_pairs": 0.6548725895316805,
  "column_score": 0.40625,
  "time_ms": 154
}