{
  "sum_of_pairs": 0.725364799135291,
  "column_score": 0.5548549810844893,
  "time_ms": 82
}