{
  "sum_of_pairs": 0.7561102831594635,
  "column_score": 0.5655737704918032,
  "time_ms": 20
}