{
  "sum_of_pairs": 0.6574500768049155,
  "column_score": 0.4838709677419355,
  "time_ms": 4
}