{
  "sum_of_pairs": 0.7649635036496351,
  "column_score": 0.5693430656934306,
  "time_ms": 3
}