{
  "sum_of_pairs": 0.8230277185501066,
  "column_score": 0.6007462686567164,
  "time_ms": 10
}