{
  "sum_of_pairs": 0.8503809166978894,
  "column_score": 0.6242038216560509,
  "time_ms": 55
}