{
  "sum_of_pairs": 0.5432098765432098,
  "column_score": 0.1111111111111111,
  "time_ms": 1
}