{
  "sum_of_pairs": 0.22873563218390805,
  "column_score": 0.08275862068965517,
  "time_ms": 7
}