{
  "sum_of_pairs": 0.2896551724137931,
  "column_score": 0.08275862068965517,
  "time_ms": 4
}