{
  "sum_of_pairs": 0.9093183239524703,
  "column_score": 0.7642276422764228,
  "time_ms": 59
}