{
  "sum_of_pairs": 0.8167072181670721,
  "column_score": 0.6131386861313869,
  "time_ms": 19
}