{
  "sum_of_pairs": 0.7745374094931617,
  "column_score": 0.5353982300884956,
  "time_ms": 64
}