{
  "sum_of_pairs": 0.822782446311858,
  "column_score": 0.5798319327731093,
  "time_ms": 14
}