{
  "sum_of_pairs": 0.8465608465608465,
  "column_score": 0.7098765432098766,
  "time_ms": 7
}