{
  "sum_of_pairs": 0.8203389830508474,
  "column_score": 0.632768361581921,
  "time_ms": 29
}