{
  "sum_of_pairs": 0.6530647382920111,
  "column_score": 0.4005681818181818,
  "time_ms": 62
}