{
  "sum_of_pairs": 0.689051094890511,
  "column_score": 0.4306569343065693,
  "time_ms": 4
}