{
  "sum_of_pairs": 0.89968671679198,
  "column_score": 0.5592105263157895,
  "time_ms": 17
}