{
  "sum_of_pairs": 0.6585365853658537,
  "column_score": 0.5609756097560976,
  "time_ms": 3
}