{
  "sum_of_pairs": 0.582046332046332,
  "column_score": 0.40540540540540543,
  "time_ms": 2
}