{
  "sum_of_pairs": 0.7588673621460507,
  "column_score": 0.5655737704918032,
  "time_ms": 85
}