{
  "sum_of_pairs": 0.9707070707070707,
  "column_score": 0.8666666666666667,
  "time_ms": 25
}