{
  "sum_of_pairs": 0.8836215464122441,
  "column_score": 0.47674418604651164,
  "time_ms": 54
}