{
  "sum_of_pairs": 0.8643410852713178,
  "column_score": 0.5116279069767442,
  "time_ms": 1
}