{
  "sum_of_pairs": 0.5666666666666667,
  "column_score": 0.21568627450980393,
  "time_ms": 11
}