{
  "sum_of_pairs": 0.9143214509068167,
  "column_score": 0.7804878048780488,
  "time_ms": 66
}