{
  "sum_of_pairs": 0.8470809792843691,
  "column_score": 0.6892655367231638,
  "time_ms": 35
}