{
  "sum_of_pairs": 0.8591393078970718,
  "column_score": 0.7287784679089027,
  "time_ms": 22
}