{
  "sum_of_pairs": 0.8845160007950705,
  "column_score": 0.47674418604651164,
  "time_ms": 200
}