{
  "sum_of_pairs": 0.4889112903225806,
  "column_score": 0.1975806451612903,
  "time_ms": 11
}