{
  "sum_of_pairs": 0.48148148148148145,
  "column_score": 0.1111111111111111,
  "time_ms": 10
}