{
  "sum_of_pairs": 0.8575551140126786,
  "column_score": 0.4870848708487085,
  "time_ms": 70
}