{
  "sum_of_pairs": 0.8204134366925064,
  "column_score": 0.5116279069767442,
  "time_ms": 3
}