{
  "sum_of_pairs": 0.6286587465564738,
  "column_score": 0.36079545454545453,
  "time_ms": 92
}