{
  "sum_of_pairs": 0.7804136253041363,
  "column_score": 0.583941605839416,
  "time_ms": 18
}