{
  "sum_of_pairs": 0.7670682730923695,
  "column_score": 0.7289156626506024,
  "time_ms": 3
}