{
  "sum_of_pairs": 0.8298659269533056,
  "column_score": 0.6116504854368932,
  "time_ms": 7
}