{
  "sum_of_pairs": 0.8365671641791045,
  "column_score": 0.7776119402985074,
  "time_ms": 10
}