{
  "sum_of_pairs": 0.8283582089552238,
  "column_score": 0.6194029850746269,
  "time_ms": 39
}