{
  "sum_of_pairs": 0.8581228119973507,
  "column_score": 0.5018450184501845,
  "time_ms": 26
}