{
  "sum_of_pairs": 0.866117147495941,
  "column_score": 0.6751592356687898,
  "time_ms": 27
}