{
  "sum_of_pairs": 0.8957264957264958,
  "column_score": 0.7692307692307693,
  "time_ms": 0
}