{
  "sum_of_pairs": 0.6792280163126533,
  "column_score": 0.02767215113537454,
  "time_ms": 705
}