{
  "sum_of_pairs": 0.9077747168656259,
  "column_score": 0.14015151515151514,
  "time_ms": 1254
}