{
  "sum_of_pairs": 0.7794685990338164,
  "column_score": 0.32608695652173914,
  "time_ms": 39
}