{
  "sum_of_pairs": 0.8733397621343619,
  "column_score": 0.08743169398907104,
  "time_ms": 356
}