{
  "sum_of_pairs": 0.939883279505921,
  "column_score": 0.20945945945945946,
  "time_ms": 654
}