{
  "sum_of_pairs": 0.3490065377703944,
  "column_score": 0.04709611920121862,
  "time_ms": 207
}