{
  "sum_of_pairs": 0.3490065377703944,
  "column_score": 0.047096119201218624,
  "time_ms": 208
}