{
  "sum_of_pairs": 0.3566691505216095,
  "column_score": 0.13114754098360656,
  "time_ms": 63
}