{
  "sum_of_pairs": 0.5637383562348824,
  "column_score": 0.06299212598425197,
  "time_ms": 61
}