{
  "sum_of_pairs": 0.6149491630397198,
  "column_score": 0.3802440542729165,
  "time_ms": 12
}