{
  "sum_of_pairs": 0.5533966250925335,
  "column_score": 0.31128014944896415,
  "time_ms": 25
}