{
  "sum_of_pairs": 0.5210843373493976,
  "column_score": 0.39759036144578314,
  "time_ms": 4
}