{
  "sum_of_pairs": 0.7238442822384428,
  "column_score": 0.36496350364963503,
  "time_ms": 11
}