{
  "sum_of_pairs": 0.525137741046832,
  "column_score": 0.2784090909090909,
  "time_ms": 141
}