{
  "sum_of_pairs": 0.6824903874593315,
  "column_score": 0.5362318840579711,
  "time_ms": 29
}