{
  "sum_of_pairs": 0.818984962406015,
  "column_score": 0.5328947368421053,
  "time_ms": 15
}