{
  "sum_of_pairs": 0.7991228070175439,
  "column_score": 0.5263157894736842,
  "time_ms": 34
}