{
  "sum_of_pairs": 0.7573891625615764,
  "column_score": 0.6379310344827587,
  "time_ms": 20
}