{
  "sum_of_pairs": 0.827363184079602,
  "column_score": 0.7761194029850746,
  "time_ms": 8
}