{
  "sum_of_pairs": 0.7201528559935639,
  "column_score": 0.39601769911504425,
  "time_ms": 24
}