{
  "sum_of_pairs": 0.4170316301703163,
  "column_score": 0.058394160583941604,
  "time_ms": 4
}