{
  "sum_of_pairs": 0.8152616141546031,
  "column_score": 0.5977859778597786,
  "time_ms": 21
}