{
  "sum_of_pairs": 0.3861788617886179,
  "column_score": 0.22560975609756098,
  "time_ms": 4
}