{
  "sum_of_pairs": 0.8177024482109227,
  "column_score": 0.6836158192090396,
  "time_ms": 12
}