{
  "sum_of_pairs": 0.5757236227824463,
  "column_score": 0.4117647058823529,
  "time_ms": 21
}