{
  "sum_of_pairs": 0.4095528455284553,
  "column_score": 0.24390243902439024,
  "time_ms": 3
}