{
  "sum_of_pairs": 0.772609819121447,
  "column_score": 0.3953488372093023,
  "time_ms": 2
}