{
  "sum_of_pairs": 0.6158730158730159,
  "column_score": 0.4789915966386555,
  "time_ms": 12
}