{
  "sum_of_pairs": 0.39213709677419356,
  "column_score": 0.17540322580645162,
  "time_ms": 9
}