{
  "sum_of_pairs": 0.6603576751117735,
  "column_score": 0.45491803278688525,
  "time_ms": 33
}