{
  "sum_of_pairs": 0.6976421636615812,
  "column_score": 0.3446601941747573,
  "time_ms": 6
}