{
  "sum_of_pairs": 0.6421636615811374,
  "column_score": 0.24757281553398058,
  "time_ms": 17
}