{
  "sum_of_pairs": 0.9338772338772339,
  "column_score": 0.7538461538461538,
  "time_ms": 32
}