{
  "sum_of_pairs": 0.4348958333333333,
  "column_score": 0.34375,
  "time_ms": 1
}