{
  "sum_of_pairs": 0.7265536723163842,
  "column_score": 0.480225988700565,
  "time_ms": 19
}