{
  "sum_of_pairs": 0.6331291659160512,
  "column_score": 0.4880201765447667,
  "time_ms": 81
}