{
  "sum_of_pairs": 0.7698412698412699,
  "column_score": 0.5952380952380952,
  "time_ms": 2
}