{
  "sum_of_pairs": 0.772911597729116,
  "column_score": 0.5328467153284672,
  "time_ms": 5
}