{
  "sum_of_pairs": 0.4572611653356995,
  "column_score": 0.20496894409937888,
  "time_ms": 16
}