{
  "sum_of_pairs": 0.7578295013719368,
  "column_score": 0.4022140221402214,
  "time_ms": 34
}