{
  "sum_of_pairs": 0.6931216931216931,
  "column_score": 0.5061728395061729,
  "time_ms": 6
}