{
  "sum_of_pairs": 0.7642475171886937,
  "column_score": 0.07142857142857142,
  "time_ms": 160
}