{
  "sum_of_pairs": 0.7228516530842112,
  "column_score": 0.22093023255813954,
  "time_ms": 46
}