{
  "sum_of_pairs": 0.858748594979393,
  "column_score": 0.6305732484076433,
  "time_ms": 23
}