{
  "sum_of_pairs": 0.12413793103448276,
  "column_score": 0.05517241379310345,
  "time_ms": 7
}