{
  "sum_of_pairs": 0.5584969008264463,
  "column_score": 0.2869318181818182,
  "time_ms": 49
}