{
  "sum_of_pairs": 0.3639112903225806,
  "column_score": 0.16733870967741934,
  "time_ms": 15
}