{
  "sum_of_pairs": 0.6987373737373738,
  "column_score": 0.48333333333333334,
  "time_ms": 7
}