{
  "sum_of_pairs": 0.839066082968522,
  "column_score": 0.5284552845528455,
  "time_ms": 27
}