{
  "sum_of_pairs": 0.6720430107526881,
  "column_score": 0.576036866359447,
  "time_ms": 2
}