{
  "sum_of_pairs": 0.4841762792073351,
  "column_score": 0.22981366459627328,
  "time_ms": 8
}