{
  "sum_of_pairs": 0.6014056224899599,
  "column_score": 0.4759036144578313,
  "time_ms": 1
}