{
  "sum_of_pairs": 0.8376836934349111,
  "column_score": 0.5668789808917197,
  "time_ms": 47
}