{
  "sum_of_pairs": 0.1111111111111111,
  "column_score": 0.028985507246376812,
  "time_ms": 1
}