{
  "sum_of_pairs": 0.4874517374517375,
  "column_score": 0.2972972972972973,
  "time_ms": 2
}