{
  "sum_of_pairs": 0.7577114427860696,
  "column_score": 0.6985074626865672,
  "time_ms": 13
}