{
  "sum_of_pairs": 0.5449538024164889,
  "column_score": 0.20149253731343283,
  "time_ms": 14
}