{
  "sum_of_pairs": 0.9584304584304584,
  "column_score": 0.8717948717948718,
  "time_ms": 19
}