{
  "sum_of_pairs": 0.19806763285024154,
  "column_score": 0.028985507246376812,
  "time_ms": 0
}