{
  "sum_of_pairs": 0.5890191897654584,
  "column_score": 0.24253731343283583,
  "time_ms": 9
}