{
  "sum_of_pairs": 0.7590949423247559,
  "column_score": 0.6418219461697723,
  "time_ms": 19
}