{
  "sum_of_pairs": 0.5557177615571777,
  "column_score": 0.06569343065693431,
  "time_ms": 2
}