{
  "sum_of_pairs": 0.30392156862745096,
  "column_score": 0.1568627450980392,
  "time_ms": 2
}