{
  "sum_of_pairs": 0.4700460829493088,
  "column_score": 0.31336405529953915,
  "time_ms": 4
}