{
  "sum_of_pairs": 0.6398809523809523,
  "column_score": 0.4226190476190476,
  "time_ms": 3
}