{
  "sum_of_pairs": 0.6699243379571248,
  "column_score": 0.5245901639344263,
  "time_ms": 29
}