{
  "sum_of_pairs": 0.7616161616161616,
  "column_score": 0.563338301043219,
  "time_ms": 63
}