{
  "sum_of_pairs": 0.2607843137254902,
  "column_score": 0.13725490196078433,
  "time_ms": 5
}