{
  "sum_of_pairs": 0.7944361649279682,
  "column_score": 0.6095380029806259,
  "time_ms": 37
}