{
  "sum_of_pairs": 0.29463967880808567,
  "column_score": 0.027931294878105622,
  "time_ms": 129
}