{
  "sum_of_pairs": 0.3697390455598075,
  "column_score": 0.048762242008306936,
  "time_ms": 75
}