{
  "sum_of_pairs": 0.38062997327962866,
  "column_score": 0.052732528893552844,
  "time_ms": 395
}