{
  "sum_of_pairs": 0.4695603576751118,
  "column_score": 0.1290983606557377,
  "time_ms": 25
}