{
  "sum_of_pairs": 0.5389147286821705,
  "column_score": 0.2186046511627907,
  "time_ms": 532
}