{
  "sum_of_pairs": 0.4200504348721116,
  "column_score": 0.015748031496062992,
  "time_ms": 36
}