{
  "sum_of_pairs": 0.31123235535000243,
  "column_score": 0.02702702702702703,
  "time_ms": 177
}