{
  "sum_of_pairs": 0.4654798182304197,
  "column_score": 0.11627906976744186,
  "time_ms": 190
}