{
  "sum_of_pairs": 0.41424501424501425,
  "column_score": 0.2345679012345679,
  "time_ms": 52
}