{
  "sum_of_pairs": 0.3513040238450075,
  "column_score": 0.05327868852459016,
  "time_ms": 81
}