{
  "sum_of_pairs": 0.6438152011922503,
  "column_score": 0.19262295081967212,
  "time_ms": 88
}