{
  "sum_of_pairs": 0.8277210124260032,
  "column_score": 0.1280974526511516,
  "time_ms": 367
}