{
  "sum_of_pairs": 0.8157932338449304,
  "column_score": 0.10624141520317355,
  "time_ms": 666
}