{
  "sum_of_pairs": 0.9541003267418362,
  "column_score": 0.25675675675675674,
  "time_ms": 707
}