{
  "sum_of_pairs": 0.942328588919498,
  "column_score": 0.30303030303030304,
  "time_ms": 1013
}