{
  "sum_of_pairs": 0.9526739618406285,
  "column_score": 0.17083333333333334,
  "time_ms": 738
}