{
  "sum_of_pairs": 0.9184005309440849,
  "column_score": 0.05714285714285714,
  "time_ms": 62
}