{
  "sum_of_pairs": 0.9026713124274099,
  "column_score": 0.02857142857142857,
  "time_ms": 107
}