{
  "sum_of_pairs": 0.958659122085048,
  "column_score": 0.09523809523809523,
  "time_ms": 1304
}