{
  "sum_of_pairs": 0.8190821256038647,
  "column_score": 0.2536231884057971,
  "time_ms": 19
}