{
  "sum_of_pairs": 0.820198105081826,
  "column_score": 0.313953488372093,
  "time_ms": 231
}