{
  "sum_of_pairs": 0.954846355789752,
  "column_score": 0.2635135135135135,
  "time_ms": 366
}