{
  "sum_of_pairs": 0.9071006769408037,
  "column_score": 0.1297709923664122,
  "time_ms": 779
}