{
  "sum_of_pairs": 0.934163844541203,
  "column_score": 0.2361111111111111,
  "time_ms": 573
}