{
  "sum_of_pairs": 0.9546712718009014,
  "column_score": 0.07142857142857142,
  "time_ms": 2633
}