{
  "sum_of_pairs": 0.746594656831177,
  "column_score": 0.056451612903225805,
  "time_ms": 759
}