{
  "sum_of_pairs": 0.8758314547326821,
  "column_score": 0.15476190476190477,
  "time_ms": 313
}