{
  "sum_of_pairs": 0.8094681472822911,
  "column_score": 0.21016949152542372,
  "time_ms": 622
}