{
  "sum_of_pairs": 0.9293422103236109,
  "column_score": 0.19205298013245034,
  "time_ms": 524
}