{
  "sum_of_pairs": 0.7231601731601731,
  "column_score": 0.2727272727272727,
  "time_ms": 26
}