{
  "sum_of_pairs": 0.9199057109182471,
  "column_score": 0.3114754098360656,
  "time_ms": 211
}