{
  "sum_of_pairs": 0.9264008266403645,
  "column_score": 0.19205298013245034,
  "time_ms": 725
}