{
  "sum_of_pairs": 0.969273169186294,
  "column_score": 0.5787037037037037,
  "time_ms": 1743
}