{
  "sum_of_pairs": 0.7650849872177663,
  "column_score": 0.056451612903225805,
  "time_ms": 421
}