{
  "sum_of_pairs": 0.6333732057416268,
  "column_score": 0.019736842105263157,
  "time_ms": 93
}