{
  "sum_of_pairs": 0.8127195784094539,
  "column_score": 0.19801980198019803,
  "time_ms": 199
}