{
  "sum_of_pairs": 0.7855417598211434,
  "column_score": 0.1485148514851485,
  "time_ms": 357
}