{
  "sum_of_pairs": 0.8064009661835749,
  "column_score": 0.2536231884057971,
  "time_ms": 48
}