{
  "sum_of_pairs": 0.8172831259914837,
  "column_score": 0.2135593220338983,
  "time_ms": 444
}