{
  "sum_of_pairs": 0.6549043062200957,
  "column_score": 0.03289473684210526,
  "time_ms": 51
}