{
  "sum_of_pairs": 0.754978354978355,
  "column_score": 0.3181818181818182,
  "time_ms": 13
}