{
  "sum_of_pairs": 0.9673574603740335,
  "column_score": 0.49537037037037035,
  "time_ms": 2016
}