{
  "sum_of_pairs": 0.9004222378606616,
  "column_score": 0.32142857142857145,
  "time_ms": 106
}