{
  "sum_of_pairs": 0.9490205081114172,
  "column_score": 0.38636363636363635,
  "time_ms": 557
}