{
  "sum_of_pairs": 0.9432604984579199,
  "column_score": 0.04072398190045249,
  "time_ms": 1110
}