{
  "sum_of_pairs": 0.8600303359216276,
  "column_score": 0.14285714285714285,
  "time_ms": 564
}