{
  "sum_of_pairs": 0.9493277293984841,
  "column_score": 0.3402777777777778,
  "time_ms": 324
}