{
  "sum_of_pairs": 0.8102387386096895,
  "column_score": 0.13202663486844315,
  "time_ms": 380
}