{
  "sum_of_pairs": 0.8012128350119324,
  "column_score": 0.11398533759103288,
  "time_ms": 950
}