{
  "sum_of_pairs": 0.7478632478632479,
  "column_score": 0.0660377358490566,
  "time_ms": 320
}