{
  "sum_of_pairs": 0.9008593164041573,
  "column_score": 0.28415300546448086,
  "time_ms": 464
}