{
  "sum_of_pairs": 0.8191671989779623,
  "column_score": 0.18316831683168316,
  "time_ms": 216
}