{
  "sum_of_pairs": 0.8683100943474994,
  "column_score": 0.1016949152542373,
  "time_ms": 111
}