{
  "sum_of_pairs": 0.7437246216315984,
  "column_score": 0.43023255813953487,
  "time_ms": 348
}