{
  "sum_of_pairs": 0.6790460435621726,
  "column_score": 0.08974358974358974,
  "time_ms": 57
}