{
  "sum_of_pairs": 0.9385827976737068,
  "column_score": 0.21212121212121213,
  "time_ms": 1416
}