{
  "sum_of_pairs": 0.8121983802287718,
  "column_score": 0.17966101694915254,
  "time_ms": 893
}