{
  "sum_of_pairs": 0.9545488885111527,
  "column_score": 0.35135135135135137,
  "time_ms": 357
}