{
  "sum_of_pairs": 0.910723584351699,
  "column_score": 0.22137404580152673,
  "time_ms": 798
}