{
  "sum_of_pairs": 0.9496666477798553,
  "column_score": 0.27702702702702703,
  "time_ms": 1039
}