{
  "sum_of_pairs": 0.7971088734070995,
  "column_score": 0.08064516129032258,
  "time_ms": 463
}