{
  "sum_of_pairs": 0.9127976609835141,
  "column_score": 0.2052980132450331,
  "time_ms": 918
}