{
  "sum_of_pairs": 0.8766053835327234,
  "column_score": 0.25892857142857145,
  "time_ms": 234
}