{
  "sum_of_pairs": 0.91183970856102,
  "column_score": 0.2896174863387978,
  "time_ms": 217
}