{
  "sum_of_pairs": 0.9528906627963232,
  "column_score": 0.3402777777777778,
  "time_ms": 876
}