{
  "sum_of_pairs": 0.7572972101273988,
  "column_score": 0.0660377358490566,
  "time_ms": 102
}