{
  "sum_of_pairs": 0.9095270277756234,
  "column_score": 0.20610687022900764,
  "time_ms": 2808
}