{
  "sum_of_pairs": 0.7866865375062096,
  "column_score": 0.030303030303030304,
  "time_ms": 456
}