{
  "sum_of_pairs": 0.8196543374801704,
  "column_score": 0.21016949152542372,
  "time_ms": 467
}