{
  "sum_of_pairs": 0.947598204264871,
  "column_score": 0.19166666666666668,
  "time_ms": 2119
}