{
  "sum_of_pairs": 0.6666666666666666,
  "column_score": 0.08974358974358974,
  "time_ms": 145
}