{
  "sum_of_pairs": 0.8016807729160013,
  "column_score": 0.13861386138613863,
  "time_ms": 750
}