{
  "sum_of_pairs": 0.7592284976005906,
  "column_score": 0.4418604651162791,
  "time_ms": 129
}