{
  "sum_of_pairs": 0.7884979411822103,
  "column_score": 0.03225806451612903,
  "time_ms": 1079
}