{
  "sum_of_pairs": 0.9449106330653471,
  "column_score": 0.027149321266968326,
  "time_ms": 3788
}