{
  "sum_of_pairs": 0.9613455008068748,
  "column_score": 0.5277777777777778,
  "time_ms": 3012
}