{
  "sum_of_pairs": 0.8862596762843068,
  "column_score": 0.2767857142857143,
  "time_ms": 111
}