{
  "sum_of_pairs": 0.8677465141521249,
  "column_score": 0.1016949152542373,
  "time_ms": 239
}