{
  "sum_of_pairs": 0.587141759432124,
  "column_score": 0.1602101402314082,
  "time_ms": 320
}