{
  "sum_of_pairs": 0.6314349739753194,
  "column_score": 0.2073086660711804,
  "time_ms": 699
}