{
  "sum_of_pairs": 0.6314033805373547,
  "column_score": 0.2073086660711804,
  "time_ms": 383
}