{
  "sum_of_pairs": 0.5505408062930187,
  "column_score": 0.24778761061946902,
  "time_ms": 223
}