{
  "sum_of_pairs": 0.7178092399403875,
  "column_score": 0.20491803278688525,
  "time_ms": 65
}