{
  "sum_of_pairs": 0.7508831908831909,
  "column_score": 0.4691358024691358,
  "time_ms": 185
}