{
  "sum_of_pairs": 0.7926436781609195,
  "column_score": 0.4930232558139535,
  "time_ms": 156
}