{
  "sum_of_pairs": 0.5682264725931272,
  "column_score": 0.1656441717791411,
  "time_ms": 55
}