{
  "sum_of_pairs": 0.5567985885560768,
  "column_score": 0.1656441717791411,
  "time_ms": 283
}