{
  "sum_of_pairs": 0.7643429820907955,
  "column_score": 0.17346938775510204,
  "time_ms": 680
}