{
  "sum_of_pairs": 0.7432319866722199,
  "column_score": 0.17346938775510204,
  "time_ms": 548
}