{
  "sum_of_pairs": 0.7609538002980626,
  "column_score": 0.22745901639344263,
  "time_ms": 45
}