{
  "sum_of_pairs": 0.7908687516706763,
  "column_score": 0.4883720930232558,
  "time_ms": 393
}