{
  "sum_of_pairs": 0.7459917971662938,
  "column_score": 0.412751677852349,
  "time_ms": 22
}