{
  "sum_of_pairs": 0.8890058441060052,
  "column_score": 0.3069306930693069,
  "time_ms": 984
}