{
  "sum_of_pairs": 0.7384995251661919,
  "column_score": 0.38271604938271603,
  "time_ms": 239
}