{
  "sum_of_pairs": 0.6896050670640834,
  "column_score": 0.22745901639344263,
  "time_ms": 164
}