{
  "sum_of_pairs": 0.5341621014187385,
  "column_score": 0.23008849557522124,
  "time_ms": 243
}