{
  "sum_of_pairs": 0.7335832292100514,
  "column_score": 0.1326530612244898,
  "time_ms": 831
}