{
  "sum_of_pairs": 0.6627537141661436,
  "column_score": 0.07407407407407407,
  "time_ms": 1356
}