{
  "sum_of_pairs": 0.6745483713468647,
  "column_score": 0.08641975308641975,
  "time_ms": 736
}