{
  "sum_of_pairs": 0.6727697565738997,
  "column_score": 0.08641975308641975,
  "time_ms": 1521
}