{
  "sum_of_pairs": 0.8575689783743475,
  "column_score": 0.6241610738255033,
  "time_ms": 25
}