{
  "sum_of_pairs": 0.550063211125158,
  "column_score": 0.24778761061946902,
  "time_ms": 348
}