{
  "sum_of_pairs": 0.7681368618016573,
  "column_score": 0.4697674418604651,
  "time_ms": 349
}