{
  "sum_of_pairs": 0.7683598373732695,
  "column_score": 0.5275590551181102,
  "time_ms": 70
}