{
  "sum_of_pairs": 0.6727976564134757,
  "column_score": 0.08641975308641975,
  "time_ms": 3163
}