{
  "sum_of_pairs": 0.7712418300653595,
  "column_score": 0.5275590551181102,
  "time_ms": 29
}