{
  "sum_of_pairs": 0.5292513733509764,
  "column_score": 0.12883435582822086,
  "time_ms": 92
}