{
  "sum_of_pairs": 0.35617992101165025,
  "column_score": 0.053289471869794554,
  "time_ms": 188
}