{
  "sum_of_pairs": 0.42041728763040237,
  "column_score": 0.2028688524590164,
  "time_ms": 57
}