{
  "sum_of_pairs": 0.5014543303351167,
  "column_score": 0.1509466340115195,
  "time_ms": 134
}