{
  "sum_of_pairs": 0.4368169686753757,
  "column_score": 0.1504424778761062,
  "time_ms": 149
}