{
  "sum_of_pairs": 0.69824205192281,
  "column_score": 0.25510204081632654,
  "time_ms": 359
}