{
  "sum_of_pairs": 0.5231743666169896,
  "column_score": 0.23155737704918034,
  "time_ms": 45
}