{
  "sum_of_pairs": 0.39982212163070224,
  "column_score": 0.022344909991968816,
  "time_ms": 2480
}