{
  "sum_of_pairs": 0.4079355961241213,
  "column_score": 0.022344909991968816,
  "time_ms": 1124
}