{
  "sum_of_pairs": 0.4042726173501443,
  "column_score": 0.022344909991968816,
  "time_ms": 1902
}