{
  "sum_of_pairs": 0.5138763197586727,
  "column_score": 0.09502262443438914,
  "time_ms": 364
}