{
  "sum_of_pairs": 0.765994005994006,
  "column_score": 0.2571428571428571,
  "time_ms": 152
}