{
  "sum_of_pairs": 0.5122028298498886,
  "column_score": 0.09502262443438914,
  "time_ms": 614
}