{
  "sum_of_pairs": 0.7382084582084583,
  "column_score": 0.2571428571428571,
  "time_ms": 351
}