{
  "sum_of_pairs": 0.5033900739783093,
  "column_score": 0.09502262443438914,
  "time_ms": 851
}