{
  "sum_of_pairs": 0.7657675657675658,
  "column_score": 0.2571428571428571,
  "time_ms": 308
}