{
  "sum_of_pairs": 0.4648369533666303,
  "column_score": 0.06949124061286771,
  "time_ms": 289
}