{
  "sum_of_pairs": 0.7489979156645823,
  "column_score": 0.25757575757575757,
  "time_ms": 196
}