{
  "sum_of_pairs": 0.9768766978069303,
  "column_score": 0.872093023255814,
  "time_ms": 153
}