{
  "sum_of_pairs": 0.5545319685506601,
  "column_score": 0.21495327102803738,
  "time_ms": 466
}