{
  "sum_of_pairs": 0.7796647328656233,
  "column_score": 0.4334862385321101,
  "time_ms": 150
}