{
  "sum_of_pairs": 0.5074079598279763,
  "column_score": 0.1540880503144654,
  "time_ms": 257
}