{
  "sum_of_pairs": 0.5828673835125449,
  "column_score": 0.1774193548387097,
  "time_ms": 42
}