{
  "sum_of_pairs": 0.688991607658012,
  "column_score": 0.10569105691056911,
  "time_ms": 185
}