{
  "sum_of_pairs": 0.48140891675374436,
  "column_score": 0.011494252873563218,
  "time_ms": 58
}