{
  "sum_of_pairs": 0.6056628787878788,
  "column_score": 0.23295454545454544,
  "time_ms": 121
}