{
  "sum_of_pairs": 0.3785161744022503,
  "column_score": 0.14556962025316456,
  "time_ms": 25
}