{
  "sum_of_pairs": 0.9358651103934122,
  "column_score": 0.27702702702702703,
  "time_ms": 376
}