{
  "sum_of_pairs": 0.7872422142439676,
  "column_score": 0.19661016949152543,
  "time_ms": 390
}