{
  "sum_of_pairs": 0.9549263912402111,
  "column_score": 0.41203703703703703,
  "time_ms": 1726
}