{
  "sum_of_pairs": 0.5208138520771433,
  "column_score": 0.03669298264661502,
  "time_ms": 1835
}