{
  "sum_of_pairs": 0.5150478796169631,
  "column_score": 0.15294117647058825,
  "time_ms": 243
}