{
  "sum_of_pairs": 0.54381091279487,
  "column_score": 0.18181818181818182,
  "time_ms": 233
}