{
  "sum_of_pairs": 0.7510486276002792,
  "column_score": 0.17063492063492064,
  "time_ms": 3543
}