{
  "sum_of_pairs": 0.5395348837209303,
  "column_score": 0.046511627906976744,
  "time_ms": 294
}