{
  "sum_of_pairs": 0.38814616755793224,
  "column_score": 0.06818181818181818,
  "time_ms": 78
}