{
  "sum_of_pairs": 0.08759607708632411,
  "column_score": 0.0071002834526069205,
  "time_ms": 16
}