{
  "sum_of_pairs": 0.09096945551128818,
  "column_score": 0.0398406374501992,
  "time_ms": 4
}