{
  "sum_of_pairs": 0.21895424836601307,
  "column_score": 0.13725490196078433,
  "time_ms": 0
}