{
  "sum_of_pairs": 0.18874172185430463,
  "column_score": 0.09271523178807947,
  "time_ms": 2
}