{
  "sum_of_pairs": 0.37534038978752393,
  "column_score": 0.08593122039813496,
  "time_ms": 173
}