{
  "sum_of_pairs": 0.37534038978752376,
  "column_score": 0.08593122039813497,
  "time_ms": 191
}