{
  "sum_of_pairs": 0.44988679902473006,
  "column_score": 0.2959770114942529,
  "time_ms": 47
}