{
  "sum_of_pairs": 0.5374331550802139,
  "column_score": 0.1971153846153846,
  "time_ms": 379
}