{
  "sum_of_pairs": 0.7814355099838101,
  "column_score": 0.6284403669724771,
  "time_ms": 239
}