{
  "sum_of_pairs": 0.5762391174963297,
  "column_score": 0.011055226371472755,
  "time_ms": 457
}