{
  "sum_of_pairs": 0.4723120664398104,
  "column_score": 0.0017603692986082403,
  "time_ms": 384
}