{
  "sum_of_pairs": 0.5804389270619931,
  "column_score": 0.011055226371472755,
  "time_ms": 467
}