{
  "sum_of_pairs": 0.5809096638312111,
  "column_score": 0.011055226371472755,
  "time_ms": 215
}