{
  "sum_of_pairs": 0.6674041913667863,
  "column_score": 0.12542372881355932,
  "time_ms": 749
}