{
  "sum_of_pairs": 0.7061961052204303,
  "column_score": 0.041666666666666664,
  "time_ms": 1313
}