{
  "sum_of_pairs": 0.8247891792602489,
  "column_score": 0.059322033898305086,
  "time_ms": 71
}