{
  "sum_of_pairs": 0.5206145111463638,
  "column_score": 0.030508474576271188,
  "time_ms": 548
}