{
  "sum_of_pairs": 0.6092650789688575,
  "column_score": 0.011574265460168726,
  "time_ms": 256
}