{
  "sum_of_pairs": 0.6478333472488937,
  "column_score": 0.09491525423728814,
  "time_ms": 352
}