{
  "sum_of_pairs": 0.8636344510776481,
  "column_score": 0.37962962962962965,
  "time_ms": 1094
}