{
  "sum_of_pairs": 0.5560883863428979,
  "column_score": 0.14844334448131086,
  "time_ms": 267
}