{
  "sum_of_pairs": 0.8025451092117759,
  "column_score": 0.3333333333333333,
  "time_ms": 107
}