{
  "sum_of_pairs": 0.8073266219239373,
  "column_score": 0.5738255033557047,
  "time_ms": 31
}