{
  "sum_of_pairs": 0.4559525241589478,
  "column_score": 0.1656441717791411,
  "time_ms": 129
}