{
  "sum_of_pairs": 0.4885245901639344,
  "column_score": 0.040983606557377046,
  "time_ms": 80
}