{
  "sum_of_pairs": 0.7453194333066026,
  "column_score": 0.4697674418604651,
  "time_ms": 300
}