{
  "sum_of_pairs": 0.631638418079096,
  "column_score": 0.09876543209876543,
  "time_ms": 978
}