{
  "sum_of_pairs": 0.7928053111008183,
  "column_score": 0.5511811023622047,
  "time_ms": 75
}