{
  "sum_of_pairs": 0.44348925410872314,
  "column_score": 0.1415929203539823,
  "time_ms": 265
}