{
  "sum_of_pairs": 0.5670536067448334,
  "column_score": 0.3308252414044505,
  "time_ms": 18
}