{
  "sum_of_pairs": 0.5732900378835186,
  "column_score": 0.267515923566879,
  "time_ms": 31
}