{
  "sum_of_pairs": 0.32935064935064934,
  "column_score": 0.14285714285714285,
  "time_ms": 3
}