{
  "sum_of_pairs": 0.6939435968562182,
  "column_score": 0.4174757281553398,
  "time_ms": 8
}