{
  "sum_of_pairs": 0.6364583333333333,
  "column_score": 0.5416666666666666,
  "time_ms": 1
}