{
  "sum_of_pairs": 0.6147589470570837,
  "column_score": 0.42028985507246375,
  "time_ms": 26
}