{
  "sum_of_pairs": 0.7408029878618114,
  "column_score": 0.4117647058823529,
  "time_ms": 18
}