{
  "sum_of_pairs": 0.6413975823811889,
  "column_score": 0.3859910581222057,
  "time_ms": 64
}