{
  "sum_of_pairs": 0.4251207729468599,
  "column_score": 0.14492753623188406,
  "time_ms": 1
}