{
  "sum_of_pairs": 0.32197937363989027,
  "column_score": 0.0036900369003690036,
  "time_ms": 32
}