{
  "sum_of_pairs": 0.8940170940170941,
  "column_score": 0.8205128205128205,
  "time_ms": 1
}