{
  "sum_of_pairs": 0.7254237288135593,
  "column_score": 0.5310734463276836,
  "time_ms": 18
}