{
  "sum_of_pairs": 0.19270833333333334,
  "column_score": 0.015625,
  "time_ms": 2
}