{
  "sum_of_pairs": 0.7654440154440154,
  "column_score": 0.43243243243243246,
  "time_ms": 1
}