{
  "sum_of_pairs": 0.7139097744360903,
  "column_score": 0.46710526315789475,
  "time_ms": 20
}