{
  "sum_of_pairs": 0.5220326936744847,
  "column_score": 0.22014925373134328,
  "time_ms": 12
}