{
  "sum_of_pairs": 0.5597345132743363,
  "column_score": 0.2920353982300885,
  "time_ms": 37
}