{
  "sum_of_pairs": 0.19942528735632184,
  "column_score": 0.08620689655172414,
  "time_ms": 6
}