{
  "sum_of_pairs": 0.4974160206718346,
  "column_score": 0.23255813953488372,
  "time_ms": 2
}