{
  "sum_of_pairs": 0.6810624493106245,
  "column_score": 0.40875912408759124,
  "time_ms": 7
}