{
  "sum_of_pairs": 0.7214452214452215,
  "column_score": 0.38461538461538464,
  "time_ms": 31
}