{
  "sum_of_pairs": 0.29879032258064514,
  "column_score": 0.09879032258064516,
  "time_ms": 13
}