{
  "sum_of_pairs": 0.7081996434937612,
  "column_score": 0.37142857142857144,
  "time_ms": 111
}