{
  "sum_of_pairs": 0.6406503332732841,
  "column_score": 0.5056746532156369,
  "time_ms": 41
}