{
  "sum_of_pairs": 0.5692771084337349,
  "column_score": 0.42771084337349397,
  "time_ms": 2
}