{
  "sum_of_pairs": 0.6815476190476191,
  "column_score": 0.44047619047619047,
  "time_ms": 2
}