{
  "sum_of_pairs": 0.36885644768856446,
  "column_score": 0.08029197080291971,
  "time_ms": 3
}