{
  "sum_of_pairs": 0.6386699507389163,
  "column_score": 0.5394088669950738,
  "time_ms": 13
}