{
  "sum_of_pairs": 0.7360696517412936,
  "column_score": 0.6507462686567164,
  "time_ms": 12
}