{
  "sum_of_pairs": 0.6934009143311469,
  "column_score": 0.3372093023255814,
  "time_ms": 59
}