{
  "sum_of_pairs": 0.4602739726027397,
  "column_score": 0.1917808219178082,
  "time_ms": 6
}