{
  "sum_of_pairs": 0.4758947057083703,
  "column_score": 0.20496894409937888,
  "time_ms": 11
}