{
  "sum_of_pairs": 0.47686053783614757,
  "column_score": 0.0975609756097561,
  "time_ms": 36
}