{
  "sum_of_pairs": 0.7204968944099379,
  "column_score": 0.4782608695652174,
  "time_ms": 2
}