{
  "sum_of_pairs": 0.49385560675883255,
  "column_score": 0.31797235023041476,
  "time_ms": 3
}