{
  "sum_of_pairs": 0.663463507939957,
  "column_score": 0.2195794184352907,
  "time_ms": 606
}