{
  "sum_of_pairs": 0.6694439369364104,
  "column_score": 0.22837262004158945,
  "time_ms": 302
}