{
  "sum_of_pairs": 0.6632874748294156,
  "column_score": 0.22224038506650076,
  "time_ms": 487
}