{
  "sum_of_pairs": 0.5906588003933136,
  "column_score": 0.2920353982300885,
  "time_ms": 651
}