{
  "sum_of_pairs": 0.7416542473919523,
  "column_score": 0.27459016393442626,
  "time_ms": 102
}