{
  "sum_of_pairs": 0.7854131054131054,
  "column_score": 0.5555555555555556,
  "time_ms": 129
}