{
  "sum_of_pairs": 0.8833892617449665,
  "column_score": 0.6711409395973155,
  "time_ms": 39
}