{
  "sum_of_pairs": 0.7860588793922128,
  "column_score": 0.5679012345679012,
  "time_ms": 165
}