{
  "sum_of_pairs": 0.793107302533532,
  "column_score": 0.2766393442622951,
  "time_ms": 83
}