{
  "sum_of_pairs": 0.6585268054051887,
  "column_score": 0.26993865030674846,
  "time_ms": 174
}