{
  "sum_of_pairs": 0.5889872173058014,
  "column_score": 0.2920353982300885,
  "time_ms": 263
}