{
  "sum_of_pairs": 0.7869705603038937,
  "column_score": 0.5679012345679012,
  "time_ms": 68
}