{
  "sum_of_pairs": 0.717149845623321,
  "column_score": 0.3619631901840491,
  "time_ms": 180
}