{
  "sum_of_pairs": 0.8351456829724673,
  "column_score": 0.5069767441860465,
  "time_ms": 271
}