{
  "sum_of_pairs": 0.6635390352460002,
  "column_score": 0.27607361963190186,
  "time_ms": 94
}