{
  "sum_of_pairs": 0.8061102831594635,
  "column_score": 0.28688524590163933,
  "time_ms": 46
}