{
  "sum_of_pairs": 0.8534815501003551,
  "column_score": 0.6141732283464567,
  "time_ms": 95
}