{
  "sum_of_pairs": 0.8306228281208233,
  "column_score": 0.5069767441860465,
  "time_ms": 535
}