{
  "sum_of_pairs": 0.8434506455643482,
  "column_score": 0.42857142857142855,
  "time_ms": 1556
}