{
  "sum_of_pairs": 0.8422453889334403,
  "column_score": 0.5069767441860465,
  "time_ms": 605
}