{
  "sum_of_pairs": 0.8448996945717062,
  "column_score": 0.4387755102040816,
  "time_ms": 1155
}