{
  "sum_of_pairs": 0.8623228933631618,
  "column_score": 0.6208053691275168,
  "time_ms": 27
}