{
  "sum_of_pairs": 0.4799722177453347,
  "column_score": 0.19213681732975185,
  "time_ms": 21
}