{
  "sum_of_pairs": 0.4296664120193532,
  "column_score": 0.11428571428571428,
  "time_ms": 145
}