{
  "sum_of_pairs": 0.11310483870967741,
  "column_score": 0.04233870967741935,
  "time_ms": 12
}