{
  "sum_of_pairs": 0.5411764705882353,
  "column_score": 0.2549019607843137,
  "time_ms": 2
}