{
  "sum_of_pairs": 0.5143923240938166,
  "column_score": 0.2835820895522388,
  "time_ms": 16
}