{
  "sum_of_pairs": 0.6588345864661654,
  "column_score": 0.16447368421052633,
  "time_ms": 25
}