{
  "sum_of_pairs": 0.3601190476190476,
  "column_score": 0.13690476190476192,
  "time_ms": 1
}