{
  "sum_of_pairs": 0.7729166666666667,
  "column_score": 0.78125,
  "time_ms": 1
}