{
  "sum_of_pairs": 0.19082125603864733,
  "column_score": 0.2753623188405797,
  "time_ms": 0
}