{
  "sum_of_pairs": 0.7925373134328358,
  "column_score": 0.7014925373134329,
  "time_ms": 12
}