{
  "sum_of_pairs": 0.33069748580697483,
  "column_score": 0.0072992700729927005,
  "time_ms": 13
}