{
  "sum_of_pairs": 0.5640625,
  "column_score": 0.265625,
  "time_ms": 0
}