{
  "sum_of_pairs": 0.5796610169491525,
  "column_score": 0.15254237288135594,
  "time_ms": 20
}