{
  "sum_of_pairs": 0.3172749391727494,
  "column_score": 0.058394160583941604,
  "time_ms": 3
}