{
  "sum_of_pairs": 0.7384615384615385,
  "column_score": 0.2358974358974359,
  "time_ms": 34
}