{
  "sum_of_pairs": 0.5299539170506913,
  "column_score": 0.3271889400921659,
  "time_ms": 2
}