{
  "sum_of_pairs": 0.4407481898632341,
  "column_score": 0.035398230088495575,
  "time_ms": 43
}