{
  "sum_of_pairs": 0.4173321502514049,
  "column_score": 0.11801242236024845,
  "time_ms": 13
}