{
  "sum_of_pairs": 0.6067073170731707,
  "column_score": 0.5304878048780488,
  "time_ms": 3
}