{
  "sum_of_pairs": 0.48566805362921867,
  "column_score": 0.07281553398058252,
  "time_ms": 9
}