{
  "sum_of_pairs": 0.6839874151349561,
  "column_score": 0.3502235469448584,
  "time_ms": 70
}