{
  "sum_of_pairs": 0.7305418719211823,
  "column_score": 0.4802955665024631,
  "time_ms": 14
}