{
  "sum_of_pairs": 0.4838709677419355,
  "column_score": 0.16129032258064516,
  "time_ms": 10
}