{
  "sum_of_pairs": 0.4230769230769231,
  "column_score": 0.0617906683480454,
  "time_ms": 47
}