{
  "sum_of_pairs": 0.047292928221463595,
  "column_score": 0.0021442495126705653,
  "time_ms": 5
}