{
  "sum_of_pairs": 0.6298802828207848,
  "column_score": 0.2061057332306646,
  "time_ms": 260
}