{
  "sum_of_pairs": 0.6298802828207848,
  "column_score": 0.20610573323066464,
  "time_ms": 249
}