{
  "sum_of_pairs": 0.8084619516056083,
  "column_score": 0.015625,
  "time_ms": 2186
}