{
  "sum_of_pairs": 0.8833759506949909,
  "column_score": 0.6341463414634146,
  "time_ms": 211
}