{
  "sum_of_pairs": 0.7037623066104078,
  "column_score": 0.5189873417721519,
  "time_ms": 65
}