{
  "sum_of_pairs": 0.6254950723035829,
  "column_score": 0.09219858156028368,
  "time_ms": 102
}