{
  "sum_of_pairs": 0.30823586744639375,
  "column_score": 0.16666666666666666,
  "time_ms": 101
}