{
  "sum_of_pairs": 0.6605276907001045,
  "column_score": 0.34770114942528735,
  "time_ms": 63
}