{
  "sum_of_pairs": 0.8400920713112832,
  "column_score": 0.22023809523809523,
  "time_ms": 182
}