{
  "sum_of_pairs": 0.8477172140694154,
  "column_score": 0.28125,
  "time_ms": 921
}