{
  "sum_of_pairs": 0.8597459417803962,
  "column_score": 0.6823899371069182,
  "time_ms": 323
}