{
  "sum_of_pairs": 0.7353541066776361,
  "column_score": 0.3269230769230769,
  "time_ms": 433
}