{
  "sum_of_pairs": 0.8577307069616837,
  "column_score": 0.6834862385321101,
  "time_ms": 238
}