{
  "sum_of_pairs": 0.831780303030303,
  "column_score": 0.6079545454545454,
  "time_ms": 189
}