{
  "sum_of_pairs": 0.8554593554593555,
  "column_score": 0.25757575757575757,
  "time_ms": 163
}