{
  "sum_of_pairs": 0.3413095779959685,
  "column_score": 0.15976331360946747,
  "time_ms": 43
}