{
  "sum_of_pairs": 0.7348049460118425,
  "column_score": 0.382183908045977,
  "time_ms": 71
}