{
  "sum_of_pairs": 0.5789402084156803,
  "column_score": 0.011055226371472755,
  "time_ms": 545
}