{
  "sum_of_pairs": 0.8080095933945172,
  "column_score": 0.26851851851851855,
  "time_ms": 1539
}