{
  "sum_of_pairs": 0.8515030087892772,
  "column_score": 0.19758906316381447,
  "time_ms": 607
}