{
  "sum_of_pairs": 0.8485629102890956,
  "column_score": 0.1896244813475061,
  "time_ms": 1282
}