{
  "sum_of_pairs": 0.9260559305689489,
  "column_score": 0.5901639344262295,
  "time_ms": 285
}