{
  "sum_of_pairs": 0.8995169082125604,
  "column_score": 0.6086956521739131,
  "time_ms": 24
}