{
  "sum_of_pairs": 0.9194817137349184,
  "column_score": 0.19083969465648856,
  "time_ms": 1485
}