{
  "sum_of_pairs": 0.8975845410628019,
  "column_score": 0.5942028985507246,
  "time_ms": 48
}