{
  "sum_of_pairs": 0.8009460839649519,
  "column_score": 0.2830188679245283,
  "time_ms": 344
}