{
  "sum_of_pairs": 0.82714369207648,
  "column_score": 0.2135593220338983,
  "time_ms": 1857
}