{
  "sum_of_pairs": 0.7511166253101736,
  "column_score": 0.0641025641025641,
  "time_ms": 167
}