{
  "sum_of_pairs": 0.8166666666666667,
  "column_score": 0.4090909090909091,
  "time_ms": 15
}