{
  "sum_of_pairs": 0.9762244200896968,
  "column_score": 0.6157407407407407,
  "time_ms": 2812
}