{
  "sum_of_pairs": 0.9355689102564102,
  "column_score": 0.26666666666666666,
  "time_ms": 3782
}