{
  "sum_of_pairs": 0.9310136094180512,
  "column_score": 0.0847457627118644,
  "time_ms": 140
}