{
  "sum_of_pairs": 0.9688981434264453,
  "column_score": 0.527027027027027,
  "time_ms": 464
}