{
  "sum_of_pairs": 0.8583918875758544,
  "column_score": 0.35148514851485146,
  "time_ms": 455
}