{
  "sum_of_pairs": 0.9298295054248273,
  "column_score": 0.31125827814569534,
  "time_ms": 1071
}