{
  "sum_of_pairs": 0.9409068536975513,
  "column_score": 0.7325581395348837,
  "time_ms": 211
}