{
  "sum_of_pairs": 0.8550083839029065,
  "column_score": 0.33663366336633666,
  "time_ms": 766
}