{
  "sum_of_pairs": 0.9437136516681971,
  "column_score": 0.23106060606060605,
  "time_ms": 2480
}