{
  "sum_of_pairs": 0.9501625843285795,
  "column_score": 0.09502262443438914,
  "time_ms": 1908
}