{
  "sum_of_pairs": 0.8732149582997041,
  "column_score": 0.1523809523809524,
  "time_ms": 324
}