{
  "sum_of_pairs": 0.7299511129602663,
  "column_score": 0.27631578947368424,
  "time_ms": 182
}