{
  "sum_of_pairs": 0.9385482180293501,
  "column_score": 0.5069444444444444,
  "time_ms": 490
}