{
  "sum_of_pairs": 0.7391304347826086,
  "column_score": 0.2894736842105263,
  "time_ms": 94
}