{
  "sum_of_pairs": 0.8027199913992367,
  "column_score": 0.2830188679245283,
  "time_ms": 165
}