{
  "sum_of_pairs": 0.9368549427511692,
  "column_score": 0.4861111111111111,
  "time_ms": 926
}