{
  "sum_of_pairs": 0.9287727208679724,
  "column_score": 0.2980132450331126,
  "time_ms": 1731
}