{
  "sum_of_pairs": 0.9747443246507668,
  "column_score": 0.6064814814814815,
  "time_ms": 3771
}