{
  "sum_of_pairs": 0.8836727935088591,
  "column_score": 0.15151515151515152,
  "time_ms": 140
}