{
  "sum_of_pairs": 0.8927251935256861,
  "column_score": 0.5892857142857143,
  "time_ms": 390
}