{
  "sum_of_pairs": 0.9658715319092678,
  "column_score": 0.4527027027027027,
  "time_ms": 890
}