{
  "sum_of_pairs": 0.8927911681914145,
  "column_score": 0.5892857142857143,
  "time_ms": 210
}