{
  "sum_of_pairs": 0.9524915824915825,
  "column_score": 0.12083333333333333,
  "time_ms": 1395
}