{
  "sum_of_pairs": 0.7572925282602702,
  "column_score": 0.08974358974358974,
  "time_ms": 69
}