{
  "sum_of_pairs": 0.8705838041431262,
  "column_score": 0.1523809523809524,
  "time_ms": 730
}