{
  "sum_of_pairs": 0.677826687866472,
  "column_score": 0.03843414200857817,
  "time_ms": 249
}