{
  "sum_of_pairs": 0.8096320041332018,
  "column_score": 0.16556291390728478,
  "time_ms": 298
}