{
  "sum_of_pairs": 0.8269795349833923,
  "column_score": 0.14207650273224043,
  "time_ms": 141
}