{
  "sum_of_pairs": 0.8738075981342581,
  "column_score": 0.11450381679389313,
  "time_ms": 562
}