{
  "sum_of_pairs": 0.889845423936333,
  "column_score": 0.09848484848484848,
  "time_ms": 404
}