{
  "sum_of_pairs": 0.9087711742750503,
  "column_score": 0.4212962962962963,
  "time_ms": 1141
}