{
  "sum_of_pairs": 0.8999140650084047,
  "column_score": 0.0472972972972973,
  "time_ms": 277
}