{
  "sum_of_pairs": 0.6104379591184925,
  "column_score": 0.13366336633663367,
  "time_ms": 107
}