{
  "sum_of_pairs": 0.6983418367346939,
  "column_score": 0.16964285714285715,
  "time_ms": 66
}