{
  "sum_of_pairs": 0.45239878394261024,
  "column_score": 0.11335693063942724,
  "time_ms": 97
}