{
  "sum_of_pairs": 0.8221067955676165,
  "column_score": 0.328125,
  "time_ms": 857
}