{
  "sum_of_pairs": 0.38231292517006804,
  "column_score": 0.07755102040816327,
  "time_ms": 22
}