{
  "sum_of_pairs": 0.6227144866385372,
  "column_score": 0.3227848101265823,
  "time_ms": 16
}