{
  "sum_of_pairs": 0.4807168458781362,
  "column_score": 0.22903225806451613,
  "time_ms": 25
}