{
  "sum_of_pairs": 0.5421969696969697,
  "column_score": 0.03977272727272727,
  "time_ms": 50
}