{
  "sum_of_pairs": 0.937355065262042,
  "column_score": 0.7209302325581395,
  "time_ms": 97
}