{
  "sum_of_pairs": 0.8207130329195899,
  "column_score": 0.6284403669724771,
  "time_ms": 82
}