{
  "sum_of_pairs": 0.7411593947923997,
  "column_score": 0.14285714285714285,
  "time_ms": 81
}