{
  "sum_of_pairs": 0.5598262032085561,
  "column_score": 0.22596153846153846,
  "time_ms": 206
}