{
  "sum_of_pairs": 0.1360809013266298,
  "column_score": 0.021984902174428184,
  "time_ms": 4
}