{
  "sum_of_pairs": 0.09206579793097751,
  "column_score": 0.00979843592798087,
  "time_ms": 8
}