{
  "sum_of_pairs": 0.13551835297826426,
  "column_score": 0.02126719882514589,
  "time_ms": 9
}