{
  "sum_of_pairs": 0.13566675028732633,
  "column_score": 0.02126719882514589,
  "time_ms": 9
}