{
  "sum_of_pairs": 0.36165814383636163,
  "column_score": 0.07920792079207921,
  "time_ms": 92
}