{
  "sum_of_pairs": 0.12582781456953643,
  "column_score": 0.039735099337748346,
  "time_ms": 2
}