{
  "sum_of_pairs": 0.2520045819014891,
  "column_score": 0.061855670103092786,
  "time_ms": 30
}