{
  "sum_of_pairs": 0.11952861952861953,
  "column_score": 0.030303030303030304,
  "time_ms": 3
}