{
  "sum_of_pairs": 0.2332129963898917,
  "column_score": 0.061371841155234655,
  "time_ms": 6
}