{
  "sum_of_pairs": 0.19947089947089947,
  "column_score": 0.06666666666666667,
  "time_ms": 12
}