{
  "sum_of_pairs": 0.28835978835978837,
  "column_score": 0.08148148148148149,
  "time_ms": 19
}