{
  "sum_of_pairs": 0.336734693877551,
  "column_score": 0.30612244897959184,
  "time_ms": 2
}