{
  "sum_of_pairs": 0.2108843537414966,
  "column_score": 0.08163265306122448,
  "time_ms": 3
}