{
  "sum_of_pairs": 0.15643802647412755,
  "column_score": 0.02527075812274368,
  "time_ms": 10
}