{
  "sum_of_pairs": 0.234006734006734,
  "column_score": 0.09595959595959595,
  "time_ms": 5
}