{
  "sum_of_pairs": 0.23008423586040916,
  "column_score": 0.061371841155234655,
  "time_ms": 19
}