{
  "sum_of_pairs": 0.2508591065292096,
  "column_score": 0.061855670103092786,
  "time_ms": 7
}