{
  "sum_of_pairs": 0.31422043303231423,
  "column_score": 0.039603960396039604,
  "time_ms": 38
}