{
  "sum_of_pairs": 0.18149350649350648,
  "column_score": 0.02727272727272727,
  "time_ms": 7
}