{
  "sum_of_pairs": 0.10634299403953625,
  "column_score": 0.02084755224568483,
  "time_ms": 17
}