{
  "sum_of_pairs": 0.09410348977135981,
  "column_score": 0.010830324909747292,
  "time_ms": 43
}