{
  "sum_of_pairs": 0.1335540838852097,
  "column_score": 0.006622516556291391,
  "time_ms": 5
}