{
  "sum_of_pairs": 0.14965986394557823,
  "column_score": 0.061224489795918366,
  "time_ms": 6
}