{
  "sum_of_pairs": 0.07309941520467836,
  "column_score": 0.17543859649122806,
  "time_ms": 2
}