{
  "sum_of_pairs": 0.25166002656042497,
  "column_score": 0.07569721115537849,
  "time_ms": 20
}