{
  "sum_of_pairs": 0.6271658063592647,
  "column_score": 0.34269830059370165,
  "time_ms": 24
}