{
  "sum_of_pairs": 0.7980599647266314,
  "column_score": 0.5864197530864198,
  "time_ms": 6
}