{
  "sum_of_pairs": 0.6388422035480859,
  "column_score": 0.3277310924369748,
  "time_ms": 25
}