{
  "sum_of_pairs": 0.5576036866359447,
  "column_score": 0.3824884792626728,
  "time_ms": 4
}