{
  "sum_of_pairs": 0.7189863234111021,
  "column_score": 0.33849557522123896,
  "time_ms": 50
}