{
  "sum_of_pairs": 0.6398661631219771,
  "column_score": 0.313953488372093,
  "time_ms": 74
}