{
  "sum_of_pairs": 0.7109375,
  "column_score": 0.578125,
  "time_ms": 2
}