{
  "sum_of_pairs": 0.5800486618004866,
  "column_score": 0.19708029197080293,
  "time_ms": 5
}