{
  "sum_of_pairs": 0.7139275238906235,
  "column_score": 0.07380073800738007,
  "time_ms": 41
}