{
  "sum_of_pairs": 0.6890892279241794,
  "column_score": 0.36893203883495146,
  "time_ms": 11
}