{
  "sum_of_pairs": 0.5667660208643815,
  "column_score": 0.26639344262295084,
  "time_ms": 32
}