{
  "sum_of_pairs": 0.6746532156368222,
  "column_score": 0.45901639344262296,
  "time_ms": 58
}