{
  "sum_of_pairs": 0.504481967896602,
  "column_score": 0.12195121951219512,
  "time_ms": 48
}