{
  "sum_of_pairs": 0.6476833976833977,
  "column_score": 0.5945945945945946,
  "time_ms": 2
}