{
  "sum_of_pairs": 0.5372549019607843,
  "column_score": 0.19607843137254902,
  "time_ms": 4
}