{
  "sum_of_pairs": 0.7625615763546798,
  "column_score": 0.6773399014778325,
  "time_ms": 19
}