{
  "sum_of_pairs": 0.681163594470046,
  "column_score": 0.3548387096774194,
  "time_ms": 10
}