{
  "sum_of_pairs": 0.22701149425287356,
  "column_score": 0.07241379310344828,
  "time_ms": 8
}