{
  "sum_of_pairs": 0.818922305764411,
  "column_score": 0.3815789473684211,
  "time_ms": 25
}