{
  "sum_of_pairs": 0.6526104417670683,
  "column_score": 0.5120481927710844,
  "time_ms": 3
}