{
  "sum_of_pairs": 0.8022851465474417,
  "column_score": 0.6020864381520119,
  "time_ms": 91
}