{
  "sum_of_pairs": 0.6952602952602953,
  "column_score": 0.2358974358974359,
  "time_ms": 38
}