{
  "sum_of_pairs": 0.5121951219512195,
  "column_score": 0.3719512195121951,
  "time_ms": 5
}