{
  "sum_of_pairs": 0.16108870967741937,
  "column_score": 0.11088709677419355,
  "time_ms": 19
}