{
  "sum_of_pairs": 0.13951612903225807,
  "column_score": 0.09879032258064516,
  "time_ms": 30
}