{
  "sum_of_pairs": 0.36267095736122285,
  "column_score": 0.168141592920354,
  "time_ms": 28
}