{
  "sum_of_pairs": 0.5239171374764595,
  "column_score": 0.1016949152542373,
  "time_ms": 33
}