{
  "sum_of_pairs": 0.12449799196787148,
  "column_score": 0.1746987951807229,
  "time_ms": 5
}