{
  "sum_of_pairs": 0.4601092896174863,
  "column_score": 0.19672131147540983,
  "time_ms": 73
}