{
  "sum_of_pairs": 0.43382135462880805,
  "column_score": 0.2774327122153209,
  "time_ms": 33
}