{
  "sum_of_pairs": 0.6041963224555241,
  "column_score": 0.01091261639008642,
  "time_ms": 265
}