{
  "sum_of_pairs": 0.12577902925656048,
  "column_score": 0.031113356780706633,
  "time_ms": 27
}