{
  "sum_of_pairs": 0.26036473260546755,
  "column_score": 0.08563685847719965,
  "time_ms": 16
}