{
  "sum_of_pairs": 0.2603647326054676,
  "column_score": 0.08563685847719962,
  "time_ms": 14
}