{
  "sum_of_pairs": 0.2925170068027211,
  "column_score": 0.14906832298136646,
  "time_ms": 5
}