{
  "sum_of_pairs": 0.19537409493161706,
  "column_score": 0.03761061946902655,
  "time_ms": 64
}