{
  "sum_of_pairs": 0.21138211382113822,
  "column_score": 0.0975609756097561,
  "time_ms": 6
}