{
  "sum_of_pairs": 0.42665112665112664,
  "column_score": 0.09230769230769231,
  "time_ms": 30
}