{
  "sum_of_pairs": 0.2528225806451613,
  "column_score": 0.10887096774193548,
  "time_ms": 12
}