{
  "sum_of_pairs": 0.25914886570624274,
  "column_score": 0.10730253353204174,
  "time_ms": 67
}