{
  "sum_of_pairs": 0.12862903225806452,
  "column_score": 0.05241935483870968,
  "time_ms": 17
}