{
  "sum_of_pairs": 0.36115114393802916,
  "column_score": 0.2244640605296343,
  "time_ms": 42
}