{
  "sum_of_pairs": 0.22424979724249797,
  "column_score": 0.10218978102189781,
  "time_ms": 8
}