{
  "sum_of_pairs": 0.17719821162444113,
  "column_score": 0.05737704918032787,
  "time_ms": 21
}