{
  "sum_of_pairs": 0.3164179104477612,
  "column_score": 0.21492537313432836,
  "time_ms": 17
}