{
  "sum_of_pairs": 0.1892001441181769,
  "column_score": 0.10592686002522068,
  "time_ms": 106
}