{
  "sum_of_pairs": 0.27955665024630544,
  "column_score": 0.12807881773399016,
  "time_ms": 36
}