{
  "sum_of_pairs": 0.16881419234360412,
  "column_score": 0.10084033613445378,
  "time_ms": 44
}