{
  "sum_of_pairs": 0.3277310924369748,
  "column_score": 0.24369747899159663,
  "time_ms": 14
}