{
  "sum_of_pairs": 0.23271889400921658,
  "column_score": 0.05069124423963134,
  "time_ms": 9
}