{
  "sum_of_pairs": 0.2955836776859504,
  "column_score": 0.14772727272727273,
  "time_ms": 23
}