{
  "sum_of_pairs": 0.460680238124974,
  "column_score": 0.050955414012738856,
  "time_ms": 37
}