{
  "sum_of_pairs": 0.4624898621248986,
  "column_score": 0.2846715328467153,
  "time_ms": 10
}