{
  "sum_of_pairs": 0.225377107364685,
  "column_score": 0.07867494824016563,
  "time_ms": 66
}