{
  "sum_of_pairs": 0.5788177339901478,
  "column_score": 0.43349753694581283,
  "time_ms": 17
}