{
  "sum_of_pairs": 0.5713930348258707,
  "column_score": 0.38656716417910447,
  "time_ms": 12
}