{
  "sum_of_pairs": 0.19811875367430923,
  "column_score": 0.030864197530864196,
  "time_ms": 12
}