{
  "sum_of_pairs": 0.43962672656567137,
  "column_score": 0.08539279519751795,
  "time_ms": 115
}