{
  "sum_of_pairs": 0.5733119486768243,
  "column_score": 0.31627906976744186,
  "time_ms": 132
}