{
  "sum_of_pairs": 0.6409308621407747,
  "column_score": 0.09183673469387756,
  "time_ms": 285
}