{
  "sum_of_pairs": 0.5417631619576965,
  "column_score": 0.10236220472440945,
  "time_ms": 32
}