{
  "sum_of_pairs": 0.627889634601044,
  "column_score": 0.2751677852348993,
  "time_ms": 17
}