{
  "sum_of_pairs": 0.4761549925484352,
  "column_score": 0.11270491803278689,
  "time_ms": 40
}