{
  "sum_of_pairs": 0.48258312499496087,
  "column_score": 0.1165349137751139,
  "time_ms": 94
}