{
  "sum_of_pairs": 0.4168245547555892,
  "column_score": 0.2827586206896552,
  "time_ms": 16
}