{
  "sum_of_pairs": 0.8866361889617703,
  "column_score": 0.09302325581395349,
  "time_ms": 90
}