{
  "sum_of_pairs": 0.6613673421849523,
  "column_score": 0.2708333333333333,
  "time_ms": 325
}