{
  "sum_of_pairs": 0.7472965918413006,
  "column_score": 0.5440251572327044,
  "time_ms": 109
}