{
  "sum_of_pairs": 0.6304858934169278,
  "column_score": 0.15517241379310345,
  "time_ms": 33
}