{
  "sum_of_pairs": 0.8047423097679439,
  "column_score": 0.6284403669724771,
  "time_ms": 77
}