{
  "sum_of_pairs": 0.6435708898944194,
  "column_score": 0.21153846153846154,
  "time_ms": 193
}