{
  "sum_of_pairs": 0.552856648903714,
  "column_score": 0.0673076923076923,
  "time_ms": 477
}