{
  "sum_of_pairs": 0.6999178981937603,
  "column_score": 0.023809523809523808,
  "time_ms": 80
}