{
  "sum_of_pairs": 0.8409954506482364,
  "column_score": 0.17027230465297016,
  "time_ms": 874
}