{
  "sum_of_pairs": 0.8455291565856011,
  "column_score": 0.18075515955507931,
  "time_ms": 473
}