{
  "sum_of_pairs": 0.925076723650827,
  "column_score": 0.19083969465648856,
  "time_ms": 1070
}