{
  "sum_of_pairs": 0.9263890845897328,
  "column_score": 0.2980132450331126,
  "time_ms": 1284
}