{
  "sum_of_pairs": 0.9370352564102564,
  "column_score": 0.26666666666666666,
  "time_ms": 1029
}