{
  "sum_of_pairs": 0.9228054820017948,
  "column_score": 0.16030534351145037,
  "time_ms": 2114
}