{
  "sum_of_pairs": 0.8936928219563688,
  "column_score": 0.5892857142857143,
  "time_ms": 272
}