{
  "sum_of_pairs": 0.8250981047006763,
  "column_score": 0.1694915254237288,
  "time_ms": 1064
}