{
  "sum_of_pairs": 0.7389497102043205,
  "column_score": 0.11290322580645161,
  "time_ms": 520
}