{
  "sum_of_pairs": 0.8954103605266396,
  "column_score": 0.7093023255813954,
  "time_ms": 295
}