{
  "sum_of_pairs": 0.9403322044831479,
  "column_score": 0.4097222222222222,
  "time_ms": 839
}