{
  "sum_of_pairs": 0.7448855803694513,
  "column_score": 0.11538461538461539,
  "time_ms": 147
}