{
  "sum_of_pairs": 0.840785691472373,
  "column_score": 0.27722772277227725,
  "time_ms": 607
}