{
  "sum_of_pairs": 0.8686594202898551,
  "column_score": 0.4420289855072464,
  "time_ms": 41
}