{
  "sum_of_pairs": 0.9100825029465338,
  "column_score": 0.44808743169398907,
  "time_ms": 610
}