{
  "sum_of_pairs": 0.944131994839542,
  "column_score": 0.4305555555555556,
  "time_ms": 992
}