{
  "sum_of_pairs": 0.8887729756582216,
  "column_score": 0.15151515151515152,
  "time_ms": 155
}