{
  "sum_of_pairs": 0.9360016025641026,
  "column_score": 0.26666666666666666,
  "time_ms": 1939
}