{
  "sum_of_pairs": 0.9747084360489867,
  "column_score": 0.5138888888888888,
  "time_ms": 2812
}