{
  "sum_of_pairs": 0.8702179176755448,
  "column_score": 0.1619047619047619,
  "time_ms": 284
}