{
  "sum_of_pairs": 0.9534514011365863,
  "column_score": 0.11904761904761904,
  "time_ms": 4096
}