{
  "sum_of_pairs": 0.9465071592388272,
  "column_score": 0.08144796380090498,
  "time_ms": 3260
}