{
  "sum_of_pairs": 0.976207094557803,
  "column_score": 0.5231481481481481,
  "time_ms": 2208
}