{
  "sum_of_pairs": 0.8493849322312209,
  "column_score": 0.10714285714285714,
  "time_ms": 365
}