{
  "sum_of_pairs": 0.8050865800865801,
  "column_score": 0.3409090909090909,
  "time_ms": 34
}