{
  "sum_of_pairs": 0.9506846240179574,
  "column_score": 0.12083333333333333,
  "time_ms": 2367
}