{
  "sum_of_pairs": 0.966863089504599,
  "column_score": 0.46621621621621623,
  "time_ms": 833
}