{
  "sum_of_pairs": 0.8692762980898574,
  "column_score": 0.1523809523809524,
  "time_ms": 729
}