{
  "sum_of_pairs": 0.9698802576161066,
  "column_score": 0.5337837837837838,
  "time_ms": 420
}