{
  "sum_of_pairs": 0.9268327812184934,
  "column_score": 0.2824427480916031,
  "time_ms": 2644
}