{
  "sum_of_pairs": 0.8832422586520947,
  "column_score": 0.15151515151515152,
  "time_ms": 313
}