{
  "sum_of_pairs": 0.7377300314189255,
  "column_score": 0.11290322580645161,
  "time_ms": 1058
}