{
  "sum_of_pairs": 0.9007628891349821,
  "column_score": 0.7325581395348837,
  "time_ms": 161
}