{
  "sum_of_pairs": 0.8806447643656946,
  "column_score": 0.7441860465116279,
  "time_ms": 347
}