{
  "sum_of_pairs": 0.9507237976214608,
  "column_score": 0.09502262443438914,
  "time_ms": 3631
}