{
  "sum_of_pairs": 0.9369758187940006,
  "column_score": 0.22348484848484848,
  "time_ms": 1544
}