{
  "sum_of_pairs": 0.9785398536735078,
  "column_score": 0.6157407407407407,
  "time_ms": 3886
}