{
  "sum_of_pairs": 0.8672531611514662,
  "column_score": 0.1619047619047619,
  "time_ms": 560
}