{
  "sum_of_pairs": 0.8964417663617171,
  "column_score": 0.5892857142857143,
  "time_ms": 148
}