{
  "sum_of_pairs": 0.8472033695305015,
  "column_score": 0.33663366336633666,
  "time_ms": 274
}