{
  "sum_of_pairs": 0.9360897435897436,
  "column_score": 0.26666666666666666,
  "time_ms": 2395
}