{
  "sum_of_pairs": 0.8457042665108124,
  "column_score": 0.10714285714285714,
  "time_ms": 723
}