{
  "sum_of_pairs": 0.7852765682954362,
  "column_score": 0.2641509433962264,
  "time_ms": 294
}