{
  "sum_of_pairs": 0.8409054615138933,
  "column_score": 0.31683168316831684,
  "time_ms": 473
}