{
  "sum_of_pairs": 0.9726802273972085,
  "column_score": 0.5945945945945946,
  "time_ms": 1017
}