{
  "sum_of_pairs": 0.944656103854217,
  "column_score": 0.4444444444444444,
  "time_ms": 395
}