{
  "sum_of_pairs": 0.7106043270230913,
  "column_score": 0.17105263157894737,
  "time_ms": 144
}