{
  "sum_of_pairs": 0.897585327234342,
  "column_score": 0.5892857142857143,
  "time_ms": 336
}