{
  "sum_of_pairs": 0.788961038961039,
  "column_score": 0.3409090909090909,
  "time_ms": 27
}