{
  "sum_of_pairs": 0.753377446925834,
  "column_score": 0.16666666666666666,
  "time_ms": 180
}