{
  "sum_of_pairs": 0.8308507973616097,
  "column_score": 0.1864406779661017,
  "time_ms": 596
}