{
  "sum_of_pairs": 0.7413407530684418,
  "column_score": 0.3157894736842105,
  "time_ms": 166
}