{
  "sum_of_pairs": 0.9474670852591884,
  "column_score": 0.09502262443438914,
  "time_ms": 1472
}