{
  "sum_of_pairs": 0.9158941390763956,
  "column_score": 0.46994535519125685,
  "time_ms": 262
}