{
  "sum_of_pairs": 0.7191335552319534,
  "column_score": 0.17105263157894737,
  "time_ms": 75
}