{
  "sum_of_pairs": 0.9499354657687991,
  "column_score": 0.12083333333333333,
  "time_ms": 2010
}