{
  "sum_of_pairs": 0.40065183143187055,
  "column_score": 0.08355761431669743,
  "time_ms": 340
}