{
  "sum_of_pairs": 0.5746271050521251,
  "column_score": 0.04186046511627907,
  "time_ms": 369
}