{
  "sum_of_pairs": 0.3195230998509687,
  "column_score": 0.06352459016393443,
  "time_ms": 162
}