{
  "sum_of_pairs": 0.7638888888888888,
  "column_score": 0.4697986577181208,
  "time_ms": 55
}