{
  "sum_of_pairs": 0.727600226442283,
  "column_score": 0.3543307086614173,
  "time_ms": 83
}