{
  "sum_of_pairs": 0.8086229819563153,
  "column_score": 0.4074074074074074,
  "time_ms": 132
}