{
  "sum_of_pairs": 0.5921324128625002,
  "column_score": 0.12997412624363489,
  "time_ms": 1408
}