{
  "sum_of_pairs": 0.6046587956792528,
  "column_score": 0.1736425592702742,
  "time_ms": 760
}