{
  "sum_of_pairs": 0.8279140325742472,
  "column_score": 0.4722222222222222,
  "time_ms": 3815
}