{
  "sum_of_pairs": 0.7408570440054698,
  "column_score": 0.24175824175824176,
  "time_ms": 5190
}