{
  "sum_of_pairs": 0.8318798865881949,
  "column_score": 0.3106796116504854,
  "time_ms": 4219
}