{
  "sum_of_pairs": 0.5358397667248261,
  "column_score": 0.12790697674418605,
  "time_ms": 2799
}