{
  "sum_of_pairs": 0.5526464949570726,
  "column_score": 0.15503875968992248,
  "time_ms": 157
}