{
  "sum_of_pairs": 0.6995398582265887,
  "column_score": 0.1411764705882353,
  "time_ms": 231
}