{
  "sum_of_pairs": 0.8663736263736264,
  "column_score": 0.291497975708502,
  "time_ms": 629
}