{
  "sum_of_pairs": 0.4298871063576946,
  "column_score": 0.045454545454545456,
  "time_ms": 20
}