{
  "sum_of_pairs": 0.8347222222222223,
  "column_score": 0.27941176470588236,
  "time_ms": 1010
}