{
  "sum_of_pairs": 0.19873015873015873,
  "column_score": 0.009523809523809525,
  "time_ms": 31
}