{
  "sum_of_pairs": 0.6143575378869497,
  "column_score": 0.29411764705882354,
  "time_ms": 649
}