{
  "sum_of_pairs": 0.5374010169208969,
  "column_score": 0.10077519379844961,
  "time_ms": 307
}