{
  "sum_of_pairs": 0.7056872658062214,
  "column_score": 0.19130434782608696,
  "time_ms": 1799
}