{
  "sum_of_pairs": 0.8510551103032306,
  "column_score": 0.1417004048582996,
  "time_ms": 1215
}