{
  "sum_of_pairs": 0.8656822629425369,
  "column_score": 0.22602739726027396,
  "time_ms": 2108
}