{
  "sum_of_pairs": 0.7024578667831605,
  "column_score": 0.11304347826086956,
  "time_ms": 456
}