{
  "sum_of_pairs": 0.8280410312273058,
  "column_score": 0.2647058823529412,
  "time_ms": 1878
}