{
  "sum_of_pairs": 0.833355875487161,
  "column_score": 0.5833333333333334,
  "time_ms": 2603
}