{
  "sum_of_pairs": 0.8041888804265042,
  "column_score": 0.24752475247524752,
  "time_ms": 1143
}