{
  "sum_of_pairs": 0.8147467631378522,
  "column_score": 0.37623762376237624,
  "time_ms": 543
}