{
  "sum_of_pairs": 0.7056364687943635,
  "column_score": 0.08791208791208792,
  "time_ms": 1061
}