{
  "sum_of_pairs": 0.7685442176870748,
  "column_score": 0.3541666666666667,
  "time_ms": 504
}