{
  "sum_of_pairs": 0.8697216025983149,
  "column_score": 0.2465753424657534,
  "time_ms": 1112
}