{
  "sum_of_pairs": 0.8376180836707152,
  "column_score": 0.4444444444444444,
  "time_ms": 485
}