{
  "sum_of_pairs": 0.8035392171777541,
  "column_score": 0.031914893617021274,
  "time_ms": 1753
}