{
  "sum_of_pairs": 0.8399362365446221,
  "column_score": 0.42718446601941745,
  "time_ms": 2403
}