{
  "sum_of_pairs": 0.5525251559549702,
  "column_score": 0.12790697674418605,
  "time_ms": 1534
}