{
  "sum_of_pairs": 0.8029171103818487,
  "column_score": 0.031914893617021274,
  "time_ms": 3425
}