{
  "sum_of_pairs": 0.7101231190150479,
  "column_score": 0.27058823529411763,
  "time_ms": 112
}