{
  "sum_of_pairs": 0.7439230933983557,
  "column_score": 0.34065934065934067,
  "time_ms": 2730
}