{
  "sum_of_pairs": 0.7008529114375781,
  "column_score": 0.10434782608695652,
  "time_ms": 3643
}