{
  "sum_of_pairs": 0.8264844804318489,
  "column_score": 0.3684210526315789,
  "time_ms": 970
}