{
  "sum_of_pairs": 0.7789492120646446,
  "column_score": 0.38213527737750264,
  "time_ms": 331
}