{
  "sum_of_pairs": 0.7893042281031233,
  "column_score": 0.40625055513430464,
  "time_ms": 188
}