{
  "sum_of_pairs": 0.8041795665634675,
  "column_score": 0.47368421052631576,
  "time_ms": 260
}