{
  "sum_of_pairs": 0.7444444444444445,
  "column_score": 0.6049382716049383,
  "time_ms": 28
}