{
  "sum_of_pairs": 0.9019472856018883,
  "column_score": 0.6585365853658537,
  "time_ms": 391
}