{
  "sum_of_pairs": 0.8071179119566216,
  "column_score": 0.49193548387096775,
  "time_ms": 214
}