{
  "sum_of_pairs": 0.9198090933621155,
  "column_score": 0.7889908256880734,
  "time_ms": 107
}