{
  "sum_of_pairs": 0.9434362279511533,
  "column_score": 0.540625,
  "time_ms": 1397
}