{
  "sum_of_pairs": 0.644620811287478,
  "column_score": 0.48412698412698413,
  "time_ms": 172
}