{
  "sum_of_pairs": 0.883317230273752,
  "column_score": 0.3333333333333333,
  "time_ms": 246
}