{
  "sum_of_pairs": 0.9419161615750722,
  "column_score": 0.40384615384615385,
  "time_ms": 2596
}