{
  "sum_of_pairs": 0.9091406269421035,
  "column_score": 0.7547169811320755,
  "time_ms": 175
}