{
  "sum_of_pairs": 0.949434083978419,
  "column_score": 0.6190476190476191,
  "time_ms": 107
}