{
  "sum_of_pairs": 0.8771504357711254,
  "column_score": 0.7586206896551724,
  "time_ms": 20
}