{
  "sum_of_pairs": 0.8342911877394636,
  "column_score": 0.6063218390804598,
  "time_ms": 158
}