{
  "sum_of_pairs": 0.7214972527472527,
  "column_score": 0.3076923076923077,
  "time_ms": 119
}