{
  "sum_of_pairs": 0.6035502958579881,
  "column_score": 0.24260355029585798,
  "time_ms": 25
}