{
  "sum_of_pairs": 0.8691666666666666,
  "column_score": 0.6193181818181818,
  "time_ms": 71
}