{
  "sum_of_pairs": 0.5986735158332791,
  "column_score": 0.24260355029585798,
  "time_ms": 101
}