{
  "sum_of_pairs": 0.9137209929843497,
  "column_score": 0.7706422018348624,
  "time_ms": 282
}