{
  "sum_of_pairs": 0.9588929588929589,
  "column_score": 0.7777777777777778,
  "time_ms": 33
}