{
  "sum_of_pairs": 0.8378870673952641,
  "column_score": 0.5901639344262295,
  "time_ms": 7
}