{
  "sum_of_pairs": 0.896587332808812,
  "column_score": 0.6422764227642277,
  "time_ms": 179
}