{
  "sum_of_pairs": 0.8001332598106792,
  "column_score": 0.4274193548387097,
  "time_ms": 377
}