{
  "sum_of_pairs": 0.8110764250202336,
  "column_score": 0.11827956989247312,
  "time_ms": 91
}