{
  "sum_of_pairs": 0.8787419477074649,
  "column_score": 0.7586206896551724,
  "time_ms": 48
}