{
  "sum_of_pairs": 0.7369505494505495,
  "column_score": 0.3557692307692308,
  "time_ms": 228
}