{
  "sum_of_pairs": 0.8232758620689655,
  "column_score": 0.5603448275862069,
  "time_ms": 84
}