{
  "sum_of_pairs": 0.8702865761689291,
  "column_score": 0.4519230769230769,
  "time_ms": 798
}