{
  "sum_of_pairs": 0.8402777777777778,
  "column_score": 0.6333333333333333,
  "time_ms": 14
}