{
  "sum_of_pairs": 0.9134536505332239,
  "column_score": 0.7610062893081762,
  "time_ms": 428
}