{
  "sum_of_pairs": 0.8949412492269635,
  "column_score": 0.6742857142857143,
  "time_ms": 136
}