{
  "sum_of_pairs": 0.8653977272727272,
  "column_score": 0.6022727272727273,
  "time_ms": 135
}