{
  "sum_of_pairs": 0.8166315049226441,
  "column_score": 0.5569620253164557,
  "time_ms": 25
}