{
  "sum_of_pairs": 0.7972110962765169,
  "column_score": 0.4672897196261682,
  "time_ms": 703
}