{
  "sum_of_pairs": 0.8151730066623684,
  "column_score": 0.3475177304964539,
  "time_ms": 164
}