{
  "sum_of_pairs": 0.706425673717763,
  "column_score": 0.3382352941176471,
  "time_ms": 330
}