{
  "sum_of_pairs": 0.9384584875727129,
  "column_score": 0.33653846153846156,
  "time_ms": 1815
}