{
  "sum_of_pairs": 0.8278832630098453,
  "column_score": 0.5949367088607594,
  "time_ms": 17
}