{
  "sum_of_pairs": 0.8137300052193669,
  "column_score": 0.3475177304964539,
  "time_ms": 61
}