{
  "sum_of_pairs": 0.7958847736625514,
  "column_score": 0.7160493827160493,
  "time_ms": 80
}