{
  "sum_of_pairs": 0.9451530612244898,
  "column_score": 0.5714285714285714,
  "time_ms": 207
}