{
  "sum_of_pairs": 0.8060353798126951,
  "column_score": 0.15053763440860216,
  "time_ms": 218
}