{
  "sum_of_pairs": 0.7924503657262278,
  "column_score": 0.6264367816091954,
  "time_ms": 109
}