{
  "sum_of_pairs": 0.8097387246323416,
  "column_score": 0.3404255319148936,
  "time_ms": 113
}