{
  "sum_of_pairs": 0.7856994511200118,
  "column_score": 0.4485981308411215,
  "time_ms": 295
}