{
  "sum_of_pairs": 0.7834149236018395,
  "column_score": 0.4485981308411215,
  "time_ms": 617
}