{
  "sum_of_pairs": 0.7048001949317739,
  "column_score": 0.4513888888888889,
  "time_ms": 105
}