{
  "sum_of_pairs": 0.8771338955162484,
  "column_score": 0.4951923076923077,
  "time_ms": 370
}