{
  "sum_of_pairs": 0.7926165681583638,
  "column_score": 0.47368421052631576,
  "time_ms": 329
}