{
  "sum_of_pairs": 0.8768682298094063,
  "column_score": 0.4951923076923077,
  "time_ms": 808
}