{
  "sum_of_pairs": 0.856309208033346,
  "column_score": 0.6827586206896552,
  "time_ms": 50
}