{
  "sum_of_pairs": 0.9788359788359788,
  "column_score": 0.8518518518518519,
  "time_ms": 48
}