{
  "sum_of_pairs": 0.7742596093257719,
  "column_score": 0.45652173913043476,
  "time_ms": 71
}