{
  "sum_of_pairs": 0.8038575409265064,
  "column_score": 0.6637931034482759,
  "time_ms": 75
}