{
  "sum_of_pairs": 0.8649235821649615,
  "column_score": 0.08791208791208792,
  "time_ms": 130
}