{
  "sum_of_pairs": 0.7642437446359015,
  "column_score": 0.08641975308641975,
  "time_ms": 517
}