{
  "sum_of_pairs": 0.9431351763907734,
  "column_score": 0.528125,
  "time_ms": 2542
}