{
  "sum_of_pairs": 0.7024050999710229,
  "column_score": 0.3088235294117647,
  "time_ms": 284
}