{
  "sum_of_pairs": 0.5952808719607139,
  "column_score": 0.21212121212121213,
  "time_ms": 62
}