{
  "sum_of_pairs": 0.8858937198067632,
  "column_score": 0.3333333333333333,
  "time_ms": 147
}