{
  "sum_of_pairs": 0.8694318181818181,
  "column_score": 0.6193181818181818,
  "time_ms": 165
}