{
  "sum_of_pairs": 0.8961119853134015,
  "column_score": 0.6422764227642277,
  "time_ms": 279
}