{
  "sum_of_pairs": 0.8110238029592868,
  "column_score": 0.5080645161290323,
  "time_ms": 428
}