{
  "sum_of_pairs": 0.567592171142467,
  "column_score": 0.1952662721893491,
  "time_ms": 54
}