{
  "sum_of_pairs": 0.951898439319823,
  "column_score": 0.5520833333333334,
  "time_ms": 998
}