{
  "sum_of_pairs": 0.6575234382251927,
  "column_score": 0.49206349206349204,
  "time_ms": 126
}