{
  "sum_of_pairs": 0.8084482596866498,
  "column_score": 0.47368421052631576,
  "time_ms": 139
}