{
  "sum_of_pairs": 0.6779255000598874,
  "column_score": 0.21212121212121213,
  "time_ms": 29
}