{
  "sum_of_pairs": 0.7527343148258181,
  "column_score": 0.08641975308641975,
  "time_ms": 520
}