{
  "sum_of_pairs": 0.7451923076923077,
  "column_score": 0.3557692307692308,
  "time_ms": 81
}