{
  "sum_of_pairs": 0.7655534941249227,
  "column_score": 0.35918367346938773,
  "time_ms": 41
}