{
  "sum_of_pairs": 0.7783553875236295,
  "column_score": 0.45652173913043476,
  "time_ms": 23
}