{
  "sum_of_pairs": 0.7853432282003711,
  "column_score": 0.39591836734693875,
  "time_ms": 74
}