{
  "sum_of_pairs": 0.19146964447870848,
  "column_score": 0.04286724531888129,
  "time_ms": 34
}