{
  "sum_of_pairs": 0.1948890378959853,
  "column_score": 0.047881404092438545,
  "time_ms": 7
}