{
  "sum_of_pairs": 0.16397804697101578,
  "column_score": 0.03360214729321845,
  "time_ms": 11
}