{
  "sum_of_pairs": 0.19146964447870846,
  "column_score": 0.04286724531888128,
  "time_ms": 12
}