{
  "sum_of_pairs": 0.3022300469483568,
  "column_score": 0.09859154929577464,
  "time_ms": 25
}