{
  "sum_of_pairs": 0.3858082706766917,
  "column_score": 0.14473684210526316,
  "time_ms": 9
}