{
  "sum_of_pairs": 0.1292517006802721,
  "column_score": 0.02040816326530612,
  "time_ms": 8
}