{
  "sum_of_pairs": 0.2788844621513944,
  "column_score": 0.08366533864541832,
  "time_ms": 24
}