{
  "sum_of_pairs": 0.24489795918367346,
  "column_score": 0.12244897959183673,
  "time_ms": 3
}