{
  "sum_of_pairs": 0.22737306843267108,
  "column_score": 0.10596026490066225,
  "time_ms": 3
}