{
  "sum_of_pairs": 0.23401360544217686,
  "column_score": 0.15714285714285714,
  "time_ms": 5
}