{
  "sum_of_pairs": 0.3138387484957882,
  "column_score": 0.09025270758122744,
  "time_ms": 14
}