{
  "sum_of_pairs": 0.43597883597883597,
  "column_score": 0.17037037037037037,
  "time_ms": 16
}