{
  "sum_of_pairs": 0.30612244897959184,
  "column_score": 0.1836734693877551,
  "time_ms": 11
}