{
  "sum_of_pairs": 0.34174491392801254,
  "column_score": 0.11971830985915492,
  "time_ms": 71
}