{
  "sum_of_pairs": 0.24383116883116884,
  "column_score": 0.02727272727272727,
  "time_ms": 35
}