{
  "sum_of_pairs": 0.432010582010582,
  "column_score": 0.17037037037037037,
  "time_ms": 7
}