{
  "sum_of_pairs": 0.4773147644434773,
  "column_score": 0.1485148514851485,
  "time_ms": 197
}