{
  "sum_of_pairs": 0.4631704928734632,
  "column_score": 0.1485148514851485,
  "time_ms": 32
}