{
  "sum_of_pairs": 0.34825511432009626,
  "column_score": 0.11913357400722022,
  "time_ms": 8
}