{
  "sum_of_pairs": 0.16666666666666666,
  "column_score": 0.032388663967611336,
  "time_ms": 11
}