{
  "sum_of_pairs": 0.33112582781456956,
  "column_score": 0.152317880794702,
  "time_ms": 1
}