{
  "sum_of_pairs": 0.26266233766233765,
  "column_score": 0.02727272727272727,
  "time_ms": 10
}