{
  "sum_of_pairs": 0.3828042328042328,
  "column_score": 0.1259259259259259,
  "time_ms": 12
}