{
  "sum_of_pairs": 0.23173970783532535,
  "column_score": 0.07171314741035857,
  "time_ms": 4
}