{
  "sum_of_pairs": 0.445000544010445,
  "column_score": 0.07920792079207921,
  "time_ms": 62
}