{
  "sum_of_pairs": 0.42904135338345867,
  "column_score": 0.19736842105263158,
  "time_ms": 6
}