{
  "sum_of_pairs": 0.34921780986762935,
  "column_score": 0.11913357400722022,
  "time_ms": 77
}