{
  "sum_of_pairs": 0.22643097643097643,
  "column_score": 0.16161616161616163,
  "time_ms": 5
}