{
  "sum_of_pairs": 0.8620480443257317,
  "column_score": 0.6572806263653187,
  "time_ms": 25992
}