{
  "sum_of_pairs": 0.8455280486788364,
  "column_score": 0.5852713178294574,
  "time_ms": 13420
}