{
  "sum_of_pairs": 0.8789610389610389,
  "column_score": 0.6285714285714286,
  "time_ms": 1716
}