{
  "sum_of_pairs": 0.9746343881682228,
  "column_score": 0.7692307692307693,
  "time_ms": 20352
}