{
  "sum_of_pairs": 0.7899319727891156,
  "column_score": 0.6476190476190476,
  "time_ms": 1341
}