{
  "sum_of_pairs": 0.9490142939767,
  "column_score": 0.5910931174089069,
  "time_ms": 741
}