{
  "sum_of_pairs": 0.8949455778266817,
  "column_score": 0.7913043478260869,
  "time_ms": 82836
}