{
  "sum_of_pairs": 0.9818181818181818,
  "column_score": 0.8181818181818182,
  "time_ms": 522
}