{
  "sum_of_pairs": 0.931187074829932,
  "column_score": 0.8583333333333333,
  "time_ms": 10319
}