{
  "sum_of_pairs": 0.9896959728989972,
  "column_score": 0.7961165048543689,
  "time_ms": 57400
}