{
  "sum_of_pairs": 0.7605688429217841,
  "column_score": 0.39819004524886875,
  "time_ms": 14407
}