{
  "sum_of_pairs": 0.9809394615225439,
  "column_score": 0.8782608695652174,
  "time_ms": 69913
}