{
  "sum_of_pairs": 0.8062008097359401,
  "column_score": 0.6129032258064516,
  "time_ms": 5273
}