{
  "sum_of_pairs": 0.8939744466060255,
  "column_score": 0.6483516483516484,
  "time_ms": 21356
}