{
  "sum_of_pairs": 0.9740946918578498,
  "column_score": 0.8830409356725146,
  "time_ms": 8245
}