{
  "sum_of_pairs": 0.8776432747267077,
  "column_score": 0.5957446808510638,
  "time_ms": 22363
}