{
  "sum_of_pairs": 0.9472578037557517,
  "column_score": 0.7294117647058823,
  "time_ms": 263
}