{
  "sum_of_pairs": 0.9154493903599732,
  "column_score": 0.7658730158730159,
  "time_ms": 863
}