{
  "sum_of_pairs": 0.7294886339312471,
  "column_score": 0.4107142857142857,
  "time_ms": 120313
}