{
  "sum_of_pairs": 0.5475613269393249,
  "column_score": 0.09918717562691515,
  "time_ms": 1162
}