{
  "sum_of_pairs": 0.5442558102808415,
  "column_score": 0.09505192733497443,
  "time_ms": 2117
}