{
  "sum_of_pairs": 0.5478862785296067,
  "column_score": 0.10802143227025801,
  "time_ms": 2647
}