{
  "sum_of_pairs": 0.6062619047619048,
  "column_score": 0.05416666666666667,
  "time_ms": 693
}