{
  "sum_of_pairs": 0.6543062200956937,
  "column_score": 0.18181818181818182,
  "time_ms": 27
}