{
  "sum_of_pairs": 0.7643484983585972,
  "column_score": 0.4523809523809524,
  "time_ms": 3311
}