{
  "sum_of_pairs": 0.5360278572316876,
  "column_score": 0.10588235294117647,
  "time_ms": 136
}