{
  "sum_of_pairs": 0.42193886087143573,
  "column_score": 0.13953488372093023,
  "time_ms": 5067
}