{
  "sum_of_pairs": 0.5857298474945534,
  "column_score": 0.16176470588235295,
  "time_ms": 3628
}