{
  "sum_of_pairs": 0.5934334260685628,
  "column_score": 0.30434782608695654,
  "time_ms": 1645
}