{
  "sum_of_pairs": 0.4837959489872468,
  "column_score": 0.027131782945736434,
  "time_ms": 429
}