{
  "sum_of_pairs": 0.604047619047619,
  "column_score": 0.04583333333333333,
  "time_ms": 1590
}