{
  "sum_of_pairs": 0.6825358851674641,
  "column_score": 0.18181818181818182,
  "time_ms": 28
}