{
  "sum_of_pairs": 0.40728246000118956,
  "column_score": 0.02608695652173913,
  "time_ms": 5748
}