{
  "sum_of_pairs": 0.8017066085693537,
  "column_score": 0.4852941176470588,
  "time_ms": 1593
}