{
  "sum_of_pairs": 0.8012935729847495,
  "column_score": 0.4852941176470588,
  "time_ms": 2880
}