{
  "sum_of_pairs": 0.5363508671779349,
  "column_score": 0.07692307692307693,
  "time_ms": 1720
}