{
  "sum_of_pairs": 0.8066157586705532,
  "column_score": 0.11643835616438356,
  "time_ms": 4614
}