{
  "sum_of_pairs": 0.4076750133825016,
  "column_score": 0.02608695652173913,
  "time_ms": 3010
}