{
  "sum_of_pairs": 0.597949095256708,
  "column_score": 0.30434782608695654,
  "time_ms": 2032
}