{
  "sum_of_pairs": 0.43018419489007725,
  "column_score": 0.09090909090909091,
  "time_ms": 63
}