{
  "sum_of_pairs": 0.5944036971466673,
  "column_score": 0.30434782608695654,
  "time_ms": 921
}