{
  "sum_of_pairs": 0.5763586618579779,
  "column_score": 0.10588235294117647,
  "time_ms": 288
}