{
  "sum_of_pairs": 0.4884221055263816,
  "column_score": 0.027131782945736434,
  "time_ms": 243
}