{
  "sum_of_pairs": 0.7972304387341982,
  "column_score": 0.020242914979757085,
  "time_ms": 1941
}