{
  "sum_of_pairs": 0.7504414080071975,
  "column_score": 0.19883040935672514,
  "time_ms": 1660
}