{
  "sum_of_pairs": 0.4954545454545455,
  "column_score": 0.22727272727272727,
  "time_ms": 71
}