{
  "sum_of_pairs": 0.7455383992242829,
  "column_score": 0.17475728155339806,
  "time_ms": 6698
}