{
  "sum_of_pairs": 0.8004667159281073,
  "column_score": 0.031914893617021274,
  "time_ms": 6180
}