{
  "sum_of_pairs": 0.5332545703270738,
  "column_score": 0.10588235294117647,
  "time_ms": 265
}