{
  "sum_of_pairs": 0.5093665732763477,
  "column_score": 0.07692307692307693,
  "time_ms": 1485
}