{
  "sum_of_pairs": 0.6041632653061224,
  "column_score": 0.05416666666666667,
  "time_ms": 1276
}