{
  "sum_of_pairs": 0.7397136197136197,
  "column_score": 0.22857142857142856,
  "time_ms": 153
}