{
  "sum_of_pairs": 0.8246517392382055,
  "column_score": 0.10121457489878542,
  "time_ms": 2579
}