{
  "sum_of_pairs": 0.7472352803996416,
  "column_score": 0.1941747572815534,
  "time_ms": 3913
}