{
  "sum_of_pairs": 0.5110303230603982,
  "column_score": 0.07692307692307693,
  "time_ms": 766
}