{
  "sum_of_pairs": 0.6994203601193033,
  "column_score": 0.1941747572815534,
  "time_ms": 7467
}