{
  "sum_of_pairs": 0.7633424503822147,
  "column_score": 0.4523809523809524,
  "time_ms": 6172
}