{
  "sum_of_pairs": 0.25796684640076323,
  "column_score": 0.08540775290535214,
  "time_ms": 11
}