{
  "sum_of_pairs": 0.6610817166372722,
  "column_score": 0.345679012345679,
  "time_ms": 5
}