{
  "sum_of_pairs": 0.2791356184798808,
  "column_score": 0.06557377049180328,
  "time_ms": 17
}