{
  "sum_of_pairs": 0.34136221008819884,
  "column_score": 0.12251491624625474,
  "time_ms": 8
}