{
  "sum_of_pairs": 0.3836065573770492,
  "column_score": 0.1885245901639344,
  "time_ms": 16
}