{
  "sum_of_pairs": 0.4676186645213194,
  "column_score": 0.21902654867256638,
  "time_ms": 16
}