{
  "sum_of_pairs": 0.6005291005291006,
  "column_score": 0.16666666666666666,
  "time_ms": 3
}