{
  "sum_of_pairs": 0.42321884757309114,
  "column_score": 0.11808118081180811,
  "time_ms": 13
}