{
  "sum_of_pairs": 0.15360983102918588,
  "column_score": 0.07373271889400922,
  "time_ms": 1
}