{
  "sum_of_pairs": 0.2534274193548387,
  "column_score": 0.11895161290322581,
  "time_ms": 8
}