{
  "sum_of_pairs": 0.5056772100567721,
  "column_score": 0.24817518248175183,
  "time_ms": 3
}