{
  "sum_of_pairs": 0.5400029577048211,
  "column_score": 0.38923395445134573,
  "time_ms": 13
}