{
  "sum_of_pairs": 0.1775793650793651,
  "column_score": 0.03571428571428571,
  "time_ms": 1
}