{
  "sum_of_pairs": 0.5514124293785311,
  "column_score": 0.13559322033898305,
  "time_ms": 9
}