{
  "sum_of_pairs": 0.6470276535850307,
  "column_score": 0.4262295081967213,
  "time_ms": 26
}