{
  "sum_of_pairs": 0.6254733875947682,
  "column_score": 0.21115997024884856,
  "time_ms": 279
}