{
  "sum_of_pairs": 0.6254733875947682,
  "column_score": 0.2111599702488485,
  "time_ms": 259
}