{
  "sum_of_pairs": 0.9131794131794132,
  "column_score": 0.25757575757575757,
  "time_ms": 224
}