{
  "sum_of_pairs": 0.3405214424951267,
  "column_score": 0.1736111111111111,
  "time_ms": 89
}