{
  "sum_of_pairs": 0.6229437229437229,
  "column_score": 0.27346938775510204,
  "time_ms": 90
}