{
  "sum_of_pairs": 0.7262658227848101,
  "column_score": 0.5379746835443038,
  "time_ms": 30
}