{
  "sum_of_pairs": 0.9036503726158899,
  "column_score": 0.5604395604395604,
  "time_ms": 323
}