{
  "sum_of_pairs": 0.7673282599753188,
  "column_score": 0.40865384615384615,
  "time_ms": 496
}