{
  "sum_of_pairs": 0.8436994063680519,
  "column_score": 0.5573394495412844,
  "time_ms": 154
}