{
  "sum_of_pairs": 0.6182565940630457,
  "column_score": 0.10483870967741936,
  "time_ms": 300
}