{
  "sum_of_pairs": 0.6909262759924386,
  "column_score": 0.2391304347826087,
  "time_ms": 45
}