{
  "sum_of_pairs": 0.6884360849878092,
  "column_score": 0.3275862068965517,
  "time_ms": 67
}