{
  "sum_of_pairs": 0.7034482758620689,
  "column_score": 0.41379310344827586,
  "time_ms": 35
}