{
  "sum_of_pairs": 0.8835374149659864,
  "column_score": 0.6514285714285715,
  "time_ms": 90
}