{
  "sum_of_pairs": 0.8365296354576449,
  "column_score": 0.5040650406504065,
  "time_ms": 195
}