{
  "sum_of_pairs": 0.8134848484848485,
  "column_score": 0.42045454545454547,
  "time_ms": 138
}