{
  "sum_of_pairs": 0.6133324106071831,
  "column_score": 0.011176460763066798,
  "time_ms": 680
}