{
  "sum_of_pairs": 0.6800951824329966,
  "column_score": 0.17288135593220338,
  "time_ms": 941
}