{
  "sum_of_pairs": 0.8923911214074272,
  "column_score": 0.2361111111111111,
  "time_ms": 2116
}