{
  "sum_of_pairs": 0.8729606672788491,
  "column_score": 0.04924242424242424,
  "time_ms": 1096
}