{
  "sum_of_pairs": 0.25046240887825044,
  "column_score": 0.1188118811881188,
  "time_ms": 30
}