{
  "sum_of_pairs": 0.2513172966781214,
  "column_score": 0.1134020618556701,
  "time_ms": 11
}