{
  "sum_of_pairs": 0.21077048367490236,
  "column_score": 0.05097134310139308,
  "time_ms": 11
}