{
  "sum_of_pairs": 0.23334792203229215,
  "column_score": 0.06340285952342428,
  "time_ms": 6
}