{
  "sum_of_pairs": 0.16936572199730093,
  "column_score": 0.05263157894736842,
  "time_ms": 3
}