{
  "sum_of_pairs": 0.2852112676056338,
  "column_score": 0.08450704225352113,
  "time_ms": 20
}