{
  "sum_of_pairs": 0.3711819389110226,
  "column_score": 0.22709163346613545,
  "time_ms": 3
}