{
  "sum_of_pairs": 0.4327485380116959,
  "column_score": 0.15789473684210525,
  "time_ms": 0
}