{
  "sum_of_pairs": 0.5309050772626932,
  "column_score": 0.3576158940397351,
  "time_ms": 1
}