{
  "sum_of_pairs": 0.2239057239057239,
  "column_score": 0.07575757575757576,
  "time_ms": 1
}