{
  "sum_of_pairs": 0.17929292929292928,
  "column_score": 0.06565656565656566,
  "time_ms": 3
}