{
  "sum_of_pairs": 0.5124578391905125,
  "column_score": 0.1485148514851485,
  "time_ms": 72
}