{
  "sum_of_pairs": 0.22108843537414966,
  "column_score": 0.16326530612244897,
  "time_ms": 1
}