{
  "sum_of_pairs": 0.5380116959064327,
  "column_score": 0.2982456140350877,
  "time_ms": 1
}