{
  "sum_of_pairs": 0.4838624338624339,
  "column_score": 0.2814814814814815,
  "time_ms": 12
}