{
  "sum_of_pairs": 0.4286401925391095,
  "column_score": 0.26714801444043323,
  "time_ms": 8
}