{
  "sum_of_pairs": 0.2942097026604069,
  "column_score": 0.08450704225352113,
  "time_ms": 12
}