{
  "sum_of_pairs": 0.6158940397350994,
  "column_score": 0.4503311258278146,
  "time_ms": 1
}