{
  "sum_of_pairs": 0.3918170878459687,
  "column_score": 0.18772563176895307,
  "time_ms": 13
}