{
  "sum_of_pairs": 0.45472922404602917,
  "column_score": 0.009846847054043383,
  "time_ms": 1304
}