{
  "sum_of_pairs": 0.28297668476525073,
  "column_score": 0.024752475247524754,
  "time_ms": 827
}