{
  "sum_of_pairs": 0.6975588614739558,
  "column_score": 0.1111111111111111,
  "time_ms": 1044
}