{
  "sum_of_pairs": 0.4771411665869543,
  "column_score": 0.1223042303945337,
  "time_ms": 81
}