{
  "sum_of_pairs": 0.5267234848484849,
  "column_score": 0.17045454545454544,
  "time_ms": 36
}