{
  "sum_of_pairs": 0.24935022742040286,
  "column_score": 0.1736111111111111,
  "time_ms": 23
}