{
  "sum_of_pairs": 0.5360407876230661,
  "column_score": 0.2911392405063291,
  "time_ms": 10
}