{
  "sum_of_pairs": 0.7248452696728559,
  "column_score": 0.0989010989010989,
  "time_ms": 67
}