{
  "sum_of_pairs": 0.772851567355259,
  "column_score": 0.6509433962264151,
  "time_ms": 112
}