{
  "sum_of_pairs": 0.6068661730426437,
  "column_score": 0.22115384615384615,
  "time_ms": 220
}