{
  "sum_of_pairs": 0.840933621154884,
  "column_score": 0.6376146788990825,
  "time_ms": 66
}