{
  "sum_of_pairs": 0.675374149659864,
  "column_score": 0.3942857142857143,
  "time_ms": 29
}