{
  "sum_of_pairs": 0.6929594689028651,
  "column_score": 0.09375,
  "time_ms": 321
}