{
  "sum_of_pairs": 0.022136935063181463,
  "column_score": 0.0002658160552897395,
  "time_ms": 13
}