{
  "sum_of_pairs": 0.3922207982475861,
  "column_score": 0.02400506516736732,
  "time_ms": 372
}