{
  "sum_of_pairs": 0.6125186289120715,
  "column_score": 0.15778688524590165,
  "time_ms": 71
}