{
  "sum_of_pairs": 0.645041014168531,
  "column_score": 0.06040268456375839,
  "time_ms": 26
}