{
  "sum_of_pairs": 0.6292416225749559,
  "column_score": 0.13333333333333333,
  "time_ms": 200
}