{
  "sum_of_pairs": 0.3585458433573911,
  "column_score": 0.03255813953488372,
  "time_ms": 345
}