{
  "sum_of_pairs": 0.6352381835469431,
  "column_score": 0.20590582629910764,
  "time_ms": 123
}