{
  "sum_of_pairs": 0.4652442795299938,
  "column_score": 0.02857142857142857,
  "time_ms": 25
}