{
  "sum_of_pairs": 0.6730233368164402,
  "column_score": 0.3764367816091954,
  "time_ms": 33
}