{
  "sum_of_pairs": 0.6236222406435172,
  "column_score": 0.09219858156028368,
  "time_ms": 52
}