{
  "sum_of_pairs": 0.7267938000696621,
  "column_score": 0.3218390804597701,
  "time_ms": 39
}