{
  "sum_of_pairs": 0.7409245166598107,
  "column_score": 0.3269230769230769,
  "time_ms": 242
}