{
  "sum_of_pairs": 0.5169105919879914,
  "column_score": 0.17105263157894737,
  "time_ms": 107
}