{
  "sum_of_pairs": 0.8490353037766831,
  "column_score": 0.1488095238095238,
  "time_ms": 99
}