{
  "sum_of_pairs": 0.8624442696039863,
  "column_score": 0.6341463414634146,
  "time_ms": 102
}