{
  "sum_of_pairs": 0.7058720112517581,
  "column_score": 0.5189873417721519,
  "time_ms": 17
}