{
  "sum_of_pairs": 0.3414396254632941,
  "column_score": 0.15976331360946747,
  "time_ms": 24
}