{
  "sum_of_pairs": 0.8628346961680295,
  "column_score": 0.25757575757575757,
  "time_ms": 92
}