{
  "sum_of_pairs": 0.8565839179708581,
  "column_score": 0.6788990825688074,
  "time_ms": 88
}