{
  "sum_of_pairs": 0.8328779599271403,
  "column_score": 0.6065573770491803,
  "time_ms": 4
}