{
  "sum_of_pairs": 0.6189814814814815,
  "column_score": 0.23333333333333334,
  "time_ms": 10
}