{
  "sum_of_pairs": 0.8542685767528535,
  "column_score": 0.34375,
  "time_ms": 456
}