{
  "sum_of_pairs": 0.7427757427757428,
  "column_score": 0.5185185185185185,
  "time_ms": 19
}