{
  "sum_of_pairs": 0.50250901140929,
  "column_score": 0.05931193408178821,
  "time_ms": 2065
}