{
  "sum_of_pairs": 0.5025090114092899,
  "column_score": 0.05931193408178821,
  "time_ms": 1841
}