{
  "sum_of_pairs": 0.8220455343743015,
  "column_score": 0.0684931506849315,
  "time_ms": 3240
}