{
  "sum_of_pairs": 0.749155086678756,
  "column_score": 0.34523809523809523,
  "time_ms": 6350
}