{
  "sum_of_pairs": 0.5643660915228808,
  "column_score": 0.1511627906976744,
  "time_ms": 400
}