{
  "sum_of_pairs": 0.666578231292517,
  "column_score": 0.16666666666666666,
  "time_ms": 962
}