{
  "sum_of_pairs": 0.8410850781160053,
  "column_score": 0.20550777254016758,
  "time_ms": 609
}