{
  "sum_of_pairs": 0.8379958461317805,
  "column_score": 0.19287621968089694,
  "time_ms": 1141
}