{
  "sum_of_pairs": 0.8043250892088102,
  "column_score": 0.5232558139534884,
  "time_ms": 471
}