{
  "sum_of_pairs": 0.9328087167070218,
  "column_score": 0.11016949152542373,
  "time_ms": 300
}