{
  "sum_of_pairs": 0.9575681052953781,
  "column_score": 0.4659090909090909,
  "time_ms": 1015
}