{
  "sum_of_pairs": 0.9514814814814815,
  "column_score": 0.24583333333333332,
  "time_ms": 2817
}