{
  "sum_of_pairs": 0.9568435354092083,
  "column_score": 0.19909502262443438,
  "time_ms": 3696
}