{
  "sum_of_pairs": 0.9112604714591857,
  "column_score": 0.14285714285714285,
  "time_ms": 444
}