{
  "sum_of_pairs": 0.8569925690907573,
  "column_score": 0.30847457627118646,
  "time_ms": 936
}