{
  "sum_of_pairs": 0.7389484085708342,
  "column_score": 0.21710526315789475,
  "time_ms": 211
}