{
  "sum_of_pairs": 0.9732279449260581,
  "column_score": 0.5337837837837838,
  "time_ms": 462
}