{
  "sum_of_pairs": 0.9538103254769922,
  "column_score": 0.25416666666666665,
  "time_ms": 1445
}