{
  "sum_of_pairs": 0.8032844164919637,
  "column_score": 0.24528301886792453,
  "time_ms": 157
}