{
  "sum_of_pairs": 0.9178364028538245,
  "column_score": 0.17142857142857143,
  "time_ms": 60
}