{
  "sum_of_pairs": 0.8055247938968869,
  "column_score": 0.5232558139534884,
  "time_ms": 227
}