{
  "sum_of_pairs": 0.842512077294686,
  "column_score": 0.43478260869565216,
  "time_ms": 57
}