{
  "sum_of_pairs": 0.9007081280788177,
  "column_score": 0.48214285714285715,
  "time_ms": 221
}