{
  "sum_of_pairs": 0.9474836785496219,
  "column_score": 0.33112582781456956,
  "time_ms": 1197
}