{
  "sum_of_pairs": 0.8530797101449276,
  "column_score": 0.4782608695652174,
  "time_ms": 25
}