{
  "sum_of_pairs": 0.75462866652798,
  "column_score": 0.3092105263157895,
  "time_ms": 102
}