{
  "sum_of_pairs": 0.8550054270685481,
  "column_score": 0.3050847457627119,
  "time_ms": 1619
}