{
  "sum_of_pairs": 0.9054994294620244,
  "column_score": 0.10714285714285714,
  "time_ms": 903
}