{
  "sum_of_pairs": 0.9474660654736743,
  "column_score": 0.33112582781456956,
  "time_ms": 1786
}