{
  "sum_of_pairs": 0.8609372412651101,
  "column_score": 0.48484848484848486,
  "time_ms": 265
}