{
  "sum_of_pairs": 0.9093220620658328,
  "column_score": 0.22900763358778625,
  "time_ms": 2944
}