{
  "sum_of_pairs": 0.9622439929043702,
  "column_score": 0.5972222222222222,
  "time_ms": 495
}