{
  "sum_of_pairs": 0.9435737179487179,
  "column_score": 0.4166666666666667,
  "time_ms": 1516
}