{
  "sum_of_pairs": 0.9053592168574747,
  "column_score": 0.17142857142857143,
  "time_ms": 112
}