{
  "sum_of_pairs": 0.8249760942958062,
  "column_score": 0.0967741935483871,
  "time_ms": 689
}