{
  "sum_of_pairs": 0.8226440684581309,
  "column_score": 0.07258064516129033,
  "time_ms": 1462
}