{
  "sum_of_pairs": 0.849259421909933,
  "column_score": 0.37623762376237624,
  "time_ms": 443
}