{
  "sum_of_pairs": 0.905200900032144,
  "column_score": 0.29508196721311475,
  "time_ms": 558
}