{
  "sum_of_pairs": 0.8019136698381981,
  "column_score": 0.2358490566037736,
  "time_ms": 279
}