{
  "sum_of_pairs": 0.6189373644187702,
  "column_score": 0.32798878245467084,
  "time_ms": 24
}