{
  "sum_of_pairs": 0.332987012987013,
  "column_score": 0.42857142857142855,
  "time_ms": 5
}