{
  "sum_of_pairs": 0.7275062656641604,
  "column_score": 0.2236842105263158,
  "time_ms": 24
}