{
  "sum_of_pairs": 0.7568627450980392,
  "column_score": 0.4957983193277311,
  "time_ms": 24
}