{
  "sum_of_pairs": 0.9097902097902097,
  "column_score": 0.5743589743589743,
  "time_ms": 38
}