{
  "sum_of_pairs": 0.5487179487179488,
  "column_score": 0.28205128205128205,
  "time_ms": 1
}