{
  "sum_of_pairs": 0.17586206896551723,
  "column_score": 0.02413793103448276,
  "time_ms": 7
}