{
  "sum_of_pairs": 0.7002915258729212,
  "column_score": 0.22093023255813954,
  "time_ms": 73
}