{
  "sum_of_pairs": 0.8045634920634921,
  "column_score": 0.7083333333333334,
  "time_ms": 3
}