{
  "sum_of_pairs": 0.7962880804495711,
  "column_score": 0.6128364389233955,
  "time_ms": 35
}