{
  "sum_of_pairs": 0.2098790322580645,
  "column_score": 0.1431451612903226,
  "time_ms": 17
}