{
  "sum_of_pairs": 0.5860655737704918,
  "column_score": 0.23770491803278687,
  "time_ms": 30
}