{
  "sum_of_pairs": 0.5048802129547472,
  "column_score": 0.2857142857142857,
  "time_ms": 15
}