{
  "sum_of_pairs": 0.5455836776859504,
  "column_score": 0.32954545454545453,
  "time_ms": 90
}