{
  "sum_of_pairs": 0.7222222222222222,
  "column_score": 0.27007299270072993,
  "time_ms": 9
}