{
  "sum_of_pairs": 0.6746987951807228,
  "column_score": 0.5481927710843374,
  "time_ms": 10
}