{
  "sum_of_pairs": 0.7780337941628265,
  "column_score": 0.6359447004608295,
  "time_ms": 4
}