{
  "sum_of_pairs": 0.7133547868061142,
  "column_score": 0.3473451327433628,
  "time_ms": 47
}