{
  "sum_of_pairs": 0.524574209245742,
  "column_score": 0.3722627737226277,
  "time_ms": 5
}