{
  "sum_of_pairs": 0.8096059113300492,
  "column_score": 0.6551724137931034,
  "time_ms": 19
}