{
  "sum_of_pairs": 0.7863952375005204,
  "column_score": 0.3057324840764331,
  "time_ms": 39
}