{
  "sum_of_pairs": 0.5478110599078341,
  "column_score": 0.31451612903225806,
  "time_ms": 10
}