{
  "sum_of_pairs": 0.736331569664903,
  "column_score": 0.24691358024691357,
  "time_ms": 6
}