{
  "sum_of_pairs": 0.3156370656370656,
  "column_score": 0.10810810810810811,
  "time_ms": 2
}