{
  "sum_of_pairs": 0.03196079730028521,
  "column_score": 0.0002658160552897395,
  "time_ms": 6
}