{
  "sum_of_pairs": 0.1026936026936027,
  "column_score": 0.010101010101010102,
  "time_ms": 3
}