{
  "sum_of_pairs": 0.5864987775684202,
  "column_score": 0.1924859101356893,
  "time_ms": 101
}