{
  "sum_of_pairs": 0.6709848484848485,
  "column_score": 0.2556818181818182,
  "time_ms": 52
}