{
  "sum_of_pairs": 0.863599568267674,
  "column_score": 0.6651376146788991,
  "time_ms": 79
}