{
  "sum_of_pairs": 0.8984517304189436,
  "column_score": 0.8688524590163934,
  "time_ms": 3
}