{
  "sum_of_pairs": 0.8537121745249824,
  "column_score": 0.13690476190476192,
  "time_ms": 84
}