{
  "sum_of_pairs": 0.8445499773857983,
  "column_score": 0.28125,
  "time_ms": 821
}