{
  "sum_of_pairs": 0.8285107017674697,
  "column_score": 0.6509433962264151,
  "time_ms": 116
}