{
  "sum_of_pairs": 0.8633240158397391,
  "column_score": 0.2916666666666667,
  "time_ms": 381
}