{
  "sum_of_pairs": 0.28654970760233917,
  "column_score": 0.11805555555555555,
  "time_ms": 40
}