{
  "sum_of_pairs": 0.6587425983977708,
  "column_score": 0.47988505747126436,
  "time_ms": 29
}