{
  "sum_of_pairs": 0.6452129569592642,
  "column_score": 0.24097177298142475,
  "time_ms": 650
}