{
  "sum_of_pairs": 0.6401177240881247,
  "column_score": 0.2290131620099417,
  "time_ms": 497
}