{
  "sum_of_pairs": 0.6467695848158498,
  "column_score": 0.23632595801196515,
  "time_ms": 295
}