{
  "sum_of_pairs": 0.8087356321839081,
  "column_score": 0.49767441860465117,
  "time_ms": 539
}