{
  "sum_of_pairs": 0.7180951004480416,
  "column_score": 0.10135135135135136,
  "time_ms": 328
}