{
  "sum_of_pairs": 0.8375850340136054,
  "column_score": 0.32653061224489793,
  "time_ms": 2103
}