{
  "sum_of_pairs": 0.8114621758887998,
  "column_score": 0.5069767441860465,
  "time_ms": 259
}