{
  "sum_of_pairs": 0.8844444444444445,
  "column_score": 0.7160493827160493,
  "time_ms": 192
}