{
  "sum_of_pairs": 0.7821343596153635,
  "column_score": 0.15841584158415842,
  "time_ms": 1015
}