{
  "sum_of_pairs": 0.5805514157973174,
  "column_score": 0.18442622950819673,
  "time_ms": 138
}