{
  "sum_of_pairs": 0.8374635568513119,
  "column_score": 0.3163265306122449,
  "time_ms": 1135
}