{
  "sum_of_pairs": 0.8835756897837435,
  "column_score": 0.6946308724832215,
  "time_ms": 31
}