{
  "sum_of_pairs": 0.8467561521252797,
  "column_score": 0.610738255033557,
  "time_ms": 30
}