{
  "sum_of_pairs": 0.8094413258487035,
  "column_score": 0.5069767441860465,
  "time_ms": 729
}