{
  "sum_of_pairs": 0.5189914313808119,
  "column_score": 0.11504424778761062,
  "time_ms": 410
}