{
  "sum_of_pairs": 0.5958137856369542,
  "column_score": 0.20245398773006135,
  "time_ms": 187
}