{
  "sum_of_pairs": 0.594150521609538,
  "column_score": 0.18237704918032788,
  "time_ms": 85
}