{
  "sum_of_pairs": 0.52574799831437,
  "column_score": 0.11504424778761062,
  "time_ms": 231
}