{
  "sum_of_pairs": 0.7787792068243369,
  "column_score": 0.15841584158415842,
  "time_ms": 1627
}