{
  "sum_of_pairs": 0.6024962742175857,
  "column_score": 0.18442622950819673,
  "time_ms": 46
}