{
  "sum_of_pairs": 0.7844369154523426,
  "column_score": 0.15841584158415842,
  "time_ms": 582
}