{
  "sum_of_pairs": 0.6015477765748426,
  "column_score": 0.22085889570552147,
  "time_ms": 89
}