{
  "sum_of_pairs": 0.8629509546600792,
  "column_score": 0.7637795275590551,
  "time_ms": 70
}