{
  "sum_of_pairs": 0.8350600444259336,
  "column_score": 0.3163265306122449,
  "time_ms": 1667
}