{
  "sum_of_pairs": 0.8812155745489079,
  "column_score": 0.7160493827160493,
  "time_ms": 122
}