{
  "sum_of_pairs": 0.13803749895971798,
  "column_score": 0.02356803248480752,
  "time_ms": 9
}