{
  "sum_of_pairs": 0.17859937402190923,
  "column_score": 0.08450704225352113,
  "time_ms": 19
}