{
  "sum_of_pairs": 0.3638888888888889,
  "column_score": 0.18333333333333332,
  "time_ms": 1
}