{
  "sum_of_pairs": 0.19005847953216373,
  "column_score": 0.21052631578947367,
  "time_ms": 0
}