{
  "sum_of_pairs": 0.48344370860927155,
  "column_score": 0.41721854304635764,
  "time_ms": 1
}