{
  "sum_of_pairs": 0.7613571415294619,
  "column_score": 0.388207122810364,
  "time_ms": 290
}