{
  "sum_of_pairs": 0.7567745286936295,
  "column_score": 0.37690155503226325,
  "time_ms": 666
}