{
  "sum_of_pairs": 0.8938979963570127,
  "column_score": 0.7213114754098361,
  "time_ms": 2
}