{
  "sum_of_pairs": 0.8797534749541044,
  "column_score": 0.6422764227642277,
  "time_ms": 147
}