{
  "sum_of_pairs": 0.8602003642987249,
  "column_score": 0.6557377049180327,
  "time_ms": 4
}