{
  "sum_of_pairs": 0.7164227760069545,
  "column_score": 0.23529411764705882,
  "time_ms": 541
}