{
  "sum_of_pairs": 0.9637769637769638,
  "column_score": 0.7777777777777778,
  "time_ms": 21
}