{
  "sum_of_pairs": 0.762571246231377,
  "column_score": 0.09876543209876543,
  "time_ms": 864
}