{
  "sum_of_pairs": 0.7430555555555556,
  "column_score": 0.26666666666666666,
  "time_ms": 7
}