{
  "sum_of_pairs": 0.7422022684310019,
  "column_score": 0.34782608695652173,
  "time_ms": 40
}