{
  "sum_of_pairs": 0.9526888341543513,
  "column_score": 0.6547619047619048,
  "time_ms": 113
}