{
  "sum_of_pairs": 0.9916517590936196,
  "column_score": 0.9418604651162791,
  "time_ms": 138
}