{
  "sum_of_pairs": 0.8206628787878788,
  "column_score": 0.6193181818181818,
  "time_ms": 91
}