{
  "sum_of_pairs": 0.7108918128654971,
  "column_score": 0.4861111111111111,
  "time_ms": 280
}