{
  "sum_of_pairs": 0.7215788989982538,
  "column_score": 0.3709677419354839,
  "time_ms": 882
}