{
  "sum_of_pairs": 0.9045267489711935,
  "column_score": 0.8395061728395061,
  "time_ms": 34
}