{
  "sum_of_pairs": 0.6348267117497887,
  "column_score": 0.22485207100591717,
  "time_ms": 34
}