{
  "sum_of_pairs": 0.7233480378641669,
  "column_score": 0.3709677419354839,
  "time_ms": 356
}