{
  "sum_of_pairs": 0.8907375015254444,
  "column_score": 0.3269230769230769,
  "time_ms": 2921
}