{
  "sum_of_pairs": 0.9205511332973556,
  "column_score": 0.7912844036697247,
  "time_ms": 142
}