{
  "sum_of_pairs": 0.7615377917102055,
  "column_score": 0.5948275862068966,
  "time_ms": 38
}