{
  "sum_of_pairs": 0.9179371289800324,
  "column_score": 0.7889908256880734,
  "time_ms": 356
}