{
  "sum_of_pairs": 0.9315044097693351,
  "column_score": 0.46875,
  "time_ms": 1893
}