{
  "sum_of_pairs": 0.7763040741764146,
  "column_score": 0.5177304964539007,
  "time_ms": 147
}