{
  "sum_of_pairs": 0.8997190941407512,
  "column_score": 0.7264150943396226,
  "time_ms": 841
}