{
  "sum_of_pairs": 0.7166991552956465,
  "column_score": 0.6111111111111112,
  "time_ms": 192
}