{
  "sum_of_pairs": 0.7146280051981806,
  "column_score": 0.4930555555555556,
  "time_ms": 87
}