{
  "sum_of_pairs": 0.8892730748891511,
  "column_score": 0.3269230769230769,
  "time_ms": 5625
}