{
  "sum_of_pairs": 0.9058503401360545,
  "column_score": 0.6628571428571428,
  "time_ms": 105
}