{
  "sum_of_pairs": 0.7205049661190012,
  "column_score": 0.6587301587301587,
  "time_ms": 90
}