{
  "sum_of_pairs": 0.9305305857078245,
  "column_score": 0.453125,
  "time_ms": 4699
}