{
  "sum_of_pairs": 0.8250463821892393,
  "column_score": 0.636734693877551,
  "time_ms": 31
}