{
  "sum_of_pairs": 0.7570363073459049,
  "column_score": 0.3684210526315789,
  "time_ms": 345
}