{
  "sum_of_pairs": 0.8242337164750958,
  "column_score": 0.5603448275862069,
  "time_ms": 79
}