{
  "sum_of_pairs": 0.9477920478536243,
  "column_score": 0.5952380952380952,
  "time_ms": 217
}