{
  "sum_of_pairs": 0.7249313186813187,
  "column_score": 0.2692307692307692,
  "time_ms": 121
}