{
  "sum_of_pairs": 0.9308248893547636,
  "column_score": 0.5520833333333334,
  "time_ms": 3479
}