{
  "sum_of_pairs": 0.7551811215604319,
  "column_score": 0.5660919540229885,
  "time_ms": 138
}