{
  "sum_of_pairs": 0.6275440535795566,
  "column_score": 0.1893491124260355,
  "time_ms": 59
}