{
  "sum_of_pairs": 0.8175757575757576,
  "column_score": 0.6136363636363636,
  "time_ms": 171
}