{
  "sum_of_pairs": 0.765586144671112,
  "column_score": 0.09876543209876543,
  "time_ms": 405
}