{
  "sum_of_pairs": 0.5153110047846889,
  "column_score": 0.18421052631578946,
  "time_ms": 11
}