{
  "sum_of_pairs": 0.8601743084501705,
  "column_score": 0.7103448275862069,
  "time_ms": 36
}