{
  "sum_of_pairs": 0.7772558410856283,
  "column_score": 0.524822695035461,
  "time_ms": 74
}