{
  "sum_of_pairs": 0.5679722122409869,
  "column_score": 0.3333333333333333,
  "time_ms": 91
}