{
  "sum_of_pairs": 0.7240740740740741,
  "column_score": 0.26666666666666666,
  "time_ms": 35
}