{
  "sum_of_pairs": 0.7462980466288595,
  "column_score": 0.34782608695652173,
  "time_ms": 26
}