{
  "sum_of_pairs": 0.8777373459218463,
  "column_score": 0.6260162601626016,
  "time_ms": 385
}