{
  "sum_of_pairs": 0.9073593073593074,
  "column_score": 0.6628571428571428,
  "time_ms": 61
}