{
  "sum_of_pairs": 0.6194982078853046,
  "column_score": 0.04838709677419355,
  "time_ms": 30
}