{
  "sum_of_pairs": 0.8311563915012191,
  "column_score": 0.5833333333333334,
  "time_ms": 46
}