{
  "sum_of_pairs": 0.4921227356505007,
  "column_score": 0.19067975546929672,
  "time_ms": 25
}