{
  "sum_of_pairs": 0.5376344086021505,
  "column_score": 0.19815668202764977,
  "time_ms": 2
}