{
  "sum_of_pairs": 0.7124183006535948,
  "column_score": 0.5378151260504201,
  "time_ms": 27
}