{
  "sum_of_pairs": 0.26811594202898553,
  "column_score": 0.2608695652173913,
  "time_ms": 0
}