{
  "sum_of_pairs": 0.7441200324412003,
  "column_score": 0.23357664233576642,
  "time_ms": 7
}