{
  "sum_of_pairs": 0.6276796973518285,
  "column_score": 0.37326607818411095,
  "time_ms": 58
}