{
  "sum_of_pairs": 0.4703269367448472,
  "column_score": 0.0708955223880597,
  "time_ms": 17
}