{
  "sum_of_pairs": 0.19827586206896552,
  "column_score": 0.1206896551724138,
  "time_ms": 6
}