{
  "sum_of_pairs": 0.5103578154425612,
  "column_score": 0.24293785310734464,
  "time_ms": 22
}