{
  "sum_of_pairs": 0.5953815261044176,
  "column_score": 0.35542168674698793,
  "time_ms": 1
}