{
  "sum_of_pairs": 0.3281954887218045,
  "column_score": 0.039473684210526314,
  "time_ms": 29
}