{
  "sum_of_pairs": 0.5752032520325203,
  "column_score": 0.4329268292682927,
  "time_ms": 3
}