{
  "sum_of_pairs": 0.712807881773399,
  "column_score": 0.45073891625615764,
  "time_ms": 16
}