{
  "sum_of_pairs": 0.631002331002331,
  "column_score": 0.11282051282051282,
  "time_ms": 49
}