{
  "sum_of_pairs": 0.5346740638002774,
  "column_score": 0.1650485436893204,
  "time_ms": 11
}