{
  "sum_of_pairs": 0.6884797397219757,
  "column_score": 0.484472049689441,
  "time_ms": 33
}