{
  "sum_of_pairs": 0.6862745098039216,
  "column_score": 0.43137254901960786,
  "time_ms": 3
}