{
  "sum_of_pairs": 0.5036512667660209,
  "column_score": 0.06967213114754098,
  "time_ms": 38
}