{
  "sum_of_pairs": 0.05590013991893144,
  "column_score": 0.0030277116611618997,
  "time_ms": 6
}