{
  "sum_of_pairs": 0.06573705179282868,
  "column_score": 0.0796812749003984,
  "time_ms": 4
}