{
  "sum_of_pairs": 0.48858712000243465,
  "column_score": 0.08207575253532129,
  "time_ms": 148
}