{
  "sum_of_pairs": 0.7373228933631618,
  "column_score": 0.36577181208053694,
  "time_ms": 19
}