{
  "sum_of_pairs": 0.6055272502701868,
  "column_score": 0.10236220472440945,
  "time_ms": 37
}