{
  "sum_of_pairs": 0.6571398021919272,
  "column_score": 0.3116279069767442,
  "time_ms": 161
}