{
  "sum_of_pairs": 0.6520210049621814,
  "column_score": 0.10135135135135136,
  "time_ms": 203
}