{
  "sum_of_pairs": 0.7066286799620133,
  "column_score": 0.43209876543209874,
  "time_ms": 59
}