{
  "sum_of_pairs": 0.12482453146709914,
  "column_score": 0.033769861937649824,
  "time_ms": 14
}