{
  "sum_of_pairs": 0.254421768707483,
  "column_score": 0.12857142857142856,
  "time_ms": 8
}