{
  "sum_of_pairs": 0.21944444444444444,
  "column_score": 0.016666666666666666,
  "time_ms": 10
}