{
  "sum_of_pairs": 0.4489795918367347,
  "column_score": 0.40816326530612246,
  "time_ms": 5
}