{
  "sum_of_pairs": 0.5329218106995884,
  "column_score": 0.2654320987654321,
  "time_ms": 19
}