{
  "sum_of_pairs": 0.7145158481365378,
  "column_score": 0.5258620689655172,
  "time_ms": 34
}