{
  "sum_of_pairs": 0.8175938489371325,
  "column_score": 0.06875,
  "time_ms": 974
}