{
  "sum_of_pairs": 0.32908511606736457,
  "column_score": 0.029585798816568046,
  "time_ms": 25
}