{
  "sum_of_pairs": 0.6833159902878946,
  "column_score": 0.06451612903225806,
  "time_ms": 73
}