{
  "sum_of_pairs": 0.7185914575620458,
  "column_score": 0.27403846153846156,
  "time_ms": 244
}