{
  "sum_of_pairs": 0.8495514031300594,
  "column_score": 0.5389908256880734,
  "time_ms": 89
}