{
  "sum_of_pairs": 0.7099442702890979,
  "column_score": 0.27011494252873564,
  "time_ms": 38
}