{
  "sum_of_pairs": 0.8789610389610389,
  "column_score": 0.7028571428571428,
  "time_ms": 46
}