{
  "sum_of_pairs": 0.7976506252368322,
  "column_score": 0.593103448275862,
  "time_ms": 20
}