{
  "sum_of_pairs": 0.8780494956603331,
  "column_score": 0.26785714285714285,
  "time_ms": 98
}