{
  "sum_of_pairs": 0.5792924784647481,
  "column_score": 0.1862414176332305,
  "time_ms": 115
}