{
  "sum_of_pairs": 0.7562286913191713,
  "column_score": 0.2926829268292683,
  "time_ms": 92
}