{
  "sum_of_pairs": 0.7251352560712687,
  "column_score": 0.0673076923076923,
  "time_ms": 644
}