{
  "sum_of_pairs": 0.8426963512677799,
  "column_score": 0.4228571428571429,
  "time_ms": 40
}