{
  "sum_of_pairs": 0.7575849437918404,
  "column_score": 0.17582417582417584,
  "time_ms": 87
}