{
  "sum_of_pairs": 0.7186515437933207,
  "column_score": 0.21739130434782608,
  "time_ms": 22
}