{
  "sum_of_pairs": 0.857966810577442,
  "column_score": 0.6674311926605505,
  "time_ms": 83
}