{
  "sum_of_pairs": 0.5115740740740741,
  "column_score": 0.38333333333333336,
  "time_ms": 10
}