{
  "sum_of_pairs": 0.7698933552091879,
  "column_score": 0.6194968553459119,
  "time_ms": 125
}