{
  "sum_of_pairs": 0.7160976278623338,
  "column_score": 0.21153846153846154,
  "time_ms": 236
}