{
  "sum_of_pairs": 0.595467032967033,
  "column_score": 0.2403846153846154,
  "time_ms": 61
}