{
  "sum_of_pairs": 0.7863056874717322,
  "column_score": 0.028125,
  "time_ms": 895
}