{
  "sum_of_pairs": 0.6007168458781362,
  "column_score": 0.3161290322580645,
  "time_ms": 27
}