{
  "sum_of_pairs": 0.7060795454545454,
  "column_score": 0.2897727272727273,
  "time_ms": 57
}