{
  "sum_of_pairs": 0.6063660477453581,
  "column_score": 0.35172413793103446,
  "time_ms": 19
}