{
  "sum_of_pairs": 0.8236277269528501,
  "column_score": 0.30952380952380953,
  "time_ms": 91
}