{
  "sum_of_pairs": 0.4616286706069988,
  "column_score": 0.013157894736842105,
  "time_ms": 94
}