{
  "sum_of_pairs": 0.5580802054047278,
  "column_score": 0.19943657446313476,
  "time_ms": 183
}