{
  "sum_of_pairs": 0.56179808577825,
  "column_score": 0.19899291873997596,
  "time_ms": 78
}