{
  "sum_of_pairs": 0.5581174792245344,
  "column_score": 0.19943657446313473,
  "time_ms": 187
}