{
  "sum_of_pairs": 0.47076148955364416,
  "column_score": 0.10574056673071218,
  "time_ms": 151
}