{
  "sum_of_pairs": 0.5580802054047277,
  "column_score": 0.19943657446313476,
  "time_ms": 543
}