{
  "sum_of_pairs": 0.4615116684082201,
  "column_score": 0.14080459770114942,
  "time_ms": 51
}