{
  "sum_of_pairs": 0.7297384471029791,
  "column_score": 0.05952380952380952,
  "time_ms": 111
}