{
  "sum_of_pairs": 0.521731475979842,
  "column_score": 0.07407407407407407,
  "time_ms": 146
}