{
  "sum_of_pairs": 0.38189300411522636,
  "column_score": 0.11728395061728394,
  "time_ms": 15
}