{
  "sum_of_pairs": 0.5403977272727273,
  "column_score": 0.14204545454545456,
  "time_ms": 72
}