{
  "sum_of_pairs": 0.7563752276867031,
  "column_score": 0.4098360655737705,
  "time_ms": 6
}