{
  "sum_of_pairs": 0.4513087531663383,
  "column_score": 0.17105263157894737,
  "time_ms": 133
}