{
  "sum_of_pairs": 0.4264940425931138,
  "column_score": 0.09210526315789473,
  "time_ms": 109
}