{
  "sum_of_pairs": 0.6986516282225237,
  "column_score": 0.10625,
  "time_ms": 725
}