{
  "sum_of_pairs": 0.3058066194160869,
  "column_score": 0.05325443786982249,
  "time_ms": 36
}