{
  "sum_of_pairs": 0.548410072603621,
  "column_score": 0.07258064516129033,
  "time_ms": 418
}