{
  "sum_of_pairs": 0.7080182734719597,
  "column_score": 0.34782608695652173,
  "time_ms": 15
}