{
  "sum_of_pairs": 0.6953329941203076,
  "column_score": 0.10625,
  "time_ms": 3213
}