{
  "sum_of_pairs": 0.8008884588318086,
  "column_score": 0.13095238095238096,
  "time_ms": 162
}