{
  "sum_of_pairs": 0.5215682662491173,
  "column_score": 0.0425531914893617,
  "time_ms": 219
}