{
  "sum_of_pairs": 0.5608859479827222,
  "column_score": 0.07258064516129033,
  "time_ms": 79
}