{
  "sum_of_pairs": 0.8481685105234754,
  "column_score": 0.6055045871559633,
  "time_ms": 124
}