{
  "sum_of_pairs": 0.48805256869773,
  "column_score": 0.06451612903225806,
  "time_ms": 139
}