{
  "sum_of_pairs": 0.8059598741148701,
  "column_score": 0.5040650406504065,
  "time_ms": 372
}