{
  "sum_of_pairs": 0.8246629560915275,
  "column_score": 0.6114285714285714,
  "time_ms": 110
}