{
  "sum_of_pairs": 0.8056156312924155,
  "column_score": 0.5754716981132075,
  "time_ms": 637
}