{
  "sum_of_pairs": 0.7090703414232826,
  "column_score": 0.3798076923076923,
  "time_ms": 498
}