{
  "sum_of_pairs": 0.31175627240143367,
  "column_score": 0.08064516129032258,
  "time_ms": 32
}