{
  "sum_of_pairs": 0.37037037037037035,
  "column_score": 0.14583333333333334,
  "time_ms": 94
}