{
  "sum_of_pairs": 0.8054913366644294,
  "column_score": 0.5754716981132075,
  "time_ms": 92
}