{
  "sum_of_pairs": 0.4084122773777946,
  "column_score": 0.1793103448275862,
  "time_ms": 17
}