{
  "sum_of_pairs": 0.520803334596438,
  "column_score": 0.3586206896551724,
  "time_ms": 10
}