{
  "sum_of_pairs": 0.5334036568213784,
  "column_score": 0.2721518987341772,
  "time_ms": 18
}