{
  "sum_of_pairs": 0.8052878311041175,
  "column_score": 0.5040650406504065,
  "time_ms": 68
}