{
  "sum_of_pairs": 0.15924312374016517,
  "column_score": 0.029585798816568046,
  "time_ms": 30
}