{
  "sum_of_pairs": 0.44421768707482995,
  "column_score": 0.024489795918367346,
  "time_ms": 12
}