{
  "sum_of_pairs": 0.6958361601085482,
  "column_score": 0.10625,
  "time_ms": 1649
}