{
  "sum_of_pairs": 0.5478225478225478,
  "column_score": 0.2222222222222222,
  "time_ms": 18
}