{
  "sum_of_pairs": 0.5169801462904912,
  "column_score": 0.25862068965517243,
  "time_ms": 28
}