{
  "sum_of_pairs": 0.44254792826221395,
  "column_score": 0.024489795918367346,
  "time_ms": 24
}