{
  "sum_of_pairs": 0.7051827347195967,
  "column_score": 0.3695652173913043,
  "time_ms": 52
}