{
  "sum_of_pairs": 0.9864175445570794,
  "column_score": 0.8488372093023255,
  "time_ms": 284
}