{
  "sum_of_pairs": 0.8056156569630213,
  "column_score": 0.5040650406504065,
  "time_ms": 187
}