{
  "sum_of_pairs": 0.7380671387359035,
  "column_score": 0.2601626016260163,
  "time_ms": 177
}