{
  "sum_of_pairs": 0.7116986103860591,
  "column_score": 0.31446540880503143,
  "time_ms": 183
}