{
  "sum_of_pairs": 0.7723665223665224,
  "column_score": 0.13636363636363635,
  "time_ms": 92
}