{
  "sum_of_pairs": 0.6567398119122257,
  "column_score": 0.28735632183908044,
  "time_ms": 40
}