{
  "sum_of_pairs": 0.3742283950617284,
  "column_score": 0.14583333333333334,
  "time_ms": 27
}