{
  "sum_of_pairs": 0.6630244755244755,
  "column_score": 0.2692307692307692,
  "time_ms": 309
}