{
  "sum_of_pairs": 0.7502866972477065,
  "column_score": 0.33256880733944955,
  "time_ms": 104
}