{
  "sum_of_pairs": 0.5576923076923077,
  "column_score": 0.09615384615384616,
  "time_ms": 32
}