{
  "sum_of_pairs": 0.23032258064516128,
  "column_score": 0.0064516129032258064,
  "time_ms": 26
}