{
  "sum_of_pairs": 0.23334957764782327,
  "column_score": 0.05555555555555555,
  "time_ms": 42
}