{
  "sum_of_pairs": 0.614803094233474,
  "column_score": 0.3987341772151899,
  "time_ms": 19
}