{
  "sum_of_pairs": 0.6340089346625294,
  "column_score": 0.07407407407407407,
  "time_ms": 209
}