{
  "sum_of_pairs": 0.4105036632162523,
  "column_score": 0.014298917033470807,
  "time_ms": 1957
}