{
  "sum_of_pairs": 0.596187584345479,
  "column_score": 0.03508771929824561,
  "time_ms": 1433
}