{
  "sum_of_pairs": 0.5217640320733105,
  "column_score": 0.051587301587301584,
  "time_ms": 5964
}