{
  "sum_of_pairs": 0.4257575757575758,
  "column_score": 0.2727272727272727,
  "time_ms": 67
}