{
  "sum_of_pairs": 0.685948584808656,
  "column_score": 0.2852157513794313,
  "time_ms": 143
}