{
  "sum_of_pairs": 0.7948863636363637,
  "column_score": 0.44886363636363635,
  "time_ms": 136
}