{
  "sum_of_pairs": 0.7193415637860082,
  "column_score": 0.5555555555555556,
  "time_ms": 14
}