{
  "sum_of_pairs": 0.6067657569850552,
  "column_score": 0.10416666666666667,
  "time_ms": 90
}