{
  "sum_of_pairs": 0.9203386476707373,
  "column_score": 0.459375,
  "time_ms": 2267
}