{
  "sum_of_pairs": 0.8615049017613798,
  "column_score": 0.2692307692307692,
  "time_ms": 957
}