{
  "sum_of_pairs": 0.9016244428806005,
  "column_score": 0.43452380952380953,
  "time_ms": 95
}