{
  "sum_of_pairs": 0.6920498084291188,
  "column_score": 0.46839080459770116,
  "time_ms": 48
}