{
  "sum_of_pairs": 0.8129627725215961,
  "column_score": 0.33653846153846156,
  "time_ms": 339
}