{
  "sum_of_pairs": 0.8047357054709996,
  "column_score": 0.32211538461538464,
  "time_ms": 620
}