{
  "sum_of_pairs": 0.8556091527520099,
  "column_score": 0.5428571428571428,
  "time_ms": 81
}