{
  "sum_of_pairs": 0.58559670781893,
  "column_score": 0.32098765432098764,
  "time_ms": 26
}