{
  "sum_of_pairs": 0.6810018903591682,
  "column_score": 0.08695652173913043,
  "time_ms": 21
}