{
  "sum_of_pairs": 0.5287037037037037,
  "column_score": 0.13333333333333333,
  "time_ms": 10
}