{
  "sum_of_pairs": 0.9774731441398108,
  "column_score": 0.7272727272727273,
  "time_ms": 101
}