{
  "sum_of_pairs": 0.8205128205128205,
  "column_score": 0.5185185185185185,
  "time_ms": 16
}