{
  "sum_of_pairs": 0.6312134502923976,
  "column_score": 0.2361111111111111,
  "time_ms": 48
}