{
  "sum_of_pairs": 0.6305000469087156,
  "column_score": 0.18421052631578946,
  "time_ms": 100
}