{
  "sum_of_pairs": 0.6739022881880025,
  "column_score": 0.27346938775510204,
  "time_ms": 36
}