{
  "sum_of_pairs": 0.9882395812628371,
  "column_score": 0.9069767441860465,
  "time_ms": 99
}