{
  "sum_of_pairs": 0.9230438715513343,
  "column_score": 0.515625,
  "time_ms": 1093
}