{
  "sum_of_pairs": 0.710118425635667,
  "column_score": 0.5057471264367817,
  "time_ms": 28
}