{
  "sum_of_pairs": 0.7805295409873974,
  "column_score": 0.10752688172043011,
  "time_ms": 234
}