{
  "sum_of_pairs": 0.7158317872603587,
  "column_score": 0.31020408163265306,
  "time_ms": 21
}