{
  "sum_of_pairs": 0.9133837060330771,
  "column_score": 0.4583333333333333,
  "time_ms": 1043
}