{
  "sum_of_pairs": 0.8079432205612379,
  "column_score": 0.44715447154471544,
  "time_ms": 188
}