{
  "sum_of_pairs": 0.662380469429151,
  "column_score": 0.19117647058823528,
  "time_ms": 238
}