{
  "sum_of_pairs": 0.8802172670097198,
  "column_score": 0.7358490566037735,
  "time_ms": 159
}