{
  "sum_of_pairs": 0.8446633825944171,
  "column_score": 0.054945054945054944,
  "time_ms": 108
}