{
  "sum_of_pairs": 0.5365740740740741,
  "column_score": 0.13333333333333333,
  "time_ms": 7
}