{
  "sum_of_pairs": 0.9702581369248036,
  "column_score": 0.7272727272727273,
  "time_ms": 183
}