{
  "sum_of_pairs": 0.43917029715846284,
  "column_score": 0.08875739644970414,
  "time_ms": 40
}