{
  "sum_of_pairs": 0.9238586070347077,
  "column_score": 0.5520833333333334,
  "time_ms": 577
}