{
  "sum_of_pairs": 0.5090504037872459,
  "column_score": 0.23015873015873015,
  "time_ms": 65
}