{
  "sum_of_pairs": 0.739451476793249,
  "column_score": 0.3924050632911392,
  "time_ms": 25
}