{
  "sum_of_pairs": 0.7975026014568158,
  "column_score": 0.13978494623655913,
  "time_ms": 79
}