{
  "sum_of_pairs": 0.736728992048141,
  "column_score": 0.1773049645390071,
  "time_ms": 106
}