{
  "sum_of_pairs": 0.8107765151515152,
  "column_score": 0.5113636363636364,
  "time_ms": 60
}