{
  "sum_of_pairs": 0.49577647823261856,
  "column_score": 0.16666666666666666,
  "time_ms": 115
}