{
  "sum_of_pairs": 0.7586964759378553,
  "column_score": 0.3931034482758621,
  "time_ms": 24
}