{
  "sum_of_pairs": 0.8092709152897981,
  "column_score": 0.4878048780487805,
  "time_ms": 104
}