{
  "sum_of_pairs": 0.8710204081632653,
  "column_score": 0.6628571428571428,
  "time_ms": 40
}