{
  "sum_of_pairs": 0.7490579909934748,
  "column_score": 0.33064516129032256,
  "time_ms": 158
}