{
  "sum_of_pairs": 0.7908017908017908,
  "column_score": 0.4074074074074074,
  "time_ms": 25
}