{
  "sum_of_pairs": 0.735663082437276,
  "column_score": 0.31451612903225806,
  "time_ms": 273
}