{
  "sum_of_pairs": 0.7400296064089168,
  "column_score": 0.3879310344827586,
  "time_ms": 57
}