{
  "sum_of_pairs": 0.8561861855753976,
  "column_score": 0.2692307692307692,
  "time_ms": 1295
}