{
  "sum_of_pairs": 0.47545354054229794,
  "column_score": 0.1301775147928994,
  "time_ms": 23
}