{
  "sum_of_pairs": 0.6264189886480909,
  "column_score": 0.18421052631578946,
  "time_ms": 198
}