{
  "sum_of_pairs": 0.8529143897996357,
  "column_score": 0.639344262295082,
  "time_ms": 3
}