{
  "sum_of_pairs": 0.8754940711462451,
  "column_score": 0.7169811320754716,
  "time_ms": 308
}