{
  "sum_of_pairs": 0.8000910746812386,
  "column_score": 0.3770491803278688,
  "time_ms": 6
}