{
  "sum_of_pairs": 0.8329165087785777,
  "column_score": 0.054945054945054944,
  "time_ms": 255
}