{
  "sum_of_pairs": 0.8908020777118186,
  "column_score": 0.7087155963302753,
  "time_ms": 210
}