{
  "sum_of_pairs": 0.7475054496331092,
  "column_score": 0.24822695035460993,
  "time_ms": 62
}