{
  "sum_of_pairs": 0.9022362385321101,
  "column_score": 0.7660550458715596,
  "time_ms": 88
}