{
  "sum_of_pairs": 0.7686244789693065,
  "column_score": 0.4068965517241379,
  "time_ms": 16
}