{
  "sum_of_pairs": 0.7526371308016878,
  "column_score": 0.4177215189873418,
  "time_ms": 17
}