{
  "sum_of_pairs": 0.9865169283773935,
  "column_score": 0.8837209302325582,
  "time_ms": 220
}