{
  "sum_of_pairs": 0.5075503355704698,
  "column_score": 0.053691275167785234,
  "time_ms": 31
}