{
  "sum_of_pairs": 0.5552896486229819,
  "column_score": 0.2716049382716049,
  "time_ms": 170
}