{
  "sum_of_pairs": 0.747177226280131,
  "column_score": 0.04911022587402974,
  "time_ms": 824
}