{
  "sum_of_pairs": 0.935194628590855,
  "column_score": 0.2702702702702703,
  "time_ms": 833
}