{
  "sum_of_pairs": 0.721256038647343,
  "column_score": 0.18115942028985507,
  "time_ms": 42
}