{
  "sum_of_pairs": 0.8688481731490411,
  "column_score": 0.3005464480874317,
  "time_ms": 515
}