{
  "sum_of_pairs": 0.7036421803863664,
  "column_score": 0.1744186046511628,
  "time_ms": 212
}