{
  "sum_of_pairs": 0.6867414564037049,
  "column_score": 0.08415841584158416,
  "time_ms": 375
}