{
  "sum_of_pairs": 0.9494181096359658,
  "column_score": 0.4166666666666667,
  "time_ms": 2393
}