{
  "sum_of_pairs": 0.7740753110127745,
  "column_score": 0.19322033898305085,
  "time_ms": 735
}