{
  "sum_of_pairs": 0.4919414036853485,
  "column_score": 0.10785774712719681,
  "time_ms": 169
}