{
  "sum_of_pairs": 0.6920384951881015,
  "column_score": 0.07086614173228346,
  "time_ms": 40
}