{
  "sum_of_pairs": 0.5950920245398773,
  "column_score": 0.10429447852760736,
  "time_ms": 73
}