{
  "sum_of_pairs": 0.6561454156642609,
  "column_score": 0.3302325581395349,
  "time_ms": 184
}