{
  "sum_of_pairs": 0.6629819563152897,
  "column_score": 0.35802469135802467,
  "time_ms": 64
}