{
  "sum_of_pairs": 0.8872110365398956,
  "column_score": 0.714765100671141,
  "time_ms": 20
}