{
  "sum_of_pairs": 0.5020491803278688,
  "column_score": 0.14754098360655737,
  "time_ms": 50
}