{
  "sum_of_pairs": 0.5800583961960647,
  "column_score": 0.19272743965610908,
  "time_ms": 83
}