{
  "sum_of_pairs": 0.5844056766163834,
  "column_score": 0.19474400179879298,
  "time_ms": 500
}