{
  "sum_of_pairs": 0.5860541790647981,
  "column_score": 0.19474400179879298,
  "time_ms": 209
}