{
  "sum_of_pairs": 0.501087032812688,
  "column_score": 0.11914114220077324,
  "time_ms": 158
}