{
  "sum_of_pairs": 0.9605777512754257,
  "column_score": 0.6162790697674418,
  "time_ms": 129
}