{
  "sum_of_pairs": 0.4779059949338587,
  "column_score": 0.09210526315789473,
  "time_ms": 68
}