{
  "sum_of_pairs": 0.9711786921089247,
  "column_score": 0.686046511627907,
  "time_ms": 297
}