{
  "sum_of_pairs": 0.4907120743034056,
  "column_score": 0.19736842105263158,
  "time_ms": 214
}