{
  "sum_of_pairs": 0.4480251430715827,
  "column_score": 0.09210526315789473,
  "time_ms": 176
}