{
  "sum_of_pairs": 0.6793800069662138,
  "column_score": 0.5402298850574713,
  "time_ms": 37
}