{
  "sum_of_pairs": 0.599007561436673,
  "column_score": 0.15217391304347827,
  "time_ms": 43
}