{
  "sum_of_pairs": 0.47065986582115615,
  "column_score": 0.08064516129032258,
  "time_ms": 77
}