{
  "sum_of_pairs": 0.1615189544183627,
  "column_score": 0.01775147928994083,
  "time_ms": 39
}