{
  "sum_of_pairs": 0.5259121830550402,
  "column_score": 0.08163265306122448,
  "time_ms": 38
}