{
  "sum_of_pairs": 0.6667992424242424,
  "column_score": 0.2215909090909091,
  "time_ms": 80
}