{
  "sum_of_pairs": 0.45820386510041683,
  "column_score": 0.1793103448275862,
  "time_ms": 18
}