{
  "sum_of_pairs": 0.7281382832853421,
  "column_score": 0.3894230769230769,
  "time_ms": 195
}