{
  "sum_of_pairs": 0.4152046783625731,
  "column_score": 0.031746031746031744,
  "time_ms": 197
}