{
  "sum_of_pairs": 0.5736111111111111,
  "column_score": 0.11666666666666667,
  "time_ms": 12
}