{
  "sum_of_pairs": 0.4876543209876543,
  "column_score": 0.22839506172839505,
  "time_ms": 9
}