{
  "sum_of_pairs": 0.7188237608182534,
  "column_score": 0.2845528455284553,
  "time_ms": 204
}