{
  "sum_of_pairs": 0.6198015122873346,
  "column_score": 0.15217391304347827,
  "time_ms": 15
}