{
  "sum_of_pairs": 0.7863247863247863,
  "column_score": 0.4444444444444444,
  "time_ms": 32
}