{
  "sum_of_pairs": 0.188637102014295,
  "column_score": 0.034722222222222224,
  "time_ms": 39
}