{
  "sum_of_pairs": 0.7594104155423638,
  "column_score": 0.42660550458715596,
  "time_ms": 151
}