{
  "sum_of_pairs": 0.6722925457102672,
  "column_score": 0.47468354430379744,
  "time_ms": 38
}