{
  "sum_of_pairs": 0.2807017543859649,
  "column_score": 0.1111111111111111,
  "time_ms": 54
}