{
  "sum_of_pairs": 0.5786931818181819,
  "column_score": 0.10227272727272728,
  "time_ms": 71
}