{
  "sum_of_pairs": 0.8256524427952999,
  "column_score": 0.6457142857142857,
  "time_ms": 64
}