{
  "sum_of_pairs": 0.33871716327856677,
  "column_score": 0.031746031746031744,
  "time_ms": 76
}