{
  "sum_of_pairs": 0.43054406764084185,
  "column_score": 0.07258064516129033,
  "time_ms": 179
}