{
  "sum_of_pairs": 0.70134817563389,
  "column_score": 0.4514285714285714,
  "time_ms": 105
}