{
  "sum_of_pairs": 0.21784946236559138,
  "column_score": 0.01935483870967742,
  "time_ms": 25
}