{
  "sum_of_pairs": 0.3960573476702509,
  "column_score": 0.04516129032258064,
  "time_ms": 63
}