{
  "sum_of_pairs": 0.6955764541971439,
  "column_score": 0.4224137931034483,
  "time_ms": 114
}