{
  "sum_of_pairs": 0.8597127996381728,
  "column_score": 0.246875,
  "time_ms": 1915
}