{
  "sum_of_pairs": 0.8323217217921651,
  "column_score": 0.08333333333333333,
  "time_ms": 151
}