{
  "sum_of_pairs": 0.7818437719915552,
  "column_score": 0.05357142857142857,
  "time_ms": 158
}