{
  "sum_of_pairs": 0.5355712295367467,
  "column_score": 0.27011494252873564,
  "time_ms": 31
}