{
  "sum_of_pairs": 0.8217492384159051,
  "column_score": 0.18181818181818182,
  "time_ms": 86
}