{
  "sum_of_pairs": 0.8150371640937679,
  "column_score": 0.6509433962264151,
  "time_ms": 91
}