{
  "sum_of_pairs": 0.28192007797270957,
  "column_score": 0.1111111111111111,
  "time_ms": 24
}