{
  "sum_of_pairs": 0.6514653784219001,
  "column_score": 0.23333333333333334,
  "time_ms": 153
}