{
  "sum_of_pairs": 0.7287553133141369,
  "column_score": 0.3894230769230769,
  "time_ms": 407
}