{
  "sum_of_pairs": 0.7925373134328358,
  "column_score": 0.153125,
  "time_ms": 1390
}