{
  "sum_of_pairs": 0.584915611814346,
  "column_score": 0.33544303797468356,
  "time_ms": 17
}