{
  "sum_of_pairs": 0.7489248514679195,
  "column_score": 0.4559748427672956,
  "time_ms": 197
}