{
  "sum_of_pairs": 0.28515769944341374,
  "column_score": 0.012244897959183673,
  "time_ms": 23
}