{
  "sum_of_pairs": 0.2987979713478537,
  "column_score": 0.030492036988874458,
  "time_ms": 473
}