{
  "sum_of_pairs": 0.30944702507882693,
  "column_score": 0.035728025443251085,
  "time_ms": 423
}