{
  "sum_of_pairs": 0.5918404143718856,
  "column_score": 0.08130081300813008,
  "time_ms": 232
}