{
  "sum_of_pairs": 0.7279074473826228,
  "column_score": 0.42201834862385323,
  "time_ms": 283
}