{
  "sum_of_pairs": 0.5630119722747322,
  "column_score": 0.06521739130434782,
  "time_ms": 37
}