{
  "sum_of_pairs": 0.5217258794845002,
  "column_score": 0.25287356321839083,
  "time_ms": 87
}