{
  "sum_of_pairs": 0.6073484848484848,
  "column_score": 0.18181818181818182,
  "time_ms": 183
}