{
  "sum_of_pairs": 0.5251219087425983,
  "column_score": 0.27873563218390807,
  "time_ms": 113
}