{
  "sum_of_pairs": 0.5993312352478364,
  "column_score": 0.13008130081300814,
  "time_ms": 261
}