{
  "sum_of_pairs": 0.43673807035876,
  "column_score": 0.05172413793103448,
  "time_ms": 63
}