{
  "sum_of_pairs": 0.34903225806451615,
  "column_score": 0.035483870967741936,
  "time_ms": 88
}