{
  "sum_of_pairs": 0.7216844306529951,
  "column_score": 0.4151376146788991,
  "time_ms": 254
}