{
  "sum_of_pairs": 0.40121863799283153,
  "column_score": 0.00967741935483871,
  "time_ms": 67
}