{
  "sum_of_pairs": 0.4449669104841519,
  "column_score": 0.0603448275862069,
  "time_ms": 70
}