{
  "sum_of_pairs": 0.6002109704641351,
  "column_score": 0.3987341772151899,
  "time_ms": 23
}