{
  "sum_of_pairs": 0.44990892531876137,
  "column_score": 0.26229508196721313,
  "time_ms": 3
}