{
  "sum_of_pairs": 0.6016797986783788,
  "column_score": 0.3288130977861555,
  "time_ms": 23
}