{
  "sum_of_pairs": 0.6241359447004609,
  "column_score": 0.3870967741935484,
  "time_ms": 10
}