{
  "sum_of_pairs": 0.9031857031857032,
  "column_score": 0.7846153846153846,
  "time_ms": 37
}