{
  "sum_of_pairs": 0.5526370648321868,
  "column_score": 0.08130081300813008,
  "time_ms": 45
}