{
  "sum_of_pairs": 0.474120082815735,
  "column_score": 0.17391304347826086,
  "time_ms": 2
}