{
  "sum_of_pairs": 0.6935817805383023,
  "column_score": 0.5113871635610766,
  "time_ms": 34
}