{
  "sum_of_pairs": 0.8140394088669951,
  "column_score": 0.6748768472906403,
  "time_ms": 19
}