{
  "sum_of_pairs": 0.7236628580890876,
  "column_score": 0.5052160953800298,
  "time_ms": 89
}