{
  "sum_of_pairs": 0.643622770671951,
  "column_score": 0.48297604035308955,
  "time_ms": 55
}