{
  "sum_of_pairs": 0.636615811373093,
  "column_score": 0.17475728155339806,
  "time_ms": 11
}