{
  "sum_of_pairs": 0.25766129032258067,
  "column_score": 0.16532258064516128,
  "time_ms": 17
}