{
  "sum_of_pairs": 0.45544938016528924,
  "column_score": 0.28125,
  "time_ms": 93
}