{
  "sum_of_pairs": 0.48770953422116214,
  "column_score": 0.16279069767441862,
  "time_ms": 64
}