{
  "sum_of_pairs": 0.48578535891968727,
  "column_score": 0.13059701492537312,
  "time_ms": 17
}