{
  "sum_of_pairs": 0.7642563198118754,
  "column_score": 0.5864197530864198,
  "time_ms": 7
}