{
  "sum_of_pairs": 0.6697388632872504,
  "column_score": 0.5345622119815668,
  "time_ms": 4
}