{
  "sum_of_pairs": 0.6840336134453782,
  "column_score": 0.40336134453781514,
  "time_ms": 24
}