{
  "sum_of_pairs": 0.440625,
  "column_score": 0.19791666666666666,
  "time_ms": 2
}