{
  "sum_of_pairs": 0.6256038647342995,
  "column_score": 0.5217391304347826,
  "time_ms": 1
}