{
  "sum_of_pairs": 0.7137064071370641,
  "column_score": 0.35766423357664234,
  "time_ms": 8
}