{
  "sum_of_pairs": 0.7532956685499058,
  "column_score": 0.5141242937853108,
  "time_ms": 24
}