{
  "sum_of_pairs": 0.21839080459770116,
  "column_score": 0.09655172413793103,
  "time_ms": 7
}