{
  "sum_of_pairs": 0.6370257193786606,
  "column_score": 0.11428571428571428,
  "time_ms": 128
}