{
  "sum_of_pairs": 0.5857277874197915,
  "column_score": 0.34722396668385075,
  "time_ms": 15
}