{
  "sum_of_pairs": 0.7208835341365462,
  "column_score": 0.6867469879518072,
  "time_ms": 3
}