{
  "sum_of_pairs": 0.19310344827586207,
  "column_score": 0.06896551724137931,
  "time_ms": 6
}