{
  "sum_of_pairs": 0.6646550171140335,
  "column_score": 0.5132408575031526,
  "time_ms": 34
}