{
  "sum_of_pairs": 0.6712511091393079,
  "column_score": 0.5424430641821946,
  "time_ms": 22
}