{
  "sum_of_pairs": 0.5787207872078721,
  "column_score": 0.16605166051660517,
  "time_ms": 25
}