{
  "sum_of_pairs": 0.2831168831168831,
  "column_score": 0.22857142857142856,
  "time_ms": 3
}