{
  "sum_of_pairs": 0.6832080200501253,
  "column_score": 0.4868421052631579,
  "time_ms": 20
}