{
  "sum_of_pairs": 0.7480225988700565,
  "column_score": 0.5423728813559322,
  "time_ms": 16
}