{
  "sum_of_pairs": 0.3416149068322981,
  "column_score": 0.06521739130434782,
  "time_ms": 2
}