{
  "sum_of_pairs": 0.8124522536287242,
  "column_score": 0.4142857142857143,
  "time_ms": 87
}