{
  "sum_of_pairs": 0.7982905982905983,
  "column_score": 0.6102564102564103,
  "time_ms": 24
}