{
  "sum_of_pairs": 0.24879227053140096,
  "column_score": 0.028985507246376812,
  "time_ms": 1
}