{
  "sum_of_pairs": 0.41935483870967744,
  "column_score": 0.14746543778801843,
  "time_ms": 3
}