{
  "sum_of_pairs": 0.8263102100311402,
  "column_score": 0.46511627906976744,
  "time_ms": 47
}