{
  "sum_of_pairs": 0.5444858420268256,
  "column_score": 0.23770491803278687,
  "time_ms": 20
}