{
  "sum_of_pairs": 0.6021721641190668,
  "column_score": 0.3163716814159292,
  "time_ms": 29
}