{
  "sum_of_pairs": 0.7378345498783455,
  "column_score": 0.5109489051094891,
  "time_ms": 9
}