{
  "sum_of_pairs": 0.7841888347695766,
  "column_score": 0.39490445859872614,
  "time_ms": 29
}