{
  "sum_of_pairs": 0.6039980554450431,
  "column_score": 0.20516389294600623,
  "time_ms": 107
}