{
  "sum_of_pairs": 0.5679103194299144,
  "column_score": 0.16314128367106365,
  "time_ms": 271
}