{
  "sum_of_pairs": 0.6992753623188406,
  "column_score": 0.41304347826086957,
  "time_ms": 35
}