{
  "sum_of_pairs": 0.7352838732149077,
  "column_score": 0.3936781609195402,
  "time_ms": 31
}