{
  "sum_of_pairs": 0.615682688958551,
  "column_score": 0.4166666666666667,
  "time_ms": 24
}