{
  "sum_of_pairs": 0.6436357243319268,
  "column_score": 0.3987341772151899,
  "time_ms": 37
}