{
  "sum_of_pairs": 0.7507712875359934,
  "column_score": 0.2932692307692308,
  "time_ms": 269
}