{
  "sum_of_pairs": 0.6445741758241759,
  "column_score": 0.3557692307692308,
  "time_ms": 94
}