{
  "sum_of_pairs": 0.302880658436214,
  "column_score": 0.04938271604938271,
  "time_ms": 26
}