{
  "sum_of_pairs": 0.9119368286034952,
  "column_score": 0.3939393939393939,
  "time_ms": 195
}