{
  "sum_of_pairs": 0.4483769584388779,
  "column_score": 0.19736842105263158,
  "time_ms": 86
}