{
  "sum_of_pairs": 0.5902777777777778,
  "column_score": 0.5333333333333333,
  "time_ms": 6
}