{
  "sum_of_pairs": 0.5650732246476927,
  "column_score": 0.0851063829787234,
  "time_ms": 199
}