{
  "sum_of_pairs": 0.71443728685108,
  "column_score": 0.25517241379310346,
  "time_ms": 15
}