{
  "sum_of_pairs": 0.8287884119164908,
  "column_score": 0.27380952380952384,
  "time_ms": 80
}