{
  "sum_of_pairs": 0.8084095707248417,
  "column_score": 0.17857142857142858,
  "time_ms": 257
}