{
  "sum_of_pairs": 0.6668424753867792,
  "column_score": 0.4240506329113924,
  "time_ms": 11
}