{
  "sum_of_pairs": 0.7094706368899917,
  "column_score": 0.3064516129032258,
  "time_ms": 109
}