{
  "sum_of_pairs": 0.43782249742002066,
  "column_score": 0.17105263157894737,
  "time_ms": 157
}