{
  "sum_of_pairs": 0.8820325148407987,
  "column_score": 0.6972477064220184,
  "time_ms": 75
}