{
  "sum_of_pairs": 0.9880739415623137,
  "column_score": 0.8604651162790697,
  "time_ms": 83
}