{
  "sum_of_pairs": 0.679877768587446,
  "column_score": 0.25806451612903225,
  "time_ms": 319
}