{
  "sum_of_pairs": 0.846160538941507,
  "column_score": 0.7075471698113207,
  "time_ms": 126
}