{
  "sum_of_pairs": 0.3831221572449643,
  "column_score": 0.11805555555555555,
  "time_ms": 34
}