{
  "sum_of_pairs": 0.98635128867687,
  "column_score": 0.8372093023255814,
  "time_ms": 204
}