{
  "sum_of_pairs": 0.8511029411764706,
  "column_score": 0.6238532110091743,
  "time_ms": 144
}