{
  "sum_of_pairs": 0.8727032451379466,
  "column_score": 0.328125,
  "time_ms": 2352
}