{
  "sum_of_pairs": 0.8021600292885327,
  "column_score": 0.08653846153846154,
  "time_ms": 665
}