{
  "sum_of_pairs": 0.5778039010797631,
  "column_score": 0.35919540229885055,
  "time_ms": 144
}