{
  "sum_of_pairs": 0.6778846153846154,
  "column_score": 0.4423076923076923,
  "time_ms": 41
}