{
  "sum_of_pairs": 0.7558844741673223,
  "column_score": 0.42276422764227645,
  "time_ms": 498
}