{
  "sum_of_pairs": 0.9365881032547699,
  "column_score": 0.3939393939393939,
  "time_ms": 72
}