{
  "sum_of_pairs": 0.639344262295082,
  "column_score": 0.11475409836065574,
  "time_ms": 4
}