{
  "sum_of_pairs": 0.32671377517868744,
  "column_score": 0.11805555555555555,
  "time_ms": 58
}