{
  "sum_of_pairs": 0.7672108575924469,
  "column_score": 0.4715447154471545,
  "time_ms": 91
}