{
  "sum_of_pairs": 0.6034816247582205,
  "column_score": 0.10638297872340426,
  "time_ms": 48
}