{
  "sum_of_pairs": 0.7108538122243226,
  "column_score": 0.41304347826086957,
  "time_ms": 17
}