{
  "sum_of_pairs": 0.7369481009186891,
  "column_score": 0.28365384615384615,
  "time_ms": 672
}