{
  "sum_of_pairs": 0.8854067729534147,
  "column_score": 0.446875,
  "time_ms": 950
}