{
  "sum_of_pairs": 0.7261295870527671,
  "column_score": 0.04224453742856773,
  "time_ms": 354
}