{
  "sum_of_pairs": 0.9026571268237935,
  "column_score": 0.029166666666666667,
  "time_ms": 733
}