{
  "sum_of_pairs": 0.8623611922852134,
  "column_score": 0.11864406779661017,
  "time_ms": 98
}