{
  "sum_of_pairs": 0.7838941304166319,
  "column_score": 0.2033898305084746,
  "time_ms": 390
}