{
  "sum_of_pairs": 0.917963606482719,
  "column_score": 0.16666666666666666,
  "time_ms": 1606
}