{
  "sum_of_pairs": 0.819059252116147,
  "column_score": 0.12568306010928962,
  "time_ms": 220
}