{
  "sum_of_pairs": 0.8003606615059817,
  "column_score": 0.2857142857142857,
  "time_ms": 110
}