{
  "sum_of_pairs": 0.7024363121430393,
  "column_score": 0.3077857105735769,
  "time_ms": 371
}