{
  "sum_of_pairs": 0.6982320278673195,
  "column_score": 0.30021616514548954,
  "time_ms": 615
}