{
  "sum_of_pairs": 0.7302958038252156,
  "column_score": 0.12162162162162163,
  "time_ms": 698
}