{
  "sum_of_pairs": 0.591467958271237,
  "column_score": 0.10860655737704918,
  "time_ms": 110
}