{
  "sum_of_pairs": 0.5519904931669638,
  "column_score": 0.06060606060606061,
  "time_ms": 78
}