{
  "sum_of_pairs": 0.7720798657938883,
  "column_score": 0.46534653465346537,
  "time_ms": 1371
}