{
  "sum_of_pairs": 0.7824300760270628,
  "column_score": 0.4074074074074074,
  "time_ms": 2836
}