{
  "sum_of_pairs": 0.8504761904761905,
  "column_score": 0.29333333333333333,
  "time_ms": 180
}