{
  "sum_of_pairs": 0.5933308494783904,
  "column_score": 0.10860655737704918,
  "time_ms": 55
}