{
  "sum_of_pairs": 0.7306812159753336,
  "column_score": 0.12162162162162163,
  "time_ms": 406
}