{
  "sum_of_pairs": 0.6139626352015732,
  "column_score": 0.25663716814159293,
  "time_ms": 568
}