{
  "sum_of_pairs": 0.5396613190730838,
  "column_score": 0.06060606060606061,
  "time_ms": 139
}