{
  "sum_of_pairs": 0.7773318860125216,
  "column_score": 0.504950495049505,
  "time_ms": 794
}