{
  "sum_of_pairs": 0.9070656226696495,
  "column_score": 0.7718120805369127,
  "time_ms": 18
}