{
  "sum_of_pairs": 0.8725747516854511,
  "column_score": 0.7637795275590551,
  "time_ms": 37
}