{
  "sum_of_pairs": 0.6157746874561034,
  "column_score": 0.25663716814159293,
  "time_ms": 285
}