{
  "sum_of_pairs": 0.8948545861297539,
  "column_score": 0.7315436241610739,
  "time_ms": 31
}