{
  "sum_of_pairs": 0.8408233092755948,
  "column_score": 0.5534883720930233,
  "time_ms": 610
}