{
  "sum_of_pairs": 0.844569970845481,
  "column_score": 0.3877551020408163,
  "time_ms": 1968
}