{
  "sum_of_pairs": 0.8454723726225184,
  "column_score": 0.3877551020408163,
  "time_ms": 1396
}