{
  "sum_of_pairs": 0.9370533983122165,
  "column_score": 0.8511394658075851,
  "time_ms": 1189
}