{
  "sum_of_pairs": 0.9274193548387096,
  "column_score": 0.8810483870967742,
  "time_ms": 841
}