{
  "sum_of_pairs": 0.9071280686187518,
  "column_score": 0.8571428571428571,
  "time_ms": 1009
}