{
  "sum_of_pairs": 0.9384615384615385,
  "column_score": 0.8974358974358975,
  "time_ms": 174
}