{
  "sum_of_pairs": 0.9751243781094527,
  "column_score": 0.9328358208955224,
  "time_ms": 833
}