{
  "sum_of_pairs": 0.9030805260313457,
  "column_score": 0.7868852459016393,
  "time_ms": 2410
}