{
  "sum_of_pairs": 0.18895658153671108,
  "column_score": 0.052345190018427155,
  "time_ms": 17
}