{
  "sum_of_pairs": 0.16813419744042524,
  "column_score": 0.04107338041213419,
  "time_ms": 12
}