{
  "sum_of_pairs": 0.19138308444335866,
  "column_score": 0.05297410965091147,
  "time_ms": 7
}