{
  "sum_of_pairs": 0.3576158940397351,
  "column_score": 0.2052980132450331,
  "time_ms": 13
}