{
  "sum_of_pairs": 0.2925170068027211,
  "column_score": 0.16326530612244897,
  "time_ms": 0
}