{
  "sum_of_pairs": 0.21713147410358566,
  "column_score": 0.03187250996015936,
  "time_ms": 2
}