{
  "sum_of_pairs": 0.21997300944669365,
  "column_score": 0.09716599190283401,
  "time_ms": 4
}