{
  "sum_of_pairs": 0.2947019867549669,
  "column_score": 0.1456953642384106,
  "time_ms": 1
}