{
  "sum_of_pairs": 0.19276094276094277,
  "column_score": 0.06565656565656566,
  "time_ms": 2
}