{
  "sum_of_pairs": 0.21052631578947367,
  "column_score": 0.017543859649122806,
  "time_ms": 0
}