{
  "sum_of_pairs": 0.4387755102040816,
  "column_score": 0.30612244897959184,
  "time_ms": 17
}