{
  "sum_of_pairs": 0.24489795918367346,
  "column_score": 0.08571428571428572,
  "time_ms": 4
}