{
  "sum_of_pairs": 0.17424242424242425,
  "column_score": 0.06565656565656566,
  "time_ms": 2
}