{
  "sum_of_pairs": 0.20915032679738563,
  "column_score": 0.09803921568627451,
  "time_ms": 0
}