{
  "sum_of_pairs": 0.4976190476190476,
  "column_score": 0.28888888888888886,
  "time_ms": 11
}