{
  "sum_of_pairs": 0.48624338624338626,
  "column_score": 0.2740740740740741,
  "time_ms": 16
}