{
  "sum_of_pairs": 0.2244355909694555,
  "column_score": 0.03187250996015936,
  "time_ms": 15
}