{
  "sum_of_pairs": 0.21727395411605938,
  "column_score": 0.10121457489878542,
  "time_ms": 4
}