{
  "sum_of_pairs": 0.3580827067669173,
  "column_score": 0.18421052631578946,
  "time_ms": 15
}