{
  "sum_of_pairs": 0.33838748495788207,
  "column_score": 0.16606498194945848,
  "time_ms": 22
}