{
  "sum_of_pairs": 0.29591836734693877,
  "column_score": 0.08571428571428572,
  "time_ms": 4
}