{
  "sum_of_pairs": 0.309265944645006,
  "column_score": 0.1263537906137184,
  "time_ms": 16
}