{
  "sum_of_pairs": 0.38110902255639095,
  "column_score": 0.18421052631578946,
  "time_ms": 7
}