{
  "sum_of_pairs": 0.45582010582010585,
  "column_score": 0.23703703703703705,
  "time_ms": 11
}