{
  "sum_of_pairs": 0.5878746424574058,
  "column_score": 0.23529411764705882,
  "time_ms": 154
}