{
  "sum_of_pairs": 0.8206770398551221,
  "column_score": 0.0684931506849315,
  "time_ms": 1999
}