{
  "sum_of_pairs": 0.6658639455782313,
  "column_score": 0.16666666666666666,
  "time_ms": 440
}