{
  "sum_of_pairs": 0.7153115159694107,
  "column_score": 0.04678362573099415,
  "time_ms": 825
}