{
  "sum_of_pairs": 0.6173015120383541,
  "column_score": 0.4074074074074074,
  "time_ms": 121
}