{
  "sum_of_pairs": 0.5622322247228474,
  "column_score": 0.15891472868217055,
  "time_ms": 159
}