{
  "sum_of_pairs": 0.7005261405261405,
  "column_score": 0.14285714285714285,
  "time_ms": 144
}