{
  "sum_of_pairs": 0.7493128817555496,
  "column_score": 0.34523809523809523,
  "time_ms": 2396
}