{
  "sum_of_pairs": 0.42497972424979724,
  "column_score": 0.11678832116788321,
  "time_ms": 7
}