{
  "sum_of_pairs": 0.6946911628468204,
  "column_score": 0.49259469868234534,
  "time_ms": 40
}