{
  "sum_of_pairs": 0.7375659124971505,
  "column_score": 0.560234628143015,
  "time_ms": 16
}