{
  "sum_of_pairs": 0.6686507936507936,
  "column_score": 0.5119047619047619,
  "time_ms": 3
}