{
  "sum_of_pairs": 0.8172305764411028,
  "column_score": 0.5131578947368421,
  "time_ms": 31
}