{
  "sum_of_pairs": 0.937984496124031,
  "column_score": 0.7209302325581395,
  "time_ms": 7
}