{
  "sum_of_pairs": 0.6643835616438356,
  "column_score": 0.3561643835616438,
  "time_ms": 10
}