{
  "sum_of_pairs": 0.837192118226601,
  "column_score": 0.7241379310344828,
  "time_ms": 30
}