{
  "sum_of_pairs": 0.4348790322580645,
  "column_score": 0.1774193548387097,
  "time_ms": 27
}