{
  "sum_of_pairs": 0.8098134630981346,
  "column_score": 0.583941605839416,
  "time_ms": 9
}