{
  "sum_of_pairs": 0.7880128720836685,
  "column_score": 0.5995575221238938,
  "time_ms": 30
}