{
  "sum_of_pairs": 0.8383084577114428,
  "column_score": 0.764179104477612,
  "time_ms": 33
}