{
  "sum_of_pairs": 0.820996853783739,
  "column_score": 0.6751117734724292,
  "time_ms": 52
}