{
  "sum_of_pairs": 0.8218487394957983,
  "column_score": 0.6134453781512605,
  "time_ms": 14
}