{
  "sum_of_pairs": 0.8588807785888077,
  "column_score": 0.6715328467153284,
  "time_ms": 13
}