{
  "sum_of_pairs": 0.8372630605640314,
  "column_score": 0.6262135922330098,
  "time_ms": 9
}