{
  "sum_of_pairs": 0.8802157252341755,
  "column_score": 0.6199261992619927,
  "time_ms": 26
}