{
  "sum_of_pairs": 0.8287581699346406,
  "column_score": 0.6134453781512605,
  "time_ms": 41
}