{
  "sum_of_pairs": 0.7757640369580668,
  "column_score": 0.5111940298507462,
  "time_ms": 23
}