{
  "sum_of_pairs": 0.9126506024096386,
  "column_score": 0.8795180722891566,
  "time_ms": 7
}