{
  "sum_of_pairs": 0.8120378586217095,
  "column_score": 0.6625258799171843,
  "time_ms": 64
}