{
  "sum_of_pairs": 0.798862828713575,
  "column_score": 0.5373134328358209,
  "time_ms": 21
}