{
  "sum_of_pairs": 0.8720787207872078,
  "column_score": 0.5940959409594095,
  "time_ms": 53
}