{
  "sum_of_pairs": 0.979328165374677,
  "column_score": 0.9069767441860465,
  "time_ms": 2
}