{
  "sum_of_pairs": 0.6605544077134986,
  "column_score": 0.4090909090909091,
  "time_ms": 128
}