{
  "sum_of_pairs": 0.8367794486215538,
  "column_score": 0.5197368421052632,
  "time_ms": 17
}