{
  "sum_of_pairs": 0.532520325203252,
  "column_score": 0.4024390243902439,
  "time_ms": 16
}