{
  "sum_of_pairs": 0.27873563218390807,
  "column_score": 0.14482758620689656,
  "time_ms": 7
}