{
  "sum_of_pairs": 0.6018518518518519,
  "column_score": 0.18518518518518517,
  "time_ms": 1
}