{
  "sum_of_pairs": 0.9082760058369814,
  "column_score": 0.7479674796747967,
  "time_ms": 62
}