{
  "sum_of_pairs": 0.9615384615384616,
  "column_score": 0.8974358974358975,
  "time_ms": 25
}