{
  "sum_of_pairs": 0.7939259855189059,
  "column_score": 0.588495575221239,
  "time_ms": 49
}