{
  "sum_of_pairs": 0.8009337068160598,
  "column_score": 0.5882352941176471,
  "time_ms": 33
}