{
  "sum_of_pairs": 0.746274217585693,
  "column_score": 0.5450819672131147,
  "time_ms": 64
}