{
  "sum_of_pairs": 0.7841365461847389,
  "column_score": 0.6987951807228916,
  "time_ms": 3
}