{
  "sum_of_pairs": 0.7531075481895154,
  "column_score": 0.5788146279949559,
  "time_ms": 83
}