{
  "sum_of_pairs": 0.6693286010056196,
  "column_score": 0.36645962732919257,
  "time_ms": 21
}