{
  "sum_of_pairs": 0.9039724980901451,
  "column_score": 0.7285714285714285,
  "time_ms": 112
}