{
  "sum_of_pairs": 0.7801664355062413,
  "column_score": 0.5485436893203883,
  "time_ms": 17
}