{
  "sum_of_pairs": 0.8373493975903614,
  "column_score": 0.7289156626506024,
  "time_ms": 2
}