{
  "sum_of_pairs": 0.8548256285482563,
  "column_score": 0.7591240875912408,
  "time_ms": 5
}