{
  "sum_of_pairs": 0.4660493827160494,
  "column_score": 0.1111111111111111,
  "time_ms": 2
}