{
  "sum_of_pairs": 0.7644768856447689,
  "column_score": 0.5547445255474452,
  "time_ms": 6
}