{
  "sum_of_pairs": 0.7526881720430108,
  "column_score": 0.6451612903225806,
  "time_ms": 9
}