{
  "sum_of_pairs": 0.8764830773073561,
  "column_score": 0.7070063694267515,
  "time_ms": 82
}