{
  "sum_of_pairs": 0.8820645332273239,
  "column_score": 0.6046511627906976,
  "time_ms": 134
}