{
  "sum_of_pairs": 0.6080069124423964,
  "column_score": 0.24193548387096775,
  "time_ms": 8
}