{
  "sum_of_pairs": 0.7020833333333333,
  "column_score": 0.5208333333333334,
  "time_ms": 2
}