{
  "sum_of_pairs": 0.8700720203155572,
  "column_score": 0.7006369426751592,
  "time_ms": 27
}