{
  "sum_of_pairs": 0.777877859845073,
  "column_score": 0.6443883984867591,
  "time_ms": 87
}