{
  "sum_of_pairs": 0.7333333333333333,
  "column_score": 0.7692307692307693,
  "time_ms": 1
}