{
  "sum_of_pairs": 0.797783251231527,
  "column_score": 0.6600985221674877,
  "time_ms": 53
}