{
  "sum_of_pairs": 0.9374764595103579,
  "column_score": 0.8813559322033898,
  "time_ms": 48
}