{
  "sum_of_pairs": 0.644025482093664,
  "column_score": 0.39488636363636365,
  "time_ms": 316
}