{
  "sum_of_pairs": 0.7247391952309985,
  "column_score": 0.5368852459016393,
  "time_ms": 34
}