{
  "sum_of_pairs": 0.768141592920354,
  "column_score": 0.5663716814159292,
  "time_ms": 60
}