{
  "sum_of_pairs": 0.8735175246803154,
  "column_score": 0.5465116279069767,
  "time_ms": 163
}