{
  "sum_of_pairs": 0.9213394448688567,
  "column_score": 0.7571428571428571,
  "time_ms": 170
}