{
  "sum_of_pairs": 0.8418491484184915,
  "column_score": 0.6861313868613139,
  "time_ms": 3
}