{
  "sum_of_pairs": 0.8099685378373903,
  "column_score": 0.6527570789865872,
  "time_ms": 113
}