{
  "sum_of_pairs": 0.8288847117794487,
  "column_score": 0.5526315789473685,
  "time_ms": 35
}