{
  "sum_of_pairs": 0.7242063492063492,
  "column_score": 0.5535714285714286,
  "time_ms": 4
}