{
  "sum_of_pairs": 0.8517241379310345,
  "column_score": 0.7610837438423645,
  "time_ms": 12
}