{
  "sum_of_pairs": 0.3218390804597701,
  "column_score": 0.20689655172413793,
  "time_ms": 4
}