{
  "sum_of_pairs": 0.8084577114427861,
  "column_score": 0.7179104477611941,
  "time_ms": 38
}