{
  "sum_of_pairs": 0.8579992506556763,
  "column_score": 0.6751592356687898,
  "time_ms": 73
}