{
  "sum_of_pairs": 0.8500881834215167,
  "column_score": 0.6975308641975309,
  "time_ms": 7
}