{
  "sum_of_pairs": 0.8475124378109453,
  "column_score": 0.7671641791044777,
  "time_ms": 10
}