{
  "sum_of_pairs": 0.8253022023513826,
  "column_score": 0.6825633383010432,
  "time_ms": 179
}