{
  "sum_of_pairs": 0.7731489821653756,
  "column_score": 0.6040353089533418,
  "time_ms": 42
}