{
  "sum_of_pairs": 0.5771889400921659,
  "column_score": 0.23387096774193547,
  "time_ms": 12
}