{
  "sum_of_pairs": 0.8684560780834073,
  "column_score": 0.7391304347826086,
  "time_ms": 50
}