{
  "sum_of_pairs": 0.8582519964507542,
  "column_score": 0.7453416149068323,
  "time_ms": 22
}