{
  "sum_of_pairs": 0.8620493897246665,
  "column_score": 0.5350553505535055,
  "time_ms": 73
}