{
  "sum_of_pairs": 0.5762548262548263,
  "column_score": 0.6756756756756757,
  "time_ms": 1
}