{
  "sum_of_pairs": 0.46774193548387094,
  "column_score": 0.20161290322580644,
  "time_ms": 11
}