{
  "sum_of_pairs": 0.7642089093701997,
  "column_score": 0.6175115207373272,
  "time_ms": 2
}