{
  "sum_of_pairs": 0.7407600596125187,
  "column_score": 0.5614754098360656,
  "time_ms": 20
}