{
  "sum_of_pairs": 0.9175141242937853,
  "column_score": 0.8248587570621468,
  "time_ms": 18
}