{
  "sum_of_pairs": 0.7995839112343966,
  "column_score": 0.6213592233009708,
  "time_ms": 13
}