{
  "sum_of_pairs": 0.583011583011583,
  "column_score": 0.7027027027027027,
  "time_ms": 2
}