{
  "sum_of_pairs": 0.5223577235772358,
  "column_score": 0.3780487804878049,
  "time_ms": 5
}