{
  "sum_of_pairs": 0.960994560994561,
  "column_score": 0.8871794871794871,
  "time_ms": 64
}