{
  "sum_of_pairs": 0.45403225806451614,
  "column_score": 0.20161290322580644,
  "time_ms": 25
}