{
  "sum_of_pairs": 0.5637065637065637,
  "column_score": 0.6486486486486487,
  "time_ms": 2
}