{
  "sum_of_pairs": 0.7527980535279806,
  "column_score": 0.48905109489051096,
  "time_ms": 5
}