{
  "sum_of_pairs": 0.6651305683563749,
  "column_score": 0.4930875576036866,
  "time_ms": 4
}