{
  "sum_of_pairs": 0.29942528735632185,
  "column_score": 0.13793103448275862,
  "time_ms": 8
}