{
  "sum_of_pairs": 0.6433007985803016,
  "column_score": 0.2919254658385093,
  "time_ms": 29
}