{
  "sum_of_pairs": 0.34777518341928415,
  "column_score": 0.0756144621421011,
  "time_ms": 70
}