{
  "sum_of_pairs": 0.30171181108284917,
  "column_score": 0.05284917728517314,
  "time_ms": 129
}