{
  "sum_of_pairs": 0.6252162483039349,
  "column_score": 0.059375,
  "time_ms": 1338
}