{
  "sum_of_pairs": 0.3943747823058168,
  "column_score": 0.12643678160919541,
  "time_ms": 74
}