{
  "sum_of_pairs": 0.5013932427725531,
  "column_score": 0.23275862068965517,
  "time_ms": 23
}