{
  "sum_of_pairs": 0.44326889585510276,
  "column_score": 0.28448275862068967,
  "time_ms": 21
}