{
  "sum_of_pairs": 0.5329464988198269,
  "column_score": 0.032520325203252036,
  "time_ms": 116
}