{
  "sum_of_pairs": 0.39415708812260536,
  "column_score": 0.1896551724137931,
  "time_ms": 35
}