{
  "sum_of_pairs": 0.7509950080949811,
  "column_score": 0.5022935779816514,
  "time_ms": 134
}