{
  "sum_of_pairs": 0.35486865311426713,
  "column_score": 0.0873015873015873,
  "time_ms": 34
}