{
  "sum_of_pairs": 0.9255283906446697,
  "column_score": 0.6744186046511628,
  "time_ms": 117
}