{
  "sum_of_pairs": 0.4920886075949367,
  "column_score": 0.22784810126582278,
  "time_ms": 9
}