{
  "sum_of_pairs": 0.804489341608203,
  "column_score": 0.6284403669724771,
  "time_ms": 65
}