{
  "sum_of_pairs": 0.5699744295830055,
  "column_score": 0.14634146341463414,
  "time_ms": 64
}