{
  "sum_of_pairs": 0.46538951309184656,
  "column_score": 0.25376502561419584,
  "time_ms": 15
}