{
  "sum_of_pairs": 0.7148775894538606,
  "column_score": 0.4293785310734463,
  "time_ms": 17
}