{
  "sum_of_pairs": 0.7435323383084577,
  "column_score": 0.6447761194029851,
  "time_ms": 12
}