{
  "sum_of_pairs": 0.46057162534435264,
  "column_score": 0.22727272727272727,
  "time_ms": 52
}