{
  "sum_of_pairs": 0.8348096348096348,
  "column_score": 0.5897435897435898,
  "time_ms": 23
}