{
  "sum_of_pairs": 0.5312791783380019,
  "column_score": 0.46218487394957986,
  "time_ms": 17
}