{
  "sum_of_pairs": 0.7229949874686716,
  "column_score": 0.3157894736842105,
  "time_ms": 17
}