{
  "sum_of_pairs": 0.6107467037699595,
  "column_score": 0.22093023255813954,
  "time_ms": 44
}