{
  "sum_of_pairs": 0.6660412757973734,
  "column_score": 0.4146341463414634,
  "time_ms": 31
}