{
  "sum_of_pairs": 0.3353658536585366,
  "column_score": 0.24390243902439024,
  "time_ms": 4
}