{
  "sum_of_pairs": 0.8116647933058574,
  "column_score": 0.37579617834394907,
  "time_ms": 27
}