{
  "sum_of_pairs": 0.5532041728763041,
  "column_score": 0.15163934426229508,
  "time_ms": 22
}