{
  "sum_of_pairs": 0.673721340388007,
  "column_score": 0.41358024691358025,
  "time_ms": 5
}