{
  "sum_of_pairs": 0.66343669250646,
  "column_score": 0.4418604651162791,
  "time_ms": 2
}