{
  "sum_of_pairs": 0.7198542805100182,
  "column_score": 0.5529061102831595,
  "time_ms": 45
}