{
  "sum_of_pairs": 0.3649807749186631,
  "column_score": 0.17391304347826086,
  "time_ms": 11
}