{
  "sum_of_pairs": 0.6569202226345083,
  "column_score": 0.21714285714285714,
  "time_ms": 64
}