{
  "sum_of_pairs": 0.9330153051083284,
  "column_score": 0.5465116279069767,
  "time_ms": 142
}