{
  "sum_of_pairs": 0.5312103810873294,
  "column_score": 0.07232704402515723,
  "time_ms": 244
}