{
  "sum_of_pairs": 0.5342827004219409,
  "column_score": 0.3037974683544304,
  "time_ms": 20
}