{
  "sum_of_pairs": 0.478753047718565,
  "column_score": 0.08045977011494253,
  "time_ms": 40
}