{
  "sum_of_pairs": 0.6675774134790529,
  "column_score": 0.36065573770491804,
  "time_ms": 3
}