{
  "sum_of_pairs": 0.6500947328533535,
  "column_score": 0.3103448275862069,
  "time_ms": 30
}