{
  "sum_of_pairs": 0.687559221179352,
  "column_score": 0.25587337842428287,
  "time_ms": 1450
}