{
  "sum_of_pairs": 0.6970275410853898,
  "column_score": 0.2972926782267537,
  "time_ms": 795
}