{
  "sum_of_pairs": 0.6849457731810673,
  "column_score": 0.28054298642533937,
  "time_ms": 708
}