{
  "sum_of_pairs": 0.6143511932985617,
  "column_score": 0.25925925925925924,
  "time_ms": 119
}