{
  "sum_of_pairs": 0.5116050915421607,
  "column_score": 0.16071428571428573,
  "time_ms": 5231
}