{
  "sum_of_pairs": 0.7077574831585527,
  "column_score": 0.2597402597402597,
  "time_ms": 182
}