{
  "sum_of_pairs": 0.733814202213655,
  "column_score": 0.18823529411764706,
  "time_ms": 221
}