{
  "sum_of_pairs": 0.9158513270355375,
  "column_score": 0.6666666666666666,
  "time_ms": 523
}