{
  "sum_of_pairs": 0.8231632653061225,
  "column_score": 0.5416666666666666,
  "time_ms": 480
}