{
  "sum_of_pairs": 0.7223386665080592,
  "column_score": 0.30434782608695654,
  "time_ms": 1864
}