{
  "sum_of_pairs": 0.8264404768164166,
  "column_score": 0.3076923076923077,
  "time_ms": 596
}