{
  "sum_of_pairs": 0.8719998184458969,
  "column_score": 0.5588235294117647,
  "time_ms": 2013
}