{
  "sum_of_pairs": 0.8091976516634051,
  "column_score": 0.0684931506849315,
  "time_ms": 2222
}