{
  "sum_of_pairs": 0.9140125955915429,
  "column_score": 0.6257309941520468,
  "time_ms": 983
}