{
  "sum_of_pairs": 0.6168800379326695,
  "column_score": 0.25925925925925924,
  "time_ms": 69
}