{
  "sum_of_pairs": 0.6566975077102609,
  "column_score": 0.37209302325581395,
  "time_ms": 161
}