{
  "sum_of_pairs": 0.8757395087943245,
  "column_score": 0.6504854368932039,
  "time_ms": 2694
}