{
  "sum_of_pairs": 0.8895249111790465,
  "column_score": 0.3441295546558704,
  "time_ms": 689
}