{
  "sum_of_pairs": 0.5750926169363513,
  "column_score": 0.16279069767441862,
  "time_ms": 1483
}