{
  "sum_of_pairs": 0.8156110556110556,
  "column_score": 0.17142857142857143,
  "time_ms": 138
}