{
  "sum_of_pairs": 0.6163358538122243,
  "column_score": 0.2391304347826087,
  "time_ms": 16
}