{
  "sum_of_pairs": 0.8795373048004627,
  "column_score": 0.23076923076923078,
  "time_ms": 1293
}