{
  "sum_of_pairs": 0.8097176795806933,
  "column_score": 0.0684931506849315,
  "time_ms": 1141
}