{
  "sum_of_pairs": 0.8743755600014729,
  "column_score": 0.6310679611650486,
  "time_ms": 3382
}