{
  "sum_of_pairs": 0.6878833584715938,
  "column_score": 0.28054298642533937,
  "time_ms": 281
}