{
  "sum_of_pairs": 0.8430990953082264,
  "column_score": 0.5555555555555556,
  "time_ms": 4300
}