{
  "sum_of_pairs": 0.5151458395764659,
  "column_score": 0.17857142857142858,
  "time_ms": 3089
}