{
  "sum_of_pairs": 0.8154852666130862,
  "column_score": 0.14285714285714285,
  "time_ms": 1283
}