{
  "sum_of_pairs": 0.5893194706994329,
  "column_score": 0.1956521739130435,
  "time_ms": 33
}