{
  "sum_of_pairs": 0.8207857142857143,
  "column_score": 0.49583333333333335,
  "time_ms": 939
}