{
  "sum_of_pairs": 0.8756172839506173,
  "column_score": 0.6323529411764706,
  "time_ms": 1043
}