{
  "sum_of_pairs": 0.8145454545454546,
  "column_score": 0.14285714285714285,
  "time_ms": 257
}