{
  "sum_of_pairs": 0.8449116514548873,
  "column_score": 0.5674603174603174,
  "time_ms": 2419
}