{
  "sum_of_pairs": 0.7722116202607316,
  "column_score": 0.46956521739130436,
  "time_ms": 548
}