{
  "sum_of_pairs": 0.720416344495331,
  "column_score": 0.28695652173913044,
  "time_ms": 3740
}