{
  "sum_of_pairs": 0.39148666054397097,
  "column_score": 0.03500337900987398,
  "time_ms": 378
}