{
  "sum_of_pairs": 0.7487559354226021,
  "column_score": 0.24691358024691357,
  "time_ms": 128
}