{
  "sum_of_pairs": 0.589903129657228,
  "column_score": 0.19672131147540983,
  "time_ms": 70
}