{
  "sum_of_pairs": 0.5740119313944817,
  "column_score": 0.10067114093959731,
  "time_ms": 25
}