{
  "sum_of_pairs": 0.6040861157578866,
  "column_score": 0.00899131872674659,
  "time_ms": 687
}