{
  "sum_of_pairs": 0.2545154029364039,
  "column_score": 0.08327539576936,
  "time_ms": 29
}