{
  "sum_of_pairs": 0.254515402936404,
  "column_score": 0.08327539576935998,
  "time_ms": 26
}