{
  "sum_of_pairs": 0.27165117079889806,
  "column_score": 0.14204545454545456,
  "time_ms": 81
}