{
  "sum_of_pairs": 0.3734827264239029,
  "column_score": 0.24369747899159663,
  "time_ms": 27
}