{
  "sum_of_pairs": 0.37851971037811744,
  "column_score": 0.17699115044247787,
  "time_ms": 59
}