{
  "sum_of_pairs": 0.46944858420268254,
  "column_score": 0.20864381520119224,
  "time_ms": 60
}