{
  "sum_of_pairs": 0.4318988464951198,
  "column_score": 0.2422360248447205,
  "time_ms": 65
}