{
  "sum_of_pairs": 0.27347242921013415,
  "column_score": 0.045081967213114756,
  "time_ms": 30
}