{
  "sum_of_pairs": 0.16028225806451613,
  "column_score": 0.10483870967741936,
  "time_ms": 22
}