{
  "sum_of_pairs": 0.3411271476028242,
  "column_score": 0.14297337714762814,
  "time_ms": 19
}