{
  "sum_of_pairs": 0.5041871482902208,
  "column_score": 0.2724917093765456,
  "time_ms": 8
}