{
  "sum_of_pairs": 0.5042712556551006,
  "column_score": 0.2724917093765456,
  "time_ms": 20
}