{
  "sum_of_pairs": 0.5040351281462457,
  "column_score": 0.26664755353238984,
  "time_ms": 29
}