{
  "sum_of_pairs": 0.20207792207792208,
  "column_score": 0.22857142857142856,
  "time_ms": 5
}