{
  "sum_of_pairs": 0.5471189327277888,
  "column_score": 0.1070110701107011,
  "time_ms": 14
}