{
  "sum_of_pairs": 0.6401482036551351,
  "column_score": 0.27388535031847133,
  "time_ms": 52
}