{
  "sum_of_pairs": 0.5910233658680863,
  "column_score": 0.4140786749482402,
  "time_ms": 102
}