{
  "sum_of_pairs": 0.5378531073446328,
  "column_score": 0.3107344632768362,
  "time_ms": 20
}