{
  "sum_of_pairs": 0.4150499706055262,
  "column_score": 0.15432098765432098,
  "time_ms": 5
}