{
  "sum_of_pairs": 0.12442396313364056,
  "column_score": 0.004608294930875576,
  "time_ms": 7
}