{
  "sum_of_pairs": 0.3285358919687278,
  "column_score": 0.11194029850746269,
  "time_ms": 28
}