{
  "sum_of_pairs": 0.4781746031746032,
  "column_score": 0.20238095238095238,
  "time_ms": 9
}