{
  "sum_of_pairs": 0.39783904619970195,
  "column_score": 0.18442622950819673,
  "time_ms": 24
}