{
  "sum_of_pairs": 0.5684729064039409,
  "column_score": 0.3620689655172414,
  "time_ms": 25
}