{
  "sum_of_pairs": 0.5165520753756048,
  "column_score": 0.07142857142857142,
  "time_ms": 96
}