{
  "sum_of_pairs": 0.8153698846842347,
  "column_score": 0.49044585987261147,
  "time_ms": 16
}