{
  "sum_of_pairs": 0.3765158237207927,
  "column_score": 0.12422360248447205,
  "time_ms": 21
}