{
  "sum_of_pairs": 0.42473118279569894,
  "column_score": 0.2672811059907834,
  "time_ms": 4
}