{
  "sum_of_pairs": 0.25402597402597404,
  "column_score": 0.2571428571428571,
  "time_ms": 5
}