{
  "sum_of_pairs": 0.7445812807881773,
  "column_score": 0.6206896551724138,
  "time_ms": 7
}