{
  "sum_of_pairs": 0.4503105590062112,
  "column_score": 0.2443064182194617,
  "time_ms": 50
}