{
  "sum_of_pairs": 0.5482726423902895,
  "column_score": 0.31092436974789917,
  "time_ms": 44
}