{
  "sum_of_pairs": 0.06149425287356322,
  "column_score": 0.010344827586206896,
  "time_ms": 4
}