{
  "sum_of_pairs": 0.5726164447094679,
  "column_score": 0.313953488372093,
  "time_ms": 177
}