{
  "sum_of_pairs": 0.7524875621890548,
  "column_score": 0.6582089552238806,
  "time_ms": 13
}