{
  "sum_of_pairs": 0.3220064724919094,
  "column_score": 0.11165048543689321,
  "time_ms": 7
}