{
  "sum_of_pairs": 0.3756048387096774,
  "column_score": 0.23790322580645162,
  "time_ms": 18
}