{
  "sum_of_pairs": 0.3402777777777778,
  "column_score": 0.15476190476190477,
  "time_ms": 6
}