{
  "sum_of_pairs": 0.40778588807785887,
  "column_score": 0.10218978102189781,
  "time_ms": 5
}