{
  "sum_of_pairs": 0.30284552845528456,
  "column_score": 0.22560975609756098,
  "time_ms": 3
}