{
  "sum_of_pairs": 0.26104417670682734,
  "column_score": 0.12650602409638553,
  "time_ms": 10
}