{
  "sum_of_pairs": 0.6025490902540083,
  "column_score": 0.48045397225725095,
  "time_ms": 88
}