{
  "sum_of_pairs": 0.5116915422885572,
  "column_score": 0.4208955223880597,
  "time_ms": 21
}