{
  "sum_of_pairs": 0.4323545307151865,
  "column_score": 0.28247162673392184,
  "time_ms": 32
}