{
  "sum_of_pairs": 0.2823529411764706,
  "column_score": 0.13725490196078433,
  "time_ms": 3
}