{
  "sum_of_pairs": 0.36575342465753424,
  "column_score": 0.1506849315068493,
  "time_ms": 6
}