{
  "sum_of_pairs": 0.3822595704948646,
  "column_score": 0.21008403361344538,
  "time_ms": 15
}