{
  "sum_of_pairs": 0.13045977011494253,
  "column_score": 0.027586206896551724,
  "time_ms": 11
}