{
  "sum_of_pairs": 0.37452651515151514,
  "column_score": 0.1846590909090909,
  "time_ms": 54
}