{
  "sum_of_pairs": 0.6362859362859363,
  "column_score": 0.3333333333333333,
  "time_ms": 24
}