{
  "sum_of_pairs": 0.4602739726027397,
  "column_score": 0.1780821917808219,
  "time_ms": 4
}