{
  "sum_of_pairs": 0.4424168694241687,
  "column_score": 0.11678832116788321,
  "time_ms": 6
}