{
  "sum_of_pairs": 0.5423023578363384,
  "column_score": 0.17475728155339806,
  "time_ms": 9
}