{
  "sum_of_pairs": 0.414119066773934,
  "column_score": 0.14823008849557523,
  "time_ms": 29
}