{
  "sum_of_pairs": 0.17604166666666668,
  "column_score": 0.13541666666666666,
  "time_ms": 2
}