{
  "sum_of_pairs": 0.096875,
  "column_score": 0.052083333333333336,
  "time_ms": 1
}