{
  "sum_of_pairs": 0.3745173745173745,
  "column_score": 0.16216216216216217,
  "time_ms": 1
}