{
  "sum_of_pairs": 0.5578841512469831,
  "column_score": 0.20575221238938052,
  "time_ms": 32
}