{
  "sum_of_pairs": 0.4263565891472868,
  "column_score": 0.16279069767441862,
  "time_ms": 2
}