{
  "sum_of_pairs": 0.7612052730696799,
  "column_score": 0.5706214689265536,
  "time_ms": 20
}