{
  "sum_of_pairs": 0.3531554546314694,
  "column_score": 0.033210332103321034,
  "time_ms": 26
}