{
  "sum_of_pairs": 0.5933998566277567,
  "column_score": 0.3089354207845195,
  "time_ms": 42
}