{
  "sum_of_pairs": 0.2924675324675325,
  "column_score": 0.37142857142857144,
  "time_ms": 14
}