{
  "sum_of_pairs": 0.20262096774193547,
  "column_score": 0.13306451612903225,
  "time_ms": 40
}