{
  "sum_of_pairs": 0.6624698310539019,
  "column_score": 0.35176991150442477,
  "time_ms": 76
}