{
  "sum_of_pairs": 0.15919540229885057,
  "column_score": 0.02413793103448276,
  "time_ms": 12
}