{
  "sum_of_pairs": 0.5250608272506083,
  "column_score": 0.30656934306569344,
  "time_ms": 8
}