{
  "sum_of_pairs": 0.6901002506265664,
  "column_score": 0.17105263157894737,
  "time_ms": 45
}