{
  "sum_of_pairs": 0.5492511520737328,
  "column_score": 0.3064516129032258,
  "time_ms": 17
}