{
  "sum_of_pairs": 0.761384335154827,
  "column_score": 0.6140089418777943,
  "time_ms": 135
}