{
  "sum_of_pairs": 0.7982758620689655,
  "column_score": 0.6625615763546798,
  "time_ms": 28
}