{
  "sum_of_pairs": 0.7426767676767677,
  "column_score": 0.03333333333333333,
  "time_ms": 32
}