{
  "sum_of_pairs": 0.484472049689441,
  "column_score": 0.043478260869565216,
  "time_ms": 25
}