{
  "sum_of_pairs": 0.4795540633608815,
  "column_score": 0.29261363636363635,
  "time_ms": 197
}