{
  "sum_of_pairs": 0.9903100775193798,
  "column_score": 0.9767441860465116,
  "time_ms": 5
}