{
  "sum_of_pairs": 0.476782017154688,
  "column_score": 0.2608695652173913,
  "time_ms": 23
}