{
  "sum_of_pairs": 0.6245989304812835,
  "column_score": 0.11428571428571428,
  "time_ms": 221
}