{
  "sum_of_pairs": 0.5434782608695652,
  "column_score": 0.391304347826087,
  "time_ms": 3
}