{
  "sum_of_pairs": 0.4239516702203269,
  "column_score": 0.10074626865671642,
  "time_ms": 25
}