{
  "sum_of_pairs": 0.7604519774011299,
  "column_score": 0.4858757062146893,
  "time_ms": 39
}