{
  "sum_of_pairs": 0.672806701495226,
  "column_score": 0.48675914249684743,
  "time_ms": 77
}