{
  "sum_of_pairs": 0.7275132275132276,
  "column_score": 0.24691358024691357,
  "time_ms": 15
}