{
  "sum_of_pairs": 0.6715219421101774,
  "column_score": 0.4369747899159664,
  "time_ms": 35
}