{
  "sum_of_pairs": 0.6203206784602133,
  "column_score": 0.19767441860465115,
  "time_ms": 163
}