{
  "sum_of_pairs": 0.8065476190476191,
  "column_score": 0.7083333333333334,
  "time_ms": 10
}