{
  "sum_of_pairs": 0.6976421636615812,
  "column_score": 0.3106796116504854,
  "time_ms": 17
}