{
  "sum_of_pairs": 0.8996114996114997,
  "column_score": 0.5692307692307692,
  "time_ms": 60
}