{
  "sum_of_pairs": 0.6790348742903487,
  "column_score": 0.20437956204379562,
  "time_ms": 14
}