{
  "sum_of_pairs": 0.5684798807749627,
  "column_score": 0.21721311475409835,
  "time_ms": 47
}