{
  "sum_of_pairs": 0.8378109452736319,
  "column_score": 0.7835820895522388,
  "time_ms": 25
}