{
  "sum_of_pairs": 0.37299326396888555,
  "column_score": 0.07370237816449998,
  "time_ms": 79
}