{
  "sum_of_pairs": 0.4947257383966245,
  "column_score": 0.27848101265822783,
  "time_ms": 15
}