{
  "sum_of_pairs": 0.7175517477056123,
  "column_score": 0.5004338194309962,
  "time_ms": 45
}