{
  "sum_of_pairs": 0.7489119415754618,
  "column_score": 0.5467123805893697,
  "time_ms": 22
}