{
  "sum_of_pairs": 0.8916001183081929,
  "column_score": 0.8198757763975155,
  "time_ms": 26
}