{
  "sum_of_pairs": 0.9171357098186367,
  "column_score": 0.7073170731707317,
  "time_ms": 84
}