{
  "sum_of_pairs": 0.7485599078341014,
  "column_score": 0.47580645161290325,
  "time_ms": 8
}