{
  "sum_of_pairs": 0.7411192214111922,
  "column_score": 0.44525547445255476,
  "time_ms": 3
}