{
  "sum_of_pairs": 0.5931506849315068,
  "column_score": 0.2465753424657534,
  "time_ms": 16
}