{
  "sum_of_pairs": 0.45403225806451614,
  "column_score": 0.21370967741935484,
  "time_ms": 19
}