{
  "sum_of_pairs": 0.6474654377880185,
  "column_score": 0.46543778801843316,
  "time_ms": 2
}