{
  "sum_of_pairs": 0.8126262626262626,
  "column_score": 0.5666666666666667,
  "time_ms": 7
}