{
  "sum_of_pairs": 0.8729949874686717,
  "column_score": 0.6052631578947368,
  "time_ms": 32
}