{
  "sum_of_pairs": 0.826704014939309,
  "column_score": 0.5966386554621849,
  "time_ms": 17
}