{
  "sum_of_pairs": 0.32298850574712645,
  "column_score": 0.0896551724137931,
  "time_ms": 6
}