{
  "sum_of_pairs": 0.8075221238938053,
  "column_score": 0.5752212389380531,
  "time_ms": 90
}