{
  "sum_of_pairs": 0.5701219512195121,
  "column_score": 0.32926829268292684,
  "time_ms": 2
}