{
  "sum_of_pairs": 0.8094161958568739,
  "column_score": 0.6949152542372882,
  "time_ms": 32
}