{
  "sum_of_pairs": 0.7504470938897169,
  "column_score": 0.5737704918032787,
  "time_ms": 40
}