{
  "sum_of_pairs": 0.6726027397260274,
  "column_score": 0.3287671232876712,
  "time_ms": 5
}