{
  "sum_of_pairs": 0.7870203566924878,
  "column_score": 0.6406052963430012,
  "time_ms": 76
}