{
  "sum_of_pairs": 0.7708520987209512,
  "column_score": 0.6078184110970997,
  "time_ms": 104
}