{
  "sum_of_pairs": 0.8827160493827161,
  "column_score": 0.7716049382716049,
  "time_ms": 9
}