{
  "sum_of_pairs": 0.6897367642709258,
  "column_score": 0.453416149068323,
  "time_ms": 10
}