{
  "sum_of_pairs": 0.5725490196078431,
  "column_score": 0.4117647058823529,
  "time_ms": 1
}