{
  "sum_of_pairs": 0.4033816425120773,
  "column_score": 0.3188405797101449,
  "time_ms": 0
}