{
  "sum_of_pairs": 0.7073412698412699,
  "column_score": 0.5714285714285714,
  "time_ms": 2
}