{
  "sum_of_pairs": 0.4606625258799172,
  "column_score": 0.10869565217391304,
  "time_ms": 2
}