{
  "sum_of_pairs": 0.6678497485950902,
  "column_score": 0.422360248447205,
  "time_ms": 19
}