{
  "sum_of_pairs": 0.7889505316689782,
  "column_score": 0.47572815533980584,
  "time_ms": 6
}