{
  "sum_of_pairs": 0.8497566909975669,
  "column_score": 0.6715328467153284,
  "time_ms": 8
}