{
  "sum_of_pairs": 0.8631322094055013,
  "column_score": 0.7681159420289855,
  "time_ms": 42
}