{
  "sum_of_pairs": 0.4407258064516129,
  "column_score": 0.18346774193548387,
  "time_ms": 36
}