{
  "sum_of_pairs": 0.8208769106999195,
  "column_score": 0.5951327433628318,
  "time_ms": 38
}