{
  "sum_of_pairs": 0.8112449799196787,
  "column_score": 0.8012048192771084,
  "time_ms": 2
}