{
  "sum_of_pairs": 0.8753041362530414,
  "column_score": 0.7591240875912408,
  "time_ms": 8
}