{
  "sum_of_pairs": 0.9456876456876457,
  "column_score": 0.8461538461538461,
  "time_ms": 33
}