{
  "sum_of_pairs": 0.8837540581726628,
  "column_score": 0.45348837209302323,
  "time_ms": 64
}