{
  "sum_of_pairs": 0.8948116560056859,
  "column_score": 0.7611940298507462,
  "time_ms": 10
}