{
  "sum_of_pairs": 0.7741562644475266,
  "column_score": 0.46116504854368934,
  "time_ms": 33
}