{
  "sum_of_pairs": 0.8363967544295413,
  "column_score": 0.6915052160953801,
  "time_ms": 76
}