{
  "sum_of_pairs": 0.8158730158730159,
  "column_score": 0.5882352941176471,
  "time_ms": 35
}