{
  "sum_of_pairs": 0.873351884979792,
  "column_score": 0.38372093023255816,
  "time_ms": 151
}