{
  "sum_of_pairs": 0.584942084942085,
  "column_score": 0.5135135135135135,
  "time_ms": 1
}