{
  "sum_of_pairs": 0.6739841597796143,
  "column_score": 0.41761363636363635,
  "time_ms": 95
}