{
  "sum_of_pairs": 0.5082815734989649,
  "column_score": 0.10869565217391304,
  "time_ms": 1
}