{
  "sum_of_pairs": 0.49898373983739835,
  "column_score": 0.32926829268292684,
  "time_ms": 3
}