{
  "sum_of_pairs": 0.36091954022988504,
  "column_score": 0.0896551724137931,
  "time_ms": 3
}