{
  "sum_of_pairs": 0.9026871037941149,
  "column_score": 0.6309963099630996,
  "time_ms": 42
}