{
  "sum_of_pairs": 0.8915696849276185,
  "column_score": 0.5867158671586716,
  "time_ms": 114
}