{
  "sum_of_pairs": 0.49516908212560384,
  "column_score": 0.37681159420289856,
  "time_ms": 0
}