{
  "sum_of_pairs": 0.7081413210445469,
  "column_score": 0.5391705069124424,
  "time_ms": 1
}