{
  "sum_of_pairs": 0.8596059113300493,
  "column_score": 0.7783251231527094,
  "time_ms": 11
}