{
  "sum_of_pairs": 0.8681592039800995,
  "column_score": 0.8119402985074626,
  "time_ms": 10
}