{
  "sum_of_pairs": 0.9205753595997499,
  "column_score": 0.7073170731707317,
  "time_ms": 63
}