{
  "sum_of_pairs": 0.8817701178135798,
  "column_score": 0.554140127388535,
  "time_ms": 50
}