{
  "sum_of_pairs": 0.6649572649572649,
  "column_score": 0.1794871794871795,
  "time_ms": 0
}