{
  "sum_of_pairs": 0.5492277992277992,
  "column_score": 0.4594594594594595,
  "time_ms": 1
}