{
  "sum_of_pairs": 0.6491769547325102,
  "column_score": 0.5555555555555556,
  "time_ms": 0
}