{
  "sum_of_pairs": 0.7248995983935743,
  "column_score": 0.7048192771084337,
  "time_ms": 1
}