{
  "sum_of_pairs": 0.827786057294254,
  "column_score": 0.6751117734724292,
  "time_ms": 139
}