{
  "sum_of_pairs": 0.6905982905982906,
  "column_score": 0.2564102564102564,
  "time_ms": 0
}