{
  "sum_of_pairs": 0.5529411764705883,
  "column_score": 0.3137254901960784,
  "time_ms": 3
}