{
  "sum_of_pairs": 0.6725060827250608,
  "column_score": 0.29927007299270075,
  "time_ms": 3
}