{
  "sum_of_pairs": 0.8730277673702177,
  "column_score": 0.5222929936305732,
  "time_ms": 153
}