{
  "sum_of_pairs": 0.7217741935483871,
  "column_score": 0.4435483870967742,
  "time_ms": 15
}