{
  "sum_of_pairs": 0.7464232488822653,
  "column_score": 0.5655737704918032,
  "time_ms": 53
}