{
  "sum_of_pairs": 0.8524875621890547,
  "column_score": 0.7880597014925373,
  "time_ms": 29
}