{
  "sum_of_pairs": 0.6628357438016529,
  "column_score": 0.4005681818181818,
  "time_ms": 201
}