{
  "sum_of_pairs": 0.6049796842959109,
  "column_score": 0.13047887246529133,
  "time_ms": 1368
}