{
  "sum_of_pairs": 0.4847486794617462,
  "column_score": 0.12790697674418605,
  "time_ms": 2964
}