{
  "sum_of_pairs": 0.8284890521772081,
  "column_score": 0.2087912087912088,
  "time_ms": 5573
}