{
  "sum_of_pairs": 0.8217070147897215,
  "column_score": 0.0931174089068826,
  "time_ms": 1196
}