{
  "sum_of_pairs": 0.8864709851551957,
  "column_score": 0.4327485380116959,
  "time_ms": 494
}