{
  "sum_of_pairs": 0.6228036695560205,
  "column_score": 0.1565217391304348,
  "time_ms": 516
}