{
  "sum_of_pairs": 0.8513142390730671,
  "column_score": 0.4368932038834951,
  "time_ms": 3279
}