{
  "sum_of_pairs": 0.8250194530438587,
  "column_score": 0.5158730158730159,
  "time_ms": 3864
}