{
  "sum_of_pairs": 0.8210776846915461,
  "column_score": 0.25742574257425743,
  "time_ms": 565
}