{
  "sum_of_pairs": 0.8314823720357067,
  "column_score": 0.623015873015873,
  "time_ms": 2585
}