{
  "sum_of_pairs": 0.8612563543936093,
  "column_score": 0.20588235294117646,
  "time_ms": 1801
}