{
  "sum_of_pairs": 0.6987830845179326,
  "column_score": 0.1826086956521739,
  "time_ms": 3584
}