{
  "sum_of_pairs": 0.8747497750787224,
  "column_score": 0.3567251461988304,
  "time_ms": 946
}