{
  "sum_of_pairs": 0.8403800710567628,
  "column_score": 0.20647773279352227,
  "time_ms": 667
}