{
  "sum_of_pairs": 0.28885281385281386,
  "column_score": 0.1590909090909091,
  "time_ms": 27
}