{
  "sum_of_pairs": 0.8004712490479817,
  "column_score": 0.1485148514851485,
  "time_ms": 1198
}