{
  "sum_of_pairs": 0.44026205523531725,
  "column_score": 0.14285714285714285,
  "time_ms": 148
}