{
  "sum_of_pairs": 0.7741496598639456,
  "column_score": 0.4708333333333333,
  "time_ms": 487
}