{
  "sum_of_pairs": 0.5653152592961075,
  "column_score": 0.023529411764705882,
  "time_ms": 171
}