{
  "sum_of_pairs": 0.674473892120951,
  "column_score": 0.2895927601809955,
  "time_ms": 547
}