{
  "sum_of_pairs": 0.549729098941402,
  "column_score": 0.1434108527131783,
  "time_ms": 298
}