{
  "sum_of_pairs": 0.8590821499146957,
  "column_score": 0.5048543689320388,
  "time_ms": 2494
}