{
  "sum_of_pairs": 0.7067199467199468,
  "column_score": 0.08571428571428572,
  "time_ms": 238
}