{
  "sum_of_pairs": 0.8380760169365866,
  "column_score": 0.4725274725274725,
  "time_ms": 3168
}