{
  "sum_of_pairs": 0.45227677847998704,
  "column_score": 0.18181818181818182,
  "time_ms": 81
}