{
  "sum_of_pairs": 0.8665352911928255,
  "column_score": 0.3356164383561644,
  "time_ms": 1286
}