{
  "sum_of_pairs": 0.3744618600358914,
  "column_score": 0.07530806401764283,
  "time_ms": 140
}