{
  "sum_of_pairs": 0.37367738037372994,
  "column_score": 0.07530806401764281,
  "time_ms": 63
}