{
  "sum_of_pairs": 0.30862677129402943,
  "column_score": 0.04279813088319354,
  "time_ms": 119
}