{
  "sum_of_pairs": 0.37446186003589127,
  "column_score": 0.07530806401764281,
  "time_ms": 370
}