{
  "sum_of_pairs": 0.37446186003589127,
  "column_score": 0.07530806401764283,
  "time_ms": 149
}