{
  "sum_of_pairs": 0.48188784395680945,
  "column_score": 0.22988505747126436,
  "time_ms": 20
}