{
  "sum_of_pairs": 0.3723441309648206,
  "column_score": 0.1896551724137931,
  "time_ms": 34
}