{
  "sum_of_pairs": 0.5200793338578547,
  "column_score": 0.08130081300813008,
  "time_ms": 107
}