{
  "sum_of_pairs": 0.8530444576956205,
  "column_score": 0.6627906976744186,
  "time_ms": 152
}