{
  "sum_of_pairs": 0.44831223628691985,
  "column_score": 0.2721518987341772,
  "time_ms": 15
}