{
  "sum_of_pairs": 0.8418140860001325,
  "column_score": 0.5930232558139535,
  "time_ms": 151
}