{
  "sum_of_pairs": 0.5096694796061885,
  "column_score": 0.31645569620253167,
  "time_ms": 36
}