{
  "sum_of_pairs": 0.7648239341608203,
  "column_score": 0.5779816513761468,
  "time_ms": 112
}