{
  "sum_of_pairs": 0.6541496598639456,
  "column_score": 0.08571428571428572,
  "time_ms": 87
}