{
  "sum_of_pairs": 0.32960409044000377,
  "column_score": 0.06578947368421052,
  "time_ms": 48
}