{
  "sum_of_pairs": 0.5694241858887381,
  "column_score": 0.021875,
  "time_ms": 1220
}