{
  "sum_of_pairs": 0.4962657232704403,
  "column_score": 0.041666666666666664,
  "time_ms": 415
}