{
  "sum_of_pairs": 0.3325931731104145,
  "column_score": 0.07471264367816093,
  "time_ms": 34
}