{
  "sum_of_pairs": 0.6884182265642479,
  "column_score": 0.5974842767295597,
  "time_ms": 255
}