{
  "sum_of_pairs": 0.2469117089806745,
  "column_score": 0.07586206896551724,
  "time_ms": 25
}