{
  "sum_of_pairs": 0.4904788838612368,
  "column_score": 0.11057692307692307,
  "time_ms": 321
}