{
  "sum_of_pairs": 0.5628789782377329,
  "column_score": 0.15274067803988228,
  "time_ms": 143
}