{
  "sum_of_pairs": 0.827616334283001,
  "column_score": 0.3333333333333333,
  "time_ms": 57
}