{
  "sum_of_pairs": 0.4691046152612374,
  "column_score": 0.1656441717791411,
  "time_ms": 54
}