{
  "sum_of_pairs": 0.7950182697751016,
  "column_score": 0.5748031496062992,
  "time_ms": 35
}