{
  "sum_of_pairs": 0.6462509590569854,
  "column_score": 0.09876543209876543,
  "time_ms": 645
}