{
  "sum_of_pairs": 0.8124533929903057,
  "column_score": 0.5738255033557047,
  "time_ms": 18
}