{
  "sum_of_pairs": 0.5132265275707899,
  "column_score": 0.0430327868852459,
  "time_ms": 46
}