{
  "sum_of_pairs": 0.5383398888694756,
  "column_score": 0.2350087065074974,
  "time_ms": 26
}