{
  "sum_of_pairs": 0.4895833333333333,
  "column_score": 0.515625,
  "time_ms": 1
}