{
  "sum_of_pairs": 0.4896395117797332,
  "column_score": 0.007380073800738007,
  "time_ms": 51
}