{
  "sum_of_pairs": 0.5150040551500406,
  "column_score": 0.06569343065693431,
  "time_ms": 7
}