{
  "sum_of_pairs": 0.4877398720682303,
  "column_score": 0.2798507462686567,
  "time_ms": 21
}