{
  "sum_of_pairs": 0.7393596986817326,
  "column_score": 0.519774011299435,
  "time_ms": 25
}