{
  "sum_of_pairs": 0.22157258064516128,
  "column_score": 0.05040322580645161,
  "time_ms": 16
}