{
  "sum_of_pairs": 0.6907073509015257,
  "column_score": 0.3737864077669903,
  "time_ms": 13
}