{
  "sum_of_pairs": 0.7593167701863354,
  "column_score": 0.5548654244306418,
  "time_ms": 37
}