{
  "sum_of_pairs": 0.4735709366391185,
  "column_score": 0.10795454545454546,
  "time_ms": 96
}