{
  "sum_of_pairs": 0.6035742035742035,
  "column_score": 0.08205128205128205,
  "time_ms": 43
}