{
  "sum_of_pairs": 0.7137088380999959,
  "column_score": 0.3248407643312102,
  "time_ms": 46
}