{
  "sum_of_pairs": 0.6066898493128001,
  "column_score": 0.33681073025335323,
  "time_ms": 81
}