{
  "sum_of_pairs": 0.5450980392156862,
  "column_score": 0.23529411764705882,
  "time_ms": 3
}