{
  "sum_of_pairs": 0.6597222222222222,
  "column_score": 0.4166666666666667,
  "time_ms": 2
}