{
  "sum_of_pairs": 0.8239583333333333,
  "column_score": 0.7395833333333334,
  "time_ms": 1
}