{
  "sum_of_pairs": 0.6536098310291859,
  "column_score": 0.43317972350230416,
  "time_ms": 2
}