{
  "sum_of_pairs": 0.23671497584541062,
  "column_score": 0.2898550724637681,
  "time_ms": 0
}