{
  "sum_of_pairs": 0.6136363636363636,
  "column_score": 0.14754098360655737,
  "time_ms": 41
}