{
  "sum_of_pairs": 0.6684303350970018,
  "column_score": 0.4074074074074074,
  "time_ms": 4
}