{
  "sum_of_pairs": 0.6288056206088993,
  "column_score": 0.31651954602774274,
  "time_ms": 54
}