{
  "sum_of_pairs": 0.7372954349698536,
  "column_score": 0.22093023255813954,
  "time_ms": 100
}