{
  "sum_of_pairs": 0.722767497988737,
  "column_score": 0.32964601769911506,
  "time_ms": 50
}