{
  "sum_of_pairs": 0.6549261083743843,
  "column_score": 0.3891625615763547,
  "time_ms": 17
}