{
  "sum_of_pairs": 0.7673202614379085,
  "column_score": 0.5210084033613446,
  "time_ms": 30
}