{
  "sum_of_pairs": 0.8196517412935324,
  "column_score": 0.7507462686567165,
  "time_ms": 15
}