{
  "sum_of_pairs": 0.4349593495934959,
  "column_score": 0.21951219512195122,
  "time_ms": 4
}