{
  "sum_of_pairs": 0.3995282749203404,
  "column_score": 0.05819872651651909,
  "time_ms": 338
}