{
  "sum_of_pairs": 0.786278659611993,
  "column_score": 0.14666666666666667,
  "time_ms": 190
}