{
  "sum_of_pairs": 0.6784045584045584,
  "column_score": 0.1728395061728395,
  "time_ms": 97
}