{
  "sum_of_pairs": 0.37645502645502643,
  "column_score": 0.17777777777777778,
  "time_ms": 13
}