{
  "sum_of_pairs": 0.24836601307189543,
  "column_score": 0.1568627450980392,
  "time_ms": 1
}