{
  "sum_of_pairs": 0.14187192118226602,
  "column_score": 0.07881773399014778,
  "time_ms": 11
}