{
  "sum_of_pairs": 0.19123505976095617,
  "column_score": 0.03187250996015936,
  "time_ms": 5
}