{
  "sum_of_pairs": 0.4064846045044065,
  "column_score": 0.0297029702970297,
  "time_ms": 56
}