{
  "sum_of_pairs": 0.2998796630565584,
  "column_score": 0.10830324909747292,
  "time_ms": 14
}