{
  "sum_of_pairs": 0.3609271523178808,
  "column_score": 0.1986754966887417,
  "time_ms": 5
}