{
  "sum_of_pairs": 0.7082047854106678,
  "column_score": 0.34134615384615385,
  "time_ms": 220
}