{
  "sum_of_pairs": 0.8424818203143326,
  "column_score": 0.2916666666666667,
  "time_ms": 85
}