{
  "sum_of_pairs": 0.5421376711699293,
  "column_score": 0.12903225806451613,
  "time_ms": 116
}