{
  "sum_of_pairs": 0.6920289855072463,
  "column_score": 0.2826086956521739,
  "time_ms": 22
}