{
  "sum_of_pairs": 0.8278811437223387,
  "column_score": 0.3541666666666667,
  "time_ms": 410
}