{
  "sum_of_pairs": 0.5746691048415187,
  "column_score": 0.3850574712643678,
  "time_ms": 30
}