{
  "sum_of_pairs": 0.5297166713575382,
  "column_score": 0.19736842105263158,
  "time_ms": 93
}