{
  "sum_of_pairs": 0.9626316835619161,
  "column_score": 0.8255813953488372,
  "time_ms": 98
}