{
  "sum_of_pairs": 0.6237992831541218,
  "column_score": 0.3387096774193548,
  "time_ms": 26
}