{
  "sum_of_pairs": 0.479085445094217,
  "column_score": 0.08333333333333333,
  "time_ms": 41
}