{
  "sum_of_pairs": 0.8530585707824514,
  "column_score": 0.21875,
  "time_ms": 866
}