{
  "sum_of_pairs": 0.6192748535204479,
  "column_score": 0.37340893058776475,
  "time_ms": 16
}