{
  "sum_of_pairs": 0.8448905109489051,
  "column_score": 0.7153284671532847,
  "time_ms": 7
}