{
  "sum_of_pairs": 0.686497928301207,
  "column_score": 0.5636822194199244,
  "time_ms": 36
}