{
  "sum_of_pairs": 0.7862205545132375,
  "column_score": 0.4959349593495935,
  "time_ms": 30
}