{
  "sum_of_pairs": 0.7619426224077387,
  "column_score": 0.1744186046511628,
  "time_ms": 48
}