{
  "sum_of_pairs": 0.5657110417258019,
  "column_score": 0.06273062730627306,
  "time_ms": 25
}