{
  "sum_of_pairs": 0.46164383561643835,
  "column_score": 0.1917808219178082,
  "time_ms": 7
}