{
  "sum_of_pairs": 0.540650406504065,
  "column_score": 0.4634146341463415,
  "time_ms": 4
}