{
  "sum_of_pairs": 0.8634944423629324,
  "column_score": 0.6050955414012739,
  "time_ms": 27
}