{
  "sum_of_pairs": 0.38248175182481753,
  "column_score": 0.23357664233576642,
  "time_ms": 4
}