{
  "sum_of_pairs": 0.6039445628997868,
  "column_score": 0.2462686567164179,
  "time_ms": 15
}