{
  "sum_of_pairs": 0.738562091503268,
  "column_score": 0.4369747899159664,
  "time_ms": 17
}