{
  "sum_of_pairs": 0.7024939662107804,
  "column_score": 0.47345132743362833,
  "time_ms": 31
}