{
  "sum_of_pairs": 0.7002366163856847,
  "column_score": 0.5196687370600414,
  "time_ms": 24
}