{
  "sum_of_pairs": 0.7310734463276836,
  "column_score": 0.423728813559322,
  "time_ms": 17
}