{
  "sum_of_pairs": 0.7191256830601093,
  "column_score": 0.39642324888226527,
  "time_ms": 46
}