{
  "sum_of_pairs": 0.38233766233766237,
  "column_score": 0.34285714285714286,
  "time_ms": 3
}