{
  "sum_of_pairs": 0.9578088578088578,
  "column_score": 0.8769230769230769,
  "time_ms": 26
}