{
  "sum_of_pairs": 0.7807172251616696,
  "column_score": 0.654320987654321,
  "time_ms": 5
}