{
  "sum_of_pairs": 0.5069800369573616,
  "column_score": 0.18751652177493397,
  "time_ms": 24
}