{
  "sum_of_pairs": 0.6340388007054674,
  "column_score": 0.2222222222222222,
  "time_ms": 5
}