{
  "sum_of_pairs": 0.6206519578612602,
  "column_score": 0.11627906976744186,
  "time_ms": 93
}