{
  "sum_of_pairs": 0.6889973380656611,
  "column_score": 0.3250517598343685,
  "time_ms": 33
}