{
  "sum_of_pairs": 0.5923076923076923,
  "column_score": 0.06666666666666667,
  "time_ms": 44
}