{
  "sum_of_pairs": 0.5293285042254694,
  "column_score": 0.08917197452229299,
  "time_ms": 41
}