{
  "sum_of_pairs": 0.27044930875576034,
  "column_score": 0.07258064516129033,
  "time_ms": 8
}