{
  "sum_of_pairs": 0.8487562189054726,
  "column_score": 0.7880597014925373,
  "time_ms": 13
}