{
  "sum_of_pairs": 0.712807881773399,
  "column_score": 0.5024630541871922,
  "time_ms": 15
}