{
  "sum_of_pairs": 0.5707236297400232,
  "column_score": 0.2637853949329359,
  "time_ms": 82
}