{
  "sum_of_pairs": 0.6531073446327683,
  "column_score": 0.3559322033898305,
  "time_ms": 21
}