{
  "sum_of_pairs": 0.5966183574879227,
  "column_score": 0.4492753623188406,
  "time_ms": 0
}