{
  "sum_of_pairs": 0.5980392156862745,
  "column_score": 0.5098039215686274,
  "time_ms": 2
}