{
  "sum_of_pairs": 0.6576305220883534,
  "column_score": 0.4457831325301205,
  "time_ms": 1
}