{
  "sum_of_pairs": 0.2344758064516129,
  "column_score": 0.14516129032258066,
  "time_ms": 14
}