{
  "sum_of_pairs": 0.47654584221748403,
  "column_score": 0.11567164179104478,
  "time_ms": 19
}