{
  "sum_of_pairs": 0.5815126050420169,
  "column_score": 0.29411764705882354,
  "time_ms": 31
}