{
  "sum_of_pairs": 0.5266618627274365,
  "column_score": 0.14627994955863807,
  "time_ms": 51
}