{
  "sum_of_pairs": 0.34903143143407617,
  "column_score": 0.07047982063620863,
  "time_ms": 206
}