{
  "sum_of_pairs": 0.359053651266766,
  "column_score": 0.16188524590163936,
  "time_ms": 60
}