{
  "sum_of_pairs": 0.7085217653232889,
  "column_score": 0.07029344295112144,
  "time_ms": 1422
}