{
  "sum_of_pairs": 0.7120599890924192,
  "column_score": 0.06264338279320311,
  "time_ms": 971
}