{
  "sum_of_pairs": 0.4798920152514542,
  "column_score": 0.047619047619047616,
  "time_ms": 399
}