{
  "sum_of_pairs": 0.7842615012106537,
  "column_score": 0.16271186440677965,
  "time_ms": 742
}