{
  "sum_of_pairs": 0.9080259504787807,
  "column_score": 0.12162162162162163,
  "time_ms": 1262
}