{
  "sum_of_pairs": 0.7147471391657438,
  "column_score": 0.046511627906976744,
  "time_ms": 178
}