{
  "sum_of_pairs": 0.776917663617171,
  "column_score": 0.20535714285714285,
  "time_ms": 384
}