{
  "sum_of_pairs": 0.9103879706152433,
  "column_score": 0.041666666666666664,
  "time_ms": 2046
}