{
  "sum_of_pairs": 0.8366184506589521,
  "column_score": 0.060109289617486336,
  "time_ms": 589
}