{
  "sum_of_pairs": 0.8419274714356682,
  "column_score": 0.06060606060606061,
  "time_ms": 138
}