{
  "sum_of_pairs": 0.5622182542005737,
  "column_score": 0.08870967741935484,
  "time_ms": 562
}