{
  "sum_of_pairs": 0.7771896134257327,
  "column_score": 0.13220338983050847,
  "time_ms": 1361
}