{
  "sum_of_pairs": 0.9501581573554309,
  "column_score": 0.27314814814814814,
  "time_ms": 3975
}