{
  "sum_of_pairs": 0.8842575794226738,
  "column_score": 0.1527777777777778,
  "time_ms": 1353
}