{
  "sum_of_pairs": 0.7679137773477396,
  "column_score": 0.2641509433962264,
  "time_ms": 237
}