{
  "sum_of_pairs": 0.5607694377185902,
  "column_score": 0.11428571428571428,
  "time_ms": 910
}