{
  "sum_of_pairs": 0.8638626834381551,
  "column_score": 0.19444444444444445,
  "time_ms": 436
}