{
  "sum_of_pairs": 0.9521716316690922,
  "column_score": 0.32407407407407407,
  "time_ms": 2457
}