{
  "sum_of_pairs": 0.6096494730118173,
  "column_score": 0.09900990099009901,
  "time_ms": 382
}