{
  "sum_of_pairs": 0.6737012987012987,
  "column_score": 0.3181818181818182,
  "time_ms": 14
}