{
  "sum_of_pairs": 0.9059814531512644,
  "column_score": 0.10135135135135136,
  "time_ms": 844
}