{
  "sum_of_pairs": 0.7563833790248885,
  "column_score": 0.20754716981132076,
  "time_ms": 283
}