{
  "sum_of_pairs": 0.47310122178620134,
  "column_score": 0.047619047619047616,
  "time_ms": 742
}