{
  "sum_of_pairs": 0.9105524946434037,
  "column_score": 0.041666666666666664,
  "time_ms": 945
}