{
  "sum_of_pairs": 0.9384176344213767,
  "column_score": 0.32407407407407407,
  "time_ms": 5004
}