{
  "sum_of_pairs": 0.5524022793357142,
  "column_score": 0.10483870967741936,
  "time_ms": 2181
}