{
  "sum_of_pairs": 0.7728054614847067,
  "column_score": 0.27358490566037735,
  "time_ms": 133
}