{
  "sum_of_pairs": 0.6385539763653785,
  "column_score": 0.1188118811881188,
  "time_ms": 772
}