{
  "sum_of_pairs": 0.7461514778325123,
  "column_score": 0.11607142857142858,
  "time_ms": 358
}