{
  "sum_of_pairs": 0.601165761737464,
  "column_score": 0.09900990099009901,
  "time_ms": 651
}