{
  "sum_of_pairs": 0.9097107438016528,
  "column_score": 0.041666666666666664,
  "time_ms": 1737
}