{
  "sum_of_pairs": 0.9082148185921771,
  "column_score": 0.12162162162162163,
  "time_ms": 422
}