{
  "sum_of_pairs": 0.557344417774135,
  "column_score": 0.08064516129032258,
  "time_ms": 1032
}