{
  "sum_of_pairs": 0.8077898550724638,
  "column_score": 0.3333333333333333,
  "time_ms": 45
}