{
  "sum_of_pairs": 0.8032004830917875,
  "column_score": 0.42028985507246375,
  "time_ms": 96
}