{
  "sum_of_pairs": 0.5899834235312468,
  "column_score": 0.190996038664446,
  "time_ms": 230
}