{
  "sum_of_pairs": 0.26224071786201963,
  "column_score": 0.07100591715976332,
  "time_ms": 48
}