{
  "sum_of_pairs": 0.8153669724770642,
  "column_score": 0.5321100917431193,
  "time_ms": 154
}