{
  "sum_of_pairs": 0.8568876212955678,
  "column_score": 0.5040650406504065,
  "time_ms": 189
}