{
  "sum_of_pairs": 0.5145207241981435,
  "column_score": 0.21774193548387097,
  "time_ms": 235
}