{
  "sum_of_pairs": 0.7864962121212121,
  "column_score": 0.4034090909090909,
  "time_ms": 145
}