{
  "sum_of_pairs": 0.7061728395061728,
  "column_score": 0.6790123456790124,
  "time_ms": 32
}