{
  "sum_of_pairs": 0.8338143338143338,
  "column_score": 0.045454545454545456,
  "time_ms": 146
}