{
  "sum_of_pairs": 0.8385899814471243,
  "column_score": 0.6571428571428571,
  "time_ms": 85
}