{
  "sum_of_pairs": 0.8284361249906779,
  "column_score": 0.6289308176100629,
  "time_ms": 251
}