{
  "sum_of_pairs": 0.7166057122953675,
  "column_score": 0.45689655172413796,
  "time_ms": 63
}