{
  "sum_of_pairs": 0.3399122807017544,
  "column_score": 0.11805555555555555,
  "time_ms": 85
}