{
  "sum_of_pairs": 0.6548676419366074,
  "column_score": 0.42528735632183906,
  "time_ms": 56
}