{
  "sum_of_pairs": 0.7201083230494996,
  "column_score": 0.3557692307692308,
  "time_ms": 496
}