{
  "sum_of_pairs": 0.5843010752688172,
  "column_score": 0.041935483870967745,
  "time_ms": 78
}