{
  "sum_of_pairs": 0.6481867550746451,
  "column_score": 0.019230769230769232,
  "time_ms": 1320
}