{
  "sum_of_pairs": 0.5314814814814814,
  "column_score": 0.23333333333333334,
  "time_ms": 39
}