{
  "sum_of_pairs": 0.927960927960928,
  "column_score": 0.8518518518518519,
  "time_ms": 63
}