{
  "sum_of_pairs": 0.7398459702816715,
  "column_score": 0.5454579207232912,
  "time_ms": 36
}