{
  "sum_of_pairs": 0.7392059677726072,
  "column_score": 0.5452190542503895,
  "time_ms": 17
}