{
  "sum_of_pairs": 0.6999968334187027,
  "column_score": 0.4864930753036443,
  "time_ms": 32
}