{
  "sum_of_pairs": 0.8766149870801033,
  "column_score": 0.627906976744186,
  "time_ms": 3
}