{
  "sum_of_pairs": 0.9744366744366745,
  "column_score": 0.9435897435897436,
  "time_ms": 26
}