{
  "sum_of_pairs": 0.8507704785077048,
  "column_score": 0.6496350364963503,
  "time_ms": 9
}