{
  "sum_of_pairs": 0.9394473838918284,
  "column_score": 0.845679012345679,
  "time_ms": 9
}