{
  "sum_of_pairs": 0.8982972238786192,
  "column_score": 0.6395348837209303,
  "time_ms": 54
}