{
  "sum_of_pairs": 0.7128205128205128,
  "column_score": 0.5384615384615384,
  "time_ms": 1
}