{
  "sum_of_pairs": 0.8610559182514902,
  "column_score": 0.5350553505535055,
  "time_ms": 46
}