{
  "sum_of_pairs": 0.8649807749186631,
  "column_score": 0.7308488612836439,
  "time_ms": 22
}