{
  "sum_of_pairs": 0.7660642570281124,
  "column_score": 0.6385542168674698,
  "time_ms": 2
}