{
  "sum_of_pairs": 0.6465542738834664,
  "column_score": 0.4968944099378882,
  "time_ms": 16
}