{
  "sum_of_pairs": 0.8390547263681593,
  "column_score": 0.7820895522388059,
  "time_ms": 21
}