{
  "sum_of_pairs": 0.47052845528455284,
  "column_score": 0.4024390243902439,
  "time_ms": 4
}