{
  "sum_of_pairs": 0.8891604010025063,
  "column_score": 0.5723684210526315,
  "time_ms": 17
}