{
  "sum_of_pairs": 0.894244970715559,
  "column_score": 0.7142857142857143,
  "time_ms": 223
}