{
  "sum_of_pairs": 0.8838584539691551,
  "column_score": 0.5904059040590406,
  "time_ms": 28
}