{
  "sum_of_pairs": 0.8083333333333333,
  "column_score": 0.6666666666666666,
  "time_ms": 2
}