{
  "sum_of_pairs": 0.8230832919357509,
  "column_score": 0.7123695976154992,
  "time_ms": 55
}