{
  "sum_of_pairs": 0.746031746031746,
  "column_score": 0.5119047619047619,
  "time_ms": 3
}