{
  "sum_of_pairs": 0.8653508771929824,
  "column_score": 0.5328947368421053,
  "time_ms": 30
}