{
  "sum_of_pairs": 0.6437956204379562,
  "column_score": 0.291970802919708,
  "time_ms": 6
}