{
  "sum_of_pairs": 0.4786290322580645,
  "column_score": 0.2540322580645161,
  "time_ms": 11
}