{
  "sum_of_pairs": 0.8310344827586207,
  "column_score": 0.7093596059113301,
  "time_ms": 40
}