{
  "sum_of_pairs": 0.86790724782482,
  "column_score": 0.6305732484076433,
  "time_ms": 56
}