{
  "sum_of_pairs": 0.8090395480225989,
  "column_score": 0.6610169491525424,
  "time_ms": 54
}