{
  "sum_of_pairs": 0.2574712643678161,
  "column_score": 0.1103448275862069,
  "time_ms": 8
}