{
  "sum_of_pairs": 0.5684931506849316,
  "column_score": 0.2465753424657534,
  "time_ms": 28
}