{
  "sum_of_pairs": 0.7235023041474654,
  "column_score": 0.4596774193548387,
  "time_ms": 12
}