{
  "sum_of_pairs": 0.9049405878674172,
  "column_score": 0.7154471544715447,
  "time_ms": 64
}