{
  "sum_of_pairs": 0.6978686635944701,
  "column_score": 0.3951612903225806,
  "time_ms": 24
}