{
  "sum_of_pairs": 0.7800186741363212,
  "column_score": 0.5630252100840336,
  "time_ms": 33
}