{
  "sum_of_pairs": 0.9728826728826728,
  "column_score": 0.9384615384615385,
  "time_ms": 48
}