{
  "sum_of_pairs": 0.6767820247933884,
  "column_score": 0.48011363636363635,
  "time_ms": 67
}