{
  "sum_of_pairs": 0.805131761442441,
  "column_score": 0.5436893203883495,
  "time_ms": 13
}