{
  "sum_of_pairs": 0.8743968208912858,
  "column_score": 0.5793357933579336,
  "time_ms": 54
}