{
  "sum_of_pairs": 0.8784813288372674,
  "column_score": 0.643312101910828,
  "time_ms": 27
}