{
  "sum_of_pairs": 0.8286252354048964,
  "column_score": 0.7175141242937854,
  "time_ms": 23
}