{
  "sum_of_pairs": 0.8977009209567349,
  "column_score": 0.6395348837209303,
  "time_ms": 122
}