{
  "sum_of_pairs": 0.8289412852519649,
  "column_score": 0.587378640776699,
  "time_ms": 21
}