{
  "sum_of_pairs": 0.7247863247863248,
  "column_score": 0.5641025641025641,
  "time_ms": 0
}