{
  "sum_of_pairs": 0.7510737628384687,
  "column_score": 0.5042016806722689,
  "time_ms": 24
}