{
  "sum_of_pairs": 0.7195230998509687,
  "column_score": 0.5081967213114754,
  "time_ms": 35
}