{
  "sum_of_pairs": 0.6787190082644629,
  "column_score": 0.48011363636363635,
  "time_ms": 162
}