{
  "sum_of_pairs": 0.6204379562043796,
  "column_score": 0.23357664233576642,
  "time_ms": 6
}