{
  "sum_of_pairs": 0.7834174022698613,
  "column_score": 0.6292559899117276,
  "time_ms": 41
}