{
  "sum_of_pairs": 0.7828185328185329,
  "column_score": 0.6486486486486487,
  "time_ms": 2
}