{
  "sum_of_pairs": 0.5020325203252033,
  "column_score": 0.4146341463414634,
  "time_ms": 3
}