{
  "sum_of_pairs": 0.9165103189493433,
  "column_score": 0.7317073170731707,
  "time_ms": 42
}