{
  "sum_of_pairs": 0.8921875,
  "column_score": 0.765625,
  "time_ms": 10
}