{
  "sum_of_pairs": 0.896875,
  "column_score": 0.7916666666666666,
  "time_ms": 2
}