{
  "sum_of_pairs": 0.6290322580645161,
  "column_score": 0.423963133640553,
  "time_ms": 4
}