{
  "sum_of_pairs": 0.8893526800503545,
  "column_score": 0.6046511627906976,
  "time_ms": 102
}