{
  "sum_of_pairs": 0.6958904109589041,
  "column_score": 0.4657534246575342,
  "time_ms": 6
}