{
  "sum_of_pairs": 0.6643005028098196,
  "column_score": 0.5403726708074534,
  "time_ms": 19
}