{
  "sum_of_pairs": 0.8608585858585859,
  "column_score": 0.7833333333333333,
  "time_ms": 14
}