{
  "sum_of_pairs": 0.8320023661638568,
  "column_score": 0.6563146997929606,
  "time_ms": 72
}