{
  "sum_of_pairs": 0.8253684384831926,
  "column_score": 0.7049180327868853,
  "time_ms": 113
}