{
  "sum_of_pairs": 0.6537698412698413,
  "column_score": 0.40476190476190477,
  "time_ms": 4
}