{
  "sum_of_pairs": 0.6581869834710744,
  "column_score": 0.4034090909090909,
  "time_ms": 114
}