{
  "sum_of_pairs": 0.7902654867256638,
  "column_score": 0.5553097345132744,
  "time_ms": 43
}