{
  "sum_of_pairs": 0.7235023041474654,
  "column_score": 0.5944700460829493,
  "time_ms": 5
}