{
  "sum_of_pairs": 0.7663468372423596,
  "column_score": 0.5074626865671642,
  "time_ms": 16
}