{
  "sum_of_pairs": 0.4594758064516129,
  "column_score": 0.23790322580645162,
  "time_ms": 19
}