{
  "sum_of_pairs": 0.7822464420825077,
  "column_score": 0.6292559899117276,
  "time_ms": 77
}