{
  "sum_of_pairs": 0.7655827778778599,
  "column_score": 0.6027742749054225,
  "time_ms": 64
}