{
  "sum_of_pairs": 0.7312837975562991,
  "column_score": 0.3048046242186144,
  "time_ms": 814
}