{
  "sum_of_pairs": 0.7364628173407419,
  "column_score": 0.3247457562989028,
  "time_ms": 359
}