{
  "sum_of_pairs": 0.9195563012677107,
  "column_score": 0.8389261744966443,
  "time_ms": 17
}