{
  "sum_of_pairs": 0.8705660835762876,
  "column_score": 0.3979591836734694,
  "time_ms": 2538
}