{
  "sum_of_pairs": 0.9028709917971663,
  "column_score": 0.7885906040268457,
  "time_ms": 36
}