{
  "sum_of_pairs": 0.8729724596391263,
  "column_score": 0.7654320987654321,
  "time_ms": 76
}