{
  "sum_of_pairs": 0.8457524726009088,
  "column_score": 0.4744186046511628,
  "time_ms": 731
}