{
  "sum_of_pairs": 0.7593171277260616,
  "column_score": 0.49504950495049505,
  "time_ms": 2108
}