{
  "sum_of_pairs": 0.5095068330362448,
  "column_score": 0.15151515151515152,
  "time_ms": 70
}