{
  "sum_of_pairs": 0.7370838600927097,
  "column_score": 0.35398230088495575,
  "time_ms": 273
}