{
  "sum_of_pairs": 0.855978835978836,
  "column_score": 0.17333333333333334,
  "time_ms": 173
}