{
  "sum_of_pairs": 0.7622008047980878,
  "column_score": 0.504950495049505,
  "time_ms": 737
}