{
  "sum_of_pairs": 0.8670465337132004,
  "column_score": 0.7160493827160493,
  "time_ms": 170
}