{
  "sum_of_pairs": 0.8521037155840684,
  "column_score": 0.5023255813953489,
  "time_ms": 346
}