{
  "sum_of_pairs": 0.7350334816953367,
  "column_score": 0.25766871165644173,
  "time_ms": 298
}