{
  "sum_of_pairs": 0.8738459669582118,
  "column_score": 0.41836734693877553,
  "time_ms": 1344
}