{
  "sum_of_pairs": 0.6646050670640835,
  "column_score": 0.10450819672131148,
  "time_ms": 88
}