{
  "sum_of_pairs": 0.7986398828206738,
  "column_score": 0.38271604938271603,
  "time_ms": 1867
}