{
  "sum_of_pairs": 0.9010344295198395,
  "column_score": 0.7401574803149606,
  "time_ms": 33
}