{
  "sum_of_pairs": 0.6682563338301043,
  "column_score": 0.10655737704918032,
  "time_ms": 53
}