{
  "sum_of_pairs": 0.7980260863500035,
  "column_score": 0.38271604938271603,
  "time_ms": 3866
}