{
  "sum_of_pairs": 0.5046048722519311,
  "column_score": 0.1111111111111111,
  "time_ms": 143
}