{
  "sum_of_pairs": 0.7406872769557721,
  "column_score": 0.25766871165644173,
  "time_ms": 103
}