{
  "sum_of_pairs": 0.4389495220234036,
  "column_score": 0.08082059985950453,
  "time_ms": 115
}