{
  "sum_of_pairs": 0.5847673314339981,
  "column_score": 0.2839506172839506,
  "time_ms": 44
}