{
  "sum_of_pairs": 0.7284277198211624,
  "column_score": 0.19467213114754098,
  "time_ms": 29
}