{
  "sum_of_pairs": 0.4013063632532659,
  "column_score": 0.09734513274336283,
  "time_ms": 99
}