{
  "sum_of_pairs": 0.5333974873028602,
  "column_score": 0.2837209302325581,
  "time_ms": 150
}