{
  "sum_of_pairs": 0.28856799037304454,
  "column_score": 0.11913357400722022,
  "time_ms": 24
}