{
  "sum_of_pairs": 0.35978835978835977,
  "column_score": 0.14074074074074075,
  "time_ms": 27
}