{
  "sum_of_pairs": 0.3465783664459161,
  "column_score": 0.19205298013245034,
  "time_ms": 12
}