{
  "sum_of_pairs": 0.16733067729083664,
  "column_score": 0.03187250996015936,
  "time_ms": 8
}