{
  "sum_of_pairs": 0.23197278911564626,
  "column_score": 0.05714285714285714,
  "time_ms": 10
}