{
  "sum_of_pairs": 0.1438423645320197,
  "column_score": 0.07881773399014778,
  "time_ms": 16
}