{
  "sum_of_pairs": 0.37429710823520423,
  "column_score": 0.057700290310799825,
  "time_ms": 201
}