{
  "sum_of_pairs": 0.3742971082352042,
  "column_score": 0.057700290310799825,
  "time_ms": 185
}