{
  "sum_of_pairs": 0.5355745489078823,
  "column_score": 0.2839506172839506,
  "time_ms": 100
}