{
  "sum_of_pairs": 0.3368852459016393,
  "column_score": 0.10245901639344263,
  "time_ms": 57
}