{
  "sum_of_pairs": 0.4006875731931771,
  "column_score": 0.03100393121768801,
  "time_ms": 280
}