{
  "sum_of_pairs": 0.7089348354020507,
  "column_score": 0.36926605504587157,
  "time_ms": 144
}