{
  "sum_of_pairs": 0.4628787878787879,
  "column_score": 0.23295454545454544,
  "time_ms": 106
}