{
  "sum_of_pairs": 0.6835109480549733,
  "column_score": 0.15625,
  "time_ms": 1029
}