{
  "sum_of_pairs": 0.9185052673424766,
  "column_score": 0.4883720930232558,
  "time_ms": 153
}