{
  "sum_of_pairs": 0.45014803204458376,
  "column_score": 0.031609195402298854,
  "time_ms": 46
}