{
  "sum_of_pairs": 0.5892457538689085,
  "column_score": 0.17568080669810937,
  "time_ms": 306
}