{
  "sum_of_pairs": 0.5892457538689087,
  "column_score": 0.17568080669810932,
  "time_ms": 249
}