{
  "sum_of_pairs": 0.6128962034134448,
  "column_score": 0.46551724137931033,
  "time_ms": 74
}