{
  "sum_of_pairs": 0.8346774193548387,
  "column_score": 0.4796747967479675,
  "time_ms": 188
}