{
  "sum_of_pairs": 0.8542903399892067,
  "column_score": 0.6674311926605505,
  "time_ms": 218
}