{
  "sum_of_pairs": 0.6016394952565165,
  "column_score": 0.09219858156028368,
  "time_ms": 221
}