{
  "sum_of_pairs": 0.8134738240615106,
  "column_score": 0.271875,
  "time_ms": 2192
}