{
  "sum_of_pairs": 0.8121410992616899,
  "column_score": 0.6823899371069182,
  "time_ms": 297
}