{
  "sum_of_pairs": 0.6095717305394724,
  "column_score": 0.14516129032258066,
  "time_ms": 222
}