{
  "sum_of_pairs": 0.8198886827458256,
  "column_score": 0.5657142857142857,
  "time_ms": 86
}