{
  "sum_of_pairs": 0.6617032392894462,
  "column_score": 0.3132183908045977,
  "time_ms": 103
}