{
  "sum_of_pairs": 0.7086502867835496,
  "column_score": 0.11538461538461539,
  "time_ms": 1880
}