{
  "sum_of_pairs": 0.7003030303030303,
  "column_score": 0.20454545454545456,
  "time_ms": 119
}