{
  "sum_of_pairs": 0.33999350227420405,
  "column_score": 0.14583333333333334,
  "time_ms": 79
}