{
  "sum_of_pairs": 0.48050179211469535,
  "column_score": 0.08064516129032258,
  "time_ms": 56
}