{
  "sum_of_pairs": 0.5596913406510929,
  "column_score": 0.23684210526315788,
  "time_ms": 309
}