{
  "sum_of_pairs": 0.8491086089608257,
  "column_score": 0.17261904761904762,
  "time_ms": 207
}