{
  "sum_of_pairs": 0.6441631504922645,
  "column_score": 0.4050632911392405,
  "time_ms": 28
}