{
  "sum_of_pairs": 0.5270985186218956,
  "column_score": 0.06553663582408316,
  "time_ms": 1481
}