{
  "sum_of_pairs": 0.4518344128683764,
  "column_score": 0.13953488372093023,
  "time_ms": 3234
}