{
  "sum_of_pairs": 0.5712823686214775,
  "column_score": 0.0594059405940594,
  "time_ms": 1008
}