{
  "sum_of_pairs": 0.6266339769003229,
  "column_score": 0.10679611650485436,
  "time_ms": 4385
}