{
  "sum_of_pairs": 0.710939608636977,
  "column_score": 0.19883040935672514,
  "time_ms": 892
}