{
  "sum_of_pairs": 0.5548525050008047,
  "column_score": 0.10434782608695652,
  "time_ms": 819
}