{
  "sum_of_pairs": 0.6394028430381252,
  "column_score": 0.2608695652173913,
  "time_ms": 3789
}