{
  "sum_of_pairs": 0.3373376623376623,
  "column_score": 0.13636363636363635,
  "time_ms": 66
}