{
  "sum_of_pairs": 0.5836972789115646,
  "column_score": 0.07083333333333333,
  "time_ms": 802
}