{
  "sum_of_pairs": 0.5825468648998061,
  "column_score": 0.24434389140271492,
  "time_ms": 431
}