{
  "sum_of_pairs": 0.8047164864964149,
  "column_score": 0.47619047619047616,
  "time_ms": 4250
}