{
  "sum_of_pairs": 0.7836437246963562,
  "column_score": 0.048582995951417005,
  "time_ms": 1284
}