{
  "sum_of_pairs": 0.5849324549824908,
  "column_score": 0.18201033296989838,
  "time_ms": 101
}