{
  "sum_of_pairs": 0.46901669758812614,
  "column_score": 0.024489795918367346,
  "time_ms": 22
}