{
  "sum_of_pairs": 0.6654456654456654,
  "column_score": 0.48148148148148145,
  "time_ms": 17
}