{
  "sum_of_pairs": 0.6500568181818182,
  "column_score": 0.17613636363636365,
  "time_ms": 50
}