{
  "sum_of_pairs": 0.8308450170519136,
  "column_score": 0.27472527472527475,
  "time_ms": 97
}