{
  "sum_of_pairs": 0.7097198576391086,
  "column_score": 0.3271075491719256,
  "time_ms": 1334
}