{
  "sum_of_pairs": 0.7078149660961777,
  "column_score": 0.32046121805951194,
  "time_ms": 2832
}