{
  "sum_of_pairs": 0.8223643023643024,
  "column_score": 0.11428571428571428,
  "time_ms": 155
}