{
  "sum_of_pairs": 0.4659410430839002,
  "column_score": 0.26666666666666666,
  "time_ms": 45
}