{
  "sum_of_pairs": 0.9184514116020965,
  "column_score": 0.6027397260273972,
  "time_ms": 3361
}