{
  "sum_of_pairs": 0.580419029615627,
  "column_score": 0.2608695652173913,
  "time_ms": 44
}