{
  "sum_of_pairs": 0.7661284742244262,
  "column_score": 0.45054945054945056,
  "time_ms": 4957
}