{
  "sum_of_pairs": 0.7724536749160552,
  "column_score": 0.38823529411764707,
  "time_ms": 360
}