{
  "sum_of_pairs": 0.8878757332892672,
  "column_score": 0.3157894736842105,
  "time_ms": 1278
}