{
  "sum_of_pairs": 0.7200890612655318,
  "column_score": 0.3665158371040724,
  "time_ms": 852
}