{
  "sum_of_pairs": 0.6789958407605466,
  "column_score": 0.36363636363636365,
  "time_ms": 31
}