{
  "sum_of_pairs": 0.8924173414304993,
  "column_score": 0.6549707602339181,
  "time_ms": 1458
}