{
  "sum_of_pairs": 0.7594508877931337,
  "column_score": 0.4805194805194805,
  "time_ms": 176
}