{
  "sum_of_pairs": 0.7444073038720038,
  "column_score": 0.45217391304347826,
  "time_ms": 6895
}