{
  "sum_of_pairs": 0.9167254796067409,
  "column_score": 0.5825242718446602,
  "time_ms": 4697
}