{
  "sum_of_pairs": 0.8789318354912414,
  "column_score": 0.6039603960396039,
  "time_ms": 1088
}