{
  "sum_of_pairs": 0.9191539054552753,
  "column_score": 0.6232876712328768,
  "time_ms": 1830
}