{
  "sum_of_pairs": 0.7657182397812083,
  "column_score": 0.43956043956043955,
  "time_ms": 10409
}