{
  "sum_of_pairs": 0.7342105263157894,
  "column_score": 0.2727272727272727,
  "time_ms": 9
}