{
  "sum_of_pairs": 0.8784082254379284,
  "column_score": 0.6039603960396039,
  "time_ms": 1972
}