{
  "sum_of_pairs": 0.6197049262315579,
  "column_score": 0.22868217054263565,
  "time_ms": 290
}