{
  "sum_of_pairs": 0.8171153978801187,
  "column_score": 0.4434782608695652,
  "time_ms": 2290
}