{
  "sum_of_pairs": 0.892914979757085,
  "column_score": 0.6666666666666666,
  "time_ms": 795
}