{
  "sum_of_pairs": 0.7213387919270272,
  "column_score": 0.3665158371040724,
  "time_ms": 495
}