{
  "sum_of_pairs": 0.4367965367965368,
  "column_score": 0.13636363636363635,
  "time_ms": 37
}