{
  "sum_of_pairs": 0.7569738639257356,
  "column_score": 0.4805194805194805,
  "time_ms": 289
}