{
  "sum_of_pairs": 0.7446142865639683,
  "column_score": 0.45217391304347826,
  "time_ms": 3436
}