{
  "sum_of_pairs": 0.4278138528138528,
  "column_score": 0.13636363636363635,
  "time_ms": 97
}