{
  "sum_of_pairs": 0.8186834663049226,
  "column_score": 0.4608695652173913,
  "time_ms": 1095
}