{
  "sum_of_pairs": 0.47619047619047616,
  "column_score": 0.2857142857142857,
  "time_ms": 26
}