{
  "sum_of_pairs": 0.6162623989330666,
  "column_score": 0.22868217054263565,
  "time_ms": 648
}