{
  "sum_of_pairs": 0.8854664132859622,
  "column_score": 0.2874493927125506,
  "time_ms": 2297
}