{
  "sum_of_pairs": 0.33273274414558485,
  "column_score": 0.0027777777777777775,
  "time_ms": 2568
}