{
  "sum_of_pairs": 0.11727336079408247,
  "column_score": 0.01797251322515919,
  "time_ms": 15
}