{
  "sum_of_pairs": 0.21845949535192563,
  "column_score": 0.1394422310756972,
  "time_ms": 24
}