{
  "sum_of_pairs": 0.2807120500782473,
  "column_score": 0.14084507042253522,
  "time_ms": 9
}