{
  "sum_of_pairs": 0.29217809867629363,
  "column_score": 0.1444043321299639,
  "time_ms": 56
}