{
  "sum_of_pairs": 0.2656494522691706,
  "column_score": 0.13380281690140844,
  "time_ms": 28
}