{
  "sum_of_pairs": 0.35034013605442177,
  "column_score": 0.2653061224489796,
  "time_ms": 5
}