{
  "sum_of_pairs": 0.4081829121540313,
  "column_score": 0.23104693140794225,
  "time_ms": 7
}