{
  "sum_of_pairs": 0.48278867154758226,
  "column_score": 0.07179104377738392,
  "time_ms": 2750
}