{
  "sum_of_pairs": 0.48361586032992937,
  "column_score": 0.07190900826305363,
  "time_ms": 2173
}