{
  "sum_of_pairs": 0.48797697943064955,
  "column_score": 0.0773714084018662,
  "time_ms": 1148
}