{
  "sum_of_pairs": 0.505119722747322,
  "column_score": 0.1956521739130435,
  "time_ms": 41
}