{
  "sum_of_pairs": 0.736903843520717,
  "column_score": 0.34523809523809523,
  "time_ms": 3257
}