{
  "sum_of_pairs": 0.5303966957153232,
  "column_score": 0.10294117647058823,
  "time_ms": 3180
}