{
  "sum_of_pairs": 0.7348374794198484,
  "column_score": 0.3412698412698413,
  "time_ms": 7591
}