{
  "sum_of_pairs": 0.3455697257647745,
  "column_score": 0.003875968992248062,
  "time_ms": 754
}