{
  "sum_of_pairs": 0.42234414426927797,
  "column_score": 0.07792207792207792,
  "time_ms": 323
}