{
  "sum_of_pairs": 0.5893629246570423,
  "column_score": 0.26244343891402716,
  "time_ms": 599
}