{
  "sum_of_pairs": 0.42433776893421216,
  "column_score": 0.03529411764705882,
  "time_ms": 132
}