{
  "sum_of_pairs": 0.43343287728314467,
  "column_score": 0.07792207792207792,
  "time_ms": 500
}