{
  "sum_of_pairs": 0.5323593073593074,
  "column_score": 0.3181818181818182,
  "time_ms": 85
}