{
  "sum_of_pairs": 0.5669407054714402,
  "column_score": 0.17582417582417584,
  "time_ms": 4426
}