{
  "sum_of_pairs": 0.5727805010893247,
  "column_score": 0.23529411764705882,
  "time_ms": 1495
}