{
  "sum_of_pairs": 0.6827751196172249,
  "column_score": 0.22727272727272727,
  "time_ms": 23
}