{
  "sum_of_pairs": 0.49322621298046626,
  "column_score": 0.13043478260869565,
  "time_ms": 26
}