{
  "sum_of_pairs": 0.536463000012274,
  "column_score": 0.08737864077669903,
  "time_ms": 3799
}