{
  "sum_of_pairs": 0.3613291426659337,
  "column_score": 0.11627906976744186,
  "time_ms": 3661
}