{
  "sum_of_pairs": 0.3623772078682569,
  "column_score": 0.11627906976744186,
  "time_ms": 1882
}