{
  "sum_of_pairs": 0.5337397051784026,
  "column_score": 0.06796116504854369,
  "time_ms": 5156
}