{
  "sum_of_pairs": 0.5912877971701501,
  "column_score": 0.26244343891402716,
  "time_ms": 358
}