{
  "sum_of_pairs": 0.5228354978354979,
  "column_score": 0.29545454545454547,
  "time_ms": 60
}