{
  "sum_of_pairs": 0.35414687005084605,
  "column_score": 0.003875968992248062,
  "time_ms": 236
}