{
  "sum_of_pairs": 0.3498041176960907,
  "column_score": 0.003875968992248062,
  "time_ms": 481
}