{
  "sum_of_pairs": 0.4409333981526495,
  "column_score": 0.07792207792207792,
  "time_ms": 141
}