{
  "sum_of_pairs": 0.7661274064281584,
  "column_score": 0.04048582995951417,
  "time_ms": 1084
}