{
  "sum_of_pairs": 0.35601950333420973,
  "column_score": 0.11627906976744186,
  "time_ms": 5861
}