{
  "sum_of_pairs": 0.5333333333333333,
  "column_score": 0.3181818181818182,
  "time_ms": 37
}