{
  "sum_of_pairs": 0.5059861373660995,
  "column_score": 0.1956521739130435,
  "time_ms": 15
}