{
  "sum_of_pairs": 0.7358376831341275,
  "column_score": 0.3253968253968254,
  "time_ms": 6460
}