{
  "sum_of_pairs": 0.5693809005083514,
  "column_score": 0.23529411764705882,
  "time_ms": 2822
}