{
  "sum_of_pairs": 0.4416987936823778,
  "column_score": 0.03529411764705882,
  "time_ms": 298
}