{
  "sum_of_pairs": 0.5284455782312926,
  "column_score": 0.04583333333333333,
  "time_ms": 1475
}