{
  "sum_of_pairs": 0.5137975157414113,
  "column_score": 0.08737864077669903,
  "time_ms": 5914
}