{
  "sum_of_pairs": 0.574394886159592,
  "column_score": 0.26244343891402716,
  "time_ms": 918
}