{
  "sum_of_pairs": 0.7636652069734776,
  "column_score": 0.04048582995951417,
  "time_ms": 2419
}