{
  "sum_of_pairs": 0.804995004995005,
  "column_score": 0.17142857142857143,
  "time_ms": 320
}