{
  "sum_of_pairs": 0.46323284784518265,
  "column_score": 0.09316072522861416,
  "time_ms": 140
}