{
  "sum_of_pairs": 0.3733108785436465,
  "column_score": 0.024539877300613498,
  "time_ms": 52
}