{
  "sum_of_pairs": 0.6492381716118685,
  "column_score": 0.33488372093023255,
  "time_ms": 167
}