{
  "sum_of_pairs": 0.46509341199606685,
  "column_score": 0.18584070796460178,
  "time_ms": 139
}