{
  "sum_of_pairs": 0.3999627421758569,
  "column_score": 0.06557377049180328,
  "time_ms": 42
}