{
  "sum_of_pairs": 0.6689825536513818,
  "column_score": 0.12598425196850394,
  "time_ms": 37
}