{
  "sum_of_pairs": 0.12266950782289197,
  "column_score": 0.02663651002046309,
  "time_ms": 15
}