{
  "sum_of_pairs": 0.2660497355679609,
  "column_score": 0.07738275646068231,
  "time_ms": 6
}