{
  "sum_of_pairs": 0.3398230088495575,
  "column_score": 0.13053097345132744,
  "time_ms": 43
}