{
  "sum_of_pairs": 0.3122983870967742,
  "column_score": 0.1814516129032258,
  "time_ms": 22
}