{
  "sum_of_pairs": 0.26946386946386947,
  "column_score": 0.05641025641025641,
  "time_ms": 18
}