{
  "sum_of_pairs": 0.5402772573997752,
  "column_score": 0.07643312101910828,
  "time_ms": 38
}