{
  "sum_of_pairs": 0.31965174129353235,
  "column_score": 0.23283582089552238,
  "time_ms": 10
}