{
  "sum_of_pairs": 0.24272230501738698,
  "column_score": 0.07153502235469449,
  "time_ms": 37
}