{
  "sum_of_pairs": 0.15443510737628385,
  "column_score": 0.07563025210084033,
  "time_ms": 20
}