{
  "sum_of_pairs": 0.20762024860385517,
  "column_score": 0.07061790668348046,
  "time_ms": 49
}