{
  "sum_of_pairs": 0.20334220644779652,
  "column_score": 0.08281573498964803,
  "time_ms": 53
}