{
  "sum_of_pairs": 0.2923645320197044,
  "column_score": 0.1206896551724138,
  "time_ms": 11
}