{
  "sum_of_pairs": 0.6438423645320197,
  "column_score": 0.49507389162561577,
  "time_ms": 7
}