{
  "sum_of_pairs": 0.10913930789707187,
  "column_score": 0.055900621118012424,
  "time_ms": 9
}