{
  "sum_of_pairs": 0.5087266103659547,
  "column_score": 0.28614008941877794,
  "time_ms": 71
}