{
  "sum_of_pairs": 0.34547152194211017,
  "column_score": 0.2689075630252101,
  "time_ms": 9
}