{
  "sum_of_pairs": 0.23740685543964232,
  "column_score": 0.10655737704918032,
  "time_ms": 19
}