{
  "sum_of_pairs": 0.15463709677419354,
  "column_score": 0.10080645161290322,
  "time_ms": 14
}