{
  "sum_of_pairs": 0.4923867461943891,
  "column_score": 0.24919232553369497,
  "time_ms": 22
}