{
  "sum_of_pairs": 0.4922211435800812,
  "column_score": 0.250085713413516,
  "time_ms": 10
}