{
  "sum_of_pairs": 0.4923867461943891,
  "column_score": 0.2491923255336949,
  "time_ms": 22
}