{
  "sum_of_pairs": 0.3710876472298287,
  "column_score": 0.1557951903590634,
  "time_ms": 19
}