{
  "sum_of_pairs": 0.42988929889298894,
  "column_score": 0.03690036900369004,
  "time_ms": 29
}