{
  "sum_of_pairs": 0.48495766528553413,
  "column_score": 0.33039092055485497,
  "time_ms": 60
}