{
  "sum_of_pairs": 0.4824016563146998,
  "column_score": 0.2587991718426501,
  "time_ms": 23
}