{
  "sum_of_pairs": 0.6213942705745984,
  "column_score": 0.36363636363636365,
  "time_ms": 64
}