{
  "sum_of_pairs": 0.6779661016949152,
  "column_score": 0.3559322033898305,
  "time_ms": 41
}