{
  "sum_of_pairs": 0.2400793650793651,
  "column_score": 0.13690476190476192,
  "time_ms": 2
}