{
  "sum_of_pairs": 0.5653483992467043,
  "column_score": 0.2033898305084746,
  "time_ms": 16
}