{
  "sum_of_pairs": 0.7111111111111111,
  "column_score": 0.4358974358974359,
  "time_ms": 27
}