{
  "sum_of_pairs": 0.6083743842364532,
  "column_score": 0.4236453201970443,
  "time_ms": 13
}