{
  "sum_of_pairs": 0.5664315108759553,
  "column_score": 0.3333333333333333,
  "time_ms": 6
}