{
  "sum_of_pairs": 0.34575569358178054,
  "column_score": 0.16149068322981366,
  "time_ms": 9
}