{
  "sum_of_pairs": 0.5905068382944489,
  "column_score": 0.27654867256637167,
  "time_ms": 71
}