{
  "sum_of_pairs": 0.5297157622739018,
  "column_score": 0.23255813953488372,
  "time_ms": 2
}