{
  "sum_of_pairs": 0.48753016894609813,
  "column_score": 0.19911504424778761,
  "time_ms": 27
}