{
  "sum_of_pairs": 0.5505135387488329,
  "column_score": 0.2689075630252101,
  "time_ms": 17
}