{
  "sum_of_pairs": 0.28409616273693944,
  "column_score": 0.08737864077669903,
  "time_ms": 7
}