{
  "sum_of_pairs": 0.05517241379310345,
  "column_score": 0.034482758620689655,
  "time_ms": 5
}