{
  "sum_of_pairs": 0.3392857142857143,
  "column_score": 0.12096774193548387,
  "time_ms": 7
}