{
  "sum_of_pairs": 0.6873385012919897,
  "column_score": 0.4186046511627907,
  "time_ms": 1
}