{
  "sum_of_pairs": 0.4637078132223763,
  "column_score": 0.21844660194174756,
  "time_ms": 9
}