{
  "sum_of_pairs": 0.10752688172043011,
  "column_score": 0.027649769585253458,
  "time_ms": 3
}