{
  "sum_of_pairs": 0.33634538152610444,
  "column_score": 0.2469879518072289,
  "time_ms": 6
}