{
  "sum_of_pairs": 0.37392389807162535,
  "column_score": 0.19602272727272727,
  "time_ms": 62
}