{
  "sum_of_pairs": 0.6243954150930895,
  "column_score": 0.3023255813953488,
  "time_ms": 59
}