{
  "sum_of_pairs": 0.42841769972451793,
  "column_score": 0.22443181818181818,
  "time_ms": 197
}