{
  "sum_of_pairs": 0.4470504619758351,
  "column_score": 0.1455223880597015,
  "time_ms": 7
}