{
  "sum_of_pairs": 0.8611499611499611,
  "column_score": 0.6512820512820513,
  "time_ms": 30
}