{
  "sum_of_pairs": 0.5979323308270676,
  "column_score": 0.26973684210526316,
  "time_ms": 39
}