{
  "sum_of_pairs": 0.4880373073803731,
  "column_score": 0.17518248175182483,
  "time_ms": 12
}