{
  "sum_of_pairs": 0.5425373134328358,
  "column_score": 0.41940298507462687,
  "time_ms": 11
}