{
  "sum_of_pairs": 0.5408345752608048,
  "column_score": 0.3237704918032787,
  "time_ms": 42
}