{
  "sum_of_pairs": 0.7753632238458016,
  "column_score": 0.33121019108280253,
  "time_ms": 27
}