{
  "sum_of_pairs": 0.31290322580645163,
  "column_score": 0.1310483870967742,
  "time_ms": 14
}