{
  "sum_of_pairs": 0.7464040025015635,
  "column_score": 0.44715447154471544,
  "time_ms": 38
}