{
  "sum_of_pairs": 0.6069773363891011,
  "column_score": 0.11428571428571428,
  "time_ms": 119
}