{
  "sum_of_pairs": 0.730220235138268,
  "column_score": 0.526080476900149,
  "time_ms": 29
}