{
  "sum_of_pairs": 0.7041674948651693,
  "column_score": 0.32558139534883723,
  "time_ms": 72
}