{
  "sum_of_pairs": 0.6367679061405999,
  "column_score": 0.16605166051660517,
  "time_ms": 16
}