{
  "sum_of_pairs": 0.6044201135442011,
  "column_score": 0.291970802919708,
  "time_ms": 8
}