{
  "sum_of_pairs": 0.25534507767421966,
  "column_score": 0.08461165160583546,
  "time_ms": 11
}