{
  "sum_of_pairs": 0.2609468038436342,
  "column_score": 0.08219420716572487,
  "time_ms": 6
}