{
  "sum_of_pairs": 0.23042407033723059,
  "column_score": 0.06624384579024312,
  "time_ms": 13
}