{
  "sum_of_pairs": 0.4502923976608187,
  "column_score": 0.017543859649122806,
  "time_ms": 1
}