{
  "sum_of_pairs": 0.34914089347079036,
  "column_score": 0.08247422680412371,
  "time_ms": 20
}