{
  "sum_of_pairs": 0.5029100529100529,
  "column_score": 0.2222222222222222,
  "time_ms": 8
}