{
  "sum_of_pairs": 0.17813765182186234,
  "column_score": 0.04048582995951417,
  "time_ms": 7
}