{
  "sum_of_pairs": 0.2300944669365722,
  "column_score": 0.0728744939271255,
  "time_ms": 4
}