{
  "sum_of_pairs": 0.42695883134130147,
  "column_score": 0.2549800796812749,
  "time_ms": 5
}