{
  "sum_of_pairs": 0.22764227642276422,
  "column_score": 0.06097560975609756,
  "time_ms": 10
}