{
  "sum_of_pairs": 0.47368421052631576,
  "column_score": 0.12280701754385964,
  "time_ms": 2
}