{
  "sum_of_pairs": 0.4036655211912944,
  "column_score": 0.08247422680412371,
  "time_ms": 11
}