{
  "sum_of_pairs": 0.41729323308270677,
  "column_score": 0.32894736842105265,
  "time_ms": 10
}