{
  "sum_of_pairs": 0.5660972690675661,
  "column_score": 0.33663366336633666,
  "time_ms": 60
}