{
  "sum_of_pairs": 0.3729667812142039,
  "column_score": 0.08247422680412371,
  "time_ms": 21
}