{
  "sum_of_pairs": 0.24667449139280126,
  "column_score": 0.09154929577464789,
  "time_ms": 12
}