{
  "sum_of_pairs": 0.3913357400722022,
  "column_score": 0.1624548736462094,
  "time_ms": 16
}