{
  "sum_of_pairs": 0.2125506072874494,
  "column_score": 0.0728744939271255,
  "time_ms": 8
}