{
  "sum_of_pairs": 0.5548906539005549,
  "column_score": 0.31683168316831684,
  "time_ms": 56
}