{
  "sum_of_pairs": 0.4187725631768953,
  "column_score": 0.17328519855595667,
  "time_ms": 9
}