{
  "sum_of_pairs": 0.4693121693121693,
  "column_score": 0.21481481481481482,
  "time_ms": 19
}