{
  "sum_of_pairs": 0.48639455782312924,
  "column_score": 0.1836734693877551,
  "time_ms": 1
}