{
  "sum_of_pairs": 0.4048821548821549,
  "column_score": 0.24242424242424243,
  "time_ms": 2
}