{
  "sum_of_pairs": 0.26364692218350755,
  "column_score": 0.06097560975609756,
  "time_ms": 5
}