{
  "sum_of_pairs": 0.3076923076923077,
  "column_score": 0.3333333333333333,
  "time_ms": 14
}