{
  "sum_of_pairs": 0.22789514866979654,
  "column_score": 0.09154929577464789,
  "time_ms": 22
}