{
  "sum_of_pairs": 0.4922737306843267,
  "column_score": 0.26490066225165565,
  "time_ms": 3
}