{
  "sum_of_pairs": 0.37077922077922076,
  "column_score": 0.11818181818181818,
  "time_ms": 32
}