{
  "sum_of_pairs": 0.2415795586527294,
  "column_score": 0.04878048780487805,
  "time_ms": 8
}