{
  "sum_of_pairs": 0.10054347826086957,
  "column_score": 0.016304347826086956,
  "time_ms": 5
}