{
  "sum_of_pairs": 0.24237089201877934,
  "column_score": 0.09154929577464789,
  "time_ms": 23
}