{
  "sum_of_pairs": 0.32987012987012987,
  "column_score": 0.08181818181818182,
  "time_ms": 20
}