{
  "sum_of_pairs": 0.49734395750332006,
  "column_score": 0.3545816733067729,
  "time_ms": 5
}