{
  "sum_of_pairs": 0.4671957671957672,
  "column_score": 0.1925925925925926,
  "time_ms": 14
}