{
  "sum_of_pairs": 0.3698308270676692,
  "column_score": 0.18421052631578946,
  "time_ms": 16
}