{
  "sum_of_pairs": 0.06788213132471312,
  "column_score": 0.009454619411275254,
  "time_ms": 7
}