{
  "sum_of_pairs": 0.11389167589640689,
  "column_score": 0.024981626208496536,
  "time_ms": 8
}