{
  "sum_of_pairs": 0.11432715102583159,
  "column_score": 0.024981626208496536,
  "time_ms": 5
}