{
  "sum_of_pairs": 0.40476190476190477,
  "column_score": 0.5510204081632653,
  "time_ms": 17
}