{
  "sum_of_pairs": 0.11904761904761904,
  "column_score": 0.04081632653061224,
  "time_ms": 1
}