{
  "sum_of_pairs": 0.06313131313131314,
  "column_score": 0.025252525252525252,
  "time_ms": 3
}