{
  "sum_of_pairs": 0.22838345864661655,
  "column_score": 0.13157894736842105,
  "time_ms": 9
}