{
  "sum_of_pairs": 0.1931216931216931,
  "column_score": 0.05925925925925926,
  "time_ms": 8
}