{
  "sum_of_pairs": 0.2536702767749699,
  "column_score": 0.06859205776173286,
  "time_ms": 19
}