{
  "sum_of_pairs": 0.1326113116726835,
  "column_score": 0.018050541516245487,
  "time_ms": 20
}