{
  "sum_of_pairs": 0.16024436090225563,
  "column_score": 0.05263157894736842,
  "time_ms": 5
}