{
  "sum_of_pairs": 0.16799468791500663,
  "column_score": 0.0199203187250996,
  "time_ms": 7
}