{
  "sum_of_pairs": 0.2366245092985323,
  "column_score": 0.07610082416912221,
  "time_ms": 7
}