{
  "sum_of_pairs": 0.09173387096774194,
  "column_score": 0.004032258064516129,
  "time_ms": 11
}