{
  "sum_of_pairs": 0.43134328358208956,
  "column_score": 0.33880597014925373,
  "time_ms": 11
}