{
  "sum_of_pairs": 0.5197880443782084,
  "column_score": 0.2697466467958271,
  "time_ms": 23
}