{
  "sum_of_pairs": 0.2988645579886456,
  "column_score": 0.16058394160583941,
  "time_ms": 3
}