{
  "sum_of_pairs": 0.35507246376811596,
  "column_score": 0.13664596273291926,
  "time_ms": 31
}