{
  "sum_of_pairs": 0.24695121951219512,
  "column_score": 0.1951219512195122,
  "time_ms": 2
}