{
  "sum_of_pairs": 0.3136943202516973,
  "column_score": 0.12816691505216096,
  "time_ms": 77
}