{
  "sum_of_pairs": 0.48203194321206744,
  "column_score": 0.2898550724637681,
  "time_ms": 13
}