{
  "sum_of_pairs": 0.24364440868865647,
  "column_score": 0.061946902654867256,
  "time_ms": 26
}