{
  "sum_of_pairs": 0.1524390243902439,
  "column_score": 0.12804878048780488,
  "time_ms": 11
}