{
  "sum_of_pairs": 0.23768939393939395,
  "column_score": 0.07102272727272728,
  "time_ms": 78
}