{
  "sum_of_pairs": 0.15625,
  "column_score": 0.07258064516129033,
  "time_ms": 7
}