{
  "sum_of_pairs": 0.28112051882543687,
  "column_score": 0.14880201765447668,
  "time_ms": 50
}