{
  "sum_of_pairs": 0.051587301587301584,
  "column_score": 0.06547619047619048,
  "time_ms": 2
}