{
  "sum_of_pairs": 0.4246305418719212,
  "column_score": 0.18472906403940886,
  "time_ms": 13
}