{
  "sum_of_pairs": 0.2500368169847305,
  "column_score": 0.022335828941450562,
  "time_ms": 99
}