{
  "sum_of_pairs": 0.3590672537429439,
  "column_score": 0.06356415429787789,
  "time_ms": 111
}