{
  "sum_of_pairs": 0.3596399795989501,
  "column_score": 0.06356415429787789,
  "time_ms": 50
}