{
  "sum_of_pairs": 0.35992748155499893,
  "column_score": 0.06356415429787789,
  "time_ms": 116
}