{
  "sum_of_pairs": 0.35906725374294385,
  "column_score": 0.06356415429787789,
  "time_ms": 291
}