{
  "sum_of_pairs": 0.45975237449118045,
  "column_score": 0.01875,
  "time_ms": 1124
}