{
  "sum_of_pairs": 0.4522521636506688,
  "column_score": 0.024390243902439025,
  "time_ms": 81
}