{
  "sum_of_pairs": 0.26452072419814354,
  "column_score": 0.03225806451612903,
  "time_ms": 91
}