{
  "sum_of_pairs": 0.33132575757575755,
  "column_score": 0.07386363636363637,
  "time_ms": 24
}