{
  "sum_of_pairs": 0.3940878169449598,
  "column_score": 0.10857142857142857,
  "time_ms": 40
}