{
  "sum_of_pairs": 0.46460088994953636,
  "column_score": 0.11006289308176101,
  "time_ms": 156
}