{
  "sum_of_pairs": 0.7268932617769827,
  "column_score": 0.03488372093023256,
  "time_ms": 91
}