{
  "sum_of_pairs": 0.39548295193456484,
  "column_score": 0.10483870967741936,
  "time_ms": 96
}