{
  "sum_of_pairs": 0.3628691983122363,
  "column_score": 0.13924050632911392,
  "time_ms": 14
}