{
  "sum_of_pairs": 0.47468354430379744,
  "column_score": 0.23417721518987342,
  "time_ms": 8
}