{
  "sum_of_pairs": 0.7157987048030221,
  "column_score": 0.42660550458715596,
  "time_ms": 98
}