{
  "sum_of_pairs": 0.32567049808429116,
  "column_score": 0.16091954022988506,
  "time_ms": 53
}