{
  "sum_of_pairs": 0.24361742424242425,
  "column_score": 0.056818181818181816,
  "time_ms": 50
}