{
  "sum_of_pairs": 0.25152385928247994,
  "column_score": 0.028735632183908046,
  "time_ms": 27
}