{
  "sum_of_pairs": 0.584169289273538,
  "column_score": 0.13821138211382114,
  "time_ms": 269
}