{
  "sum_of_pairs": 0.23786008230452674,
  "column_score": 0.15432098765432098,
  "time_ms": 9
}