{
  "sum_of_pairs": 0.18575217885562714,
  "column_score": 0.07586206896551724,
  "time_ms": 14
}