{
  "sum_of_pairs": 0.5088526669409023,
  "column_score": 0.03365384615384615,
  "time_ms": 231
}