{
  "sum_of_pairs": 0.48367293625914315,
  "column_score": 0.40229885057471265,
  "time_ms": 32
}