{
  "sum_of_pairs": 0.6934817563388992,
  "column_score": 0.26857142857142857,
  "time_ms": 78
}