{
  "sum_of_pairs": 0.23587072104636134,
  "column_score": 0.07610082416912221,
  "time_ms": 12
}