{
  "sum_of_pairs": 0.5141093474426808,
  "column_score": 0.04938271604938271,
  "time_ms": 4
}