{
  "sum_of_pairs": 0.6813432835820895,
  "column_score": 0.5402985074626866,
  "time_ms": 12
}