{
  "sum_of_pairs": 0.5967980295566503,
  "column_score": 0.3645320197044335,
  "time_ms": 13
}