{
  "sum_of_pairs": 0.34254476584022037,
  "column_score": 0.14772727272727273,
  "time_ms": 41
}