{
  "sum_of_pairs": 0.08630952380952381,
  "column_score": 0.07738095238095238,
  "time_ms": 3
}