{
  "sum_of_pairs": 0.26794598436389483,
  "column_score": 0.041044776119402986,
  "time_ms": 11
}