{
  "sum_of_pairs": 0.3963249864889209,
  "column_score": 0.27742749054224464,
  "time_ms": 30
}