{
  "sum_of_pairs": 0.16955645161290323,
  "column_score": 0.07258064516129033,
  "time_ms": 12
}