{
  "sum_of_pairs": 0.5258003766478343,
  "column_score": 0.2994350282485876,
  "time_ms": 16
}