{
  "sum_of_pairs": 0.17588325652841783,
  "column_score": 0.05069124423963134,
  "time_ms": 3
}