{
  "sum_of_pairs": 0.5946478966075647,
  "column_score": 0.2032951936620112,
  "time_ms": 117
}