{
  "sum_of_pairs": 0.8446441444800755,
  "column_score": 0.6918238993710691,
  "time_ms": 124
}