{
  "sum_of_pairs": 0.8196138211382114,
  "column_score": 0.2845528455284553,
  "time_ms": 105
}