{
  "sum_of_pairs": 0.836017316017316,
  "column_score": 0.4742857142857143,
  "time_ms": 44
}