{
  "sum_of_pairs": 0.6232974910394266,
  "column_score": 0.432258064516129,
  "time_ms": 26
}