{
  "sum_of_pairs": 0.32583392938422523,
  "column_score": 0.09467455621301775,
  "time_ms": 24
}