{
  "sum_of_pairs": 0.41439246263807666,
  "column_score": 0.19444444444444445,
  "time_ms": 55
}