{
  "sum_of_pairs": 0.8646788990825688,
  "column_score": 0.6628440366972477,
  "time_ms": 84
}