{
  "sum_of_pairs": 0.8646638964269562,
  "column_score": 0.165625,
  "time_ms": 980
}