{
  "sum_of_pairs": 0.743996743996744,
  "column_score": 0.48148148148148145,
  "time_ms": 19
}