{
  "sum_of_pairs": 0.5333080712391057,
  "column_score": 0.1793103448275862,
  "time_ms": 18
}