{
  "sum_of_pairs": 0.5473251028806584,
  "column_score": 0.3271604938271605,
  "time_ms": 19
}