{
  "sum_of_pairs": 0.6071926158133054,
  "column_score": 0.3850574712643678,
  "time_ms": 32
}