{
  "sum_of_pairs": 0.5862708719851577,
  "column_score": 0.19591836734693877,
  "time_ms": 25
}