{
  "sum_of_pairs": 0.7528030303030303,
  "column_score": 0.2840909090909091,
  "time_ms": 56
}