{
  "sum_of_pairs": 0.37617191125963056,
  "column_score": 0.07142857142857142,
  "time_ms": 56
}