{
  "sum_of_pairs": 0.9569103735770402,
  "column_score": 0.4696969696969697,
  "time_ms": 90
}