{
  "sum_of_pairs": 0.7030651340996169,
  "column_score": 0.4051724137931034,
  "time_ms": 45
}