{
  "sum_of_pairs": 0.45248147105732245,
  "column_score": 0.19736842105263158,
  "time_ms": 100
}