{
  "sum_of_pairs": 0.6995904221802143,
  "column_score": 0.34782608695652173,
  "time_ms": 23
}