{
  "sum_of_pairs": 0.8530602143023527,
  "column_score": 0.19791666666666666,
  "time_ms": 419
}