{
  "sum_of_pairs": 0.022685642171884884,
  "column_score": 0.0002658160552897395,
  "time_ms": 6
}