{
  "sum_of_pairs": 0.15295695423613961,
  "column_score": 0.011285721727430812,
  "time_ms": 9
}