{
  "sum_of_pairs": 0.32735723771580344,
  "column_score": 0.11553784860557768,
  "time_ms": 5
}