{
  "sum_of_pairs": 0.270517448856799,
  "column_score": 0.05054151624548736,
  "time_ms": 14
}