{
  "sum_of_pairs": 0.5644749039141058,
  "column_score": 0.32767614004224377,
  "time_ms": 34
}