{
  "sum_of_pairs": 0.6319467125732662,
  "column_score": 0.41488742807395024,
  "time_ms": 12
}