{
  "sum_of_pairs": 0.67181947405828,
  "column_score": 0.44029850746268656,
  "time_ms": 9
}