{
  "sum_of_pairs": 0.8326237108524931,
  "column_score": 0.5239852398523985,
  "time_ms": 20
}