{
  "sum_of_pairs": 0.7658008658008658,
  "column_score": 0.21428571428571427,
  "time_ms": 202
}