{
  "sum_of_pairs": 0.18448275862068966,
  "column_score": 0.07241379310344828,
  "time_ms": 13
}