{
  "sum_of_pairs": 0.7990049751243781,
  "column_score": 0.7522388059701492,
  "time_ms": 8
}