{
  "sum_of_pairs": 0.7229283990345937,
  "column_score": 0.4668141592920354,
  "time_ms": 63
}