{
  "sum_of_pairs": 0.6401493930905695,
  "column_score": 0.453781512605042,
  "time_ms": 12
}