{
  "sum_of_pairs": 0.6507451564828614,
  "column_score": 0.38934426229508196,
  "time_ms": 68
}