{
  "sum_of_pairs": 0.3953252032520325,
  "column_score": 0.2621951219512195,
  "time_ms": 4
}