{
  "sum_of_pairs": 0.24313725490196078,
  "column_score": 0.058823529411764705,
  "time_ms": 5
}