{
  "sum_of_pairs": 0.8523375379875942,
  "column_score": 0.5668789808917197,
  "time_ms": 26
}