{
  "sum_of_pairs": 0.3211693548387097,
  "column_score": 0.09274193548387097,
  "time_ms": 18
}