{
  "sum_of_pairs": 0.8164049559398396,
  "column_score": 0.29069767441860467,
  "time_ms": 47
}