{
  "sum_of_pairs": 0.4339430894308943,
  "column_score": 0.29878048780487804,
  "time_ms": 2
}