{
  "sum_of_pairs": 0.7585687382297551,
  "column_score": 0.519774011299435,
  "time_ms": 21
}