{
  "sum_of_pairs": 0.6895161290322581,
  "column_score": 0.4274193548387097,
  "time_ms": 5
}