{
  "sum_of_pairs": 0.3683698296836983,
  "column_score": 0.058394160583941604,
  "time_ms": 4
}