{
  "sum_of_pairs": 0.49552341597796146,
  "column_score": 0.2585227272727273,
  "time_ms": 172
}