{
  "sum_of_pairs": 0.9287490287490288,
  "column_score": 0.8102564102564103,
  "time_ms": 53
}