{
  "sum_of_pairs": 0.8421930373149885,
  "column_score": 0.5528455284552846,
  "time_ms": 43
}