{
  "sum_of_pairs": 0.7812148028962188,
  "column_score": 0.6150442477876106,
  "time_ms": 23
}