{
  "sum_of_pairs": 0.6873706004140787,
  "column_score": 0.5238095238095238,
  "time_ms": 73
}