{
  "sum_of_pairs": 0.8169491525423729,
  "column_score": 0.672316384180791,
  "time_ms": 12
}