{
  "sum_of_pairs": 0.5346074380165289,
  "column_score": 0.26704545454545453,
  "time_ms": 48
}