{
  "sum_of_pairs": 0.7232323232323232,
  "column_score": 0.43333333333333335,
  "time_ms": 7
}