{
  "sum_of_pairs": 0.742548963951178,
  "column_score": 0.2693726937269373,
  "time_ms": 70
}