{
  "sum_of_pairs": 0.8213032581453634,
  "column_score": 0.5592105263157895,
  "time_ms": 60
}