{
  "sum_of_pairs": 0.5164152617568767,
  "column_score": 0.3167701863354037,
  "time_ms": 8
}