{
  "sum_of_pairs": 0.7331346249379036,
  "column_score": 0.5156482861400894,
  "time_ms": 69
}