{
  "sum_of_pairs": 0.5992530345471522,
  "column_score": 0.40336134453781514,
  "time_ms": 30
}