{
  "sum_of_pairs": 0.7163433274544385,
  "column_score": 0.6666666666666666,
  "time_ms": 6
}