{
  "sum_of_pairs": 0.6610970996216898,
  "column_score": 0.4905422446406053,
  "time_ms": 107
}