{
  "sum_of_pairs": 0.7770935960591133,
  "column_score": 0.645320197044335,
  "time_ms": 10
}