{
  "sum_of_pairs": 0.46228710462287104,
  "column_score": 0.058394160583941604,
  "time_ms": 2
}