{
  "sum_of_pairs": 0.5892279241793805,
  "column_score": 0.22815533980582525,
  "time_ms": 19
}