{
  "sum_of_pairs": 0.2549019607843137,
  "column_score": 0.058823529411764705,
  "time_ms": 2
}