{
  "sum_of_pairs": 0.26666666666666666,
  "column_score": 0.10344827586206896,
  "time_ms": 4
}