{
  "sum_of_pairs": 0.5070281124497992,
  "column_score": 0.42168674698795183,
  "time_ms": 2
}