{
  "sum_of_pairs": 0.7039740470397404,
  "column_score": 0.46715328467153283,
  "time_ms": 8
}