{
  "sum_of_pairs": 0.8373090212730527,
  "column_score": 0.5286624203821656,
  "time_ms": 38
}