{
  "sum_of_pairs": 0.7839396628216504,
  "column_score": 0.6314699792960663,
  "time_ms": 18
}