{
  "sum_of_pairs": 0.7810077519379846,
  "column_score": 0.6046511627906976,
  "time_ms": 1
}