{
  "sum_of_pairs": 0.6893442622950819,
  "column_score": 0.4098360655737705,
  "time_ms": 16
}