{
  "sum_of_pairs": 0.6433194637078132,
  "column_score": 0.3300970873786408,
  "time_ms": 6
}