{
  "sum_of_pairs": 0.5136986301369864,
  "column_score": 0.1917808219178082,
  "time_ms": 21
}