{
  "sum_of_pairs": 0.46790890269151136,
  "column_score": 0.2670807453416149,
  "time_ms": 13
}