{
  "sum_of_pairs": 0.7781090571788246,
  "column_score": 0.22093023255813954,
  "time_ms": 83
}