{
  "sum_of_pairs": 0.6451612903225806,
  "column_score": 0.4112903225806452,
  "time_ms": 23
}