{
  "sum_of_pairs": 0.09178743961352658,
  "column_score": 0.10144927536231885,
  "time_ms": 1
}