{
  "sum_of_pairs": 0.3554435483870968,
  "column_score": 0.10483870967741936,
  "time_ms": 10
}