{
  "sum_of_pairs": 0.7298029556650246,
  "column_score": 0.5738916256157636,
  "time_ms": 28
}