{
  "sum_of_pairs": 0.3654115996100074,
  "column_score": 0.043031534545201665,
  "time_ms": 124
}