{
  "sum_of_pairs": 0.26535289669865514,
  "column_score": 0.01183352435159101,
  "time_ms": 123
}