{
  "sum_of_pairs": 0.3655027908641085,
  "column_score": 0.043031534545201665,
  "time_ms": 64
}