{
  "sum_of_pairs": 0.560303893637227,
  "column_score": 0.24691358024691357,
  "time_ms": 60
}