{
  "sum_of_pairs": 0.45014245014245013,
  "column_score": 0.07407407407407407,
  "time_ms": 44
}