{
  "sum_of_pairs": 0.5536140089418778,
  "column_score": 0.17418032786885246,
  "time_ms": 107
}