{
  "sum_of_pairs": 0.47485699010959637,
  "column_score": 0.046511627906976744,
  "time_ms": 151
}