{
  "sum_of_pairs": 0.502889634601044,
  "column_score": 0.030201342281879196,
  "time_ms": 17
}