{
  "sum_of_pairs": 0.3756333830104322,
  "column_score": 0.055327868852459015,
  "time_ms": 39
}