{
  "sum_of_pairs": 0.5700819672131148,
  "column_score": 0.17418032786885246,
  "time_ms": 22
}