{
  "sum_of_pairs": 0.2890566741237882,
  "column_score": 0.013422818791946308,
  "time_ms": 34
}