{
  "sum_of_pairs": 0.5530551415797318,
  "column_score": 0.17418032786885246,
  "time_ms": 40
}