{
  "sum_of_pairs": 0.11373752659220097,
  "column_score": 0.019232325979625833,
  "time_ms": 8
}