{
  "sum_of_pairs": 0.28807947019867547,
  "column_score": 0.18543046357615894,
  "time_ms": 1
}