{
  "sum_of_pairs": 0.2648648648648649,
  "column_score": 0.2702702702702703,
  "time_ms": 0
}