{
  "sum_of_pairs": 0.17729083665338646,
  "column_score": 0.10756972111553785,
  "time_ms": 3
}