{
  "sum_of_pairs": 0.13383838383838384,
  "column_score": 0.030303030303030304,
  "time_ms": 2
}