{
  "sum_of_pairs": 0.23202614379084968,
  "column_score": 0.13725490196078433,
  "time_ms": 0
}