{
  "sum_of_pairs": 0.3709644624622529,
  "column_score": 0.07530806401764281,
  "time_ms": 77
}