{
  "sum_of_pairs": 0.37082228116710875,
  "column_score": 0.2620689655172414,
  "time_ms": 16
}