{
  "sum_of_pairs": 0.4502786485545106,
  "column_score": 0.33045977011494254,
  "time_ms": 27
}