{
  "sum_of_pairs": 0.382978036852537,
  "column_score": 0.028059458895902355,
  "time_ms": 524
}