{
  "sum_of_pairs": 0.4142053445850914,
  "column_score": 0.10126582278481013,
  "time_ms": 38
}