{
  "sum_of_pairs": 0.6648451730418944,
  "column_score": 0.19672131147540983,
  "time_ms": 16
}