{
  "sum_of_pairs": 0.7025426680599094,
  "column_score": 0.34195402298850575,
  "time_ms": 71
}