{
  "sum_of_pairs": 0.6133315917798676,
  "column_score": 0.15804597701149425,
  "time_ms": 100
}