{
  "sum_of_pairs": 0.5765432098765432,
  "column_score": 0.43209876543209874,
  "time_ms": 43
}