{
  "sum_of_pairs": 0.5899962106858658,
  "column_score": 0.14482758620689656,
  "time_ms": 55
}