{
  "sum_of_pairs": 0.39372679605393157,
  "column_score": 0.14871631512914837,
  "time_ms": 43
}