{
  "sum_of_pairs": 0.3405324126262395,
  "column_score": 0.11081174438922804,
  "time_ms": 28
}