{
  "sum_of_pairs": 0.39534470504619756,
  "column_score": 0.13432835820895522,
  "time_ms": 16
}