{
  "sum_of_pairs": 0.4825102880658436,
  "column_score": 0.25925925925925924,
  "time_ms": 1
}