{
  "sum_of_pairs": 0.1854014598540146,
  "column_score": 0.058394160583941604,
  "time_ms": 2
}