{
  "sum_of_pairs": 0.47405828002842926,
  "column_score": 0.17164179104477612,
  "time_ms": 16
}