{
  "sum_of_pairs": 0.24134871339840283,
  "column_score": 0.012422360248447204,
  "time_ms": 48
}