{
  "sum_of_pairs": 0.34782608695652173,
  "column_score": 0.08695652173913043,
  "time_ms": 1
}