{
  "sum_of_pairs": 0.4202846333993875,
  "column_score": 0.19924337957124844,
  "time_ms": 75
}