{
  "sum_of_pairs": 0.3717348225544947,
  "column_score": 0.18789407313997478,
  "time_ms": 62
}