{
  "sum_of_pairs": 0.3150716597318539,
  "column_score": 0.09223300970873786,
  "time_ms": 7
}