{
  "sum_of_pairs": 0.5045104998521147,
  "column_score": 0.3167701863354037,
  "time_ms": 43
}