{
  "sum_of_pairs": 0.315728077232502,
  "column_score": 0.022123893805309734,
  "time_ms": 40
}