{
  "sum_of_pairs": 0.43123336291038156,
  "column_score": 0.2360248447204969,
  "time_ms": 82
}