{
  "sum_of_pairs": 0.6843283582089552,
  "column_score": 0.573134328358209,
  "time_ms": 15
}