{
  "sum_of_pairs": 0.24731182795698925,
  "column_score": 0.08755760368663594,
  "time_ms": 1
}