{
  "sum_of_pairs": 0.4471177944862155,
  "column_score": 0.1513157894736842,
  "time_ms": 23
}