{
  "sum_of_pairs": 0.3785310734463277,
  "column_score": 0.02824858757062147,
  "time_ms": 20
}