{
  "sum_of_pairs": 0.1482758620689655,
  "column_score": 0.06206896551724138,
  "time_ms": 6
}