{
  "sum_of_pairs": 0.1774193548387097,
  "column_score": 0.04608294930875576,
  "time_ms": 1
}