{
  "sum_of_pairs": 0.43733850129198965,
  "column_score": 0.046511627906976744,
  "time_ms": 2
}