{
  "sum_of_pairs": 0.41367521367521365,
  "column_score": 0.10256410256410256,
  "time_ms": 0
}