{
  "sum_of_pairs": 0.5514778325123153,
  "column_score": 0.35467980295566504,
  "time_ms": 27
}