{
  "sum_of_pairs": 0.273972602739726,
  "column_score": 0.1506849315068493,
  "time_ms": 16
}