{
  "sum_of_pairs": 0.5634920634920635,
  "column_score": 0.36904761904761907,
  "time_ms": 1
}