{
  "sum_of_pairs": 0.6082362082362083,
  "column_score": 0.24615384615384617,
  "time_ms": 57
}