{
  "sum_of_pairs": 0.4715447154471545,
  "column_score": 0.3475609756097561,
  "time_ms": 3
}