{
  "sum_of_pairs": 0.645998445998446,
  "column_score": 0.2923076923076923,
  "time_ms": 51
}