{
  "sum_of_pairs": 0.3262295081967213,
  "column_score": 0.09836065573770492,
  "time_ms": 53
}