{
  "sum_of_pairs": 0.31917808219178084,
  "column_score": 0.1506849315068493,
  "time_ms": 10
}