{
  "sum_of_pairs": 0.5170682730923695,
  "column_score": 0.3433734939759036,
  "time_ms": 1
}