{
  "sum_of_pairs": 0.4200470311581423,
  "column_score": 0.16049382716049382,
  "time_ms": 3
}