{
  "sum_of_pairs": 0.43088512241054616,
  "column_score": 0.03954802259887006,
  "time_ms": 70
}