{
  "sum_of_pairs": 0.39902676399026765,
  "column_score": 0.13138686131386862,
  "time_ms": 7
}