{
  "sum_of_pairs": 0.5421810699588477,
  "column_score": 0.2962962962962963,
  "time_ms": 1
}