{
  "sum_of_pairs": 0.13333333333333333,
  "column_score": 0.06551724137931035,
  "time_ms": 3
}