{
  "sum_of_pairs": 0.653448275862069,
  "column_score": 0.45566502463054187,
  "time_ms": 20
}