{
  "sum_of_pairs": 0.17115416459678756,
  "column_score": 0.0029806259314456036,
  "time_ms": 243
}