{
  "sum_of_pairs": 0.32916666666666666,
  "column_score": 0.10416666666666667,
  "time_ms": 1
}