{
  "sum_of_pairs": 0.6254901960784314,
  "column_score": 0.39215686274509803,
  "time_ms": 1
}