{
  "sum_of_pairs": 0.7313725490196078,
  "column_score": 0.5882352941176471,
  "time_ms": 2
}