{
  "sum_of_pairs": 0.5342670401493931,
  "column_score": 0.25210084033613445,
  "time_ms": 37
}