{
  "sum_of_pairs": 0.4888888888888889,
  "column_score": 0.10256410256410256,
  "time_ms": 1
}