{
  "sum_of_pairs": 0.5135135135135135,
  "column_score": 0.13513513513513514,
  "time_ms": 1
}