{
  "sum_of_pairs": 0.4005229283990346,
  "column_score": 0.03982300884955752,
  "time_ms": 123
}