{
  "sum_of_pairs": 0.30625,
  "column_score": 0.13541666666666666,
  "time_ms": 1
}