{
  "sum_of_pairs": 0.611003861003861,
  "column_score": 0.35135135135135137,
  "time_ms": 1
}