{
  "sum_of_pairs": 0.48665413533834584,
  "column_score": 0.15789473684210525,
  "time_ms": 57
}