{
  "sum_of_pairs": 0.15060483870967742,
  "column_score": 0.03225806451612903,
  "time_ms": 13
}