{
  "sum_of_pairs": 0.5599647266313933,
  "column_score": 0.19753086419753085,
  "time_ms": 4
}