{
  "sum_of_pairs": 0.2086693548387097,
  "column_score": 0.028225806451612902,
  "time_ms": 32
}