{
  "sum_of_pairs": 0.3475609756097561,
  "column_score": 0.1951219512195122,
  "time_ms": 2
}