{
  "sum_of_pairs": 0.36107258437355527,
  "column_score": 0.05825242718446602,
  "time_ms": 17
}