{
  "sum_of_pairs": 0.2851581508515815,
  "column_score": 0.10218978102189781,
  "time_ms": 3
}