{
  "sum_of_pairs": 0.3190014903129657,
  "column_score": 0.05737704918032787,
  "time_ms": 30
}