{
  "sum_of_pairs": 0.41767068273092367,
  "column_score": 0.2469879518072289,
  "time_ms": 1
}