{
  "sum_of_pairs": 0.5507462686567164,
  "column_score": 0.44029850746268656,
  "time_ms": 22
}