{
  "sum_of_pairs": 0.45808883402260103,
  "column_score": 0.12651928711483243,
  "time_ms": 550
}