{
  "sum_of_pairs": 0.44299288327569636,
  "column_score": 0.1140833566892354,
  "time_ms": 424
}