{
  "sum_of_pairs": 0.6724264241505621,
  "column_score": 0.04395604395604396,
  "time_ms": 127
}