{
  "sum_of_pairs": 0.5218637992831541,
  "column_score": 0.13225806451612904,
  "time_ms": 84
}