{
  "sum_of_pairs": 0.31412186379928314,
  "column_score": 0.05161290322580645,
  "time_ms": 70
}