{
  "sum_of_pairs": 0.9446479446479447,
  "column_score": 0.8148148148148148,
  "time_ms": 49
}