{
  "sum_of_pairs": 0.6827644851043866,
  "column_score": 0.011904761904761904,
  "time_ms": 189
}