{
  "sum_of_pairs": 0.7704001260239446,
  "column_score": 0.3695652173913043,
  "time_ms": 20
}