{
  "sum_of_pairs": 0.5098833159177987,
  "column_score": 0.028735632183908046,
  "time_ms": 73
}