{
  "sum_of_pairs": 0.6671294391882627,
  "column_score": 0.2692307692307692,
  "time_ms": 917
}