{
  "sum_of_pairs": 0.6727255587549705,
  "column_score": 0.2548076923076923,
  "time_ms": 907
}