{
  "sum_of_pairs": 0.5210382745364088,
  "column_score": 0.015625,
  "time_ms": 3869
}