{
  "sum_of_pairs": 0.6662112932604736,
  "column_score": 0.4426229508196721,
  "time_ms": 5
}