{
  "sum_of_pairs": 0.5370950888192267,
  "column_score": 0.028735632183908046,
  "time_ms": 77
}