{
  "sum_of_pairs": 0.5538817212320084,
  "column_score": 0.2358490566037736,
  "time_ms": 433
}