{
  "sum_of_pairs": 0.3493906810035842,
  "column_score": 0.05806451612903226,
  "time_ms": 23
}