{
  "sum_of_pairs": 0.8560188827694729,
  "column_score": 0.5528455284552846,
  "time_ms": 366
}