{
  "sum_of_pairs": 0.6649085794655415,
  "column_score": 0.4620253164556962,
  "time_ms": 24
}