{
  "sum_of_pairs": 0.7674885321100917,
  "column_score": 0.4610091743119266,
  "time_ms": 198
}