{
  "sum_of_pairs": 0.7947753642741501,
  "column_score": 0.5412844036697247,
  "time_ms": 318
}