{
  "sum_of_pairs": 0.39907235621521336,
  "column_score": 0.08571428571428572,
  "time_ms": 25
}