{
  "sum_of_pairs": 0.6666915255922639,
  "column_score": 0.41823899371069184,
  "time_ms": 426
}