{
  "sum_of_pairs": 0.8319211507104589,
  "column_score": 0.3645833333333333,
  "time_ms": 1706
}