{
  "sum_of_pairs": 0.531783350748868,
  "column_score": 0.028735632183908046,
  "time_ms": 37
}