{
  "sum_of_pairs": 0.6736990154711674,
  "column_score": 0.4873417721518987,
  "time_ms": 32
}