{
  "sum_of_pairs": 0.507946065128901,
  "column_score": 0.015625,
  "time_ms": 2894
}