{
  "sum_of_pairs": 0.6117206548241031,
  "column_score": 0.2557471264367816,
  "time_ms": 91
}