{
  "sum_of_pairs": 0.3632034632034632,
  "column_score": 0.024489795918367346,
  "time_ms": 70
}