{
  "sum_of_pairs": 0.6811671087533157,
  "column_score": 0.2206896551724138,
  "time_ms": 46
}