{
  "sum_of_pairs": 0.712618416066692,
  "column_score": 0.27586206896551724,
  "time_ms": 15
}