{
  "sum_of_pairs": 0.8104254018169113,
  "column_score": 0.3645833333333333,
  "time_ms": 2316
}