{
  "sum_of_pairs": 0.7531818181818182,
  "column_score": 0.3522727272727273,
  "time_ms": 86
}