{
  "sum_of_pairs": 0.6939890710382514,
  "column_score": 0.4426229508196721,
  "time_ms": 3
}