{
  "sum_of_pairs": 0.5819836293974225,
  "column_score": 0.23850574712643677,
  "time_ms": 49
}