{
  "sum_of_pairs": 0.8561336218200891,
  "column_score": 0.4959349593495935,
  "time_ms": 219
}