{
  "sum_of_pairs": 0.6936722965048088,
  "column_score": 0.011904761904761904,
  "time_ms": 93
}