{
  "sum_of_pairs": 0.6830168776371308,
  "column_score": 0.4873417721518987,
  "time_ms": 12
}