{
  "sum_of_pairs": 0.7787709120345386,
  "column_score": 0.5275229357798165,
  "time_ms": 109
}