{
  "sum_of_pairs": 0.8629687909782323,
  "column_score": 0.5203252032520326,
  "time_ms": 125
}