{
  "sum_of_pairs": 0.707820197044335,
  "column_score": 0.011904761904761904,
  "time_ms": 243
}