{
  "sum_of_pairs": 0.37792207792207794,
  "column_score": 0.08163265306122448,
  "time_ms": 43
}