{
  "sum_of_pairs": 0.6154359925788497,
  "column_score": 0.3028571428571429,
  "time_ms": 120
}