{
  "sum_of_pairs": 0.3506621823307521,
  "column_score": 0.04415042247990715,
  "time_ms": 102
}