{
  "sum_of_pairs": 0.3831594634873323,
  "column_score": 0.08401639344262295,
  "time_ms": 40
}