{
  "sum_of_pairs": 0.5035872761293771,
  "column_score": 0.20465116279069767,
  "time_ms": 119
}