{
  "sum_of_pairs": 0.4032836250521877,
  "column_score": 0.027124669133624435,
  "time_ms": 1122
}