{
  "sum_of_pairs": 0.5113163265306122,
  "column_score": 0.05416666666666667,
  "time_ms": 632
}