{
  "sum_of_pairs": 0.3843543259730217,
  "column_score": 0.1262135922330097,
  "time_ms": 3414
}