{
  "sum_of_pairs": 0.2802887258299673,
  "column_score": 0.11627906976744186,
  "time_ms": 1969
}