{
  "sum_of_pairs": 0.6346053946053946,
  "column_score": 0.17142857142857143,
  "time_ms": 212
}