{
  "sum_of_pairs": 0.41164330311013375,
  "column_score": 0.053217747491187004,
  "time_ms": 644
}