{
  "sum_of_pairs": 0.5506792058516197,
  "column_score": 0.12931034482758622,
  "time_ms": 147
}