{
  "sum_of_pairs": 0.5457370215990905,
  "column_score": 0.30344827586206896,
  "time_ms": 166
}