{
  "sum_of_pairs": 0.9321539786656066,
  "column_score": 0.5348837209302325,
  "time_ms": 437
}