{
  "sum_of_pairs": 0.7164395574743659,
  "column_score": 0.268348623853211,
  "time_ms": 355
}