{
  "sum_of_pairs": 0.4549373040752351,
  "column_score": 0.07758620689655173,
  "time_ms": 84
}