{
  "sum_of_pairs": 0.5061650135481145,
  "column_score": 0.07547169811320754,
  "time_ms": 540
}