{
  "sum_of_pairs": 0.5216244725738397,
  "column_score": 0.31645569620253167,
  "time_ms": 70
}