{
  "sum_of_pairs": 0.6455411255411255,
  "column_score": 0.21714285714285714,
  "time_ms": 159
}