{
  "sum_of_pairs": 0.650728597449909,
  "column_score": 0.3770491803278688,
  "time_ms": 22
}