{
  "sum_of_pairs": 0.5939939801435544,
  "column_score": 0.1426769173924066,
  "time_ms": 782
}