{
  "sum_of_pairs": 0.5839701900443389,
  "column_score": 0.12048424063509802,
  "time_ms": 1488
}