{
  "sum_of_pairs": 0.8078589108910891,
  "column_score": 0.26732673267326734,
  "time_ms": 1076
}