{
  "sum_of_pairs": 0.642983682983683,
  "column_score": 0.05714285714285714,
  "time_ms": 269
}