{
  "sum_of_pairs": 0.8600691545897026,
  "column_score": 0.3904109589041096,
  "time_ms": 2246
}