{
  "sum_of_pairs": 0.5209218971409519,
  "column_score": 0.10077519379844961,
  "time_ms": 151
}