{
  "sum_of_pairs": 0.5120030007501876,
  "column_score": 0.10077519379844961,
  "time_ms": 296
}