{
  "sum_of_pairs": 0.5517818014069888,
  "column_score": 0.08791208791208792,
  "time_ms": 5126
}