{
  "sum_of_pairs": 0.6784107535835365,
  "column_score": 0.16521739130434782,
  "time_ms": 1887
}