{
  "sum_of_pairs": 0.615205056381527,
  "column_score": 0.248868778280543,
  "time_ms": 513
}