{
  "sum_of_pairs": 0.8208333333333333,
  "column_score": 0.4269005847953216,
  "time_ms": 503
}