{
  "sum_of_pairs": 0.8107525417574437,
  "column_score": 0.19117647058823528,
  "time_ms": 1828
}