{
  "sum_of_pairs": 0.45227677847998704,
  "column_score": 0.16883116883116883,
  "time_ms": 159
}