{
  "sum_of_pairs": 0.8274213005040073,
  "column_score": 0.145748987854251,
  "time_ms": 655
}