{
  "sum_of_pairs": 0.6283173734610124,
  "column_score": 0.12941176470588237,
  "time_ms": 216
}