{
  "sum_of_pairs": 0.7127307842641345,
  "column_score": 0.12173913043478261,
  "time_ms": 1090
}