{
  "sum_of_pairs": 0.8096013270355376,
  "column_score": 0.3216374269005848,
  "time_ms": 911
}