{
  "sum_of_pairs": 0.863615836218576,
  "column_score": 0.4794520547945205,
  "time_ms": 1157
}