{
  "sum_of_pairs": 0.5541064632518905,
  "column_score": 0.0989010989010989,
  "time_ms": 2610
}