{
  "sum_of_pairs": 0.6760030928448224,
  "column_score": 0.11304347826086956,
  "time_ms": 3744
}