{
  "sum_of_pairs": 0.6443104091530905,
  "column_score": 0.12941176470588237,
  "time_ms": 114
}