{
  "sum_of_pairs": 0.7917619047619048,
  "column_score": 0.43333333333333335,
  "time_ms": 510
}