{
  "sum_of_pairs": 0.8546742479103506,
  "column_score": 0.44660194174757284,
  "time_ms": 2528
}