{
  "sum_of_pairs": 0.725693789805256,
  "column_score": 0.1391304347826087,
  "time_ms": 487
}