{
  "sum_of_pairs": 0.6181210945916829,
  "column_score": 0.27601809954751133,
  "time_ms": 289
}