{
  "sum_of_pairs": 0.4152813850978592,
  "column_score": 0.018781666852892287,
  "time_ms": 499
}