{
  "sum_of_pairs": 0.6822516439074402,
  "column_score": 0.3531746031746032,
  "time_ms": 1327
}