{
  "sum_of_pairs": 0.6067300765913916,
  "column_score": 0.11994477165844881,
  "time_ms": 1392
}