{
  "sum_of_pairs": 0.6254850826100297,
  "column_score": 0.17438300626552808,
  "time_ms": 2902
}