{
  "sum_of_pairs": 0.6254850826100297,
  "column_score": 0.1743830062655281,
  "time_ms": 1507
}