{
  "sum_of_pairs": 0.6177978883861237,
  "column_score": 0.17194570135746606,
  "time_ms": 234
}