{
  "sum_of_pairs": 0.8334601647171456,
  "column_score": 0.30097087378640774,
  "time_ms": 9402
}