{
  "sum_of_pairs": 0.8335454499838062,
  "column_score": 0.273972602739726,
  "time_ms": 984
}