{
  "sum_of_pairs": 0.8424032838506522,
  "column_score": 0.32748538011695905,
  "time_ms": 934
}