{
  "sum_of_pairs": 0.8245544409927972,
  "column_score": 0.2465753424657534,
  "time_ms": 1800
}