{
  "sum_of_pairs": 0.6625296024647644,
  "column_score": 0.1565217391304348,
  "time_ms": 2120
}