{
  "sum_of_pairs": 0.8324392502474695,
  "column_score": 0.2671232876712329,
  "time_ms": 4286
}