{
  "sum_of_pairs": 0.686708028813292,
  "column_score": 0.06593406593406594,
  "time_ms": 878
}