{
  "sum_of_pairs": 0.8288754854168388,
  "column_score": 0.1417004048582996,
  "time_ms": 1345
}