{
  "sum_of_pairs": 0.7151870685705272,
  "column_score": 0.10989010989010989,
  "time_ms": 482
}