{
  "sum_of_pairs": 0.7101870748299319,
  "column_score": 0.30833333333333335,
  "time_ms": 1009
}