{
  "sum_of_pairs": 0.8099942163100058,
  "column_score": 0.05263157894736842,
  "time_ms": 1092
}