{
  "sum_of_pairs": 0.6730577529292809,
  "column_score": 0.22608695652173913,
  "time_ms": 3878
}