{
  "sum_of_pairs": 0.8631578947368421,
  "column_score": 0.43859649122807015,
  "time_ms": 441
}