{
  "sum_of_pairs": 0.4667000083354172,
  "column_score": 0.023255813953488372,
  "time_ms": 256
}