{
  "sum_of_pairs": 0.6178338001867414,
  "column_score": 0.19457013574660634,
  "time_ms": 567
}