{
  "sum_of_pairs": 0.6388626339004411,
  "column_score": 0.2608695652173913,
  "time_ms": 37
}