{
  "sum_of_pairs": 0.6252517535939995,
  "column_score": 0.18181818181818182,
  "time_ms": 79
}