{
  "sum_of_pairs": 0.8358569353667393,
  "column_score": 0.4411764705882353,
  "time_ms": 1640
}