{
  "sum_of_pairs": 0.7788852826334086,
  "column_score": 0.16483516483516483,
  "time_ms": 4947
}