{
  "sum_of_pairs": 0.5994801512287334,
  "column_score": 0.13043478260869565,
  "time_ms": 55
}