{
  "sum_of_pairs": 0.8149272472857577,
  "column_score": 0.48412698412698413,
  "time_ms": 2137
}