{
  "sum_of_pairs": 0.8327161081492764,
  "column_score": 0.40594059405940597,
  "time_ms": 2160
}