{
  "sum_of_pairs": 0.6835468225345106,
  "column_score": 0.24705882352941178,
  "time_ms": 409
}