{
  "sum_of_pairs": 0.6331053351573187,
  "column_score": 0.09411764705882353,
  "time_ms": 162
}