{
  "sum_of_pairs": 0.495582228890556,
  "column_score": 0.05813953488372093,
  "time_ms": 130
}