{
  "sum_of_pairs": 0.22095238095238096,
  "column_score": 0.01904761904761905,
  "time_ms": 33
}