{
  "sum_of_pairs": 0.6120160884866768,
  "column_score": 0.167420814479638,
  "time_ms": 434
}