{
  "sum_of_pairs": 0.6632106108368524,
  "column_score": 0.10434782608695652,
  "time_ms": 3269
}