{
  "sum_of_pairs": 0.8484613289760349,
  "column_score": 0.5735294117647058,
  "time_ms": 912
}