{
  "sum_of_pairs": 0.6230756765516123,
  "column_score": 0.18181818181818182,
  "time_ms": 173
}