{
  "sum_of_pairs": 0.8634053081421502,
  "column_score": 0.43859649122807015,
  "time_ms": 1040
}