{
  "sum_of_pairs": 0.6735645036578838,
  "column_score": 0.22608695652173913,
  "time_ms": 1581
}