{
  "sum_of_pairs": 0.6488170510197043,
  "column_score": 0.1565217391304348,
  "time_ms": 1131
}