{
  "sum_of_pairs": 0.8217661065629104,
  "column_score": 0.1941747572815534,
  "time_ms": 4908
}