{
  "sum_of_pairs": 0.6062689538625368,
  "column_score": 0.15584415584415584,
  "time_ms": 135
}