{
  "sum_of_pairs": 0.5409773178135233,
  "column_score": 0.13953488372093023,
  "time_ms": 3138
}