{
  "sum_of_pairs": 0.7132942245724201,
  "column_score": 0.08791208791208792,
  "time_ms": 2271
}