{
  "sum_of_pairs": 0.46309194563918854,
  "column_score": 0.04780853971351872,
  "time_ms": 647
}