{
  "sum_of_pairs": 0.7797669999173759,
  "column_score": 0.06882591093117409,
  "time_ms": 587
}