{
  "sum_of_pairs": 0.6808170265407107,
  "column_score": 0.1871345029239766,
  "time_ms": 454
}