{
  "sum_of_pairs": 0.8299599943435559,
  "column_score": 0.1917808219178082,
  "time_ms": 1053
}