{
  "sum_of_pairs": 0.511793435322847,
  "column_score": 0.18099547511312217,
  "time_ms": 230
}