{
  "sum_of_pairs": 0.7384124980379977,
  "column_score": 0.4523809523809524,
  "time_ms": 1862
}