{
  "sum_of_pairs": 0.6192755102040817,
  "column_score": 0.15833333333333333,
  "time_ms": 382
}