{
  "sum_of_pairs": 0.40347709331666554,
  "column_score": 0.19480519480519481,
  "time_ms": 80
}