{
  "sum_of_pairs": 0.3817684510937817,
  "column_score": 0.033765969733604594,
  "time_ms": 342
}