{
  "sum_of_pairs": 0.5337511870845204,
  "column_score": 0.24691358024691357,
  "time_ms": 113
}