{
  "sum_of_pairs": 0.45523656776263033,
  "column_score": 0.004651162790697674,
  "time_ms": 313
}