{
  "sum_of_pairs": 0.6623436776285317,
  "column_score": 0.06299212598425197,
  "time_ms": 54
}