{
  "sum_of_pairs": 0.7271609538002981,
  "column_score": 0.08811475409836066,
  "time_ms": 62
}