{
  "sum_of_pairs": 0.6879714376178443,
  "column_score": 0.030841726092225602,
  "time_ms": 258
}