{
  "sum_of_pairs": 0.8177164059931427,
  "column_score": 0.16556291390728478,
  "time_ms": 313
}