{
  "sum_of_pairs": 0.8803332631648921,
  "column_score": 0.0916030534351145,
  "time_ms": 585
}