{
  "sum_of_pairs": 0.9071289613591137,
  "column_score": 0.3055555555555556,
  "time_ms": 1189
}