{
  "sum_of_pairs": 0.5247584541062802,
  "column_score": 0.11594202898550725,
  "time_ms": 13
}