{
  "sum_of_pairs": 0.9226585075641679,
  "column_score": 0.06756756756756757,
  "time_ms": 281
}