{
  "sum_of_pairs": 0.603533194458003,
  "column_score": 0.00899131872674659,
  "time_ms": 261
}