{
  "sum_of_pairs": 0.6038779802254719,
  "column_score": 0.00899131872674659,
  "time_ms": 1163
}