{
  "sum_of_pairs": 0.6214661434415963,
  "column_score": 0.11864406779661017,
  "time_ms": 375
}