{
  "sum_of_pairs": 0.8421891552070648,
  "column_score": 0.06018518518518518,
  "time_ms": 1584
}