{
  "sum_of_pairs": 0.5571261584704016,
  "column_score": 0.03389830508474576,
  "time_ms": 676
}