{
  "sum_of_pairs": 0.5183031690968672,
  "column_score": 0.008044269324757129,
  "time_ms": 556
}