{
  "sum_of_pairs": 0.6595811159490405,
  "column_score": 0.04861111111111111,
  "time_ms": 459
}