{
  "sum_of_pairs": 0.5947551324909816,
  "column_score": 0.06756756756756757,
  "time_ms": 461
}