{
  "sum_of_pairs": 0.5679994388327722,
  "column_score": 0.058333333333333334,
  "time_ms": 1305
}