{
  "sum_of_pairs": 0.9010483624119988,
  "column_score": 0.1553030303030303,
  "time_ms": 952
}