{
  "sum_of_pairs": 0.06325077528684035,
  "column_score": 0.0032565917216560323,
  "time_ms": 14
}