{
  "sum_of_pairs": 0.3685047009564007,
  "column_score": 0.007499518025833815,
  "time_ms": 1322
}