{
  "sum_of_pairs": 0.6921622738164092,
  "column_score": 0.1700404858299595,
  "time_ms": 1281
}