{
  "sum_of_pairs": 0.4256194932886662,
  "column_score": 0.054945054945054944,
  "time_ms": 882
}