{
  "sum_of_pairs": 0.5937005784890428,
  "column_score": 0.1923576406619084,
  "time_ms": 216
}