{
  "sum_of_pairs": 0.32869497366538786,
  "column_score": 0.1301775147928994,
  "time_ms": 64
}