{
  "sum_of_pairs": 0.8013136288998358,
  "column_score": 0.24175824175824176,
  "time_ms": 153
}