{
  "sum_of_pairs": 0.5273118279569893,
  "column_score": 0.04516129032258064,
  "time_ms": 74
}