{
  "sum_of_pairs": 0.680948216247,
  "column_score": 0.14423076923076922,
  "time_ms": 823
}