{
  "sum_of_pairs": 0.6741118077324973,
  "column_score": 0.5402298850574713,
  "time_ms": 52
}