{
  "sum_of_pairs": 0.8290778467350243,
  "column_score": 0.6009174311926605,
  "time_ms": 248
}