{
  "sum_of_pairs": 0.6506773787019534,
  "column_score": 0.15217391304347827,
  "time_ms": 66
}