{
  "sum_of_pairs": 0.46320346320346323,
  "column_score": 0.0326530612244898,
  "time_ms": 49
}