{
  "sum_of_pairs": 0.5723189340210617,
  "column_score": 0.03546099290780142,
  "time_ms": 138
}