{
  "sum_of_pairs": 0.46872427983539094,
  "column_score": 0.16049382716049382,
  "time_ms": 43
}