{
  "sum_of_pairs": 0.6624431818181818,
  "column_score": 0.16477272727272727,
  "time_ms": 136
}