{
  "sum_of_pairs": 0.5712480470544987,
  "column_score": 0.23387096774193547,
  "time_ms": 282
}