{
  "sum_of_pairs": 0.8499363975576663,
  "column_score": 0.253125,
  "time_ms": 2109
}