{
  "sum_of_pairs": 0.797056277056277,
  "column_score": 0.5371428571428571,
  "time_ms": 74
}