{
  "sum_of_pairs": 0.5686244789693066,
  "column_score": 0.30344827586206896,
  "time_ms": 34
}