{
  "sum_of_pairs": 0.7238500727444425,
  "column_score": 0.5296556959674488,
  "time_ms": 19
}