{
  "sum_of_pairs": 0.6948677390101109,
  "column_score": 0.4829604237626666,
  "time_ms": 48
}