{
  "sum_of_pairs": 0.5093167701863354,
  "column_score": 0.13043478260869565,
  "time_ms": 1
}