{
  "sum_of_pairs": 0.35977011494252875,
  "column_score": 0.20344827586206896,
  "time_ms": 3
}