{
  "sum_of_pairs": 0.8614973262032085,
  "column_score": 0.4714285714285714,
  "time_ms": 355
}