{
  "sum_of_pairs": 0.8844344531867949,
  "column_score": 0.6369426751592356,
  "time_ms": 32
}