{
  "sum_of_pairs": 0.8962375073486185,
  "column_score": 0.7283950617283951,
  "time_ms": 5
}