{
  "sum_of_pairs": 0.8561253561253561,
  "column_score": 0.3953488372093023,
  "time_ms": 65
}