{
  "sum_of_pairs": 0.3264367816091954,
  "column_score": 0.1896551724137931,
  "time_ms": 9
}