{
  "sum_of_pairs": 0.7311507936507936,
  "column_score": 0.6011904761904762,
  "time_ms": 1
}