{
  "sum_of_pairs": 0.9282774838330394,
  "column_score": 0.8024691358024691,
  "time_ms": 3
}