{
  "sum_of_pairs": 0.759594882729211,
  "column_score": 0.5746268656716418,
  "time_ms": 17
}