{
  "sum_of_pairs": 0.6472019464720195,
  "column_score": 0.5036496350364964,
  "time_ms": 2
}