{
  "sum_of_pairs": 0.6465542738834664,
  "column_score": 0.43478260869565216,
  "time_ms": 10
}