{
  "sum_of_pairs": 0.8236926790024135,
  "column_score": 0.5796460176991151,
  "time_ms": 64
}