{
  "sum_of_pairs": 0.4588235294117647,
  "column_score": 0.3137254901960784,
  "time_ms": 2
}