{
  "sum_of_pairs": 0.8171834625322998,
  "column_score": 0.5348837209302325,
  "time_ms": 2
}