{
  "sum_of_pairs": 0.8836434786228716,
  "column_score": 0.6369426751592356,
  "time_ms": 62
}