{
  "sum_of_pairs": 0.7386736214605067,
  "column_score": 0.5368852459016393,
  "time_ms": 48
}