{
  "sum_of_pairs": 0.6700671487603306,
  "column_score": 0.3721590909090909,
  "time_ms": 202
}