{
  "sum_of_pairs": 0.691468253968254,
  "column_score": 0.5416666666666666,
  "time_ms": 4
}