{
  "sum_of_pairs": 0.8187702265372169,
  "column_score": 0.5242718446601942,
  "time_ms": 6
}