{
  "sum_of_pairs": 0.7494239631336406,
  "column_score": 0.4838709677419355,
  "time_ms": 5
}