{
  "sum_of_pairs": 0.771875,
  "column_score": 0.5104166666666666,
  "time_ms": 0
}