{
  "sum_of_pairs": 0.8641456582633054,
  "column_score": 0.4857142857142857,
  "time_ms": 142
}