{
  "sum_of_pairs": 0.89899438036084,
  "column_score": 0.7474120082815735,
  "time_ms": 27
}