{
  "sum_of_pairs": 0.8644278606965174,
  "column_score": 0.8164179104477612,
  "time_ms": 17
}