{
  "sum_of_pairs": 0.8809523809523809,
  "column_score": 0.7039473684210527,
  "time_ms": 18
}