{
  "sum_of_pairs": 0.6812596006144394,
  "column_score": 0.5161290322580645,
  "time_ms": 1
}