{
  "sum_of_pairs": 0.8276535850306342,
  "column_score": 0.6780923994038748,
  "time_ms": 75
}