{
  "sum_of_pairs": 0.7549953314659197,
  "column_score": 0.5714285714285714,
  "time_ms": 46
}