{
  "sum_of_pairs": 0.2709677419354839,
  "column_score": 0.21169354838709678,
  "time_ms": 11
}