{
  "sum_of_pairs": 0.9286713286713286,
  "column_score": 0.8205128205128205,
  "time_ms": 54
}