{
  "sum_of_pairs": 0.6972602739726027,
  "column_score": 0.3150684931506849,
  "time_ms": 5
}