{
  "sum_of_pairs": 0.8358407079646017,
  "column_score": 0.6172566371681416,
  "time_ms": 38
}