{
  "sum_of_pairs": 0.9208061311382345,
  "column_score": 0.8081180811808119,
  "time_ms": 35
}