{
  "sum_of_pairs": 0.6854700854700855,
  "column_score": 0.46153846153846156,
  "time_ms": 0
}