{
  "sum_of_pairs": 0.2618951612903226,
  "column_score": 0.2056451612903226,
  "time_ms": 21
}