{
  "sum_of_pairs": 0.7367511520737328,
  "column_score": 0.4596774193548387,
  "time_ms": 9
}