{
  "sum_of_pairs": 0.8413793103448276,
  "column_score": 0.7536945812807881,
  "time_ms": 12
}