{
  "sum_of_pairs": 0.7841151385927505,
  "column_score": 0.6305970149253731,
  "time_ms": 10
}