{
  "sum_of_pairs": 0.6474654377880185,
  "column_score": 0.4608294930875576,
  "time_ms": 5
}