{
  "sum_of_pairs": 0.8177339901477833,
  "column_score": 0.7167487684729064,
  "time_ms": 23
}