{
  "sum_of_pairs": 0.6428223844282238,
  "column_score": 0.49635036496350365,
  "time_ms": 4
}