{
  "sum_of_pairs": 0.8568738229755178,
  "column_score": 0.7005649717514124,
  "time_ms": 19
}