{
  "sum_of_pairs": 0.5390946502057613,
  "column_score": 0.3333333333333333,
  "time_ms": 0
}