{
  "sum_of_pairs": 0.676923076923077,
  "column_score": 0.46153846153846156,
  "time_ms": 0
}