{
  "sum_of_pairs": 0.9095940959409594,
  "column_score": 0.7601476014760148,
  "time_ms": 98
}