{
  "sum_of_pairs": 0.7957070707070707,
  "column_score": 0.5833333333333334,
  "time_ms": 6
}