{
  "sum_of_pairs": 0.7951807228915663,
  "column_score": 0.7349397590361446,
  "time_ms": 2
}