{
  "sum_of_pairs": 0.8518849797919565,
  "column_score": 0.3488372093023256,
  "time_ms": 193
}