{
  "sum_of_pairs": 0.932944832944833,
  "column_score": 0.841025641025641,
  "time_ms": 30
}