{
  "sum_of_pairs": 0.8714859437751004,
  "column_score": 0.8313253012048193,
  "time_ms": 1
}