{
  "sum_of_pairs": 0.8139095876800795,
  "column_score": 0.65424739195231,
  "time_ms": 225
}