{
  "sum_of_pairs": 0.4537037037037037,
  "column_score": 0.2222222222222222,
  "time_ms": 1
}