{
  "sum_of_pairs": 0.8271186440677966,
  "column_score": 0.6384180790960452,
  "time_ms": 76
}