{
  "sum_of_pairs": 0.7957575211673572,
  "column_score": 0.6633039092055486,
  "time_ms": 50
}