{
  "sum_of_pairs": 0.6896091597796143,
  "column_score": 0.42329545454545453,
  "time_ms": 97
}