{
  "sum_of_pairs": 0.9128622055451324,
  "column_score": 0.6747967479674797,
  "time_ms": 76
}