{
  "sum_of_pairs": 0.027823672582974218,
  "column_score": 0.0002658160552897395,
  "time_ms": 8
}