{
  "sum_of_pairs": 0.3725706641157175,
  "column_score": 0.0803848550166149,
  "time_ms": 169
}