{
  "sum_of_pairs": 0.6764625850340136,
  "column_score": 0.09142857142857143,
  "time_ms": 61
}