{
  "sum_of_pairs": 0.6431063804832278,
  "column_score": 0.03571428571428571,
  "time_ms": 153
}