{
  "sum_of_pairs": 0.48136427566807316,
  "column_score": 0.21518987341772153,
  "time_ms": 25
}