{
  "sum_of_pairs": 0.8368576353062183,
  "column_score": 0.16838651502977003,
  "time_ms": 1071
}