{
  "sum_of_pairs": 0.8378161871145866,
  "column_score": 0.14670788887792124,
  "time_ms": 988
}