{
  "sum_of_pairs": 0.8430191997842309,
  "column_score": 0.1607408826507092,
  "time_ms": 461
}