{
  "sum_of_pairs": 0.9185170898960677,
  "column_score": 0.33879781420765026,
  "time_ms": 490
}