{
  "sum_of_pairs": 0.9509299704100324,
  "column_score": 0.37748344370860926,
  "time_ms": 659
}