{
  "sum_of_pairs": 0.9102412917271407,
  "column_score": 0.24305555555555555,
  "time_ms": 387
}