{
  "sum_of_pairs": 0.878743961352657,
  "column_score": 0.5507246376811594,
  "time_ms": 37
}