{
  "sum_of_pairs": 0.939154212240127,
  "column_score": 0.2627118644067797,
  "time_ms": 126
}