{
  "sum_of_pairs": 0.823438997125519,
  "column_score": 0.2722772277227723,
  "time_ms": 648
}