{
  "sum_of_pairs": 0.9458974358974359,
  "column_score": 0.21666666666666667,
  "time_ms": 1024
}