{
  "sum_of_pairs": 0.8388993133184286,
  "column_score": 0.3069306930693069,
  "time_ms": 761
}