{
  "sum_of_pairs": 0.9514883685338231,
  "column_score": 0.29545454545454547,
  "time_ms": 1840
}