{
  "sum_of_pairs": 0.9266050281360515,
  "column_score": 0.07239819004524888,
  "time_ms": 3354
}