{
  "sum_of_pairs": 0.7479735318444996,
  "column_score": 0.11538461538461539,
  "time_ms": 244
}