{
  "sum_of_pairs": 0.7365884120757957,
  "column_score": 0.008064516129032258,
  "time_ms": 1231
}