{
  "sum_of_pairs": 0.9492273730684326,
  "column_score": 0.37748344370860926,
  "time_ms": 1491
}