{
  "sum_of_pairs": 0.9272851851417524,
  "column_score": 0.07239819004524888,
  "time_ms": 1421
}