{
  "sum_of_pairs": 0.9084931386347642,
  "column_score": 0.5892857142857143,
  "time_ms": 332
}