{
  "sum_of_pairs": 0.96522938032372,
  "column_score": 0.4594594594594595,
  "time_ms": 1072
}