{
  "sum_of_pairs": 0.8453161151466236,
  "column_score": 0.0761904761904762,
  "time_ms": 579
}