{
  "sum_of_pairs": 0.9639011365863218,
  "column_score": 0.10317460317460317,
  "time_ms": 4420
}