{
  "sum_of_pairs": 0.8494538606403014,
  "column_score": 0.12380952380952381,
  "time_ms": 282
}