{
  "sum_of_pairs": 0.9420847362514029,
  "column_score": 0.17083333333333334,
  "time_ms": 4256
}