{
  "sum_of_pairs": 0.9696716564198521,
  "column_score": 0.6064814814814815,
  "time_ms": 7319
}