{
  "sum_of_pairs": 0.9284092869910758,
  "column_score": 0.15384615384615385,
  "time_ms": 4541
}