{
  "sum_of_pairs": 0.8275110628705018,
  "column_score": 0.2305084745762712,
  "time_ms": 2626
}