{
  "sum_of_pairs": 0.9086286486050636,
  "column_score": 0.24305555555555555,
  "time_ms": 929
}