{
  "sum_of_pairs": 0.9473192898407778,
  "column_score": 0.32450331125827814,
  "time_ms": 966
}