{
  "sum_of_pairs": 0.9222415086253081,
  "column_score": 0.34972677595628415,
  "time_ms": 258
}