{
  "sum_of_pairs": 0.9684165297372844,
  "column_score": 0.4864864864864865,
  "time_ms": 425
}