{
  "sum_of_pairs": 0.9231158255651988,
  "column_score": 0.34972677595628415,
  "time_ms": 1154
}