{
  "sum_of_pairs": 0.8668119451170299,
  "column_score": 0.12380952380952381,
  "time_ms": 852
}