{
  "sum_of_pairs": 0.7879911842175993,
  "column_score": 0.27358490566037735,
  "time_ms": 291
}