{
  "sum_of_pairs": 0.8215663354763296,
  "column_score": 0.2271186440677966,
  "time_ms": 1124
}