{
  "sum_of_pairs": 0.7569065343258892,
  "column_score": 0.14102564102564102,
  "time_ms": 69
}