{
  "sum_of_pairs": 0.9155375087248917,
  "column_score": 0.26717557251908397,
  "time_ms": 2437
}