{
  "sum_of_pairs": 0.9135654062198784,
  "column_score": 0.2748091603053435,
  "time_ms": 2113
}