{
  "sum_of_pairs": 0.9641906057000397,
  "column_score": 0.43243243243243246,
  "time_ms": 813
}