{
  "sum_of_pairs": 0.7343588392560935,
  "column_score": 0.008064516129032258,
  "time_ms": 1329
}