{
  "sum_of_pairs": 0.8951086956521739,
  "column_score": 0.6376811594202898,
  "time_ms": 23
}