{
  "sum_of_pairs": 0.7465674110835401,
  "column_score": 0.14102564102564102,
  "time_ms": 304
}