{
  "sum_of_pairs": 0.6077321302485689,
  "column_score": 0.011051294257164451,
  "time_ms": 293
}