{
  "sum_of_pairs": 0.7199059544968206,
  "column_score": 0.3476197838286722,
  "time_ms": 356
}