{
  "sum_of_pairs": 0.8353661674643611,
  "column_score": 0.6614173228346457,
  "time_ms": 40
}