{
  "sum_of_pairs": 0.5201277480689246,
  "column_score": 0.09090909090909091,
  "time_ms": 71
}