{
  "sum_of_pairs": 0.8338222428078843,
  "column_score": 0.6614173228346457,
  "time_ms": 63
}