{
  "sum_of_pairs": 0.7384015031073855,
  "column_score": 0.20270270270270271,
  "time_ms": 647
}