{
  "sum_of_pairs": 0.8805792725253366,
  "column_score": 0.3979591836734694,
  "time_ms": 1755
}