{
  "sum_of_pairs": 0.7688079793541187,
  "column_score": 0.20987654320987653,
  "time_ms": 1789
}