{
  "sum_of_pairs": 0.8608050173788143,
  "column_score": 0.6039603960396039,
  "time_ms": 693
}