{
  "sum_of_pairs": 0.8610582010582011,
  "column_score": 0.21333333333333335,
  "time_ms": 321
}