{
  "sum_of_pairs": 0.5674739195230999,
  "column_score": 0.18442622950819673,
  "time_ms": 85
}