{
  "sum_of_pairs": 0.5787063178367526,
  "column_score": 0.12698412698412698,
  "time_ms": 73
}