{
  "sum_of_pairs": 0.676724259025144,
  "column_score": 0.2831858407079646,
  "time_ms": 504
}