{
  "sum_of_pairs": 0.8666313932980599,
  "column_score": 0.25333333333333335,
  "time_ms": 166
}