{
  "sum_of_pairs": 0.8826617381646537,
  "column_score": 0.4387755102040816,
  "time_ms": 1320
}