{
  "sum_of_pairs": 0.8747198480531814,
  "column_score": 0.7901234567901234,
  "time_ms": 73
}