{
  "sum_of_pairs": 0.9263609246830723,
  "column_score": 0.8120805369127517,
  "time_ms": 26
}