{
  "sum_of_pairs": 0.5709388971684054,
  "column_score": 0.19057377049180327,
  "time_ms": 51
}