{
  "sum_of_pairs": 0.9368008948545862,
  "column_score": 0.8422818791946308,
  "time_ms": 16
}