{
  "sum_of_pairs": 0.7105337022334496,
  "column_score": 0.2331288343558282,
  "time_ms": 123
}