{
  "sum_of_pairs": 0.7678384599288554,
  "column_score": 0.20987654320987653,
  "time_ms": 2474
}