{
  "sum_of_pairs": 0.7399551958375488,
  "column_score": 0.20945945945945946,
  "time_ms": 410
}