{
  "sum_of_pairs": 0.8744539411206078,
  "column_score": 0.7901234567901234,
  "time_ms": 140
}