{
  "sum_of_pairs": 0.517825311942959,
  "column_score": 0.08080808080808081,
  "time_ms": 119
}