{
  "sum_of_pairs": 0.37752837869347194,
  "column_score": 0.08171905977081811,
  "time_ms": 133
}