{
  "sum_of_pairs": 0.37757156732990566,
  "column_score": 0.08171905977081811,
  "time_ms": 60
}