{
  "sum_of_pairs": 0.30586464710299255,
  "column_score": 0.03790238789359151,
  "time_ms": 125
}