{
  "sum_of_pairs": 0.8244881733253826,
  "column_score": 0.43023255813953487,
  "time_ms": 121
}