{
  "sum_of_pairs": 0.3851880877742947,
  "column_score": 0.21551724137931033,
  "time_ms": 29
}