{
  "sum_of_pairs": 0.45745428973277075,
  "column_score": 0.08227848101265822,
  "time_ms": 15
}