{
  "sum_of_pairs": 0.5327004219409283,
  "column_score": 0.16455696202531644,
  "time_ms": 9
}