{
  "sum_of_pairs": 0.4679711157698579,
  "column_score": 0.14583333333333334,
  "time_ms": 434
}