{
  "sum_of_pairs": 0.571780147662018,
  "column_score": 0.21069182389937108,
  "time_ms": 181
}