{
  "sum_of_pairs": 0.549859454271219,
  "column_score": 0.16826923076923078,
  "time_ms": 370
}