{
  "sum_of_pairs": 0.44557645419714387,
  "column_score": 0.33620689655172414,
  "time_ms": 18
}