{
  "sum_of_pairs": 0.44873222016079156,
  "column_score": 0.022857142857142857,
  "time_ms": 39
}