{
  "sum_of_pairs": 0.6967708255649191,
  "column_score": 0.5911949685534591,
  "time_ms": 80
}