{
  "sum_of_pairs": 0.36180371352785146,
  "column_score": 0.2482758620689655,
  "time_ms": 18
}