{
  "sum_of_pairs": 0.5314057172829793,
  "column_score": 0.14634146341463414,
  "time_ms": 91
}