{
  "sum_of_pairs": 0.6582737452779277,
  "column_score": 0.286697247706422,
  "time_ms": 98
}