{
  "sum_of_pairs": 0.3204893765238593,
  "column_score": 0.04310344827586207,
  "time_ms": 31
}