{
  "sum_of_pairs": 0.4790703549324239,
  "column_score": 0.12087912087912088,
  "time_ms": 154
}