{
  "sum_of_pairs": 0.6783026581052563,
  "column_score": 0.007251153592617007,
  "time_ms": 325
}