{
  "sum_of_pairs": 0.9413642123813201,
  "column_score": 0.20833333333333334,
  "time_ms": 1464
}