{
  "sum_of_pairs": 0.8989225074130734,
  "column_score": 0.0472972972972973,
  "time_ms": 342
}