{
  "sum_of_pairs": 0.22221694707904466,
  "column_score": 0.061919674725044886,
  "time_ms": 13
}