{
  "sum_of_pairs": 0.2507010273893061,
  "column_score": 0.07599728333365631,
  "time_ms": 5
}