{
  "sum_of_pairs": 0.12952898550724637,
  "column_score": 0.03804347826086957,
  "time_ms": 5
}