{
  "sum_of_pairs": 0.17087542087542087,
  "column_score": 0.06565656565656566,
  "time_ms": 4
}