{
  "sum_of_pairs": 0.3099656357388316,
  "column_score": 0.07216494845360824,
  "time_ms": 10
}