{
  "sum_of_pairs": 0.2918918918918919,
  "column_score": 0.13513513513513514,
  "time_ms": 1
}