{
  "sum_of_pairs": 0.564625850340136,
  "column_score": 0.5306122448979592,
  "time_ms": 2
}