{
  "sum_of_pairs": 0.35209713024282563,
  "column_score": 0.271523178807947,
  "time_ms": 3
}