{
  "sum_of_pairs": 0.46679946879150064,
  "column_score": 0.3386454183266932,
  "time_ms": 3
}