{
  "sum_of_pairs": 0.36799037304452464,
  "column_score": 0.19133574007220217,
  "time_ms": 15
}