{
  "sum_of_pairs": 0.17844202898550723,
  "column_score": 0.059782608695652176,
  "time_ms": 3
}