{
  "sum_of_pairs": 0.5034391534391535,
  "column_score": 0.22962962962962963,
  "time_ms": 9
}