{
  "sum_of_pairs": 0.31666666666666665,
  "column_score": 0.03333333333333333,
  "time_ms": 1
}