{
  "sum_of_pairs": 0.29444444444444445,
  "column_score": 0.03333333333333333,
  "time_ms": 2
}