{
  "sum_of_pairs": 0.2112794612794613,
  "column_score": 0.0707070707070707,
  "time_ms": 4
}