{
  "sum_of_pairs": 0.202991452991453,
  "column_score": 0.14102564102564102,
  "time_ms": 17
}