{
  "sum_of_pairs": 0.29714397496087636,
  "column_score": 0.14084507042253522,
  "time_ms": 12
}