{
  "sum_of_pairs": 0.5374823196605375,
  "column_score": 0.06930693069306931,
  "time_ms": 66
}