{
  "sum_of_pairs": 0.3120274914089347,
  "column_score": 0.07216494845360824,
  "time_ms": 36
}