{
  "sum_of_pairs": 0.26282051282051283,
  "column_score": 0.19230769230769232,
  "time_ms": 7
}