{
  "sum_of_pairs": 0.35103383458646614,
  "column_score": 0.21052631578947367,
  "time_ms": 9
}