{
  "sum_of_pairs": 0.31768388106416273,
  "column_score": 0.14084507042253522,
  "time_ms": 26
}