{
  "sum_of_pairs": 0.4304635761589404,
  "column_score": 0.33774834437086093,
  "time_ms": 2
}