{
  "sum_of_pairs": 0.49444444444444446,
  "column_score": 0.22962962962962963,
  "time_ms": 15
}