{
  "sum_of_pairs": 0.2811032863849765,
  "column_score": 0.11971830985915492,
  "time_ms": 26
}