{
  "sum_of_pairs": 0.2264957264957265,
  "column_score": 0.16666666666666666,
  "time_ms": 4
}