{
  "sum_of_pairs": 0.4077025232403719,
  "column_score": 0.2908366533864542,
  "time_ms": 6
}