{
  "sum_of_pairs": 0.6283320639756284,
  "column_score": 0.36633663366336633,
  "time_ms": 68
}