{
  "sum_of_pairs": 0.49391553840549346,
  "column_score": 0.01692041977283813,
  "time_ms": 660
}