{
  "sum_of_pairs": 0.5772898054604659,
  "column_score": 0.02711864406779661,
  "time_ms": 974
}