{
  "sum_of_pairs": 0.7537414965986394,
  "column_score": 0.02857142857142857,
  "time_ms": 91
}