{
  "sum_of_pairs": 0.688081573308846,
  "column_score": 0.21212121212121213,
  "time_ms": 1058
}