{
  "sum_of_pairs": 0.6316740423931014,
  "column_score": 0.30092592592592593,
  "time_ms": 2699
}