{
  "sum_of_pairs": 0.538344883145702,
  "column_score": 0.04902970917414963,
  "time_ms": 652
}