{
  "sum_of_pairs": 0.7217386414754836,
  "column_score": 0.15204678362573099,
  "time_ms": 428
}