{
  "sum_of_pairs": 0.6641433358290476,
  "column_score": 0.23300970873786409,
  "time_ms": 2145
}