{
  "sum_of_pairs": 0.7804569545049242,
  "column_score": 0.05555555555555555,
  "time_ms": 1877
}