{
  "sum_of_pairs": 0.4822557122022363,
  "column_score": 0.19480519480519481,
  "time_ms": 93
}