{
  "sum_of_pairs": 0.7774192084241104,
  "column_score": 0.20588235294117646,
  "time_ms": 776
}