{
  "sum_of_pairs": 0.5834302951950011,
  "column_score": 0.2171945701357466,
  "time_ms": 205
}