{
  "sum_of_pairs": 0.5615153788447111,
  "column_score": 0.1434108527131783,
  "time_ms": 138
}