{
  "sum_of_pairs": 0.6501207399036459,
  "column_score": 0.08695652173913043,
  "time_ms": 1477
}