{
  "sum_of_pairs": 0.3708986715187005,
  "column_score": 0.010869691842394329,
  "time_ms": 856
}