{
  "sum_of_pairs": 0.41289658470906343,
  "column_score": 0.02805363338879309,
  "time_ms": 461
}