{
  "sum_of_pairs": 0.41279870872883445,
  "column_score": 0.02805363338879309,
  "time_ms": 1027
}