{
  "sum_of_pairs": 0.4127987087288345,
  "column_score": 0.02805363338879309,
  "time_ms": 1031
}