{
  "sum_of_pairs": 0.7434869873329794,
  "column_score": 0.3888888888888889,
  "time_ms": 6432
}