{
  "sum_of_pairs": 0.7542525967183501,
  "column_score": 0.0273972602739726,
  "time_ms": 762
}