{
  "sum_of_pairs": 0.5802362554986243,
  "column_score": 0.02197802197802198,
  "time_ms": 4139
}