{
  "sum_of_pairs": 0.5755357603132326,
  "column_score": 0.07766990291262135,
  "time_ms": 2776
}