{
  "sum_of_pairs": 0.6059294871794871,
  "column_score": 0.017543859649122806,
  "time_ms": 330
}