{
  "sum_of_pairs": 0.7507560932218467,
  "column_score": 0.0273972602739726,
  "time_ms": 1789
}