{
  "sum_of_pairs": 0.721869454746167,
  "column_score": 0.0136986301369863,
  "time_ms": 1528
}