{
  "sum_of_pairs": 0.63226160814012,
  "column_score": 0.22330097087378642,
  "time_ms": 1455
}