{
  "sum_of_pairs": 0.49054592504521116,
  "column_score": 0.25219924859414894,
  "time_ms": 32
}