{
  "sum_of_pairs": 0.3996090973702914,
  "column_score": 0.07462686567164178,
  "time_ms": 41
}