{
  "sum_of_pairs": 0.4544930875576037,
  "column_score": 0.1693548387096774,
  "time_ms": 14
}