{
  "sum_of_pairs": 0.5012667660208644,
  "column_score": 0.26229508196721313,
  "time_ms": 43
}