{
  "sum_of_pairs": 0.3871951219512195,
  "column_score": 0.3170731707317073,
  "time_ms": 8
}