{
  "sum_of_pairs": 0.5055478502080444,
  "column_score": 0.21844660194174756,
  "time_ms": 15
}