{
  "sum_of_pairs": 0.7754262198706643,
  "column_score": 0.5185185185185185,
  "time_ms": 9
}