{
  "sum_of_pairs": 0.7241602067183462,
  "column_score": 0.37209302325581395,
  "time_ms": 4
}