{
  "sum_of_pairs": 0.519327731092437,
  "column_score": 0.2689075630252101,
  "time_ms": 36
}