{
  "sum_of_pairs": 0.3416058394160584,
  "column_score": 0.1678832116788321,
  "time_ms": 7
}