{
  "sum_of_pairs": 0.6810506566604128,
  "column_score": 0.1951219512195122,
  "time_ms": 52
}