{
  "sum_of_pairs": 0.3588235294117647,
  "column_score": 0.21568627450980393,
  "time_ms": 17
}