{
  "sum_of_pairs": 0.5460308449238338,
  "column_score": 0.15498154981549817,
  "time_ms": 89
}