{
  "sum_of_pairs": 0.7210357603763373,
  "column_score": 0.3375796178343949,
  "time_ms": 77
}