{
  "sum_of_pairs": 0.15141129032258063,
  "column_score": 0.14112903225806453,
  "time_ms": 23
}