{
  "sum_of_pairs": 0.5988334674175382,
  "column_score": 0.3008849557522124,
  "time_ms": 49
}