{
  "sum_of_pairs": 0.35592120971473235,
  "column_score": 0.04341752679274247,
  "time_ms": 102
}