{
  "sum_of_pairs": 0.5204918032786885,
  "column_score": 0.12295081967213115,
  "time_ms": 37
}