{
  "sum_of_pairs": 0.5872153989801049,
  "column_score": 0.22624434389140272,
  "time_ms": 272
}