{
  "sum_of_pairs": 0.6268895856489467,
  "column_score": 0.3909372478391124,
  "time_ms": 65
}