{
  "sum_of_pairs": 0.6438152011922503,
  "column_score": 0.38524590163934425,
  "time_ms": 37
}