{
  "sum_of_pairs": 0.777027027027027,
  "column_score": 0.6486486486486487,
  "time_ms": 10
}