{
  "sum_of_pairs": 0.8336272780717225,
  "column_score": 0.7839506172839507,
  "time_ms": 10
}