{
  "sum_of_pairs": 0.7021889400921659,
  "column_score": 0.3951612903225806,
  "time_ms": 15
}