{
  "sum_of_pairs": 0.46862745098039216,
  "column_score": 0.21568627450980393,
  "time_ms": 16
}