{
  "sum_of_pairs": 0.5442386831275721,
  "column_score": 0.14814814814814814,
  "time_ms": 13
}