{
  "sum_of_pairs": 0.6674060928719314,
  "column_score": 0.5217391304347826,
  "time_ms": 102
}