{
  "sum_of_pairs": 0.8792540792540793,
  "column_score": 0.5794871794871795,
  "time_ms": 139
}