{
  "sum_of_pairs": 0.7574764033780427,
  "column_score": 0.6229508196721312,
  "time_ms": 82
}