{
  "sum_of_pairs": 0.652720230589083,
  "column_score": 0.5233291298865069,
  "time_ms": 201
}