{
  "sum_of_pairs": 0.7753694581280788,
  "column_score": 0.6157635467980296,
  "time_ms": 52
}