{
  "sum_of_pairs": 0.7229921819474058,
  "column_score": 0.5223880597014925,
  "time_ms": 47
}