{
  "sum_of_pairs": 0.6034136546184738,
  "column_score": 0.536144578313253,
  "time_ms": 8
}