{
  "sum_of_pairs": 0.22379032258064516,
  "column_score": 0.20161290322580644,
  "time_ms": 67
}