{
  "sum_of_pairs": 0.44525547445255476,
  "column_score": 0.15328467153284672,
  "time_ms": 7
}