{
  "sum_of_pairs": 0.6752567693744165,
  "column_score": 0.48739495798319327,
  "time_ms": 32
}