{
  "sum_of_pairs": 0.8608352431881844,
  "column_score": 0.44285714285714284,
  "time_ms": 170
}