{
  "sum_of_pairs": 0.4671232876712329,
  "column_score": 0.1780821917808219,
  "time_ms": 63
}