{
  "sum_of_pairs": 0.502970041322314,
  "column_score": 0.26704545454545453,
  "time_ms": 134
}