{
  "sum_of_pairs": 0.8712792972815453,
  "column_score": 0.6942675159235668,
  "time_ms": 96
}