{
  "sum_of_pairs": 0.8324388789505068,
  "column_score": 0.38372093023255816,
  "time_ms": 323
}