{
  "sum_of_pairs": 0.2637931034482759,
  "column_score": 0.1413793103448276,
  "time_ms": 22
}