{
  "sum_of_pairs": 0.655229283990346,
  "column_score": 0.3163716814159292,
  "time_ms": 72
}