{
  "sum_of_pairs": 0.7027506654835848,
  "column_score": 0.5714285714285714,
  "time_ms": 22
}