{
  "sum_of_pairs": 0.6935850127732046,
  "column_score": 0.28413284132841327,
  "time_ms": 81
}