{
  "sum_of_pairs": 0.6722459036210113,
  "column_score": 0.026517687205124988,
  "time_ms": 652
}