{
  "sum_of_pairs": 0.7116055773566001,
  "column_score": 0.16610169491525423,
  "time_ms": 949
}