{
  "sum_of_pairs": 0.9116939890710383,
  "column_score": 0.23497267759562843,
  "time_ms": 335
}