{
  "sum_of_pairs": 0.9190323119312015,
  "column_score": 0.07627118644067797,
  "time_ms": 153
}