{
  "sum_of_pairs": 0.35027448162470654,
  "column_score": 0.0724101740276721,
  "time_ms": 68
}