{
  "sum_of_pairs": 0.30228065336365195,
  "column_score": 0.046739939512308835,
  "time_ms": 126
}