{
  "sum_of_pairs": 0.8937586960842775,
  "column_score": 0.5930232558139535,
  "time_ms": 117
}