{
  "sum_of_pairs": 0.8964089312926522,
  "column_score": 0.627906976744186,
  "time_ms": 67
}