{
  "sum_of_pairs": 0.7887884511602806,
  "column_score": 0.6146788990825688,
  "time_ms": 63
}