{
  "sum_of_pairs": 0.7114258254183627,
  "column_score": 0.178125,
  "time_ms": 749
}