{
  "sum_of_pairs": 0.7402185644900162,
  "column_score": 0.43119266055045874,
  "time_ms": 107
}