{
  "sum_of_pairs": 0.49313543599257886,
  "column_score": 0.06857142857142857,
  "time_ms": 42
}