{
  "sum_of_pairs": 0.6289490049751244,
  "column_score": 0.04375,
  "time_ms": 1374
}