{
  "sum_of_pairs": 0.41004876349703934,
  "column_score": 0.22126436781609196,
  "time_ms": 32
}