{
  "sum_of_pairs": 0.4072348484848485,
  "column_score": 0.11931818181818182,
  "time_ms": 33
}