{
  "sum_of_pairs": 0.3879310344827586,
  "column_score": 0.06896551724137931,
  "time_ms": 36
}