{
  "sum_of_pairs": 0.6433889919604205,
  "column_score": 0.2571428571428571,
  "time_ms": 25
}