{
  "sum_of_pairs": 0.4381153305203938,
  "column_score": 0.2721518987341772,
  "time_ms": 16
}