{
  "sum_of_pairs": 0.4893447426164157,
  "column_score": 0.011429710640236955,
  "time_ms": 860
}