{
  "sum_of_pairs": 0.5322966507177034,
  "column_score": 0.13636363636363635,
  "time_ms": 12
}