{
  "sum_of_pairs": 0.3367965367965368,
  "column_score": 0.06818181818181818,
  "time_ms": 39
}