{
  "sum_of_pairs": 0.7243336707152497,
  "column_score": 0.05263157894736842,
  "time_ms": 570
}