{
  "sum_of_pairs": 0.7763714517180815,
  "column_score": 0.3864930862104683,
  "time_ms": 194
}