{
  "sum_of_pairs": 0.7676026638377909,
  "column_score": 0.3624692425009646,
  "time_ms": 355
}