{
  "sum_of_pairs": 0.9037710990131006,
  "column_score": 0.7421383647798742,
  "time_ms": 359
}