{
  "sum_of_pairs": 0.9260996155585708,
  "column_score": 0.496875,
  "time_ms": 2590
}