{
  "sum_of_pairs": 0.8304545454545454,
  "column_score": 0.4659090909090909,
  "time_ms": 156
}