{
  "sum_of_pairs": 0.7664576802507836,
  "column_score": 0.6436781609195402,
  "time_ms": 38
}