{
  "sum_of_pairs": 0.9520367458653622,
  "column_score": 0.6458333333333334,
  "time_ms": 1502
}