{
  "sum_of_pairs": 0.8193415637860082,
  "column_score": 0.7283950617283951,
  "time_ms": 18
}