{
  "sum_of_pairs": 0.8360504743483467,
  "column_score": 0.3333333333333333,
  "time_ms": 69
}