{
  "sum_of_pairs": 0.7986394557823129,
  "column_score": 0.5346938775510204,
  "time_ms": 64
}