{
  "sum_of_pairs": 0.7569226750261233,
  "column_score": 0.6264367816091954,
  "time_ms": 101
}