{
  "sum_of_pairs": 0.7217592592592592,
  "column_score": 0.31666666666666665,
  "time_ms": 13
}