{
  "sum_of_pairs": 0.8234940455543993,
  "column_score": 0.1935483870967742,
  "time_ms": 99
}