{
  "sum_of_pairs": 0.8642705333881805,
  "column_score": 0.41346153846153844,
  "time_ms": 402
}