{
  "sum_of_pairs": 0.9338741230437129,
  "column_score": 0.7821100917431193,
  "time_ms": 115
}