{
  "sum_of_pairs": 0.7290521978021978,
  "column_score": 0.4230769230769231,
  "time_ms": 143
}