{
  "sum_of_pairs": 0.8970528413944596,
  "column_score": 0.3269230769230769,
  "time_ms": 1600
}