{
  "sum_of_pairs": 0.8011441963054866,
  "column_score": 0.5887096774193549,
  "time_ms": 407
}