{
  "sum_of_pairs": 0.9074502200014916,
  "column_score": 0.7767295597484277,
  "time_ms": 184
}