{
  "sum_of_pairs": 0.8090290661719233,
  "column_score": 0.5755102040816327,
  "time_ms": 28
}