{
  "sum_of_pairs": 0.7379239013225941,
  "column_score": 0.06172839506172839,
  "time_ms": 254
}