{
  "sum_of_pairs": 0.8609321712769988,
  "column_score": 0.6827586206896552,
  "time_ms": 31
}