{
  "sum_of_pairs": 0.8335227272727272,
  "column_score": 0.4659090909090909,
  "time_ms": 73
}