{
  "sum_of_pairs": 0.8474499089253188,
  "column_score": 0.5409836065573771,
  "time_ms": 4
}