{
  "sum_of_pairs": 0.9725829725829725,
  "column_score": 0.8181818181818182,
  "time_ms": 133
}