{
  "sum_of_pairs": 0.946780436312456,
  "column_score": 0.6964285714285714,
  "time_ms": 113
}