{
  "sum_of_pairs": 0.7798763736263736,
  "column_score": 0.5480769230769231,
  "time_ms": 81
}