{
  "sum_of_pairs": 0.7153538050734313,
  "column_score": 0.40186915887850466,
  "time_ms": 349
}