{
  "sum_of_pairs": 0.7440234714575485,
  "column_score": 0.35294117647058826,
  "time_ms": 155
}