{
  "sum_of_pairs": 0.8233090786282276,
  "column_score": 0.3120567375886525,
  "time_ms": 128
}