{
  "sum_of_pairs": 0.8913308913308914,
  "column_score": 0.7037037037037037,
  "time_ms": 70
}