{
  "sum_of_pairs": 0.621832358674464,
  "column_score": 0.2857142857142857,
  "time_ms": 74
}