{
  "sum_of_pairs": 0.7941279887482419,
  "column_score": 0.4177215189873418,
  "time_ms": 28
}