{
  "sum_of_pairs": 0.9241805813234385,
  "column_score": 0.6457142857142857,
  "time_ms": 88
}