{
  "sum_of_pairs": 0.7354027818023762,
  "column_score": 0.35294117647058826,
  "time_ms": 310
}