{
  "sum_of_pairs": 0.827629745733194,
  "column_score": 0.5258620689655172,
  "time_ms": 71
}