{
  "sum_of_pairs": 0.5762403277196176,
  "column_score": 0.22485207100591717,
  "time_ms": 48
}