{
  "sum_of_pairs": 0.8769230769230769,
  "column_score": 0.7793103448275862,
  "time_ms": 19
}