{
  "sum_of_pairs": 0.628673835125448,
  "column_score": 0.03870967741935484,
  "time_ms": 27
}