{
  "sum_of_pairs": 0.7193604284814115,
  "column_score": 0.34782608695652173,
  "time_ms": 25
}