{
  "sum_of_pairs": 0.6122580645161291,
  "column_score": 0.035483870967741936,
  "time_ms": 69
}