{
  "sum_of_pairs": 0.7716049382716049,
  "column_score": 0.6172839506172839,
  "time_ms": 29
}