{
  "sum_of_pairs": 0.7003736192332684,
  "column_score": 0.4166666666666667,
  "time_ms": 112
}