{
  "sum_of_pairs": 0.5942519019442096,
  "column_score": 0.23668639053254437,
  "time_ms": 29
}