{
  "sum_of_pairs": 0.9713804713804713,
  "column_score": 0.8181818181818182,
  "time_ms": 243
}