{
  "sum_of_pairs": 0.7291666666666666,
  "column_score": 0.31666666666666665,
  "time_ms": 8
}