{
  "sum_of_pairs": 0.8613482106129164,
  "column_score": 0.39903846153846156,
  "time_ms": 853
}