{
  "sum_of_pairs": 0.6567253563300994,
  "column_score": 0.3333333333333333,
  "time_ms": 81
}