{
  "sum_of_pairs": 0.14288706188092473,
  "column_score": 0.03021423948381512,
  "time_ms": 9
}