{
  "sum_of_pairs": 0.1086687963859781,
  "column_score": 0.020187813264563786,
  "time_ms": 10
}