{
  "sum_of_pairs": 0.14187909141653254,
  "column_score": 0.032126710963239366,
  "time_ms": 3
}