{
  "sum_of_pairs": 0.1421586966788753,
  "column_score": 0.03021423948381512,
  "time_ms": 10
}