{
  "sum_of_pairs": 0.14215869667887532,
  "column_score": 0.03021423948381512,
  "time_ms": 26
}