{
  "sum_of_pairs": 0.32560706401766004,
  "column_score": 0.046357615894039736,
  "time_ms": 2
}