{
  "sum_of_pairs": 0.2598639455782313,
  "column_score": 0.15714285714285714,
  "time_ms": 19
}