{
  "sum_of_pairs": 0.42517006802721086,
  "column_score": 0.24489795918367346,
  "time_ms": 1
}