{
  "sum_of_pairs": 0.11531986531986532,
  "column_score": 0.04040404040404041,
  "time_ms": 3
}