{
  "sum_of_pairs": 0.1713598074608905,
  "column_score": 0.02888086642599278,
  "time_ms": 10
}