{
  "sum_of_pairs": 0.20783532536520585,
  "column_score": 0.043824701195219126,
  "time_ms": 2
}