{
  "sum_of_pairs": 0.317989417989418,
  "column_score": 0.13333333333333333,
  "time_ms": 5
}