{
  "sum_of_pairs": 0.25578231292517006,
  "column_score": 0.15714285714285714,
  "time_ms": 2
}