{
  "sum_of_pairs": 0.07093596059113301,
  "column_score": 0.0049261083743842365,
  "time_ms": 7
}