{
  "sum_of_pairs": 0.36889097744360905,
  "column_score": 0.18421052631578946,
  "time_ms": 19
}