{
  "sum_of_pairs": 0.17551020408163265,
  "column_score": 0.08571428571428572,
  "time_ms": 4
}