{
  "sum_of_pairs": 0.25405405405405407,
  "column_score": 0.02702702702702703,
  "time_ms": 2
}