{
  "sum_of_pairs": 0.2112794612794613,
  "column_score": 0.09090909090909091,
  "time_ms": 1
}