{
  "sum_of_pairs": 0.2104913678618858,
  "column_score": 0.043824701195219126,
  "time_ms": 4
}