{
  "sum_of_pairs": 0.26904761904761904,
  "column_score": 0.0962962962962963,
  "time_ms": 22
}