{
  "sum_of_pairs": 0.28289473684210525,
  "column_score": 0.10526315789473684,
  "time_ms": 16
}