{
  "sum_of_pairs": 0.2939153439153439,
  "column_score": 0.05185185185185185,
  "time_ms": 12
}