{
  "sum_of_pairs": 0.2536702767749699,
  "column_score": 0.061371841155234655,
  "time_ms": 30
}