{
  "sum_of_pairs": 0.42517006802721086,
  "column_score": 0.32653061224489793,
  "time_ms": 3
}