{
  "sum_of_pairs": 0.49937162963372606,
  "column_score": 0.13689629693093391,
  "time_ms": 71
}