{
  "sum_of_pairs": 0.48388257575757576,
  "column_score": 0.17045454545454544,
  "time_ms": 31
}