{
  "sum_of_pairs": 0.8198698057204533,
  "column_score": 0.555045871559633,
  "time_ms": 58
}