{
  "sum_of_pairs": 0.773382807668522,
  "column_score": 0.49142857142857144,
  "time_ms": 26
}