{
  "sum_of_pairs": 0.7354122683556181,
  "column_score": 0.07738095238095238,
  "time_ms": 62
}