{
  "sum_of_pairs": 0.6709106984969054,
  "column_score": 0.02197802197802198,
  "time_ms": 59
}