{
  "sum_of_pairs": 0.6919476473328675,
  "column_score": 0.22916666666666666,
  "time_ms": 261
}