{
  "sum_of_pairs": 0.6934389140271493,
  "column_score": 0.32211538461538464,
  "time_ms": 188
}