{
  "sum_of_pairs": 0.38874551971326166,
  "column_score": 0.08709677419354839,
  "time_ms": 14
}