{
  "sum_of_pairs": 0.7660402217416163,
  "column_score": 0.5817610062893082,
  "time_ms": 95
}