{
  "sum_of_pairs": 0.7924609905020352,
  "column_score": 0.178125,
  "time_ms": 737
}