{
  "sum_of_pairs": 0.3619464309946519,
  "column_score": 0.04581654528699546,
  "time_ms": 189
}