{
  "sum_of_pairs": 0.35353949329359163,
  "column_score": 0.08196721311475409,
  "time_ms": 56
}