{
  "sum_of_pairs": 0.6011048559820446,
  "column_score": 0.011338881730872555,
  "time_ms": 260
}