{
  "sum_of_pairs": 0.12595740999875651,
  "column_score": 0.02888633560762377,
  "time_ms": 14
}