{
  "sum_of_pairs": 0.2671380776645309,
  "column_score": 0.08294260036116247,
  "time_ms": 14
}