{
  "sum_of_pairs": 0.26713807766453096,
  "column_score": 0.08294260036116247,
  "time_ms": 6
}