{
  "sum_of_pairs": 0.22387858043595749,
  "column_score": 0.06305170239596469,
  "time_ms": 33
}