{
  "sum_of_pairs": 0.09857723577235772,
  "column_score": 0.042682926829268296,
  "time_ms": 3
}