{
  "sum_of_pairs": 0.235729074238391,
  "column_score": 0.11801242236024845,
  "time_ms": 17
}