{
  "sum_of_pairs": 0.29515840306398566,
  "column_score": 0.05732484076433121,
  "time_ms": 31
}