{
  "sum_of_pairs": 0.3135330578512397,
  "column_score": 0.13636363636363635,
  "time_ms": 23
}