{
  "sum_of_pairs": 0.5398907103825137,
  "column_score": 0.32190760059612517,
  "time_ms": 36
}