{
  "sum_of_pairs": 0.14735772357723578,
  "column_score": 0.10975609756097561,
  "time_ms": 8
}