{
  "sum_of_pairs": 0.2105885832593907,
  "column_score": 0.13664596273291926,
  "time_ms": 14
}