{
  "sum_of_pairs": 0.14285714285714285,
  "column_score": 0.06722689075630252,
  "time_ms": 12
}