{
  "sum_of_pairs": 0.4500147885241053,
  "column_score": 0.36231884057971014,
  "time_ms": 11
}