{
  "sum_of_pairs": 0.2602822580645161,
  "column_score": 0.10080645161290322,
  "time_ms": 12
}