{
  "sum_of_pairs": 0.26937406855439644,
  "column_score": 0.0942622950819672,
  "time_ms": 9
}