{
  "sum_of_pairs": 0.3414141414141414,
  "column_score": 0.08205128205128205,
  "time_ms": 17
}