{
  "sum_of_pairs": 0.19050683829444892,
  "column_score": 0.046460176991150445,
  "time_ms": 54
}