{
  "sum_of_pairs": 0.1743715564738292,
  "column_score": 0.028409090909090908,
  "time_ms": 63
}