{
  "sum_of_pairs": 0.2880597014925373,
  "column_score": 0.20597014925373133,
  "time_ms": 11
}