{
  "sum_of_pairs": 0.13225806451612904,
  "column_score": 0.056451612903225805,
  "time_ms": 22
}