{
  "sum_of_pairs": 0.119195504288672,
  "column_score": 0.06832298136645963,
  "time_ms": 8
}