{
  "sum_of_pairs": 0.6066502463054187,
  "column_score": 0.49261083743842365,
  "time_ms": 19
}