{
  "sum_of_pairs": 0.2668322569961914,
  "column_score": 0.12518628912071536,
  "time_ms": 32
}