{
  "sum_of_pairs": 0.3813867107413939,
  "column_score": 0.029658922252886303,
  "time_ms": 559
}