{
  "sum_of_pairs": 0.40437158469945356,
  "column_score": 0.03278688524590164,
  "time_ms": 5
}