{
  "sum_of_pairs": 0.5702508960573477,
  "column_score": 0.1064516129032258,
  "time_ms": 75
}