{
  "sum_of_pairs": 0.5936955764541971,
  "column_score": 0.2988505747126437,
  "time_ms": 66
}