{
  "sum_of_pairs": 0.6116887208569628,
  "column_score": 0.34782608695652173,
  "time_ms": 58
}