{
  "sum_of_pairs": 0.7120519446100841,
  "column_score": 0.09302325581395349,
  "time_ms": 291
}