{
  "sum_of_pairs": 0.7339365329137162,
  "column_score": 0.23577235772357724,
  "time_ms": 305
}