{
  "sum_of_pairs": 0.5086642284918147,
  "column_score": 0.07471264367816093,
  "time_ms": 84
}