{
  "sum_of_pairs": 0.45855723494585204,
  "column_score": 0.1123951651239071,
  "time_ms": 84
}