{
  "sum_of_pairs": 0.38852143728304717,
  "column_score": 0.17105263157894737,
  "time_ms": 64
}