{
  "sum_of_pairs": 0.525208986415883,
  "column_score": 0.3218390804597701,
  "time_ms": 21
}