{
  "sum_of_pairs": 0.8104755512466751,
  "column_score": 0.6383647798742138,
  "time_ms": 108
}