{
  "sum_of_pairs": 0.6799010513296228,
  "column_score": 0.30857142857142855,
  "time_ms": 29
}