{
  "sum_of_pairs": 0.837796815974096,
  "column_score": 0.6467889908256881,
  "time_ms": 68
}