{
  "sum_of_pairs": 0.6044494720965309,
  "column_score": 0.21153846153846154,
  "time_ms": 237
}