{
  "sum_of_pairs": 0.9354999006161797,
  "column_score": 0.7209302325581395,
  "time_ms": 71
}