{
  "sum_of_pairs": 0.723429714135851,
  "column_score": 0.5203252032520326,
  "time_ms": 75
}