{
  "sum_of_pairs": 0.5694444444444444,
  "column_score": 0.310126582278481,
  "time_ms": 10
}