{
  "sum_of_pairs": 0.824400723654455,
  "column_score": 0.209375,
  "time_ms": 831
}