{
  "sum_of_pairs": 0.4937300662968004,
  "column_score": 0.14945343951263668,
  "time_ms": 91
}