{
  "sum_of_pairs": 0.6948812019566737,
  "column_score": 0.2916666666666667,
  "time_ms": 315
}