{
  "sum_of_pairs": 0.5416092270930981,
  "column_score": 0.1693548387096774,
  "time_ms": 100
}