{
  "sum_of_pairs": 0.7433732113535069,
  "column_score": 0.17261904761904762,
  "time_ms": 79
}