{
  "sum_of_pairs": 0.5475879484500175,
  "column_score": 0.4224137931034483,
  "time_ms": 28
}