{
  "sum_of_pairs": 0.26003086419753085,
  "column_score": 0.16666666666666666,
  "time_ms": 35
}