{
  "sum_of_pairs": 0.5011339136801854,
  "column_score": 0.0673076923076923,
  "time_ms": 434
}