{
  "sum_of_pairs": 0.4043765831691528,
  "column_score": 0.18421052631578946,
  "time_ms": 76
}