{
  "sum_of_pairs": 0.5117992424242425,
  "column_score": 0.2159090909090909,
  "time_ms": 49
}