{
  "sum_of_pairs": 0.7748530076888286,
  "column_score": 0.18125,
  "time_ms": 801
}