{
  "sum_of_pairs": 0.6217006033182504,
  "column_score": 0.27884615384615385,
  "time_ms": 196
}