{
  "sum_of_pairs": 0.705182436611008,
  "column_score": 0.2057142857142857,
  "time_ms": 35
}