{
  "sum_of_pairs": 0.822703049109552,
  "column_score": 0.6353211009174312,
  "time_ms": 76
}