{
  "sum_of_pairs": 0.4284198560060629,
  "column_score": 0.1793103448275862,
  "time_ms": 16
}