{
  "sum_of_pairs": 0.7986302731995923,
  "column_score": 0.6761006289308176,
  "time_ms": 111
}