{
  "sum_of_pairs": 0.23176895306859205,
  "column_score": 0.08303249097472924,
  "time_ms": 10
}