{
  "sum_of_pairs": 0.5681727823389225,
  "column_score": 0.0006775067750677507,
  "time_ms": 535
}