{
  "sum_of_pairs": 0.8947102676052154,
  "column_score": 0.08333333333333333,
  "time_ms": 1311
}