{
  "sum_of_pairs": 0.14068969618938287,
  "column_score": 0.021544123697884773,
  "time_ms": 7
}