{
  "sum_of_pairs": 0.1079717161676162,
  "column_score": 0.01419037382478726,
  "time_ms": 10
}