{
  "sum_of_pairs": 0.34294418452834297,
  "column_score": 0.07920792079207921,
  "time_ms": 43
}