{
  "sum_of_pairs": 0.24392935982339956,
  "column_score": 0.10596026490066225,
  "time_ms": 2
}