{
  "sum_of_pairs": 0.3189845474613687,
  "column_score": 0.17218543046357615,
  "time_ms": 1
}