{
  "sum_of_pairs": 0.38222173865738224,
  "column_score": 0.13861386138613863,
  "time_ms": 23
}