{
  "sum_of_pairs": 0.35908543922984354,
  "column_score": 0.18050541516245489,
  "time_ms": 8
}