{
  "sum_of_pairs": 0.2883273164861613,
  "column_score": 0.10469314079422383,
  "time_ms": 11
}