{
  "sum_of_pairs": 0.6794200961870939,
  "column_score": 0.024916076770977184,
  "time_ms": 339
}