{
  "sum_of_pairs": 0.8966044082885339,
  "column_score": 0.06787330316742081,
  "time_ms": 966
}