{
  "sum_of_pairs": 0.9388284970348589,
  "column_score": 0.44907407407407407,
  "time_ms": 1541
}