{
  "sum_of_pairs": 0.9022465862088503,
  "column_score": 0.0472972972972973,
  "time_ms": 311
}