{
  "sum_of_pairs": 0.6945729314519495,
  "column_score": 0.0847457627118644,
  "time_ms": 457
}