{
  "sum_of_pairs": 0.5782415683948033,
  "column_score": 0.1597922830855076,
  "time_ms": 115
}