{
  "sum_of_pairs": 0.9043715846994536,
  "column_score": 0.9016393442622951,
  "time_ms": 4
}