{
  "sum_of_pairs": 0.7765912532028885,
  "column_score": 0.34375,
  "time_ms": 435
}