{
  "sum_of_pairs": 0.6784458509142054,
  "column_score": 0.3291139240506329,
  "time_ms": 16
}