{
  "sum_of_pairs": 0.6779432253570185,
  "column_score": 0.27873563218390807,
  "time_ms": 36
}