{
  "sum_of_pairs": 0.6848674242424242,
  "column_score": 0.1590909090909091,
  "time_ms": 93
}