{
  "sum_of_pairs": 0.7137323460852872,
  "column_score": 0.24519230769230768,
  "time_ms": 222
}