{
  "sum_of_pairs": 0.6146144062897445,
  "column_score": 0.08602150537634409,
  "time_ms": 64
}