{
  "sum_of_pairs": 0.6851764335223692,
  "column_score": 0.30434782608695654,
  "time_ms": 23
}