{
  "sum_of_pairs": 0.83282372535859,
  "column_score": 0.7358490566037735,
  "time_ms": 137
}