{
  "sum_of_pairs": 0.48941656058078065,
  "column_score": 0.13757012403003496,
  "time_ms": 68
}