{
  "sum_of_pairs": 0.5018721699756182,
  "column_score": 0.21551724137931033,
  "time_ms": 19
}