{
  "sum_of_pairs": 0.2366796621182586,
  "column_score": 0.11805555555555555,
  "time_ms": 19
}