{
  "sum_of_pairs": 0.7564507010402532,
  "column_score": 0.184375,
  "time_ms": 694
}