{
  "sum_of_pairs": 0.4543371212121212,
  "column_score": 0.07386363636363637,
  "time_ms": 30
}