{
  "sum_of_pairs": 0.5441279887482419,
  "column_score": 0.35443037974683544,
  "time_ms": 10
}