{
  "sum_of_pairs": 0.6925819278760456,
  "column_score": 0.2548076923076923,
  "time_ms": 174
}