{
  "sum_of_pairs": 0.6868607395751377,
  "column_score": 0.17073170731707318,
  "time_ms": 60
}