{
  "sum_of_pairs": 0.5594844223876482,
  "column_score": 0.1935483870967742,
  "time_ms": 64
}