{
  "sum_of_pairs": 0.4734931009440813,
  "column_score": 0.012345679012345678,
  "time_ms": 71
}