{
  "sum_of_pairs": 0.7002460400652225,
  "column_score": 0.22916666666666666,
  "time_ms": 267
}