{
  "sum_of_pairs": 0.43289124668435014,
  "column_score": 0.15862068965517243,
  "time_ms": 10
}