{
  "sum_of_pairs": 0.9011793546677268,
  "column_score": 0.6511627906976745,
  "time_ms": 61
}