{
  "sum_of_pairs": 0.7640639371566361,
  "column_score": 0.5534591194968553,
  "time_ms": 83
}