{
  "sum_of_pairs": 0.5631381442460237,
  "column_score": 0.20192307692307693,
  "time_ms": 347
}