{
  "sum_of_pairs": 0.7277738681679569,
  "column_score": 0.05357142857142857,
  "time_ms": 64
}