{
  "sum_of_pairs": 0.4778051999226416,
  "column_score": 0.11550314445399805,
  "time_ms": 95
}