{
  "sum_of_pairs": 0.4680560818491853,
  "column_score": 0.2827586206896552,
  "time_ms": 17
}