{
  "sum_of_pairs": 0.5198562014400195,
  "column_score": 0.0673076923076923,
  "time_ms": 457
}