{
  "sum_of_pairs": 0.7794846788783356,
  "column_score": 0.134375,
  "time_ms": 826
}