{
  "sum_of_pairs": 0.965381302590605,
  "column_score": 0.8488372093023255,
  "time_ms": 94
}