{
  "sum_of_pairs": 0.7760583687573023,
  "column_score": 0.6572327044025157,
  "time_ms": 114
}