{
  "sum_of_pairs": 0.7363460529766588,
  "column_score": 0.2682926829268293,
  "time_ms": 81
}