{
  "sum_of_pairs": 0.40388404165493946,
  "column_score": 0.19736842105263158,
  "time_ms": 76
}