{
  "sum_of_pairs": 0.5380964820619993,
  "column_score": 0.2959770114942529,
  "time_ms": 36
}