{
  "sum_of_pairs": 0.6023755656108597,
  "column_score": 0.22115384615384615,
  "time_ms": 196
}