{
  "sum_of_pairs": 0.7937158469945356,
  "column_score": 0.5901639344262295,
  "time_ms": 3
}