{
  "sum_of_pairs": 0.8414732865623313,
  "column_score": 0.6376146788990825,
  "time_ms": 78
}