{
  "sum_of_pairs": 0.6390352504638219,
  "column_score": 0.29714285714285715,
  "time_ms": 37
}