{
  "sum_of_pairs": 0.6137204806926512,
  "column_score": 0.3651564560394384,
  "time_ms": 33
}