{
  "sum_of_pairs": 0.6481738326398521,
  "column_score": 0.39805825242718446,
  "time_ms": 15
}