{
  "sum_of_pairs": 0.7274564367587624,
  "column_score": 0.16279069767441862,
  "time_ms": 195
}