{
  "sum_of_pairs": 0.7442561205273069,
  "column_score": 0.423728813559322,
  "time_ms": 31
}