{
  "sum_of_pairs": 0.6804907481898632,
  "column_score": 0.47345132743362833,
  "time_ms": 57
}