{
  "sum_of_pairs": 0.20229885057471264,
  "column_score": 0.06206896551724138,
  "time_ms": 12
}