{
  "sum_of_pairs": 0.5829312139275239,
  "column_score": 0.06273062730627306,
  "time_ms": 47
}