{
  "sum_of_pairs": 0.7862781954887218,
  "column_score": 0.4605263157894737,
  "time_ms": 37
}