{
  "sum_of_pairs": 0.7914321450906817,
  "column_score": 0.5040650406504065,
  "time_ms": 91
}