{
  "sum_of_pairs": 0.8045634920634921,
  "column_score": 0.6666666666666666,
  "time_ms": 6
}