{
  "sum_of_pairs": 0.6799675734101963,
  "column_score": 0.5485498108448928,
  "time_ms": 60
}