{
  "sum_of_pairs": 0.7163437655240934,
  "column_score": 0.39642324888226527,
  "time_ms": 78
}