{
  "sum_of_pairs": 0.5979033404406539,
  "column_score": 0.2462686567164179,
  "time_ms": 23
}