{
  "sum_of_pairs": 0.8655759543732567,
  "column_score": 0.6114649681528662,
  "time_ms": 55
}