{
  "sum_of_pairs": 0.33487903225806454,
  "column_score": 0.2157258064516129,
  "time_ms": 23
}