{
  "sum_of_pairs": 0.9568764568764568,
  "column_score": 0.8769230769230769,
  "time_ms": 49
}