{
  "sum_of_pairs": 0.3975669099756691,
  "column_score": 0.18248175182481752,
  "time_ms": 14
}