{
  "sum_of_pairs": 0.54924578527063,
  "column_score": 0.2608695652173913,
  "time_ms": 20
}