{
  "sum_of_pairs": 0.5042735042735043,
  "column_score": 0.15384615384615385,
  "time_ms": 2
}