{
  "sum_of_pairs": 0.5692434228902852,
  "column_score": 0.10740962232811625,
  "time_ms": 1252
}