{
  "sum_of_pairs": 0.5836323284978019,
  "column_score": 0.13479403880943183,
  "time_ms": 709
}