{
  "sum_of_pairs": 0.5881283147729922,
  "column_score": 0.12247714007215658,
  "time_ms": 1624
}