{
  "sum_of_pairs": 0.5885400112190807,
  "column_score": 0.12247714007215661,
  "time_ms": 1871
}