{
  "sum_of_pairs": 0.6456663557252096,
  "column_score": 0.1262135922330097,
  "time_ms": 4787
}