{
  "sum_of_pairs": 0.5880952380952381,
  "column_score": 0.36363636363636365,
  "time_ms": 27
}