{
  "sum_of_pairs": 0.6090411640343241,
  "column_score": 0.11764705882352941,
  "time_ms": 230
}