{
  "sum_of_pairs": 0.4560308972073678,
  "column_score": 0.18181818181818182,
  "time_ms": 51
}