{
  "sum_of_pairs": 0.7226312280137034,
  "column_score": 0.3826086956521739,
  "time_ms": 2372
}