{
  "sum_of_pairs": 0.657180464778504,
  "column_score": 0.22058823529411764,
  "time_ms": 2135
}