{
  "sum_of_pairs": 0.6561092955700799,
  "column_score": 0.16176470588235295,
  "time_ms": 1549
}