{
  "sum_of_pairs": 0.6421052631578947,
  "column_score": 0.22727272727272727,
  "time_ms": 28
}