{
  "sum_of_pairs": 0.7173568160393626,
  "column_score": 0.3391304347826087,
  "time_ms": 865
}