{
  "sum_of_pairs": 0.46327291247077346,
  "column_score": 0.15584415584415584,
  "time_ms": 426
}