{
  "sum_of_pairs": 0.5275735600566809,
  "column_score": 0.05426356589147287,
  "time_ms": 253
}