{
  "sum_of_pairs": 0.6789628671981613,
  "column_score": 0.3167420814479638,
  "time_ms": 235
}