{
  "sum_of_pairs": 0.6611065722585331,
  "column_score": 0.19117647058823528,
  "time_ms": 935
}