{
  "sum_of_pairs": 0.7795711313489558,
  "column_score": 0.4087301587301587,
  "time_ms": 4588
}