{
  "sum_of_pairs": 0.6559912351516549,
  "column_score": 0.15384615384615385,
  "time_ms": 7512
}