{
  "sum_of_pairs": 0.8207915392877799,
  "column_score": 0.10931174089068826,
  "time_ms": 1193
}