{
  "sum_of_pairs": 0.7782661911107104,
  "column_score": 0.4087301587301587,
  "time_ms": 2081
}