{
  "sum_of_pairs": 0.7911795506473724,
  "column_score": 0.297029702970297,
  "time_ms": 976
}