{
  "sum_of_pairs": 0.6698367346938775,
  "column_score": 0.17916666666666667,
  "time_ms": 420
}