{
  "sum_of_pairs": 0.6570555381649834,
  "column_score": 0.15384615384615385,
  "time_ms": 6405
}