{
  "sum_of_pairs": 0.6267122236814651,
  "column_score": 0.17475728155339806,
  "time_ms": 4212
}