{
  "sum_of_pairs": 0.5961038961038961,
  "column_score": 0.38636363636363635,
  "time_ms": 142
}