{
  "sum_of_pairs": 0.44783202537213235,
  "column_score": 0.14285714285714285,
  "time_ms": 138
}