{
  "sum_of_pairs": 0.7739664839917312,
  "column_score": 0.38492063492063494,
  "time_ms": 2508
}