{
  "sum_of_pairs": 0.7232658128894305,
  "column_score": 0.3826086956521739,
  "time_ms": 510
}