{
  "sum_of_pairs": 0.8294472444848384,
  "column_score": 0.1700404858299595,
  "time_ms": 1703
}