{
  "sum_of_pairs": 0.6634858394978335,
  "column_score": 0.15384615384615385,
  "time_ms": 2495
}