{
  "sum_of_pairs": 0.8296455424274973,
  "column_score": 0.1700404858299595,
  "time_ms": 1486
}