{
  "sum_of_pairs": 0.47747321991178326,
  "column_score": 0.08695652173913043,
  "time_ms": 20
}