{
  "sum_of_pairs": 0.67008547008547,
  "column_score": 0.28054298642533937,
  "time_ms": 406
}