{
  "sum_of_pairs": 0.5608225108225108,
  "column_score": 0.2727272727272727,
  "time_ms": 71
}