{
  "sum_of_pairs": 0.6583024437543726,
  "column_score": 0.1262135922330097,
  "time_ms": 9903
}