{
  "sum_of_pairs": 0.5476202383929316,
  "column_score": 0.08139534883720931,
  "time_ms": 141
}