{
  "sum_of_pairs": 0.8016136709824828,
  "column_score": 0.3564356435643564,
  "time_ms": 504
}