{
  "sum_of_pairs": 0.6536138524144521,
  "column_score": 0.08791208791208792,
  "time_ms": 4983
}