{
  "sum_of_pairs": 0.666925231631114,
  "column_score": 0.3167420814479638,
  "time_ms": 1087
}