{
  "sum_of_pairs": 0.6331253912339058,
  "column_score": 0.17475728155339806,
  "time_ms": 2297
}