{
  "sum_of_pairs": 0.5329237555135475,
  "column_score": 0.13043478260869565,
  "time_ms": 44
}