{
  "sum_of_pairs": 0.6466608630767318,
  "column_score": 0.24705882352941178,
  "time_ms": 250
}