{
  "sum_of_pairs": 0.5820518653688364,
  "column_score": 0.1820103329698984,
  "time_ms": 208
}