{
  "sum_of_pairs": 0.5820518653688364,
  "column_score": 0.18201033296989838,
  "time_ms": 196
}