{
  "sum_of_pairs": 0.8286472148541114,
  "column_score": 0.27472527472527475,
  "time_ms": 149
}