{
  "sum_of_pairs": 0.6575235109717869,
  "column_score": 0.28448275862068967,
  "time_ms": 90
}