{
  "sum_of_pairs": 0.8087602853804658,
  "column_score": 0.5754716981132075,
  "time_ms": 204
}