{
  "sum_of_pairs": 0.46070481242895034,
  "column_score": 0.2620689655172414,
  "time_ms": 31
}