{
  "sum_of_pairs": 0.8059926567007606,
  "column_score": 0.5121951219512195,
  "time_ms": 195
}