{
  "sum_of_pairs": 0.8666579315164221,
  "column_score": 0.4270833333333333,
  "time_ms": 717
}