{
  "sum_of_pairs": 0.8324915824915825,
  "column_score": 0.2727272727272727,
  "time_ms": 128
}