{
  "sum_of_pairs": 0.7006633072809544,
  "column_score": 0.3798076923076923,
  "time_ms": 484
}