{
  "sum_of_pairs": 0.674780336004556,
  "column_score": 0.14423076923076922,
  "time_ms": 638
}