{
  "sum_of_pairs": 0.6459659090909091,
  "column_score": 0.17613636363636365,
  "time_ms": 98
}