{
  "sum_of_pairs": 0.6593956809474051,
  "column_score": 0.5201149425287356,
  "time_ms": 50
}