{
  "sum_of_pairs": 0.7378766494410451,
  "column_score": 0.051061901993815995,
  "time_ms": 363
}