{
  "sum_of_pairs": 0.8326411657559198,
  "column_score": 0.12021857923497267,
  "time_ms": 219
}