{
  "sum_of_pairs": 0.9302992041628405,
  "column_score": 0.3712121212121212,
  "time_ms": 553
}