{
  "sum_of_pairs": 0.6453502415458937,
  "column_score": 0.17391304347826086,
  "time_ms": 24
}