{
  "sum_of_pairs": 0.9632339837833022,
  "column_score": 0.5138888888888888,
  "time_ms": 1672
}