{
  "sum_of_pairs": 0.5584824214686915,
  "column_score": 0.13157894736842105,
  "time_ms": 58
}