{
  "sum_of_pairs": 0.9256470730527334,
  "column_score": 0.13194444444444445,
  "time_ms": 332
}