{
  "sum_of_pairs": 0.8224181914144968,
  "column_score": 0.09821428571428571,
  "time_ms": 106
}