{
  "sum_of_pairs": 0.9462710437710438,
  "column_score": 0.12083333333333333,
  "time_ms": 749
}