{
  "sum_of_pairs": 0.9342077926983587,
  "column_score": 0.11486486486486487,
  "time_ms": 378
}