{
  "sum_of_pairs": 0.5361668918005681,
  "column_score": 0.019299125701564727,
  "time_ms": 624
}