{
  "sum_of_pairs": 0.913989898989899,
  "column_score": 0.17916666666666667,
  "time_ms": 1452
}