{
  "sum_of_pairs": 0.5491871850465809,
  "column_score": 0.023148148148148147,
  "time_ms": 2469
}