{
  "sum_of_pairs": 0.7546448087431694,
  "column_score": 0.15151515151515152,
  "time_ms": 195
}