{
  "sum_of_pairs": 0.6587924701561065,
  "column_score": 0.2159090909090909,
  "time_ms": 1108
}