{
  "sum_of_pairs": 0.7444331123576406,
  "column_score": 0.060810810810810814,
  "time_ms": 534
}