{
  "sum_of_pairs": 0.4355962221464419,
  "column_score": 0.021109895731511615,
  "time_ms": 1264
}