{
  "sum_of_pairs": 0.486194026156603,
  "column_score": 0.19444444444444445,
  "time_ms": 3812
}