{
  "sum_of_pairs": 0.2880694820054088,
  "column_score": 0.08552631578947369,
  "time_ms": 372
}