{
  "sum_of_pairs": 0.5617138364779874,
  "column_score": 0.027777777777777776,
  "time_ms": 852
}