{
  "sum_of_pairs": 0.4771739130434783,
  "column_score": 0.13043478260869565,
  "time_ms": 51
}