{
  "sum_of_pairs": 0.3696868030474411,
  "column_score": 0.16213302046540118,
  "time_ms": 12
}