{
  "sum_of_pairs": 0.6717455559718579,
  "column_score": 0.2229299363057325,
  "time_ms": 20
}