{
  "sum_of_pairs": 0.3949724517906336,
  "column_score": 0.17613636363636365,
  "time_ms": 41
}