{
  "sum_of_pairs": 0.6500941619585687,
  "column_score": 0.3785310734463277,
  "time_ms": 15
}