{
  "sum_of_pairs": 0.5303904170363798,
  "column_score": 0.3830227743271222,
  "time_ms": 20
}