{
  "sum_of_pairs": 0.2879032258064516,
  "column_score": 0.13911290322580644,
  "time_ms": 12
}