{
  "sum_of_pairs": 0.4560723514211886,
  "column_score": 0.27906976744186046,
  "time_ms": 2
}