{
  "sum_of_pairs": 0.4125186289120715,
  "column_score": 0.19672131147540983,
  "time_ms": 17
}