{
  "sum_of_pairs": 0.11781609195402298,
  "column_score": 0.020689655172413793,
  "time_ms": 6
}