{
  "sum_of_pairs": 0.5734335839598997,
  "column_score": 0.14473684210526316,
  "time_ms": 14
}