{
  "sum_of_pairs": 0.3603110599078341,
  "column_score": 0.08870967741935484,
  "time_ms": 7
}