{
  "sum_of_pairs": 0.6985221674876847,
  "column_score": 0.5221674876847291,
  "time_ms": 12
}