{
  "sum_of_pairs": 0.07154882154882154,
  "column_score": 0.015151515151515152,
  "time_ms": 2
}