{
  "sum_of_pairs": 0.4531572318280544,
  "column_score": 0.0022335890878090368,
  "time_ms": 875
}