{
  "sum_of_pairs": 0.36066477630749844,
  "column_score": 0.043478260869565216,
  "time_ms": 20
}