{
  "sum_of_pairs": 0.3685859148469747,
  "column_score": 0.06744073554595868,
  "time_ms": 79
}