{
  "sum_of_pairs": 0.6432030189959295,
  "column_score": 0.009375,
  "time_ms": 723
}