{
  "sum_of_pairs": 0.777995143011333,
  "column_score": 0.5665137614678899,
  "time_ms": 70
}