{
  "sum_of_pairs": 0.4104750614073608,
  "column_score": 0.07378064472428432,
  "time_ms": 399
}