{
  "sum_of_pairs": 0.6233092755947608,
  "column_score": 0.15348837209302327,
  "time_ms": 453
}