{
  "sum_of_pairs": 0.5169523099850969,
  "column_score": 0.23155737704918034,
  "time_ms": 162
}