{
  "sum_of_pairs": 0.8176733780760627,
  "column_score": 0.4563758389261745,
  "time_ms": 38
}