{
  "sum_of_pairs": 0.6454119705625032,
  "column_score": 0.05511811023622047,
  "time_ms": 73
}