{
  "sum_of_pairs": 0.635289648622982,
  "column_score": 0.2839506172839506,
  "time_ms": 131
}