{
  "sum_of_pairs": 0.705358964088975,
  "column_score": 0.316182886941061,
  "time_ms": 140
}