{
  "sum_of_pairs": 0.6896456780797419,
  "column_score": 0.2754818366030927,
  "time_ms": 284
}