{
  "sum_of_pairs": 0.8321849718908543,
  "column_score": 0.3317307692307692,
  "time_ms": 318
}