{
  "sum_of_pairs": 0.7681680022105554,
  "column_score": 0.41843971631205673,
  "time_ms": 55
}