{
  "sum_of_pairs": 0.7036347762154214,
  "column_score": 0.3790322580645161,
  "time_ms": 283
}