{
  "sum_of_pairs": 0.9242523179556762,
  "column_score": 0.46875,
  "time_ms": 2100
}