{
  "sum_of_pairs": 0.9700978034311367,
  "column_score": 0.696969696969697,
  "time_ms": 92
}