{
  "sum_of_pairs": 0.8244035376388318,
  "column_score": 0.3317307692307692,
  "time_ms": 737
}