{
  "sum_of_pairs": 0.5283579318667038,
  "column_score": 0.21428571428571427,
  "time_ms": 60
}