{
  "sum_of_pairs": 0.728064963359081,
  "column_score": 0.07407407407407407,
  "time_ms": 176
}