{
  "sum_of_pairs": 0.9008533459255261,
  "column_score": 0.7477064220183486,
  "time_ms": 84
}