{
  "sum_of_pairs": 0.528395061728395,
  "column_score": 0.3765432098765432,
  "time_ms": 42
}