{
  "sum_of_pairs": 0.6953983516483516,
  "column_score": 0.3557692307692308,
  "time_ms": 85
}