{
  "sum_of_pairs": 0.45997789193055466,
  "column_score": 0.14792899408284024,
  "time_ms": 21
}