{
  "sum_of_pairs": 0.6879889886989279,
  "column_score": 0.16176470588235295,
  "time_ms": 195
}