{
  "sum_of_pairs": 0.7612907187375273,
  "column_score": 0.3900709219858156,
  "time_ms": 105
}