{
  "sum_of_pairs": 0.9074888576120104,
  "column_score": 0.5892857142857143,
  "time_ms": 90
}