{
  "sum_of_pairs": 0.773989898989899,
  "column_score": 0.4367816091954023,
  "time_ms": 65
}