{
  "sum_of_pairs": 0.8683592319895863,
  "column_score": 0.2980769230769231,
  "time_ms": 1820
}