{
  "sum_of_pairs": 0.7122047605918573,
  "column_score": 0.41935483870967744,
  "time_ms": 151
}