{
  "sum_of_pairs": 0.9531425364758698,
  "column_score": 0.5909090909090909,
  "time_ms": 234
}