{
  "sum_of_pairs": 0.8418404143718856,
  "column_score": 0.5934959349593496,
  "time_ms": 103
}