{
  "sum_of_pairs": 0.8120454545454545,
  "column_score": 0.48863636363636365,
  "time_ms": 138
}