{
  "sum_of_pairs": 0.4248650757526497,
  "column_score": 0.11834319526627218,
  "time_ms": 45
}