{
  "sum_of_pairs": 0.5806584362139918,
  "column_score": 0.4567901234567901,
  "time_ms": 15
}