{
  "sum_of_pairs": 0.7485935302390999,
  "column_score": 0.45569620253164556,
  "time_ms": 25
}