{
  "sum_of_pairs": 0.7801439939370974,
  "column_score": 0.5379310344827586,
  "time_ms": 16
}