{
  "sum_of_pairs": 0.8981156934397295,
  "column_score": 0.7515723270440252,
  "time_ms": 349
}