{
  "sum_of_pairs": 0.7222222222222222,
  "column_score": 0.5747126436781609,
  "time_ms": 47
}