{
  "sum_of_pairs": 0.6663011695906432,
  "column_score": 0.4583333333333333,
  "time_ms": 50
}