{
  "sum_of_pairs": 0.6534322820037106,
  "column_score": 0.18775510204081633,
  "time_ms": 22
}