{
  "sum_of_pairs": 0.7306032460831222,
  "column_score": 0.19736842105263158,
  "time_ms": 109
}