{
  "sum_of_pairs": 0.7590754073512694,
  "column_score": 0.4896551724137931,
  "time_ms": 45
}