{
  "sum_of_pairs": 0.7350427350427351,
  "column_score": 0.2962962962962963,
  "time_ms": 43
}