{
  "sum_of_pairs": 0.6939292958562735,
  "column_score": 0.19117647058823528,
  "time_ms": 124
}