{
  "sum_of_pairs": 0.7336168872085697,
  "column_score": 0.43478260869565216,
  "time_ms": 21
}