{
  "sum_of_pairs": 0.7284219908058918,
  "column_score": 0.19736842105263158,
  "time_ms": 236
}