{
  "sum_of_pairs": 0.7239010989010989,
  "column_score": 0.41346153846153844,
  "time_ms": 53
}