{
  "sum_of_pairs": 0.7781847781847782,
  "column_score": 0.5925925925925926,
  "time_ms": 15
}