{
  "sum_of_pairs": 0.6458256029684601,
  "column_score": 0.18775510204081633,
  "time_ms": 37
}