{
  "sum_of_pairs": 0.9010614761230019,
  "column_score": 0.7610062893081762,
  "time_ms": 145
}