{
  "sum_of_pairs": 0.6430499925827029,
  "column_score": 0.19626168224299065,
  "time_ms": 639
}