{
  "sum_of_pairs": 0.7441657958899338,
  "column_score": 0.6063218390804598,
  "time_ms": 28
}