{
  "sum_of_pairs": 0.891965731246627,
  "column_score": 0.7339449541284404,
  "time_ms": 177
}