{
  "sum_of_pairs": 0.6551550215101617,
  "column_score": 0.34579439252336447,
  "time_ms": 245
}