{
  "sum_of_pairs": 0.8636982065553495,
  "column_score": 0.5828571428571429,
  "time_ms": 103
}