{
  "sum_of_pairs": 0.8734847252166131,
  "column_score": 0.2980769230769231,
  "time_ms": 1004
}