{
  "sum_of_pairs": 0.7654711673699015,
  "column_score": 0.5253164556962026,
  "time_ms": 13
}