{
  "sum_of_pairs": 0.7872257053291536,
  "column_score": 0.47701149425287354,
  "time_ms": 31
}