{
  "sum_of_pairs": 0.8990587614356087,
  "column_score": 0.5119047619047619,
  "time_ms": 194
}