{
  "sum_of_pairs": 0.4175557907040277,
  "column_score": 0.03741641561774922,
  "time_ms": 1349
}