{
  "sum_of_pairs": 0.41755579070402776,
  "column_score": 0.03741641561774922,
  "time_ms": 1198
}