{
  "sum_of_pairs": 0.8029072699280989,
  "column_score": 0.40476190476190477,
  "time_ms": 3759
}