{
  "sum_of_pairs": 0.7648493059451964,
  "column_score": 0.13013698630136986,
  "time_ms": 2303
}