{
  "sum_of_pairs": 0.6532838506522717,
  "column_score": 0.18128654970760233,
  "time_ms": 949
}