{
  "sum_of_pairs": 0.6594583859614427,
  "column_score": 0.24524978834471103,
  "time_ms": 210
}