{
  "sum_of_pairs": 0.6484981581059561,
  "column_score": 0.23478063069539196,
  "time_ms": 338
}