{
  "sum_of_pairs": 0.6450234534249895,
  "column_score": 0.2398784605934067,
  "time_ms": 398
}