{
  "sum_of_pairs": 0.6443250397418976,
  "column_score": 0.24008819213703086,
  "time_ms": 592
}