{
  "sum_of_pairs": 0.7801168821201057,
  "column_score": 0.15841584158415842,
  "time_ms": 438
}