{
  "sum_of_pairs": 0.5772727272727273,
  "column_score": 0.18442622950819673,
  "time_ms": 84
}