{
  "sum_of_pairs": 0.783450105807923,
  "column_score": 0.15841584158415842,
  "time_ms": 881
}