{
  "sum_of_pairs": 0.6497453787240868,
  "column_score": 0.24539877300613497,
  "time_ms": 61
}