{
  "sum_of_pairs": 0.70176326058679,
  "column_score": 0.14864864864864866,
  "time_ms": 783
}