{
  "sum_of_pairs": 0.8472029231640162,
  "column_score": 0.6692913385826772,
  "time_ms": 34
}