{
  "sum_of_pairs": 0.877889634601044,
  "column_score": 0.7013422818791947,
  "time_ms": 37
}