{
  "sum_of_pairs": 0.7238077496274218,
  "column_score": 0.32172131147540983,
  "time_ms": 92
}