{
  "sum_of_pairs": 0.6995712289829937,
  "column_score": 0.10135135135135136,
  "time_ms": 254
}