{
  "sum_of_pairs": 0.8818233618233619,
  "column_score": 0.7037037037037037,
  "time_ms": 221
}