{
  "sum_of_pairs": 0.821095963646084,
  "column_score": 0.49767441860465117,
  "time_ms": 373
}