{
  "sum_of_pairs": 0.5144823711195392,
  "column_score": 0.11504424778761062,
  "time_ms": 357
}