{
  "sum_of_pairs": 0.5241466498103666,
  "column_score": 0.11504424778761062,
  "time_ms": 181
}