{
  "sum_of_pairs": 0.8882363907531693,
  "column_score": 0.697986577181208,
  "time_ms": 30
}