{
  "sum_of_pairs": 0.8395980841316119,
  "column_score": 0.40816326530612246,
  "time_ms": 3587
}