{
  "sum_of_pairs": 0.8413497390007457,
  "column_score": 0.5704697986577181,
  "time_ms": 33
}