{
  "sum_of_pairs": 0.8837621178225205,
  "column_score": 0.697986577181208,
  "time_ms": 15
}