{
  "sum_of_pairs": 0.6499859657564457,
  "column_score": 0.24539877300613497,
  "time_ms": 134
}