{
  "sum_of_pairs": 0.8381056504234347,
  "column_score": 0.3979591836734694,
  "time_ms": 704
}