{
  "sum_of_pairs": 0.6940188851953558,
  "column_score": 0.10135135135135136,
  "time_ms": 477
}