{
  "sum_of_pairs": 0.8251911253675488,
  "column_score": 0.5069767441860465,
  "time_ms": 214
}