{
  "sum_of_pairs": 0.877948717948718,
  "column_score": 0.7037037037037037,
  "time_ms": 111
}