{
  "sum_of_pairs": 0.5695976154992548,
  "column_score": 0.18442622950819673,
  "time_ms": 135
}