{
  "sum_of_pairs": 0.7416915052160954,
  "column_score": 0.32786885245901637,
  "time_ms": 42
}