{
  "sum_of_pairs": 0.6381170054934039,
  "column_score": 0.22085889570552147,
  "time_ms": 112
}