{
  "sum_of_pairs": 0.33884204879787627,
  "column_score": 0.12091117724332219,
  "time_ms": 13
}