{
  "sum_of_pairs": 0.5469924812030075,
  "column_score": 0.13157894736842105,
  "time_ms": 16
}