{
  "sum_of_pairs": 0.42296918767507,
  "column_score": 0.2857142857142857,
  "time_ms": 16
}