{
  "sum_of_pairs": 0.39641080312722105,
  "column_score": 0.05223880597014925,
  "time_ms": 12
}