{
  "sum_of_pairs": 0.3096198156682028,
  "column_score": 0.12903225806451613,
  "time_ms": 7
}