{
  "sum_of_pairs": 0.269446909198462,
  "column_score": 0.06832298136645963,
  "time_ms": 10
}