{
  "sum_of_pairs": 0.5909828899712751,
  "column_score": 0.14012738853503184,
  "time_ms": 22
}