{
  "sum_of_pairs": 0.6916860916860916,
  "column_score": 0.24615384615384617,
  "time_ms": 21
}