{
  "sum_of_pairs": 0.14254032258064517,
  "column_score": 0.04838709677419355,
  "time_ms": 12
}