{
  "sum_of_pairs": 0.4475915987543895,
  "column_score": 0.11627906976744186,
  "time_ms": 34
}