{
  "sum_of_pairs": 0.2700803212851406,
  "column_score": 0.1746987951807229,
  "time_ms": 2
}