{
  "sum_of_pairs": 0.4379117988652209,
  "column_score": 0.09315063289847039,
  "time_ms": 421
}