{
  "sum_of_pairs": 0.7215274561268077,
  "column_score": 0.33858267716535434,
  "time_ms": 69
}