{
  "sum_of_pairs": 0.6230205827318899,
  "column_score": 0.06976744186046512,
  "time_ms": 417
}