{
  "sum_of_pairs": 0.3332712369597616,
  "column_score": 0.06557377049180328,
  "time_ms": 119
}