{
  "sum_of_pairs": 0.7760999254287845,
  "column_score": 0.4798657718120805,
  "time_ms": 41
}