{
  "sum_of_pairs": 0.3821725009022014,
  "column_score": 0.06748466257668712,
  "time_ms": 140
}