{
  "sum_of_pairs": 0.540866892131184,
  "column_score": 0.08616110421385596,
  "time_ms": 2757
}