{
  "sum_of_pairs": 0.4978548138488829,
  "column_score": 0.044500307343160427,
  "time_ms": 1039
}