{
  "sum_of_pairs": 0.47045454545454546,
  "column_score": 0.29545454545454547,
  "time_ms": 65
}