{
  "sum_of_pairs": 0.6364251939964084,
  "column_score": 0.0989010989010989,
  "time_ms": 10016
}