{
  "sum_of_pairs": 0.6310637075342957,
  "column_score": 0.23529411764705882,
  "time_ms": 321
}