{
  "sum_of_pairs": 0.6326111669440005,
  "column_score": 0.0989010989010989,
  "time_ms": 2191
}