{
  "sum_of_pairs": 0.6163575663103114,
  "column_score": 0.10679611650485436,
  "time_ms": 3802
}