{
  "sum_of_pairs": 0.4685504709510711,
  "column_score": 0.01937984496124031,
  "time_ms": 112
}