{
  "sum_of_pairs": 0.6119467500517325,
  "column_score": 0.17391304347826086,
  "time_ms": 680
}