{
  "sum_of_pairs": 0.7711377344460051,
  "column_score": 0.032388663967611336,
  "time_ms": 1041
}