{
  "sum_of_pairs": 0.4514202375164942,
  "column_score": 0.16883116883116883,
  "time_ms": 335
}