{
  "sum_of_pairs": 0.468733850129199,
  "column_score": 0.01937984496124031,
  "time_ms": 652
}