{
  "sum_of_pairs": 0.6419423815326605,
  "column_score": 0.19130434782608696,
  "time_ms": 824
}