{
  "sum_of_pairs": 0.7960076014211352,
  "column_score": 0.04048582995951417,
  "time_ms": 1413
}