{
  "sum_of_pairs": 0.5075863985638421,
  "column_score": 0.06593406593406594,
  "time_ms": 358
}