{
  "sum_of_pairs": 0.4174242424242424,
  "column_score": 0.06818181818181818,
  "time_ms": 44
}