{
  "sum_of_pairs": 0.7851056740289414,
  "column_score": 0.4158415841584158,
  "time_ms": 1887
}