{
  "sum_of_pairs": 0.6318320179691431,
  "column_score": 0.10679611650485436,
  "time_ms": 1925
}