{
  "sum_of_pairs": 0.48727920920434287,
  "column_score": 0.16883116883116883,
  "time_ms": 61
}