{
  "sum_of_pairs": 0.7985297633277552,
  "column_score": 0.031914893617021274,
  "time_ms": 1705
}