{
  "sum_of_pairs": 0.6488831430007901,
  "column_score": 0.27601809954751133,
  "time_ms": 426
}