{
  "sum_of_pairs": 0.7450352246763138,
  "column_score": 0.0594059405940594,
  "time_ms": 413
}