{
  "sum_of_pairs": 0.5126264712730878,
  "column_score": 0.06593406593406594,
  "time_ms": 802
}