{
  "sum_of_pairs": 0.7854938735435264,
  "column_score": 0.4523809523809524,
  "time_ms": 3013
}