{
  "sum_of_pairs": 0.5271232526871624,
  "column_score": 0.06593406593406594,
  "time_ms": 849
}