{
  "sum_of_pairs": 0.4269277959117531,
  "column_score": 0.09090909090909091,
  "time_ms": 114
}