{
  "sum_of_pairs": 0.4173293323330833,
  "column_score": 0.007751937984496124,
  "time_ms": 192
}