{
  "sum_of_pairs": 0.7104198400609292,
  "column_score": 0.039603960396039604,
  "time_ms": 685
}