{
  "sum_of_pairs": 0.7846940445299376,
  "column_score": 0.4523809523809524,
  "time_ms": 1876
}