{
  "sum_of_pairs": 0.583242556281772,
  "column_score": 0.11764705882352941,
  "time_ms": 1254
}