{
  "sum_of_pairs": 0.5674591836734694,
  "column_score": 0.05416666666666667,
  "time_ms": 691
}