{
  "sum_of_pairs": 0.5935878214738785,
  "column_score": 0.07692307692307693,
  "time_ms": 4130
}