{
  "sum_of_pairs": 0.15224058892654044,
  "column_score": 0.02294367563374585,
  "time_ms": 9
}