{
  "sum_of_pairs": 0.2925170068027211,
  "column_score": 0.1836734693877551,
  "time_ms": 4
}