{
  "sum_of_pairs": 0.4083885209713024,
  "column_score": 0.17218543046357615,
  "time_ms": 3
}