{
  "sum_of_pairs": 0.5263157894736842,
  "column_score": 0.49122807017543857,
  "time_ms": 1
}