{
  "sum_of_pairs": 0.18658698539176627,
  "column_score": 0.01195219123505976,
  "time_ms": 7
}