{
  "sum_of_pairs": 0.14364893650110058,
  "column_score": 0.033617419379491566,
  "time_ms": 7
}