{
  "sum_of_pairs": 0.3134920634920635,
  "column_score": 0.08148148148148149,
  "time_ms": 9
}