{
  "sum_of_pairs": 0.20202020202020202,
  "column_score": 0.08585858585858586,
  "time_ms": 3
}