{
  "sum_of_pairs": 0.27593818984547464,
  "column_score": 0.13245033112582782,
  "time_ms": 3
}