{
  "sum_of_pairs": 0.2619047619047619,
  "column_score": 0.12244897959183673,
  "time_ms": 1
}