{
  "sum_of_pairs": 0.6999623834461665,
  "column_score": 0.29763853741497054,
  "time_ms": 385
}