{
  "sum_of_pairs": 0.7065254768259935,
  "column_score": 0.3150852327909764,
  "time_ms": 242
}