{
  "sum_of_pairs": 0.8661320502539428,
  "column_score": 0.5162790697674419,
  "time_ms": 484
}