{
  "sum_of_pairs": 0.8361904761904762,
  "column_score": 0.22666666666666666,
  "time_ms": 256
}