{
  "sum_of_pairs": 0.9046420581655481,
  "column_score": 0.802013422818792,
  "time_ms": 54
}