{
  "sum_of_pairs": 0.8026574597196066,
  "column_score": 0.2716049382716049,
  "time_ms": 1538
}