{
  "sum_of_pairs": 0.872900294039027,
  "column_score": 0.5302325581395348,
  "time_ms": 264
}