{
  "sum_of_pairs": 0.750348124513448,
  "column_score": 0.40594059405940597,
  "time_ms": 505
}