{
  "sum_of_pairs": 0.6805141579731744,
  "column_score": 0.10860655737704918,
  "time_ms": 80
}