{
  "sum_of_pairs": 0.7679538072897871,
  "column_score": 0.3558282208588957,
  "time_ms": 75
}