{
  "sum_of_pairs": 0.7528369220898994,
  "column_score": 0.3006134969325153,
  "time_ms": 142
}