{
  "sum_of_pairs": 0.7458088001491179,
  "column_score": 0.36633663366336633,
  "time_ms": 826
}