{
  "sum_of_pairs": 0.8092307692307692,
  "column_score": 0.5555555555555556,
  "time_ms": 135
}