{
  "sum_of_pairs": 0.8624363131079203,
  "column_score": 0.7637795275590551,
  "time_ms": 40
}