{
  "sum_of_pairs": 0.8844231570179092,
  "column_score": 0.40816326530612246,
  "time_ms": 1149
}