{
  "sum_of_pairs": 0.5923163365641242,
  "column_score": 0.18584070796460178,
  "time_ms": 215
}