{
  "sum_of_pairs": 0.885837498264612,
  "column_score": 0.42857142857142855,
  "time_ms": 777
}