{
  "sum_of_pairs": 0.8453968253968254,
  "column_score": 0.26666666666666666,
  "time_ms": 145
}