{
  "sum_of_pairs": 0.9186241610738255,
  "column_score": 0.8355704697986577,
  "time_ms": 17
}