{
  "sum_of_pairs": 0.6867362146050671,
  "column_score": 0.10860655737704918,
  "time_ms": 45
}