{
  "sum_of_pairs": 0.7385902106050712,
  "column_score": 0.3305978109734457,
  "time_ms": 342
}