{
  "sum_of_pairs": 0.7489805885003776,
  "column_score": 0.3537384301004788,
  "time_ms": 176
}