{
  "sum_of_pairs": 0.7471452240532572,
  "column_score": 0.3487130916994493,
  "time_ms": 383
}