{
  "sum_of_pairs": 0.8992207792207793,
  "column_score": 0.7257142857142858,
  "time_ms": 48
}