{
  "sum_of_pairs": 0.537356134989271,
  "column_score": 0.16568047337278108,
  "time_ms": 57
}