{
  "sum_of_pairs": 0.8783630162940508,
  "column_score": 0.7103448275862069,
  "time_ms": 18
}