{
  "sum_of_pairs": 0.8878416821273964,
  "column_score": 0.6971428571428572,
  "time_ms": 93
}