{
  "sum_of_pairs": 0.9195679255179648,
  "column_score": 0.6747967479674797,
  "time_ms": 271
}