{
  "sum_of_pairs": 0.8964128570363189,
  "column_score": 0.7295597484276729,
  "time_ms": 371
}