{
  "sum_of_pairs": 0.7359010712035287,
  "column_score": 0.391304347826087,
  "time_ms": 76
}