{
  "sum_of_pairs": 0.5434183734578991,
  "column_score": 0.21212121212121213,
  "time_ms": 47
}