{
  "sum_of_pairs": 0.873030303030303,
  "column_score": 0.6306818181818182,
  "time_ms": 157
}