{
  "sum_of_pairs": 0.7471854770616381,
  "column_score": 0.3684210526315789,
  "time_ms": 125
}