{
  "sum_of_pairs": 0.7819839734733351,
  "column_score": 0.28368794326241137,
  "time_ms": 136
}