{
  "sum_of_pairs": 0.6105831708901884,
  "column_score": 0.16666666666666666,
  "time_ms": 126
}