{
  "sum_of_pairs": 0.9224200104904274,
  "column_score": 0.7154471544715447,
  "time_ms": 272
}