{
  "sum_of_pairs": 0.904888907734057,
  "column_score": 0.459375,
  "time_ms": 2576
}