{
  "sum_of_pairs": 0.6102582846003899,
  "column_score": 0.16666666666666666,
  "time_ms": 57
}