{
  "sum_of_pairs": 0.5716236426295598,
  "column_score": 0.20710059171597633,
  "time_ms": 66
}