{
  "sum_of_pairs": 0.7753396029258098,
  "column_score": 0.5517241379310345,
  "time_ms": 68
}