{
  "sum_of_pairs": 0.8278832630098453,
  "column_score": 0.5443037974683544,
  "time_ms": 34
}