{
  "sum_of_pairs": 0.8563849943160288,
  "column_score": 0.6620689655172414,
  "time_ms": 30
}