{
  "sum_of_pairs": 0.8813636363636363,
  "column_score": 0.6477272727272727,
  "time_ms": 72
}