{
  "sum_of_pairs": 0.9633237133237134,
  "column_score": 0.5151515151515151,
  "time_ms": 248
}