{
  "sum_of_pairs": 0.8364895330112722,
  "column_score": 0.26666666666666666,
  "time_ms": 247
}