{
  "sum_of_pairs": 0.8080599209631467,
  "column_score": 0.5645161290322581,
  "time_ms": 484
}