{
  "sum_of_pairs": 0.9062776304155614,
  "column_score": 0.0989010989010989,
  "time_ms": 271
}