{
  "sum_of_pairs": 0.836682769726248,
  "column_score": 0.26666666666666666,
  "time_ms": 137
}