{
  "sum_of_pairs": 0.7775600835945663,
  "column_score": 0.5114942528735632,
  "time_ms": 38
}