{
  "sum_of_pairs": 0.9628828907523876,
  "column_score": 0.8333333333333334,
  "time_ms": 1412
}