{
  "sum_of_pairs": 0.8937902403858106,
  "column_score": 0.7232704402515723,
  "time_ms": 316
}