{
  "sum_of_pairs": 0.7017921146953405,
  "column_score": 0.33225806451612905,
  "time_ms": 59
}