{
  "sum_of_pairs": 0.7967914438502673,
  "column_score": 0.3684210526315789,
  "time_ms": 456
}