{
  "sum_of_pairs": 0.777916522141288,
  "column_score": 0.22580645161290322,
  "time_ms": 84
}