{
  "sum_of_pairs": 0.8793620595091184,
  "column_score": 0.5096153846153846,
  "time_ms": 337
}