{
  "sum_of_pairs": 0.7774294670846394,
  "column_score": 0.5114942528735632,
  "time_ms": 86
}