{
  "sum_of_pairs": 0.9083491221422256,
  "column_score": 0.0989010989010989,
  "time_ms": 117
}