{
  "sum_of_pairs": 0.7068817204301076,
  "column_score": 0.27419354838709675,
  "time_ms": 29
}