{
  "sum_of_pairs": 0.8762083504730563,
  "column_score": 0.47596153846153844,
  "time_ms": 857
}