{
  "sum_of_pairs": 0.9275539275539275,
  "column_score": 0.6296296296296297,
  "time_ms": 30
}