{
  "sum_of_pairs": 0.932720501993901,
  "column_score": 0.48214285714285715,
  "time_ms": 272
}