{
  "sum_of_pairs": 0.5969379467186485,
  "column_score": 0.1527777777777778,
  "time_ms": 99
}