{
  "sum_of_pairs": 0.9695222951036905,
  "column_score": 0.9186046511627907,
  "time_ms": 213
}