{
  "sum_of_pairs": 0.6584362139917695,
  "column_score": 0.5123456790123457,
  "time_ms": 30
}