{
  "sum_of_pairs": 0.7438186813186813,
  "column_score": 0.3269230769230769,
  "time_ms": 69
}