{
  "sum_of_pairs": 0.8372302737520129,
  "column_score": 0.26666666666666666,
  "time_ms": 352
}