{
  "sum_of_pairs": 0.9636981714418821,
  "column_score": 0.8229166666666666,
  "time_ms": 1499
}