{
  "sum_of_pairs": 0.7440926275992439,
  "column_score": 0.391304347826087,
  "time_ms": 26
}