{
  "sum_of_pairs": 0.46076555023923443,
  "column_score": 0.13157894736842105,
  "time_ms": 7
}