{
  "sum_of_pairs": 0.8187412095639943,
  "column_score": 0.5126582278481012,
  "time_ms": 27
}