{
  "sum_of_pairs": 0.72116777745581,
  "column_score": 0.1323529411764706,
  "time_ms": 339
}