{
  "sum_of_pairs": 0.7810015044057598,
  "column_score": 0.2765957446808511,
  "time_ms": 65
}