{
  "sum_of_pairs": 0.7731366602334344,
  "column_score": 0.5161290322580645,
  "time_ms": 335
}