{
  "sum_of_pairs": 0.9287515762925599,
  "column_score": 0.46153846153846156,
  "time_ms": 2156
}