{
  "sum_of_pairs": 0.6876543209876543,
  "column_score": 0.5432098765432098,
  "time_ms": 47
}