{
  "sum_of_pairs": 0.4349282296650718,
  "column_score": 0.13157894736842105,
  "time_ms": 18
}