{
  "sum_of_pairs": 0.895534941249227,
  "column_score": 0.7257142857142858,
  "time_ms": 121
}