{
  "sum_of_pairs": 0.8615664845173042,
  "column_score": 0.7213114754098361,
  "time_ms": 4
}