{
  "sum_of_pairs": 0.6874551971326165,
  "column_score": 0.24516129032258063,
  "time_ms": 48
}