{
  "sum_of_pairs": 0.574289615709734,
  "column_score": 0.20710059171597633,
  "time_ms": 25
}