{
  "sum_of_pairs": 0.7455163883735312,
  "column_score": 0.44081632653061226,
  "time_ms": 45
}