{
  "sum_of_pairs": 0.7421296296296296,
  "column_score": 0.3333333333333333,
  "time_ms": 13
}