{
  "sum_of_pairs": 0.7448400412796697,
  "column_score": 0.3684210526315789,
  "time_ms": 227
}