{
  "sum_of_pairs": 0.9654961565338924,
  "column_score": 0.8333333333333334,
  "time_ms": 695
}