{
  "sum_of_pairs": 0.7778696810954876,
  "column_score": 0.5403225806451613,
  "time_ms": 197
}