{
  "sum_of_pairs": 0.9214365329137162,
  "column_score": 0.6829268292682927,
  "time_ms": 113
}