{
  "sum_of_pairs": 0.9300121424716675,
  "column_score": 0.7752293577981652,
  "time_ms": 176
}