{
  "sum_of_pairs": 0.5588693256677446,
  "column_score": 0.21212121212121213,
  "time_ms": 27
}