{
  "sum_of_pairs": 0.8751628273687098,
  "column_score": 0.4855769230769231,
  "time_ms": 629
}