{
  "sum_of_pairs": 0.9386364560875402,
  "column_score": 0.46153846153846156,
  "time_ms": 2470
}