{
  "sum_of_pairs": 0.631540365575019,
  "column_score": 0.039603960396039604,
  "time_ms": 283
}