{
  "sum_of_pairs": 0.7242232653191557,
  "column_score": 0.1232876712328767,
  "time_ms": 724
}