{
  "sum_of_pairs": 0.7103625446251156,
  "column_score": 0.3412698412698413,
  "time_ms": 1221
}