{
  "sum_of_pairs": 0.525864205869074,
  "column_score": 0.1511350929589637,
  "time_ms": 128
}