{
  "sum_of_pairs": 0.4464531535327996,
  "column_score": 0.07964601769911504,
  "time_ms": 117
}