{
  "sum_of_pairs": 0.736784974178481,
  "column_score": 0.1485148514851485,
  "time_ms": 257
}