{
  "sum_of_pairs": 0.7227815063385533,
  "column_score": 0.4228187919463087,
  "time_ms": 25
}