{
  "sum_of_pairs": 0.6870401221713175,
  "column_score": 0.3469387755102041,
  "time_ms": 363
}