{
  "sum_of_pairs": 0.4721311475409836,
  "column_score": 0.022540983606557378,
  "time_ms": 54
}