{
  "sum_of_pairs": 0.7735502841759563,
  "column_score": 0.400050199989969,
  "time_ms": 281
}