{
  "sum_of_pairs": 0.767365453241437,
  "column_score": 0.3849858860827596,
  "time_ms": 471
}