{
  "sum_of_pairs": 0.8887203482791718,
  "column_score": 0.5528846153846154,
  "time_ms": 552
}