{
  "sum_of_pairs": 0.8407407407407408,
  "column_score": 0.5333333333333333,
  "time_ms": 6
}