{
  "sum_of_pairs": 0.8709822866344605,
  "column_score": 0.5333333333333333,
  "time_ms": 180
}