{
  "sum_of_pairs": 0.783947700063012,
  "column_score": 0.5652173913043478,
  "time_ms": 50
}