{
  "sum_of_pairs": 0.6141218637992831,
  "column_score": 0.035483870967741936,
  "time_ms": 48
}