{
  "sum_of_pairs": 0.739162721618862,
  "column_score": 0.3968253968253968,
  "time_ms": 145
}