{
  "sum_of_pairs": 0.9439494525972514,
  "column_score": 0.65625,
  "time_ms": 1946
}