{
  "sum_of_pairs": 0.7889670067089422,
  "column_score": 0.5725806451612904,
  "time_ms": 624
}