{
  "sum_of_pairs": 0.5658365303335717,
  "column_score": 0.23668639053254437,
  "time_ms": 83
}