{
  "sum_of_pairs": 0.7006827164929932,
  "column_score": 0.30303030303030304,
  "time_ms": 36
}