{
  "sum_of_pairs": 0.687267936279794,
  "column_score": 0.30303030303030304,
  "time_ms": 61
}