{
  "sum_of_pairs": 0.7462173953402024,
  "column_score": 0.4523809523809524,
  "time_ms": 104
}