{
  "sum_of_pairs": 0.9789562289562289,
  "column_score": 0.8333333333333334,
  "time_ms": 313
}