{
  "sum_of_pairs": 0.8053378613723441,
  "column_score": 0.5660919540229885,
  "time_ms": 103
}