{
  "sum_of_pairs": 0.8337962962962963,
  "column_score": 0.5166666666666667,
  "time_ms": 12
}