{
  "sum_of_pairs": 0.6452674897119342,
  "column_score": 0.5061728395061729,
  "time_ms": 18
}