{
  "sum_of_pairs": 0.9197247706422018,
  "column_score": 0.7844036697247706,
  "time_ms": 250
}