{
  "sum_of_pairs": 0.8129136189481017,
  "column_score": 0.5804597701149425,
  "time_ms": 46
}