{
  "sum_of_pairs": 0.9180898401571084,
  "column_score": 0.7704402515723271,
  "time_ms": 474
}