{
  "sum_of_pairs": 0.8291139240506329,
  "column_score": 0.6012658227848101,
  "time_ms": 19
}