{
  "sum_of_pairs": 0.9221026713437669,
  "column_score": 0.7958715596330275,
  "time_ms": 128
}