{
  "sum_of_pairs": 0.8706924315619968,
  "column_score": 0.5333333333333333,
  "time_ms": 303
}