{
  "sum_of_pairs": 0.7465504720406682,
  "column_score": 0.14814814814814814,
  "time_ms": 617
}