{
  "sum_of_pairs": 0.8842996084375395,
  "column_score": 0.2087912087912088,
  "time_ms": 278
}