{
  "sum_of_pairs": 0.8916699449252558,
  "column_score": 0.7967479674796748,
  "time_ms": 237
}