{
  "sum_of_pairs": 0.9370604364540932,
  "column_score": 0.496875,
  "time_ms": 1862
}