{
  "sum_of_pairs": 0.9192582096601785,
  "column_score": 0.7735849056603774,
  "time_ms": 250
}