{
  "sum_of_pairs": 0.7981104144897249,
  "column_score": 0.646551724137931,
  "time_ms": 38
}