{
  "sum_of_pairs": 0.8456284153005464,
  "column_score": 0.6229508196721312,
  "time_ms": 4
}