{
  "sum_of_pairs": 0.43971291866028706,
  "column_score": 0.21052631578947367,
  "time_ms": 9
}