{
  "sum_of_pairs": 0.7933094384707288,
  "column_score": 0.5887096774193549,
  "time_ms": 347
}