{
  "sum_of_pairs": 0.7837425983977708,
  "column_score": 0.6091954022988506,
  "time_ms": 81
}