{
  "sum_of_pairs": 0.7354359925788497,
  "column_score": 0.30612244897959184,
  "time_ms": 30
}