{
  "sum_of_pairs": 0.8868178390237214,
  "column_score": 0.5432692307692307,
  "time_ms": 936
}