{
  "sum_of_pairs": 0.8238396624472574,
  "column_score": 0.5949367088607594,
  "time_ms": 29
}