{
  "sum_of_pairs": 0.9480768110878174,
  "column_score": 0.6666666666666666,
  "time_ms": 1074
}