{
  "sum_of_pairs": 0.9359650610583446,
  "column_score": 0.471875,
  "time_ms": 3007
}