{
  "sum_of_pairs": 0.4598086124401914,
  "column_score": 0.21052631578947367,
  "time_ms": 6
}