{
  "sum_of_pairs": 0.6694282001299545,
  "column_score": 0.4791666666666667,
  "time_ms": 79
}