{
  "sum_of_pairs": 0.6607781026640676,
  "column_score": 0.4305555555555556,
  "time_ms": 147
}