{
  "sum_of_pairs": 0.958377316443819,
  "column_score": 0.6904761904761905,
  "time_ms": 118
}