{
  "sum_of_pairs": 0.6267489711934157,
  "column_score": 0.4567901234567901,
  "time_ms": 31
}