{
  "sum_of_pairs": 0.8900189393939394,
  "column_score": 0.6022727272727273,
  "time_ms": 82
}