{
  "sum_of_pairs": 0.8824431818181818,
  "column_score": 0.5681818181818182,
  "time_ms": 171
}