{
  "sum_of_pairs": 0.8750422154677474,
  "column_score": 0.5531914893617021,
  "time_ms": 79
}