{
  "sum_of_pairs": 0.8852090438297335,
  "column_score": 0.2087912087912088,
  "time_ms": 152
}