{
  "sum_of_pairs": 0.7596716383396924,
  "column_score": 0.03225806451612903,
  "time_ms": 109
}