{
  "sum_of_pairs": 0.8882152330428192,
  "column_score": 0.7586206896551724,
  "time_ms": 31
}