{
  "sum_of_pairs": 0.91005291005291,
  "column_score": 0.8148148148148148,
  "time_ms": 31
}