{
  "sum_of_pairs": 0.948384045885368,
  "column_score": 0.4423076923076923,
  "time_ms": 2931
}