{
  "sum_of_pairs": 0.87313868164932,
  "column_score": 0.5460992907801419,
  "time_ms": 141
}