{
  "sum_of_pairs": 0.9319233147804576,
  "column_score": 0.6971428571428572,
  "time_ms": 63
}