{
  "sum_of_pairs": 0.7486190884883696,
  "column_score": 0.14814814814814814,
  "time_ms": 393
}