{
  "sum_of_pairs": 0.5783210871968268,
  "column_score": 0.23668639053254437,
  "time_ms": 29
}