{
  "sum_of_pairs": 0.7608828220283329,
  "column_score": 0.47368421052631576,
  "time_ms": 312
}