{
  "sum_of_pairs": 0.7555324314949705,
  "column_score": 0.03225806451612903,
  "time_ms": 228
}