{
  "sum_of_pairs": 0.9247495361781076,
  "column_score": 0.6914285714285714,
  "time_ms": 100
}