{
  "sum_of_pairs": 0.9468687711019811,
  "column_score": 0.4423076923076923,
  "time_ms": 3672
}