{
  "sum_of_pairs": 0.6306810035842294,
  "column_score": 0.035483870967741936,
  "time_ms": 28
}