{
  "sum_of_pairs": 0.48706546944478607,
  "column_score": 0.2528423208043357,
  "time_ms": 10
}