{
  "sum_of_pairs": 0.4838124872813758,
  "column_score": 0.2528423208043356,
  "time_ms": 22
}