{
  "sum_of_pairs": 0.483812487281376,
  "column_score": 0.2528423208043357,
  "time_ms": 28
}