{
  "sum_of_pairs": 0.48381248728137594,
  "column_score": 0.2528423208043357,
  "time_ms": 45
}