{
  "sum_of_pairs": 0.8317793317793318,
  "column_score": 0.6307692307692307,
  "time_ms": 60
}