{
  "sum_of_pairs": 0.6957861260186842,
  "column_score": 0.3372093023255814,
  "time_ms": 77
}