{
  "sum_of_pairs": 0.40912101428706593,
  "column_score": 0.04797047970479705,
  "time_ms": 31
}