{
  "sum_of_pairs": 0.6335341365461847,
  "column_score": 0.6445783132530121,
  "time_ms": 3
}