{
  "sum_of_pairs": 0.43548387096774194,
  "column_score": 0.271889400921659,
  "time_ms": 2
}