{
  "sum_of_pairs": 0.6051698978528247,
  "column_score": 0.2601626016260163,
  "time_ms": 19
}