{
  "sum_of_pairs": 0.5996688193409505,
  "column_score": 0.33383010432190763,
  "time_ms": 88
}