{
  "sum_of_pairs": 0.438503231186158,
  "column_score": 0.032520325203252036,
  "time_ms": 36
}