{
  "sum_of_pairs": 0.5564762670957362,
  "column_score": 0.2721238938053097,
  "time_ms": 81
}