{
  "sum_of_pairs": 0.4774738535800483,
  "column_score": 0.24336283185840707,
  "time_ms": 32
}