{
  "sum_of_pairs": 0.3407335907335907,
  "column_score": 0.16216216216216217,
  "time_ms": 1
}