{
  "sum_of_pairs": 0.3134920634920635,
  "column_score": 0.13690476190476192,
  "time_ms": 2
}