{
  "sum_of_pairs": 0.5940959409594095,
  "column_score": 0.19557195571955718,
  "time_ms": 67
}