{
  "sum_of_pairs": 0.43673621460506706,
  "column_score": 0.1680327868852459,
  "time_ms": 41
}