{
  "sum_of_pairs": 0.4603174603174603,
  "column_score": 0.23214285714285715,
  "time_ms": 2
}