{
  "sum_of_pairs": 0.7482587064676617,
  "column_score": 0.6582089552238806,
  "time_ms": 7
}