{
  "sum_of_pairs": 0.4146586345381526,
  "column_score": 0.3132530120481928,
  "time_ms": 2
}