{
  "sum_of_pairs": 0.3804193319118692,
  "column_score": 0.13805970149253732,
  "time_ms": 11
}