{
  "sum_of_pairs": 0.6088669950738916,
  "column_score": 0.4729064039408867,
  "time_ms": 19
}