{
  "sum_of_pairs": 0.8325563325563325,
  "column_score": 0.6307692307692307,
  "time_ms": 16
}