{
  "sum_of_pairs": 0.4737903225806452,
  "column_score": 0.1693548387096774,
  "time_ms": 4
}