{
  "sum_of_pairs": 0.7341880341880341,
  "column_score": 0.37435897435897436,
  "time_ms": 25
}