{
  "sum_of_pairs": 0.5935323383084578,
  "column_score": 0.49701492537313435,
  "time_ms": 12
}