{
  "sum_of_pairs": 0.21025641025641026,
  "column_score": 0.10256410256410256,
  "time_ms": 1
}