{
  "sum_of_pairs": 0.5314995563442768,
  "column_score": 0.38095238095238093,
  "time_ms": 21
}