{
  "sum_of_pairs": 0.3252032520325203,
  "column_score": 0.2621951219512195,
  "time_ms": 3
}