{
  "sum_of_pairs": 0.35852981969486825,
  "column_score": 0.05339805825242718,
  "time_ms": 9
}