{
  "sum_of_pairs": 0.2890625,
  "column_score": 0.046875,
  "time_ms": 1
}