{
  "sum_of_pairs": 0.21121351766513058,
  "column_score": 0.07834101382488479,
  "time_ms": 3
}