{
  "sum_of_pairs": 0.51338199513382,
  "column_score": 0.17518248175182483,
  "time_ms": 14
}