{
  "sum_of_pairs": 0.6975979351400857,
  "column_score": 0.34394904458598724,
  "time_ms": 29
}