{
  "sum_of_pairs": 0.5554511278195489,
  "column_score": 0.16447368421052633,
  "time_ms": 47
}