{
  "sum_of_pairs": 0.6195918637779103,
  "column_score": 0.313953488372093,
  "time_ms": 60
}