{
  "sum_of_pairs": 0.442203548085901,
  "column_score": 0.2689075630252101,
  "time_ms": 19
}