{
  "sum_of_pairs": 0.5446796002351558,
  "column_score": 0.36419753086419754,
  "time_ms": 5
}