{
  "sum_of_pairs": 0.4527306967984934,
  "column_score": 0.192090395480226,
  "time_ms": 30
}