{
  "sum_of_pairs": 0.5482726423902895,
  "column_score": 0.35294117647058826,
  "time_ms": 30
}