{
  "sum_of_pairs": 0.4372417355371901,
  "column_score": 0.23011363636363635,
  "time_ms": 65
}