{
  "sum_of_pairs": 0.23568548387096774,
  "column_score": 0.15120967741935484,
  "time_ms": 12
}