{
  "sum_of_pairs": 0.3002070393374741,
  "column_score": 0.16149068322981366,
  "time_ms": 9
}