{
  "sum_of_pairs": 0.7487793655553261,
  "column_score": 0.05307420813252677,
  "time_ms": 1070
}