{
  "sum_of_pairs": 0.748779365555326,
  "column_score": 0.05307420813252677,
  "time_ms": 782
}