{
  "sum_of_pairs": 0.7033345637996801,
  "column_score": 0.13953488372093023,
  "time_ms": 234
}