{
  "sum_of_pairs": 0.9192619186774651,
  "column_score": 0.0847457627118644,
  "time_ms": 256
}