{
  "sum_of_pairs": 0.9262473217018672,
  "column_score": 0.21212121212121213,
  "time_ms": 1248
}