{
  "sum_of_pairs": 0.7942028985507247,
  "column_score": 0.32608695652173914,
  "time_ms": 91
}