{
  "sum_of_pairs": 0.7800367370794022,
  "column_score": 0.13898305084745763,
  "time_ms": 856
}