{
  "sum_of_pairs": 0.9440147694864676,
  "column_score": 0.0945945945945946,
  "time_ms": 919
}