{
  "sum_of_pairs": 0.6536949057809007,
  "column_score": 0.04455445544554455,
  "time_ms": 371
}