{
  "sum_of_pairs": 0.6968244194229416,
  "column_score": 0.026785714285714284,
  "time_ms": 216
}