{
  "sum_of_pairs": 0.8553841048614568,
  "column_score": 0.17142857142857143,
  "time_ms": 157
}