{
  "sum_of_pairs": 0.9526889225499223,
  "column_score": 0.08796296296296297,
  "time_ms": 2753
}