{
  "sum_of_pairs": 0.8878774241937212,
  "column_score": 0.31693989071038253,
  "time_ms": 540
}