{
  "sum_of_pairs": 0.7399874321746955,
  "column_score": 0.4111896395391382,
  "time_ms": 85923
}