{
  "sum_of_pairs": 0.7950382820223945,
  "column_score": 0.4260869565217391,
  "time_ms": 79779
}