{
  "sum_of_pairs": 0.7982091779629399,
  "column_score": 0.5529411764705883,
  "time_ms": 10314
}