{
  "sum_of_pairs": 0.6205884461865724,
  "column_score": 0.19767441860465115,
  "time_ms": 126126
}