{
  "sum_of_pairs": 0.942305213583409,
  "column_score": 0.6477732793522267,
  "time_ms": 84929
}