{
  "sum_of_pairs": 0.8189940886271271,
  "column_score": 0.1276595744680851,
  "time_ms": 159131
}