{
  "sum_of_pairs": 0.6992961287078934,
  "column_score": 0.3212669683257919,
  "time_ms": 31487
}