{
  "sum_of_pairs": 0.5641723356009071,
  "column_score": 0.5047619047619047,
  "time_ms": 2236
}