{
  "sum_of_pairs": 0.697293793550478,
  "column_score": 0.3246753246753247,
  "time_ms": 14059
}