{
  "sum_of_pairs": 0.777928737928738,
  "column_score": 0.42857142857142855,
  "time_ms": 7872
}