{
  "sum_of_pairs": 0.888522436467642,
  "column_score": 0.773972602739726,
  "time_ms": 115364
}