{
  "sum_of_pairs": 0.6878803034091856,
  "column_score": 0.37209302325581395,
  "time_ms": 23780
}