{
  "sum_of_pairs": 0.7913875598086124,
  "column_score": 0.2727272727272727,
  "time_ms": 766
}