{
  "sum_of_pairs": 0.8630338733431517,
  "column_score": 0.6507936507936508,
  "time_ms": 234047
}