{
  "sum_of_pairs": 0.8714279230210603,
  "column_score": 0.5735294117647058,
  "time_ms": 111204
}