{
  "sum_of_pairs": 0.8634673597079612,
  "column_score": 0.5384615384615384,
  "time_ms": 48561
}