{
  "sum_of_pairs": 0.90772885739991,
  "column_score": 0.7777777777777778,
  "time_ms": 45910
}