{
  "sum_of_pairs": 0.5444391760181234,
  "column_score": 0.2222222222222222,
  "time_ms": 8895
}