{
  "sum_of_pairs": 0.44956709956709956,
  "column_score": 0.2727272727272727,
  "time_ms": 3262
}