{
  "sum_of_pairs": 0.6206616471983788,
  "column_score": 0.3076923076923077,
  "time_ms": 322831
}