{
  "sum_of_pairs": 0.5445010488462692,
  "column_score": 0.32142857142857145,
  "time_ms": 362464
}