{
  "sum_of_pairs": 0.9036613356572116,
  "column_score": 0.6796116504854369,
  "time_ms": 267227
}