{
  "sum_of_pairs": 0.702583490863264,
  "column_score": 0.5869565217391305,
  "time_ms": 1413
}