{
  "sum_of_pairs": 0.8489765803503427,
  "column_score": 0.7128712871287128,
  "time_ms": 65588
}