{
  "sum_of_pairs": 0.5216576198875035,
  "column_score": 0.14507279504363305,
  "time_ms": 211
}