{
  "sum_of_pairs": 0.5599353403227487,
  "column_score": 0.16775683079801237,
  "time_ms": 774
}