{
  "sum_of_pairs": 0.7381956315289648,
  "column_score": 0.38271604938271603,
  "time_ms": 94
}