{
  "sum_of_pairs": 0.44417755302711054,
  "column_score": 0.10619469026548672,
  "time_ms": 112
}