{
  "sum_of_pairs": 0.8608167141500475,
  "column_score": 0.6296296296296297,
  "time_ms": 104
}