{
  "sum_of_pairs": 0.6182190760059613,
  "column_score": 0.11885245901639344,
  "time_ms": 169
}