{
  "sum_of_pairs": 0.7470408981555734,
  "column_score": 0.4558139534883721,
  "time_ms": 754
}