{
  "sum_of_pairs": 0.7675878750450311,
  "column_score": 0.4094488188976378,
  "time_ms": 45
}