{
  "sum_of_pairs": 0.6012512147716229,
  "column_score": 0.09183673469387756,
  "time_ms": 490
}