{
  "sum_of_pairs": 0.7113285217856188,
  "column_score": 0.42790697674418604,
  "time_ms": 256
}