{
  "sum_of_pairs": 0.6797473767310286,
  "column_score": 0.1188118811881188,
  "time_ms": 559
}