{
  "sum_of_pairs": 0.6703800298062593,
  "column_score": 0.30327868852459017,
  "time_ms": 29
}