{
  "sum_of_pairs": 0.7375247260090885,
  "column_score": 0.4558139534883721,
  "time_ms": 135
}