{
  "sum_of_pairs": 0.6937919463087249,
  "column_score": 0.3825503355704698,
  "time_ms": 20
}