{
  "sum_of_pairs": 0.6005830903790087,
  "column_score": 0.09183673469387756,
  "time_ms": 654
}