{
  "sum_of_pairs": 0.37736076025502224,
  "column_score": 0.147239263803681,
  "time_ms": 64
}