{
  "sum_of_pairs": 0.4375755021772721,
  "column_score": 0.08849557522123894,
  "time_ms": 346
}