{
  "sum_of_pairs": 0.44115642166887203,
  "column_score": 0.24539877300613497,
  "time_ms": 35
}