{
  "sum_of_pairs": 0.40743413929989175,
  "column_score": 0.15337423312883436,
  "time_ms": 97
}