{
  "sum_of_pairs": 0.6754931307084197,
  "column_score": 0.1485148514851485,
  "time_ms": 439
}