{
  "sum_of_pairs": 0.7887911069939787,
  "column_score": 0.48031496062992124,
  "time_ms": 27
}