{
  "sum_of_pairs": 0.5991430700447093,
  "column_score": 0.10040983606557377,
  "time_ms": 71
}