{
  "sum_of_pairs": 0.8245712155108128,
  "column_score": 0.5469798657718121,
  "time_ms": 59
}