{
  "sum_of_pairs": 0.6958652675898819,
  "column_score": 0.1782178217821782,
  "time_ms": 249
}