{
  "sum_of_pairs": 0.6747451045195406,
  "column_score": 0.20647773279352227,
  "time_ms": 2135
}