{
  "sum_of_pairs": 0.5746053453290988,
  "column_score": 0.1746031746031746,
  "time_ms": 5733
}