{
  "sum_of_pairs": 0.36317878972491824,
  "column_score": 0.06160853059505497,
  "time_ms": 96
}