{
  "sum_of_pairs": 0.5175942261427425,
  "column_score": 0.2372093023255814,
  "time_ms": 118
}