{
  "sum_of_pairs": 0.13554885989410612,
  "column_score": 0.016913697975338676,
  "time_ms": 7
}