{
  "sum_of_pairs": 0.3148148148148148,
  "column_score": 0.05185185185185185,
  "time_ms": 10
}