{
  "sum_of_pairs": 0.3444043321299639,
  "column_score": 0.17689530685920576,
  "time_ms": 11
}