{
  "sum_of_pairs": 0.21052631578947367,
  "column_score": 0.06882591093117409,
  "time_ms": 6
}