{
  "sum_of_pairs": 0.46747089879402565,
  "column_score": 0.0900367816442788,
  "time_ms": 92
}