{
  "sum_of_pairs": 0.6183818046234154,
  "column_score": 0.14093959731543623,
  "time_ms": 10
}