{
  "sum_of_pairs": 0.7076044703595724,
  "column_score": 0.1836734693877551,
  "time_ms": 242
}