{
  "sum_of_pairs": 0.561417935813515,
  "column_score": 0.13861386138613863,
  "time_ms": 212
}