{
  "sum_of_pairs": 0.6921385991058122,
  "column_score": 0.16598360655737704,
  "time_ms": 25
}