{
  "sum_of_pairs": 0.4087652760219132,
  "column_score": 0.09734513274336283,
  "time_ms": 85
}