{
  "sum_of_pairs": 0.5908452041785375,
  "column_score": 0.3333333333333333,
  "time_ms": 35
}