{
  "sum_of_pairs": 0.671373201685807,
  "column_score": 0.2762955839341792,
  "time_ms": 244
}