{
  "sum_of_pairs": 0.6727758111020382,
  "column_score": 0.2762955839341792,
  "time_ms": 274
}