{
  "sum_of_pairs": 0.6821574967335549,
  "column_score": 0.28480261117359024,
  "time_ms": 131
}