{
  "sum_of_pairs": 0.5708468080009582,
  "column_score": 0.21212121212121213,
  "time_ms": 44
}