{
  "sum_of_pairs": 0.863623035421065,
  "column_score": 0.03571428571428571,
  "time_ms": 315
}