{
  "sum_of_pairs": 0.8530084447572133,
  "column_score": 0.02976190476190476,
  "time_ms": 281
}