{
  "sum_of_pairs": 0.28246309903114636,
  "column_score": 0.09467455621301775,
  "time_ms": 24
}