{
  "sum_of_pairs": 0.7071948998178507,
  "column_score": 0.3770491803278688,
  "time_ms": 5
}