{
  "sum_of_pairs": 0.9629629629629629,
  "column_score": 0.7407407407407407,
  "time_ms": 23
}