{
  "sum_of_pairs": 0.8624772313296903,
  "column_score": 0.6885245901639344,
  "time_ms": 3
}