{
  "sum_of_pairs": 0.8468069761342775,
  "column_score": 0.43089430894308944,
  "time_ms": 154
}