{
  "sum_of_pairs": 0.9326447123223853,
  "column_score": 0.6770833333333334,
  "time_ms": 494
}