{
  "sum_of_pairs": 0.5857050750667772,
  "column_score": 0.15602836879432624,
  "time_ms": 75
}