{
  "sum_of_pairs": 0.6462585034013606,
  "column_score": 0.2816326530612245,
  "time_ms": 69
}