{
  "sum_of_pairs": 0.8750565355042967,
  "column_score": 0.36875,
  "time_ms": 942
}