{
  "sum_of_pairs": 0.6428209214720371,
  "column_score": 0.1323529411764706,
  "time_ms": 166
}