{
  "sum_of_pairs": 0.8430407437790539,
  "column_score": 0.7138364779874213,
  "time_ms": 109
}