{
  "sum_of_pairs": 0.8203499931441108,
  "column_score": 0.47115384615384615,
  "time_ms": 235
}