{
  "sum_of_pairs": 0.668712991988854,
  "column_score": 0.4367816091954023,
  "time_ms": 47
}