{
  "sum_of_pairs": 0.8128977272727272,
  "column_score": 0.4034090909090909,
  "time_ms": 215
}