{
  "sum_of_pairs": 0.553513413162536,
  "column_score": 0.23015873015873015,
  "time_ms": 120
}