{
  "sum_of_pairs": 0.8934160820291419,
  "column_score": 0.6811926605504587,
  "time_ms": 154
}