{
  "sum_of_pairs": 0.8479255226589106,
  "column_score": 0.7169811320754716,
  "time_ms": 250
}