{
  "sum_of_pairs": 0.9203427090612625,
  "column_score": 0.53125,
  "time_ms": 920
}