{
  "sum_of_pairs": 0.6075498575498576,
  "column_score": 0.16129032258064516,
  "time_ms": 122
}