{
  "sum_of_pairs": 0.9328449328449329,
  "column_score": 0.6666666666666666,
  "time_ms": 19
}