{
  "sum_of_pairs": 0.4389247311827957,
  "column_score": 0.05161290322580645,
  "time_ms": 34
}