{
  "sum_of_pairs": 0.49532975958414555,
  "column_score": 0.1597222222222222,
  "time_ms": 222
}