{
  "sum_of_pairs": 0.6926863572433193,
  "column_score": 0.5189873417721519,
  "time_ms": 11
}