{
  "sum_of_pairs": 0.37479680083230377,
  "column_score": 0.1834319526627219,
  "time_ms": 32
}