{
  "sum_of_pairs": 0.9158101537765717,
  "column_score": 0.365625,
  "time_ms": 2283
}