{
  "sum_of_pairs": 0.6072971234261557,
  "column_score": 0.16129032258064516,
  "time_ms": 260
}