{
  "sum_of_pairs": 0.7760362243120864,
  "column_score": 0.5747126436781609,
  "time_ms": 83
}