{
  "sum_of_pairs": 0.6160714285714286,
  "column_score": 0.18269230769230768,
  "time_ms": 74
}