{
  "sum_of_pairs": 0.9324845679012346,
  "column_score": 0.6770833333333334,
  "time_ms": 3100
}