{
  "sum_of_pairs": 0.9956709956709957,
  "column_score": 0.9393939393939394,
  "time_ms": 184
}