{
  "sum_of_pairs": 0.6763619240799769,
  "column_score": 0.19117647058823528,
  "time_ms": 495
}