{
  "sum_of_pairs": 0.4907175345771837,
  "column_score": 0.06349206349206349,
  "time_ms": 109
}