{
  "sum_of_pairs": 0.6597725297015358,
  "column_score": 0.20588235294117646,
  "time_ms": 86
}