{
  "sum_of_pairs": 0.6138282521261245,
  "column_score": 0.20567375886524822,
  "time_ms": 91
}