{
  "sum_of_pairs": 0.6132756132756133,
  "column_score": 0.20567375886524822,
  "time_ms": 43
}