{
  "sum_of_pairs": 0.6051458861056385,
  "column_score": 0.3157894736842105,
  "time_ms": 89
}