{
  "sum_of_pairs": 0.6080073177596398,
  "column_score": 0.32894736842105265,
  "time_ms": 388
}