{
  "sum_of_pairs": 0.8354243795420266,
  "column_score": 0.47596153846153844,
  "time_ms": 501
}