{
  "sum_of_pairs": 0.596358845370703,
  "column_score": 0.21212121212121213,
  "time_ms": 20
}