{
  "sum_of_pairs": 0.8372624798711755,
  "column_score": 0.23333333333333334,
  "time_ms": 455
}