{
  "sum_of_pairs": 0.8632776747062462,
  "column_score": 0.6057142857142858,
  "time_ms": 61
}