{
  "sum_of_pairs": 0.8204830917874396,
  "column_score": 0.23333333333333334,
  "time_ms": 235
}