{
  "sum_of_pairs": 0.6144032921810699,
  "column_score": 0.43209876543209874,
  "time_ms": 21
}