{
  "sum_of_pairs": 0.8633803291958986,
  "column_score": 0.5848623853211009,
  "time_ms": 183
}