{
  "sum_of_pairs": 0.4117527615334633,
  "column_score": 0.11805555555555555,
  "time_ms": 71
}