{
  "sum_of_pairs": 0.36912923264357544,
  "column_score": 0.0902036594737364,
  "time_ms": 306
}