{
  "sum_of_pairs": 0.659862043251305,
  "column_score": 0.40939597315436244,
  "time_ms": 19
}