{
  "sum_of_pairs": 0.5733333333333334,
  "column_score": 0.17333333333333334,
  "time_ms": 157
}