{
  "sum_of_pairs": 0.7000949667616334,
  "column_score": 0.4691358024691358,
  "time_ms": 79
}