{
  "sum_of_pairs": 0.820193740685544,
  "column_score": 0.39139344262295084,
  "time_ms": 52
}