{
  "sum_of_pairs": 0.5850687196855732,
  "column_score": 0.34871717546921993,
  "time_ms": 34
}