{
  "sum_of_pairs": 0.2503896103896104,
  "column_score": 0.22857142857142856,
  "time_ms": 6
}