{
  "sum_of_pairs": 0.6720980294750787,
  "column_score": 0.3979135618479881,
  "time_ms": 105
}