{
  "sum_of_pairs": 0.6567735543145379,
  "column_score": 0.5132408575031526,
  "time_ms": 114
}