{
  "sum_of_pairs": 0.5589041095890411,
  "column_score": 0.4383561643835616,
  "time_ms": 14
}