{
  "sum_of_pairs": 0.19482758620689655,
  "column_score": 0.06896551724137931,
  "time_ms": 10
}