{
  "sum_of_pairs": 0.7428940568475452,
  "column_score": 0.4186046511627907,
  "time_ms": 5
}