{
  "sum_of_pairs": 0.6845864661654135,
  "column_score": 0.4868421052631579,
  "time_ms": 32
}