{
  "sum_of_pairs": 0.555984555984556,
  "column_score": 0.2972972972972973,
  "time_ms": 3
}