{
  "sum_of_pairs": 0.5997586484312148,
  "column_score": 0.2853982300884956,
  "time_ms": 73
}