{
  "sum_of_pairs": 0.36077235772357724,
  "column_score": 0.16463414634146342,
  "time_ms": 18
}