{
  "sum_of_pairs": 0.6625514403292181,
  "column_score": 0.14814814814814814,
  "time_ms": 4
}