{
  "sum_of_pairs": 0.7682266009852217,
  "column_score": 0.6699507389162561,
  "time_ms": 23
}