{
  "sum_of_pairs": 0.8154773736169085,
  "column_score": 0.4418604651162791,
  "time_ms": 120
}