{
  "sum_of_pairs": 0.552428601209089,
  "column_score": 0.21138211382113822,
  "time_ms": 80
}