{
  "sum_of_pairs": 0.5875201059702905,
  "column_score": 0.17712177121771217,
  "time_ms": 51
}