{
  "sum_of_pairs": 0.2213709677419355,
  "column_score": 0.16330645161290322,
  "time_ms": 28
}