{
  "sum_of_pairs": 0.6167377398720683,
  "column_score": 0.2574626865671642,
  "time_ms": 22
}