{
  "sum_of_pairs": 0.5199692780337941,
  "column_score": 0.3824884792626728,
  "time_ms": 15
}