{
  "sum_of_pairs": 0.5244490358126722,
  "column_score": 0.3039772727272727,
  "time_ms": 141
}