{
  "sum_of_pairs": 0.23795620437956205,
  "column_score": 0.043795620437956206,
  "time_ms": 7
}