{
  "sum_of_pairs": 0.7241293532338309,
  "column_score": 0.6134328358208955,
  "time_ms": 29
}