{
  "sum_of_pairs": 0.7870196911036177,
  "column_score": 0.40764331210191085,
  "time_ms": 47
}