{
  "sum_of_pairs": 0.8008547008547009,
  "column_score": 0.6410256410256411,
  "time_ms": 67
}