{
  "sum_of_pairs": 0.6717948717948717,
  "column_score": 0.5128205128205128,
  "time_ms": 2
}