{
  "sum_of_pairs": 0.5639400921658986,
  "column_score": 0.22580645161290322,
  "time_ms": 31
}