{
  "sum_of_pairs": 0.7544256120527307,
  "column_score": 0.536723163841808,
  "time_ms": 42
}