{
  "sum_of_pairs": 0.5679611650485437,
  "column_score": 0.2669902912621359,
  "time_ms": 24
}