{
  "sum_of_pairs": 0.7009326845093269,
  "column_score": 0.3795620437956204,
  "time_ms": 12
}