{
  "sum_of_pairs": 0.25416666666666665,
  "column_score": 0.11458333333333333,
  "time_ms": 3
}