{
  "sum_of_pairs": 0.5415797317436661,
  "column_score": 0.23770491803278687,
  "time_ms": 40
}