{
  "sum_of_pairs": 0.6672582076308784,
  "column_score": 0.4782608695652174,
  "time_ms": 19
}