{
  "sum_of_pairs": 0.7026860344487084,
  "column_score": 0.30464900264385525,
  "time_ms": 1259
}