{
  "sum_of_pairs": 0.7002230086148633,
  "column_score": 0.2873401952026278,
  "time_ms": 2285
}