{
  "sum_of_pairs": 0.9046153846153846,
  "column_score": 0.3441295546558704,
  "time_ms": 2191
}