{
  "sum_of_pairs": 0.891435403398248,
  "column_score": 0.5478260869565217,
  "time_ms": 1015
}