{
  "sum_of_pairs": 0.8821434708431014,
  "column_score": 0.21359223300970873,
  "time_ms": 6955
}