{
  "sum_of_pairs": 0.48153416574469204,
  "column_score": 0.037037037037037035,
  "time_ms": 126
}