{
  "sum_of_pairs": 0.889816752121031,
  "column_score": 0.5304347826086957,
  "time_ms": 1735
}