{
  "sum_of_pairs": 0.6808612440191387,
  "column_score": 0.18181818181818182,
  "time_ms": 26
}