{
  "sum_of_pairs": 0.7414403778040142,
  "column_score": 0.36363636363636365,
  "time_ms": 342
}