{
  "sum_of_pairs": 0.6935933347698053,
  "column_score": 0.2850678733031674,
  "time_ms": 425
}