{
  "sum_of_pairs": 0.9535766158315178,
  "column_score": 0.7647058823529411,
  "time_ms": 3132
}