{
  "sum_of_pairs": 0.4622294372294372,
  "column_score": 0.36363636363636365,
  "time_ms": 36
}