{
  "sum_of_pairs": 0.8100754134701063,
  "column_score": 0.031914893617021274,
  "time_ms": 2498
}