{
  "sum_of_pairs": 0.6293780922106169,
  "column_score": 0.16279069767441862,
  "time_ms": 2131
}