{
  "sum_of_pairs": 0.7292983625285605,
  "column_score": 0.4158415841584158,
  "time_ms": 1026
}