{
  "sum_of_pairs": 0.9070908039329092,
  "column_score": 0.38866396761133604,
  "time_ms": 1195
}