{
  "sum_of_pairs": 0.6468452544457847,
  "column_score": 0.0967741935483871,
  "time_ms": 404
}