{
  "sum_of_pairs": 0.3831292517006803,
  "column_score": 0.06666666666666667,
  "time_ms": 45
}