{
  "sum_of_pairs": 0.853110359959675,
  "column_score": 0.3424657534246575,
  "time_ms": 1734
}