{
  "sum_of_pairs": 0.7644447208058699,
  "column_score": 0.4235294117647059,
  "time_ms": 147
}