{
  "sum_of_pairs": 0.396734693877551,
  "column_score": 0.14285714285714285,
  "time_ms": 25
}