{
  "sum_of_pairs": 0.8375169901048294,
  "column_score": 0.5793650793650794,
  "time_ms": 6138
}