{
  "sum_of_pairs": 0.8492482993197279,
  "column_score": 0.5583333333333333,
  "time_ms": 809
}