{
  "sum_of_pairs": 0.5847545219638243,
  "column_score": 0.18604651162790697,
  "time_ms": 473
}