{
  "sum_of_pairs": 0.7118407907881592,
  "column_score": 0.08791208791208792,
  "time_ms": 832
}