{
  "sum_of_pairs": 0.8383034608050387,
  "column_score": 0.6071428571428571,
  "time_ms": 3710
}