{
  "sum_of_pairs": 0.692250233426704,
  "column_score": 0.2850678733031674,
  "time_ms": 761
}