{
  "sum_of_pairs": 0.839813877642825,
  "column_score": 0.5497076023391813,
  "time_ms": 1364
}