{
  "sum_of_pairs": 0.7221007553678701,
  "column_score": 0.4434782608695652,
  "time_ms": 3293
}