{
  "sum_of_pairs": 0.683601134215501,
  "column_score": 0.45652173913043476,
  "time_ms": 15
}