{
  "sum_of_pairs": 0.7430840104636897,
  "column_score": 0.36363636363636365,
  "time_ms": 160
}