{
  "sum_of_pairs": 0.882686595559265,
  "column_score": 0.21359223300970873,
  "time_ms": 4194
}