{
  "sum_of_pairs": 0.8524055852822976,
  "column_score": 0.3356164383561644,
  "time_ms": 3194
}