{
  "sum_of_pairs": 0.4556277056277056,
  "column_score": 0.2727272727272727,
  "time_ms": 77
}