{
  "sum_of_pairs": 0.6449792038027332,
  "column_score": 0.11363636363636363,
  "time_ms": 28
}