{
  "sum_of_pairs": 0.7218985308987094,
  "column_score": 0.43478260869565216,
  "time_ms": 6397
}