{
  "sum_of_pairs": 0.6787177063642093,
  "column_score": 0.45652173913043476,
  "time_ms": 31
}