{
  "sum_of_pairs": 0.770090778786431,
  "column_score": 0.27472527472527475,
  "time_ms": 9145
}