{
  "sum_of_pairs": 0.6916316442228374,
  "column_score": 0.4976991045107413,
  "time_ms": 36
}