{
  "sum_of_pairs": 0.7231336356957342,
  "column_score": 0.5555828501904285,
  "time_ms": 39
}