{
  "sum_of_pairs": 0.8894300820115733,
  "column_score": 0.6751592356687898,
  "time_ms": 65
}