{
  "sum_of_pairs": 0.6547945205479452,
  "column_score": 0.4794520547945205,
  "time_ms": 6
}