{
  "sum_of_pairs": 0.7490079365079365,
  "column_score": 0.6309523809523809,
  "time_ms": 3
}