{
  "sum_of_pairs": 0.9200542005420054,
  "column_score": 0.7317073170731707,
  "time_ms": 51
}