{
  "sum_of_pairs": 0.6698841698841699,
  "column_score": 0.6216216216216216,
  "time_ms": 2
}