{
  "sum_of_pairs": 0.7969868173258003,
  "column_score": 0.576271186440678,
  "time_ms": 26
}