{
  "sum_of_pairs": 0.8192771084337349,
  "column_score": 0.7108433734939759,
  "time_ms": 3
}