{
  "sum_of_pairs": 0.8038302277432712,
  "column_score": 0.6480331262939959,
  "time_ms": 38
}