{
  "sum_of_pairs": 0.25625,
  "column_score": 0.2157258064516129,
  "time_ms": 28
}