{
  "sum_of_pairs": 0.6176394628099173,
  "column_score": 0.3153409090909091,
  "time_ms": 165
}