{
  "sum_of_pairs": 0.9609168609168609,
  "column_score": 0.9282051282051282,
  "time_ms": 57
}