{
  "sum_of_pairs": 0.8129525341914723,
  "column_score": 0.6415929203539823,
  "time_ms": 49
}