{
  "sum_of_pairs": 0.8653136531365314,
  "column_score": 0.6383763837638377,
  "time_ms": 43
}