{
  "sum_of_pairs": 0.8848258706467662,
  "column_score": 0.8567164179104477,
  "time_ms": 10
}