{
  "sum_of_pairs": 0.30193236714975846,
  "column_score": 0.34782608695652173,
  "time_ms": 0
}