{
  "sum_of_pairs": 0.2764367816091954,
  "column_score": 0.15517241379310345,
  "time_ms": 8
}