{
  "sum_of_pairs": 0.6658986175115207,
  "column_score": 0.48847926267281105,
  "time_ms": 10
}