{
  "sum_of_pairs": 0.8571428571428571,
  "column_score": 0.8271604938271605,
  "time_ms": 8
}