{
  "sum_of_pairs": 0.5670731707317073,
  "column_score": 0.45121951219512196,
  "time_ms": 3
}