{
  "sum_of_pairs": 0.7864799135290939,
  "column_score": 0.6506935687263556,
  "time_ms": 74
}