{
  "sum_of_pairs": 0.6921082949308756,
  "column_score": 0.5483870967741935,
  "time_ms": 12
}