{
  "sum_of_pairs": 0.8461152882205514,
  "column_score": 0.6776315789473685,
  "time_ms": 35
}