{
  "sum_of_pairs": 0.2629032258064516,
  "column_score": 0.23790322580645162,
  "time_ms": 21
}