{
  "sum_of_pairs": 0.5260416666666666,
  "column_score": 0.328125,
  "time_ms": 2
}