{
  "sum_of_pairs": 0.7091329068941009,
  "column_score": 0.48880597014925375,
  "time_ms": 17
}