{
  "sum_of_pairs": 0.8477291159772912,
  "column_score": 0.7664233576642335,
  "time_ms": 9
}