{
  "sum_of_pairs": 0.8290018832391713,
  "column_score": 0.632768361581921,
  "time_ms": 52
}