{
  "sum_of_pairs": 0.8514523606774529,
  "column_score": 0.5867158671586716,
  "time_ms": 47
}