{
  "sum_of_pairs": 0.5487804878048781,
  "column_score": 0.4634146341463415,
  "time_ms": 6
}