{
  "sum_of_pairs": 0.547945205479452,
  "column_score": 0.2465753424657534,
  "time_ms": 9
}