{
  "sum_of_pairs": 0.8432732316227461,
  "column_score": 0.616504854368932,
  "time_ms": 11
}