{
  "sum_of_pairs": 0.694015444015444,
  "column_score": 0.6216216216216216,
  "time_ms": 1
}