{
  "sum_of_pairs": 0.7444444444444445,
  "column_score": 0.5333333333333333,
  "time_ms": 15
}