{
  "sum_of_pairs": 0.8929440389294404,
  "column_score": 0.7956204379562044,
  "time_ms": 11
}