{
  "sum_of_pairs": 0.7476901208244492,
  "column_score": 0.5746268656716418,
  "time_ms": 10
}