{
  "sum_of_pairs": 0.8140394088669951,
  "column_score": 0.6798029556650246,
  "time_ms": 45
}