{
  "sum_of_pairs": 0.7039170506912442,
  "column_score": 0.532258064516129,
  "time_ms": 10
}