{
  "sum_of_pairs": 0.7765717888668708,
  "column_score": 0.6065573770491803,
  "time_ms": 59
}