{
  "sum_of_pairs": 0.740405117270789,
  "column_score": 0.6082089552238806,
  "time_ms": 39
}