{
  "sum_of_pairs": 0.6836810730253353,
  "column_score": 0.45901639344262296,
  "time_ms": 32
}