{
  "sum_of_pairs": 0.8339901477832512,
  "column_score": 0.6847290640394089,
  "time_ms": 12
}