{
  "sum_of_pairs": 0.8035279805352799,
  "column_score": 0.5912408759124088,
  "time_ms": 25
}