{
  "sum_of_pairs": 0.84891240446796,
  "column_score": 0.7530864197530864,
  "time_ms": 22
}