{
  "sum_of_pairs": 0.8331450094161958,
  "column_score": 0.632768361581921,
  "time_ms": 25
}