{
  "sum_of_pairs": 0.6719905353445726,
  "column_score": 0.515527950310559,
  "time_ms": 31
}