{
  "sum_of_pairs": 0.6980392156862745,
  "column_score": 0.49019607843137253,
  "time_ms": 5
}