{
  "sum_of_pairs": 0.7847896440129449,
  "column_score": 0.4854368932038835,
  "time_ms": 14
}