{
  "sum_of_pairs": 0.8805970149253731,
  "column_score": 0.8462686567164179,
  "time_ms": 42
}