{
  "sum_of_pairs": 0.332183908045977,
  "column_score": 0.1896551724137931,
  "time_ms": 5
}