{
  "sum_of_pairs": 0.7878345498783454,
  "column_score": 0.656934306569343,
  "time_ms": 4
}