{
  "sum_of_pairs": 0.5246913580246914,
  "column_score": 0.07407407407407407,
  "time_ms": 5
}