{
  "sum_of_pairs": 0.8740769034886682,
  "column_score": 0.6285714285714286,
  "time_ms": 281
}