{
  "sum_of_pairs": 0.8042950513538749,
  "column_score": 0.5714285714285714,
  "time_ms": 15
}