{
  "sum_of_pairs": 0.7706816059757237,
  "column_score": 0.5210084033613446,
  "time_ms": 27
}