{
  "sum_of_pairs": 0.6657534246575343,
  "column_score": 0.4794520547945205,
  "time_ms": 11
}