{
  "sum_of_pairs": 0.892570281124498,
  "column_score": 0.8975903614457831,
  "time_ms": 4
}