{
  "sum_of_pairs": 0.7740963855421686,
  "column_score": 0.6746987951807228,
  "time_ms": 7
}