{
  "sum_of_pairs": 0.7927996781979083,
  "column_score": 0.5376106194690266,
  "time_ms": 68
}