{
  "sum_of_pairs": 0.8806584362139918,
  "column_score": 0.8148148148148148,
  "time_ms": 4
}