{
  "sum_of_pairs": 0.7518248175182481,
  "column_score": 0.5474452554744526,
  "time_ms": 5
}