{
  "sum_of_pairs": 0.6435519972451791,
  "column_score": 0.3465909090909091,
  "time_ms": 88
}