{
  "sum_of_pairs": 0.8729949874686717,
  "column_score": 0.6776315789473685,
  "time_ms": 27
}