{
  "sum_of_pairs": 0.8847211611917494,
  "column_score": 0.5428571428571428,
  "time_ms": 113
}