{
  "sum_of_pairs": 0.668918918918919,
  "column_score": 0.5675675675675675,
  "time_ms": 2
}