{
  "sum_of_pairs": 0.868734335839599,
  "column_score": 0.6578947368421053,
  "time_ms": 38
}