{
  "sum_of_pairs": 0.8958126283707679,
  "column_score": 0.5697674418604651,
  "time_ms": 117
}