{
  "sum_of_pairs": 0.7006802721088435,
  "column_score": 0.5838509316770186,
  "time_ms": 10
}