{
  "sum_of_pairs": 0.7473118279569892,
  "column_score": 0.6175115207373272,
  "time_ms": 2
}