{
  "sum_of_pairs": 0.8520408163265306,
  "column_score": 0.722567287784679,
  "time_ms": 25
}