{
  "sum_of_pairs": 0.8819782690146122,
  "column_score": 0.6942675159235668,
  "time_ms": 48
}