{
  "sum_of_pairs": 0.8214936247723132,
  "column_score": 0.646795827123696,
  "time_ms": 112
}