{
  "sum_of_pairs": 0.6835255841467022,
  "column_score": 0.546583850931677,
  "time_ms": 17
}