{
  "sum_of_pairs": 0.8089702333065165,
  "column_score": 0.5862831858407079,
  "time_ms": 31
}