{
  "sum_of_pairs": 0.8855584696723701,
  "column_score": 0.6942675159235668,
  "time_ms": 45
}