{
  "sum_of_pairs": 0.812807881773399,
  "column_score": 0.6650246305418719,
  "time_ms": 19
}