{
  "sum_of_pairs": 0.8500804238811619,
  "column_score": 0.5571955719557196,
  "time_ms": 54
}