{
  "sum_of_pairs": 0.9089013967062748,
  "column_score": 0.7154471544715447,
  "time_ms": 89
}