{
  "sum_of_pairs": 0.9634032634032634,
  "column_score": 0.9435897435897436,
  "time_ms": 40
}