{
  "sum_of_pairs": 0.6735469448584203,
  "column_score": 0.4426229508196721,
  "time_ms": 34
}