{
  "sum_of_pairs": 0.7464253066652885,
  "column_score": 0.025254438115058023,
  "time_ms": 374
}