{
  "sum_of_pairs": 0.7739166736244468,
  "column_score": 0.2576271186440678,
  "time_ms": 438
}