{
  "sum_of_pairs": 0.895193315594259,
  "column_score": 0.027777777777777776,
  "time_ms": 338
}