{
  "sum_of_pairs": 0.863498661406228,
  "column_score": 0.052980132450331126,
  "time_ms": 468
}