{
  "sum_of_pairs": 0.5344202898550725,
  "column_score": 0.050724637681159424,
  "time_ms": 24
}