{
  "sum_of_pairs": 0.6723391089108911,
  "column_score": 0.16831683168316833,
  "time_ms": 191
}