{
  "sum_of_pairs": 0.6958848315786373,
  "column_score": 0.02795274882726257,
  "time_ms": 313
}