{
  "sum_of_pairs": 0.9270508479610324,
  "column_score": 0.4537037037037037,
  "time_ms": 1398
}