{
  "sum_of_pairs": 0.7883467266688096,
  "column_score": 0.07650273224043716,
  "time_ms": 194
}