{
  "sum_of_pairs": 0.6992986557568673,
  "column_score": 0.1016949152542373,
  "time_ms": 392
}