{
  "sum_of_pairs": 0.5359918085038213,
  "column_score": 0.052956841118546275,
  "time_ms": 661
}