{
  "sum_of_pairs": 0.7134213870733479,
  "column_score": 0.10294117647058823,
  "time_ms": 784
}