{
  "sum_of_pairs": 0.4505329955304859,
  "column_score": 0.13953488372093023,
  "time_ms": 1318
}