{
  "sum_of_pairs": 0.7010900609291698,
  "column_score": 0.009900990099009901,
  "time_ms": 433
}