{
  "sum_of_pairs": 0.5765567765567765,
  "column_score": 0.2081447963800905,
  "time_ms": 201
}