{
  "sum_of_pairs": 0.5064906996528177,
  "column_score": 0.11304347826086956,
  "time_ms": 404
}