{
  "sum_of_pairs": 0.7203778677462888,
  "column_score": 0.07017543859649122,
  "time_ms": 419
}