{
  "sum_of_pairs": 0.7913431450145104,
  "column_score": 0.3968253968253968,
  "time_ms": 1877
}