{
  "sum_of_pairs": 0.44621522872326325,
  "column_score": 0.02327668867732476,
  "time_ms": 510
}