{
  "sum_of_pairs": 0.7673400673400673,
  "column_score": 0.07954545454545454,
  "time_ms": 851
}