{
  "sum_of_pairs": 0.5499024965177328,
  "column_score": 0.01092896174863388,
  "time_ms": 256
}