{
  "sum_of_pairs": 0.5701398967908402,
  "column_score": 0.027777777777777776,
  "time_ms": 430
}