{
  "sum_of_pairs": 0.24011857707509882,
  "column_score": 0.039473684210526314,
  "time_ms": 89
}