{
  "sum_of_pairs": 0.5339728929678141,
  "column_score": 0.19444444444444445,
  "time_ms": 2229
}