{
  "sum_of_pairs": 0.4204998348903029,
  "column_score": 0.016509727955293926,
  "time_ms": 551
}