{
  "sum_of_pairs": 0.7433342912794968,
  "column_score": 0.0821917808219178,
  "time_ms": 885
}