{
  "sum_of_pairs": 0.6181089743589744,
  "column_score": 0.011695906432748537,
  "time_ms": 370
}