{
  "sum_of_pairs": 0.5305189280468848,
  "column_score": 0.12714687690733703,
  "time_ms": 251
}