{
  "sum_of_pairs": 0.5305189280468849,
  "column_score": 0.12714687690733706,
  "time_ms": 303
}