{
  "sum_of_pairs": 0.5050670640834575,
  "column_score": 0.2336065573770492,
  "time_ms": 71
}