{
  "sum_of_pairs": 0.594925634295713,
  "column_score": 0.03937007874015748,
  "time_ms": 69
}