{
  "sum_of_pairs": 0.5283185840707965,
  "column_score": 0.17699115044247787,
  "time_ms": 292
}