{
  "sum_of_pairs": 0.7814131245339299,
  "column_score": 0.5268456375838926,
  "time_ms": 29
}