{
  "sum_of_pairs": 0.814935064935065,
  "column_score": 0.5818181818181818,
  "time_ms": 1695
}