{
  "sum_of_pairs": 0.8493091067348493,
  "column_score": 0.6633663366336634,
  "time_ms": 10126
}