{
  "sum_of_pairs": 0.5443349753694581,
  "column_score": 0.32019704433497537,
  "time_ms": 1021
}