{
  "sum_of_pairs": 0.5881262998819559,
  "column_score": 0.008790746099551392,
  "time_ms": 556
}