{
  "sum_of_pairs": 0.588271279372221,
  "column_score": 0.008790746099551392,
  "time_ms": 216
}