{
  "sum_of_pairs": 0.4926825304237781,
  "column_score": 0.0016998912926982376,
  "time_ms": 425
}