{
  "sum_of_pairs": 0.8303248784737691,
  "column_score": 0.21296296296296297,
  "time_ms": 3374
}