{
  "sum_of_pairs": 0.5265091425231694,
  "column_score": 0.03728813559322034,
  "time_ms": 465
}