{
  "sum_of_pairs": 0.7488639401229618,
  "column_score": 0.032407407407407406,
  "time_ms": 1543
}