{
  "sum_of_pairs": 0.7995741838523838,
  "column_score": 0.0423728813559322,
  "time_ms": 415
}