{
  "sum_of_pairs": 0.6224477733291244,
  "column_score": 0.20648783510402877,
  "time_ms": 219
}