{
  "sum_of_pairs": 0.5661217078621738,
  "column_score": 0.15471777121600358,
  "time_ms": 175
}