{
  "sum_of_pairs": 0.6242492508611814,
  "column_score": 0.20687289478827992,
  "time_ms": 93
}