{
  "sum_of_pairs": 0.622539575267922,
  "column_score": 0.20648783510402885,
  "time_ms": 217
}