{
  "sum_of_pairs": 0.8349753694581281,
  "column_score": 0.19642857142857142,
  "time_ms": 71
}