{
  "sum_of_pairs": 0.8518355618109312,
  "column_score": 0.19642857142857142,
  "time_ms": 293
}