{
  "sum_of_pairs": 0.8430369787568843,
  "column_score": 0.5040650406504065,
  "time_ms": 336
}