{
  "sum_of_pairs": 0.6697385003150599,
  "column_score": 0.30434782608695654,
  "time_ms": 16
}