{
  "sum_of_pairs": 0.7306014318838222,
  "column_score": 0.19230769230769232,
  "time_ms": 701
}