{
  "sum_of_pairs": 0.6371014492753623,
  "column_score": 0.23333333333333334,
  "time_ms": 384
}