{
  "sum_of_pairs": 0.655166981726528,
  "column_score": 0.2826086956521739,
  "time_ms": 27
}