{
  "sum_of_pairs": 0.8436454093170511,
  "column_score": 0.18125,
  "time_ms": 1634
}