{
  "sum_of_pairs": 0.824456961683756,
  "column_score": 0.5619266055045872,
  "time_ms": 136
}