{
  "sum_of_pairs": 0.7543729406500427,
  "column_score": 0.22115384615384615,
  "time_ms": 573
}