{
  "sum_of_pairs": 0.8220349516493897,
  "column_score": 0.6666666666666666,
  "time_ms": 103
}