{
  "sum_of_pairs": 0.6284972556000593,
  "column_score": 0.08411214953271028,
  "time_ms": 430
}