{
  "sum_of_pairs": 0.8766833446404342,
  "column_score": 0.284375,
  "time_ms": 2111
}