{
  "sum_of_pairs": 0.6040924592648731,
  "column_score": 0.2896551724137931,
  "time_ms": 20
}