{
  "sum_of_pairs": 0.7930370149402143,
  "column_score": 0.5408805031446541,
  "time_ms": 191
}