{
  "sum_of_pairs": 0.6865530303030303,
  "column_score": 0.26704545454545453,
  "time_ms": 39
}