{
  "sum_of_pairs": 0.8948212281545614,
  "column_score": 0.015151515151515152,
  "time_ms": 118
}