{
  "sum_of_pairs": 0.519604205318491,
  "column_score": 0.07346938775510205,
  "time_ms": 29
}