{
  "sum_of_pairs": 0.7278554778554779,
  "column_score": 0.32211538461538464,
  "time_ms": 390
}