{
  "sum_of_pairs": 0.5614768373389063,
  "column_score": 0.3620689655172414,
  "time_ms": 33
}