{
  "sum_of_pairs": 0.6563964709125999,
  "column_score": 0.23387096774193547,
  "time_ms": 481
}