{
  "sum_of_pairs": 0.8108772619984265,
  "column_score": 0.3252032520325203,
  "time_ms": 171
}