{
  "sum_of_pairs": 0.6828631138975967,
  "column_score": 0.25287356321839083,
  "time_ms": 24
}