{
  "sum_of_pairs": 0.650492264416315,
  "column_score": 0.4430379746835443,
  "time_ms": 17
}