{
  "sum_of_pairs": 0.5657765910102359,
  "column_score": 0.06542056074766354,
  "time_ms": 380
}