{
  "sum_of_pairs": 0.9652487908301862,
  "column_score": 0.7790697674418605,
  "time_ms": 135
}