{
  "sum_of_pairs": 0.9016393442622951,
  "column_score": 0.8688524590163934,
  "time_ms": 11
}