{
  "sum_of_pairs": 0.8610018552875696,
  "column_score": 0.6514285714285715,
  "time_ms": 31
}