{
  "sum_of_pairs": 0.7526949517959566,
  "column_score": 0.22115384615384615,
  "time_ms": 872
}