{
  "sum_of_pairs": 0.6225530741659774,
  "column_score": 0.20161290322580644,
  "time_ms": 153
}