{
  "sum_of_pairs": 0.7905998763141621,
  "column_score": 0.49714285714285716,
  "time_ms": 89
}