{
  "sum_of_pairs": 0.2851851851851852,
  "column_score": 0.06790123456790123,
  "time_ms": 17
}