{
  "sum_of_pairs": 0.8518787101996762,
  "column_score": 0.6467889908256881,
  "time_ms": 127
}