{
  "sum_of_pairs": 0.8462004982953055,
  "column_score": 0.5040650406504065,
  "time_ms": 73
}