{
  "sum_of_pairs": 0.5143775213434656,
  "column_score": 0.3026315789473684,
  "time_ms": 162
}