{
  "sum_of_pairs": 0.817473338802297,
  "column_score": 0.6477987421383647,
  "time_ms": 229
}