{
  "sum_of_pairs": 0.24126868096166343,
  "column_score": 0.08333333333333333,
  "time_ms": 55
}