{
  "sum_of_pairs": 0.604375,
  "column_score": 0.17613636363636365,
  "time_ms": 77
}