{
  "sum_of_pairs": 0.6407610588645072,
  "column_score": 0.49712643678160917,
  "time_ms": 20
}