{
  "sum_of_pairs": 0.34829931972789113,
  "column_score": 0.053061224489795916,
  "time_ms": 23
}