{
  "sum_of_pairs": 0.876652250113071,
  "column_score": 0.284375,
  "time_ms": 862
}