{
  "sum_of_pairs": 0.6226409017713366,
  "column_score": 0.16666666666666666,
  "time_ms": 164
}