{
  "sum_of_pairs": 0.6520947176684881,
  "column_score": 0.4098360655737705,
  "time_ms": 3
}