{
  "sum_of_pairs": 0.8520979492714517,
  "column_score": 0.6467889908256881,
  "time_ms": 63
}