{
  "sum_of_pairs": 0.4981940144478844,
  "column_score": 0.27631578947368424,
  "time_ms": 137
}