{
  "sum_of_pairs": 0.893256464011181,
  "column_score": 0.4791666666666667,
  "time_ms": 948
}