{
  "sum_of_pairs": 0.4570144222565353,
  "column_score": 0.11704616581503156,
  "time_ms": 287
}