{
  "sum_of_pairs": 0.7102485966319166,
  "column_score": 0.3767441860465116,
  "time_ms": 294
}