{
  "sum_of_pairs": 0.34661448221270064,
  "column_score": 0.12402808422598137,
  "time_ms": 13
}