{
  "sum_of_pairs": 0.4813489697210627,
  "column_score": 0.22093023255813954,
  "time_ms": 34
}