{
  "sum_of_pairs": 0.6403147246159611,
  "column_score": 0.05732484076433121,
  "time_ms": 22
}