{
  "sum_of_pairs": 0.5353445726116534,
  "column_score": 0.40372670807453415,
  "time_ms": 21
}