{
  "sum_of_pairs": 0.24213709677419354,
  "column_score": 0.11491935483870967,
  "time_ms": 13
}