{
  "sum_of_pairs": 0.4909090909090909,
  "column_score": 0.2234513274336283,
  "time_ms": 26
}