{
  "sum_of_pairs": 0.7004926108374384,
  "column_score": 0.5640394088669951,
  "time_ms": 13
}