{
  "sum_of_pairs": 0.23694779116465864,
  "column_score": 0.1746987951807229,
  "time_ms": 2
}