{
  "sum_of_pairs": 0.47198702936407855,
  "column_score": 0.33669609079445145,
  "time_ms": 31
}