{
  "sum_of_pairs": 0.3165891873278237,
  "column_score": 0.09375,
  "time_ms": 43
}