{
  "sum_of_pairs": 0.6263670614216688,
  "column_score": 0.20459441845122722,
  "time_ms": 120
}