{
  "sum_of_pairs": 0.8576238576238576,
  "column_score": 0.4090909090909091,
  "time_ms": 98
}