{
  "sum_of_pairs": 0.8543135025893647,
  "column_score": 0.26373626373626374,
  "time_ms": 93
}