{
  "sum_of_pairs": 0.7855992047168517,
  "column_score": 0.41346153846153844,
  "time_ms": 230
}