{
  "sum_of_pairs": 0.8683222711114426,
  "column_score": 0.7169811320754716,
  "time_ms": 129
}