{
  "sum_of_pairs": 0.7097282675019322,
  "column_score": 0.15384615384615385,
  "time_ms": 736
}