{
  "sum_of_pairs": 0.738655303030303,
  "column_score": 0.3352272727272727,
  "time_ms": 63
}