{
  "sum_of_pairs": 0.6578762306610408,
  "column_score": 0.44936708860759494,
  "time_ms": 17
}