{
  "sum_of_pairs": 0.5835390946502058,
  "column_score": 0.29012345679012347,
  "time_ms": 19
}