{
  "sum_of_pairs": 0.8975075704635453,
  "column_score": 0.23958333333333334,
  "time_ms": 437
}