{
  "sum_of_pairs": 0.6078703703703704,
  "column_score": 0.23333333333333334,
  "time_ms": 10
}