{
  "sum_of_pairs": 0.7084204110066179,
  "column_score": 0.5747126436781609,
  "time_ms": 34
}