{
  "sum_of_pairs": 0.7455854490337249,
  "column_score": 0.3931034482758621,
  "time_ms": 22
}