{
  "sum_of_pairs": 0.6989964157706093,
  "column_score": 0.25483870967741934,
  "time_ms": 28
}