{
  "sum_of_pairs": 0.9023868167956838,
  "column_score": 0.31547619047619047,
  "time_ms": 104
}