{
  "sum_of_pairs": 0.876315434430653,
  "column_score": 0.6192660550458715,
  "time_ms": 84
}