{
  "sum_of_pairs": 0.6342758895950386,
  "column_score": 0.2127659574468085,
  "time_ms": 55
}