{
  "sum_of_pairs": 0.6857802159526297,
  "column_score": 0.1781609195402299,
  "time_ms": 64
}