{
  "sum_of_pairs": 0.6626230661040787,
  "column_score": 0.25949367088607594,
  "time_ms": 25
}