{
  "sum_of_pairs": 0.6423645320197044,
  "column_score": 0.11724137931034483,
  "time_ms": 36
}