{
  "sum_of_pairs": 0.8405963302752294,
  "column_score": 0.591743119266055,
  "time_ms": 173
}