{
  "sum_of_pairs": 0.9706817730073544,
  "column_score": 0.7674418604651163,
  "time_ms": 210
}