{
  "sum_of_pairs": 0.49135802469135803,
  "column_score": 0.1728395061728395,
  "time_ms": 29
}