{
  "sum_of_pairs": 0.6535614768373389,
  "column_score": 0.28160919540229884,
  "time_ms": 49
}