{
  "sum_of_pairs": 0.5727598566308244,
  "column_score": 0.012903225806451613,
  "time_ms": 44
}