{
  "sum_of_pairs": 0.8538251366120219,
  "column_score": 0.6557377049180327,
  "time_ms": 5
}