{
  "sum_of_pairs": 0.48769338959212377,
  "column_score": 0.31645569620253167,
  "time_ms": 16
}