{
  "sum_of_pairs": 0.43747823058167884,
  "column_score": 0.22413793103448276,
  "time_ms": 28
}