{
  "sum_of_pairs": 0.7191687175280285,
  "column_score": 0.6194968553459119,
  "time_ms": 109
}