{
  "sum_of_pairs": 0.5246383518442342,
  "column_score": 0.20192307692307693,
  "time_ms": 198
}