{
  "sum_of_pairs": 0.7858540205072855,
  "column_score": 0.5275229357798165,
  "time_ms": 75
}