{
  "sum_of_pairs": 0.6625848032564451,
  "column_score": 0.103125,
  "time_ms": 710
}