{
  "sum_of_pairs": 0.5524357461316549,
  "column_score": 0.17073170731707318,
  "time_ms": 72
}