{
  "sum_of_pairs": 0.8953488372093024,
  "column_score": 0.6976744186046512,
  "time_ms": 89
}