{
  "sum_of_pairs": 0.7246216315983758,
  "column_score": 0.4883720930232558,
  "time_ms": 192
}