{
  "sum_of_pairs": 0.7785714285714286,
  "column_score": 0.4318181818181818,
  "time_ms": 71
}