{
  "sum_of_pairs": 0.7864879105438791,
  "column_score": 0.12903225806451613,
  "time_ms": 651
}