{
  "sum_of_pairs": 0.9319711538461538,
  "column_score": 0.23333333333333334,
  "time_ms": 1201
}