{
  "sum_of_pairs": 0.8311756793112726,
  "column_score": 0.1619047619047619,
  "time_ms": 691
}