{
  "sum_of_pairs": 0.7633399209486166,
  "column_score": 0.2894736842105263,
  "time_ms": 141
}