{
  "sum_of_pairs": 0.9340625146775633,
  "column_score": 0.304635761589404,
  "time_ms": 1304
}