{
  "sum_of_pairs": 0.781060606060606,
  "column_score": 0.4318181818181818,
  "time_ms": 19
}