{
  "sum_of_pairs": 0.8359350047908016,
  "column_score": 0.2623762376237624,
  "time_ms": 568
}