{
  "sum_of_pairs": 0.9616016711713049,
  "column_score": 0.5879629629629629,
  "time_ms": 3143
}