{
  "sum_of_pairs": 0.9093719185898359,
  "column_score": 0.22900763358778625,
  "time_ms": 1194
}