{
  "sum_of_pairs": 0.7258615936035291,
  "column_score": 0.16666666666666666,
  "time_ms": 141
}