{
  "sum_of_pairs": 0.9472194163860831,
  "column_score": 0.08333333333333333,
  "time_ms": 1964
}