{
  "sum_of_pairs": 0.9542452016263459,
  "column_score": 0.19004524886877827,
  "time_ms": 2932
}