{
  "sum_of_pairs": 0.8731884057971014,
  "column_score": 0.5434782608695652,
  "time_ms": 44
}