{
  "sum_of_pairs": 0.9552118287009503,
  "column_score": 0.2171945701357466,
  "time_ms": 1609
}