{
  "sum_of_pairs": 0.8970795214637579,
  "column_score": 0.39285714285714285,
  "time_ms": 173
}