{
  "sum_of_pairs": 0.9635111922936034,
  "column_score": 0.6018518518518519,
  "time_ms": 2471
}