{
  "sum_of_pairs": 0.9359060166267437,
  "column_score": 0.304635761589404,
  "time_ms": 787
}