{
  "sum_of_pairs": 0.7299421009098428,
  "column_score": 0.16666666666666666,
  "time_ms": 88
}