{
  "sum_of_pairs": 0.9021150755384121,
  "column_score": 0.3989071038251366,
  "time_ms": 515
}