{
  "sum_of_pairs": 0.8472989897303165,
  "column_score": 0.36610169491525424,
  "time_ms": 729
}