{
  "sum_of_pairs": 0.899056525006262,
  "column_score": 0.4406779661016949,
  "time_ms": 141
}