{
  "sum_of_pairs": 0.8982842114051933,
  "column_score": 0.4152542372881356,
  "time_ms": 258
}