{
  "sum_of_pairs": 0.836783375918237,
  "column_score": 0.27722772277227725,
  "time_ms": 320
}