{
  "sum_of_pairs": 0.9478282828282828,
  "column_score": 0.09583333333333334,
  "time_ms": 1248
}