{
  "sum_of_pairs": 0.8322625773473231,
  "column_score": 0.17142857142857143,
  "time_ms": 311
}