{
  "sum_of_pairs": 0.9684023646287797,
  "column_score": 0.5067567567567568,
  "time_ms": 488
}