{
  "sum_of_pairs": 0.9754374294468634,
  "column_score": 0.6597222222222222,
  "time_ms": 800
}