{
  "sum_of_pairs": 0.8956060872624912,
  "column_score": 0.39285714285714285,
  "time_ms": 340
}