{
  "sum_of_pairs": 0.7828191167574108,
  "column_score": 0.04838709677419355,
  "time_ms": 1164
}