{
  "sum_of_pairs": 0.9467669115396388,
  "column_score": 0.3106060606060606,
  "time_ms": 859
}