{
  "sum_of_pairs": 0.7197305278700628,
  "column_score": 0.4883720930232558,
  "time_ms": 328
}