{
  "sum_of_pairs": 0.9442799204162841,
  "column_score": 0.29924242424242425,
  "time_ms": 1482
}