{
  "sum_of_pairs": 0.8425502326974812,
  "column_score": 0.2080916866116934,
  "time_ms": 791
}