{
  "sum_of_pairs": 0.8393464858002463,
  "column_score": 0.19274361139691074,
  "time_ms": 1495
}