{
  "sum_of_pairs": 0.9199248828371686,
  "column_score": 0.26717557251908397,
  "time_ms": 3894
}