{
  "sum_of_pairs": 0.9171537112799533,
  "column_score": 0.21428571428571427,
  "time_ms": 1281
}