{
  "sum_of_pairs": 0.9551262626262627,
  "column_score": 0.2708333333333333,
  "time_ms": 1547
}