{
  "sum_of_pairs": 0.9202018635260749,
  "column_score": 0.26717557251908397,
  "time_ms": 1593
}