{
  "sum_of_pairs": 0.8063137579266612,
  "column_score": 0.10256410256410256,
  "time_ms": 168
}