{
  "sum_of_pairs": 0.9681251007901951,
  "column_score": 0.7638888888888888,
  "time_ms": 1253
}