{
  "sum_of_pairs": 0.9591686714782144,
  "column_score": 0.6018518518518519,
  "time_ms": 4180
}