{
  "sum_of_pairs": 0.9380571298379518,
  "column_score": 0.09049773755656108,
  "time_ms": 2071
}