{
  "sum_of_pairs": 0.9378108660945084,
  "column_score": 0.08144796380090498,
  "time_ms": 4570
}