{
  "sum_of_pairs": 0.8562759501756627,
  "column_score": 0.32673267326732675,
  "time_ms": 461
}