{
  "sum_of_pairs": 0.958855574366133,
  "column_score": 0.6018518518518519,
  "time_ms": 6031
}