{
  "sum_of_pairs": 0.7992847803602443,
  "column_score": 0.12096774193548387,
  "time_ms": 758
}