{
  "sum_of_pairs": 0.9181099324975892,
  "column_score": 0.25136612021857924,
  "time_ms": 688
}