{
  "sum_of_pairs": 0.8553227018452033,
  "column_score": 0.4406779661016949,
  "time_ms": 2038
}