{
  "sum_of_pairs": 0.8795289855072463,
  "column_score": 0.6956521739130435,
  "time_ms": 85
}