{
  "sum_of_pairs": 0.8470110304008609,
  "column_score": 0.14285714285714285,
  "time_ms": 903
}