{
  "sum_of_pairs": 0.8500618778584881,
  "column_score": 0.14285714285714285,
  "time_ms": 327
}