{
  "sum_of_pairs": 0.7209609942168081,
  "column_score": 0.313953488372093,
  "time_ms": 647
}