{
  "sum_of_pairs": 0.8503473331204088,
  "column_score": 0.29207920792079206,
  "time_ms": 948
}