{
  "sum_of_pairs": 0.8739130434782608,
  "column_score": 0.6521739130434783,
  "time_ms": 51
}