{
  "sum_of_pairs": 0.9200814314796957,
  "column_score": 0.25136612021857924,
  "time_ms": 300
}