{
  "sum_of_pairs": 0.9627914951989026,
  "column_score": 0.23015873015873015,
  "time_ms": 5297
}