{
  "sum_of_pairs": 0.8580278867830008,
  "column_score": 0.44745762711864406,
  "time_ms": 1017
}