{
  "sum_of_pairs": 0.9543005815733089,
  "column_score": 0.39015151515151514,
  "time_ms": 2274
}