{
  "sum_of_pairs": 0.7215147040728436,
  "column_score": 0.3488372093023256,
  "time_ms": 271
}