{
  "sum_of_pairs": 0.7580611608071562,
  "column_score": 0.39473684210526316,
  "time_ms": 116
}