{
  "sum_of_pairs": 0.8129032258064516,
  "column_score": 0.16666666666666666,
  "time_ms": 78
}