{
  "sum_of_pairs": 0.9324303696397539,
  "column_score": 0.2251655629139073,
  "time_ms": 1202
}