{
  "sum_of_pairs": 0.74768566673601,
  "column_score": 0.34210526315789475,
  "time_ms": 241
}