{
  "sum_of_pairs": 0.7990779145666363,
  "column_score": 0.04048582995951417,
  "time_ms": 620
}