{
  "sum_of_pairs": 0.5437656634400938,
  "column_score": 0.017391304347826087,
  "time_ms": 443
}