{
  "sum_of_pairs": 0.794273625012106,
  "column_score": 0.4007936507936508,
  "time_ms": 1894
}