{
  "sum_of_pairs": 0.5018421271984663,
  "column_score": 0.050387596899224806,
  "time_ms": 143
}