{
  "sum_of_pairs": 0.6601462585034014,
  "column_score": 0.12083333333333333,
  "time_ms": 390
}