{
  "sum_of_pairs": 0.41693324031193285,
  "column_score": 0.06831125550957687,
  "time_ms": 117
}