{
  "sum_of_pairs": 0.5605560010692329,
  "column_score": 0.25116279069767444,
  "time_ms": 133
}