{
  "sum_of_pairs": 0.5609619686800895,
  "column_score": 0.09731543624161074,
  "time_ms": 17
}