{
  "sum_of_pairs": 0.5725901909320158,
  "column_score": 0.06299212598425197,
  "time_ms": 34
}