{
  "sum_of_pairs": 0.40208643815201195,
  "column_score": 0.2028688524590164,
  "time_ms": 43
}