{
  "sum_of_pairs": 0.35946866653735193,
  "column_score": 0.15365241674584096,
  "time_ms": 7
}