{
  "sum_of_pairs": 0.3034605146406389,
  "column_score": 0.12422360248447205,
  "time_ms": 5
}