{
  "sum_of_pairs": 0.6263546798029557,
  "column_score": 0.5467980295566502,
  "time_ms": 6
}