{
  "sum_of_pairs": 0.38487394957983195,
  "column_score": 0.2773109243697479,
  "time_ms": 8
}