{
  "sum_of_pairs": 0.5849624060150376,
  "column_score": 0.14473684210526316,
  "time_ms": 9
}