{
  "sum_of_pairs": 0.5881834215167548,
  "column_score": 0.4382716049382716,
  "time_ms": 2
}