{
  "sum_of_pairs": 0.31982942430703626,
  "column_score": 0.07835820895522388,
  "time_ms": 6
}