{
  "sum_of_pairs": 0.3733643250688705,
  "column_score": 0.1278409090909091,
  "time_ms": 24
}