{
  "sum_of_pairs": 0.5771144278606966,
  "column_score": 0.41044776119402987,
  "time_ms": 6
}