{
  "sum_of_pairs": 0.5036496350364964,
  "column_score": 0.26277372262773724,
  "time_ms": 4
}