{
  "sum_of_pairs": 0.3786290322580645,
  "column_score": 0.23387096774193547,
  "time_ms": 6
}