{
  "sum_of_pairs": 0.4971901804199941,
  "column_score": 0.35196687370600416,
  "time_ms": 11
}