{
  "sum_of_pairs": 0.4532967032967033,
  "column_score": 0.244640605296343,
  "time_ms": 16
}