{
  "sum_of_pairs": 0.06551724137931035,
  "column_score": 0.013793103448275862,
  "time_ms": 3
}