{
  "sum_of_pairs": 0.2926587301587302,
  "column_score": 0.13095238095238096,
  "time_ms": 1
}