{
  "sum_of_pairs": 0.6935508935508935,
  "column_score": 0.37435897435897436,
  "time_ms": 11
}