{
  "sum_of_pairs": 0.39759036144578314,
  "column_score": 0.4578313253012048,
  "time_ms": 2
}