{
  "sum_of_pairs": 0.44113263785394935,
  "column_score": 0.18442622950819673,
  "time_ms": 9
}