{
  "sum_of_pairs": 0.43129265222288476,
  "column_score": 0.10465116279069768,
  "time_ms": 20
}