{
  "sum_of_pairs": 0.7175141242937854,
  "column_score": 0.423728813559322,
  "time_ms": 8
}