{
  "sum_of_pairs": 0.03309672190382842,
  "column_score": 0.0002658160552897395,
  "time_ms": 4
}