{
  "sum_of_pairs": 0.6185822069452567,
  "column_score": 0.19134218643077558,
  "time_ms": 138
}