{
  "sum_of_pairs": 0.8663211276008651,
  "column_score": 0.7358490566037735,
  "time_ms": 138
}