{
  "sum_of_pairs": 0.47976422537826047,
  "column_score": 0.007936507936507936,
  "time_ms": 66
}