{
  "sum_of_pairs": 0.9370290203623537,
  "column_score": 0.3939393939393939,
  "time_ms": 101
}