{
  "sum_of_pairs": 0.7111827956989247,
  "column_score": 0.603225806451613,
  "time_ms": 30
}