{
  "sum_of_pairs": 0.8667898193760263,
  "column_score": 0.26785714285714285,
  "time_ms": 105
}