{
  "sum_of_pairs": 0.46791078743741465,
  "column_score": 0.1242603550295858,
  "time_ms": 28
}