{
  "sum_of_pairs": 0.6465327775672604,
  "column_score": 0.18620689655172415,
  "time_ms": 21
}