{
  "sum_of_pairs": 0.7023087206910736,
  "column_score": 0.3076923076923077,
  "time_ms": 266
}