{
  "sum_of_pairs": 0.918943533697632,
  "column_score": 0.9180327868852459,
  "time_ms": 4
}