{
  "sum_of_pairs": 0.7952787952787953,
  "column_score": 0.2962962962962963,
  "time_ms": 22
}