{
  "sum_of_pairs": 0.6104078762306611,
  "column_score": 0.31645569620253167,
  "time_ms": 18
}