{
  "sum_of_pairs": 0.7005494505494505,
  "column_score": 0.47115384615384615,
  "time_ms": 76
}