{
  "sum_of_pairs": 0.37599944858009376,
  "column_score": 0.12096774193548387,
  "time_ms": 160
}