{
  "sum_of_pairs": 0.737067269866247,
  "column_score": 0.18699186991869918,
  "time_ms": 112
}