{
  "sum_of_pairs": 0.8564321370750135,
  "column_score": 0.6743119266055045,
  "time_ms": 97
}