{
  "sum_of_pairs": 0.7020969574161063,
  "column_score": 0.10638297872340426,
  "time_ms": 58
}