{
  "sum_of_pairs": 0.6701933124346917,
  "column_score": 0.45689655172413796,
  "time_ms": 36
}