{
  "sum_of_pairs": 0.8364279398762158,
  "column_score": 0.5054945054945055,
  "time_ms": 107
}