{
  "sum_of_pairs": 0.5627068364644083,
  "column_score": 0.2151190725583848,
  "time_ms": 233
}