{
  "sum_of_pairs": 0.5624921542126757,
  "column_score": 0.20909845462501522,
  "time_ms": 112
}