{
  "sum_of_pairs": 0.5153025977897264,
  "column_score": 0.14391500708937754,
  "time_ms": 264
}