{
  "sum_of_pairs": 0.45706267765091296,
  "column_score": 0.0472972972972973,
  "time_ms": 304
}