{
  "sum_of_pairs": 0.6681174583246147,
  "column_score": 0.09876543209876543,
  "time_ms": 3350
}