{
  "sum_of_pairs": 0.6406077872744539,
  "column_score": 0.35802469135802467,
  "time_ms": 187
}