{
  "sum_of_pairs": 0.3037411283531818,
  "column_score": 0.06748466257668712,
  "time_ms": 56
}