{
  "sum_of_pairs": 0.6716429249762583,
  "column_score": 0.41975308641975306,
  "time_ms": 42
}