{
  "sum_of_pairs": 0.6919289935638082,
  "column_score": 0.21782178217821782,
  "time_ms": 1260
}