{
  "sum_of_pairs": 0.6205482318476668,
  "column_score": 0.09876543209876543,
  "time_ms": 1208
}