{
  "sum_of_pairs": 0.7572706935123042,
  "column_score": 0.5033557046979866,
  "time_ms": 49
}