{
  "sum_of_pairs": 0.6523610239241124,
  "column_score": 0.09876543209876543,
  "time_ms": 557
}