{
  "sum_of_pairs": 0.6474896659101126,
  "column_score": 0.10891089108910891,
  "time_ms": 760
}