{
  "sum_of_pairs": 0.4987919651636466,
  "column_score": 0.12389380530973451,
  "time_ms": 300
}