{
  "sum_of_pairs": 0.3598781025702715,
  "column_score": 0.09202453987730061,
  "time_ms": 57
}