{
  "sum_of_pairs": 0.851358024691358,
  "column_score": 0.13333333333333333,
  "time_ms": 158
}