{
  "sum_of_pairs": 0.7624906785980612,
  "column_score": 0.5268456375838926,
  "time_ms": 11
}