{
  "sum_of_pairs": 0.6799037690457097,
  "column_score": 0.37209302325581395,
  "time_ms": 234
}