{
  "sum_of_pairs": 0.7062817428495055,
  "column_score": 0.4325581395348837,
  "time_ms": 131
}