{
  "sum_of_pairs": 0.8004470938897168,
  "column_score": 0.5020491803278688,
  "time_ms": 60
}