{
  "sum_of_pairs": 0.6292007616694972,
  "column_score": 0.3228346456692913,
  "time_ms": 43
}