{
  "sum_of_pairs": 0.5652057873296812,
  "column_score": 0.25663716814159293,
  "time_ms": 246
}