{
  "sum_of_pairs": 0.49868718986366045,
  "column_score": 0.060810810810810814,
  "time_ms": 140
}