{
  "sum_of_pairs": 0.798130987088713,
  "column_score": 0.336734693877551,
  "time_ms": 568
}