{
  "sum_of_pairs": 0.7049925484351713,
  "column_score": 0.33401639344262296,
  "time_ms": 45
}