{
  "sum_of_pairs": 0.3492090274259717,
  "column_score": 0.05558415317543666,
  "time_ms": 660
}