{
  "sum_of_pairs": 0.6068653183058,
  "column_score": 0.031496062992125984,
  "time_ms": 113
}