{
  "sum_of_pairs": 0.3250147019513499,
  "column_score": 0.04186046511627907,
  "time_ms": 705
}