{
  "sum_of_pairs": 0.5935171385991058,
  "column_score": 0.17418032786885246,
  "time_ms": 114
}