{
  "sum_of_pairs": 0.6734712900820283,
  "column_score": 0.3825503355704698,
  "time_ms": 39
}