{
  "sum_of_pairs": 0.49424501424501427,
  "column_score": 0.25925925925925924,
  "time_ms": 227
}