{
  "sum_of_pairs": 0.726039886039886,
  "column_score": 0.41975308641975306,
  "time_ms": 58
}