{
  "sum_of_pairs": 0.7488077496274218,
  "column_score": 0.2069672131147541,
  "time_ms": 47
}