{
  "sum_of_pairs": 0.6752611805877207,
  "column_score": 0.5196850393700787,
  "time_ms": 38
}