{
  "sum_of_pairs": 0.4188034188034188,
  "column_score": 0.07692307692307693,
  "time_ms": 0
}