{
  "sum_of_pairs": 0.4613526570048309,
  "column_score": 0.37681159420289856,
  "time_ms": 0
}