{
  "sum_of_pairs": 0.6549088771310994,
  "column_score": 0.32098765432098764,
  "time_ms": 6
}