{
  "sum_of_pairs": 0.41865079365079366,
  "column_score": 0.16071428571428573,
  "time_ms": 2
}