{
  "sum_of_pairs": 0.5583941605839416,
  "column_score": 0.08759124087591241,
  "time_ms": 9
}