{
  "sum_of_pairs": 0.5916733708769107,
  "column_score": 0.059734513274336286,
  "time_ms": 74
}