{
  "sum_of_pairs": 0.5053166897827092,
  "column_score": 0.13592233009708737,
  "time_ms": 13
}