{
  "sum_of_pairs": 0.6129046143250688,
  "column_score": 0.1846590909090909,
  "time_ms": 103
}