{
  "sum_of_pairs": 0.2103448275862069,
  "column_score": 0.027586206896551724,
  "time_ms": 7
}