{
  "sum_of_pairs": 0.4943141435678749,
  "column_score": 0.208955223880597,
  "time_ms": 20
}