{
  "sum_of_pairs": 0.6582706766917293,
  "column_score": 0.05263157894736842,
  "time_ms": 32
}