{
  "sum_of_pairs": 0.5780923994038748,
  "column_score": 0.26639344262295084,
  "time_ms": 44
}