{
  "sum_of_pairs": 0.7234375,
  "column_score": 0.421875,
  "time_ms": 0
}