{
  "sum_of_pairs": 0.6881100266193434,
  "column_score": 0.38509316770186336,
  "time_ms": 36
}