{
  "sum_of_pairs": 0.7167608286252354,
  "column_score": 0.4519774011299435,
  "time_ms": 26
}