{
  "sum_of_pairs": 0.9041666666666667,
  "column_score": 0.8229166666666666,
  "time_ms": 1
}