{
  "sum_of_pairs": 0.36776061776061775,
  "column_score": 0.16216216216216217,
  "time_ms": 1
}