{
  "sum_of_pairs": 0.31290322580645163,
  "column_score": 0.2318548387096774,
  "time_ms": 18
}