{
  "sum_of_pairs": 0.7413793103448276,
  "column_score": 0.6600985221674877,
  "time_ms": 18
}