{
  "sum_of_pairs": 0.7246769605456295,
  "column_score": 0.343824633550354,
  "time_ms": 426
}