{
  "sum_of_pairs": 0.6956818622257586,
  "column_score": 0.3154044341734811,
  "time_ms": 399
}