{
  "sum_of_pairs": 0.6136957437842394,
  "column_score": 0.25663716814159293,
  "time_ms": 417
}