{
  "sum_of_pairs": 0.6915858968956314,
  "column_score": 0.26548672566371684,
  "time_ms": 349
}