{
  "sum_of_pairs": 0.8912874779541446,
  "column_score": 0.4266666666666667,
  "time_ms": 133
}