{
  "sum_of_pairs": 0.5037136066547832,
  "column_score": 0.08080808080808081,
  "time_ms": 90
}