{
  "sum_of_pairs": 0.8159090909090909,
  "column_score": 0.23770491803278687,
  "time_ms": 102
}