{
  "sum_of_pairs": 0.8537438461454119,
  "column_score": 0.5742574257425742,
  "time_ms": 1001
}