{
  "sum_of_pairs": 0.8718708452041786,
  "column_score": 0.7901234567901234,
  "time_ms": 121
}