{
  "sum_of_pairs": 0.892563485699011,
  "column_score": 0.6139534883720931,
  "time_ms": 511
}