{
  "sum_of_pairs": 0.8721367521367521,
  "column_score": 0.7901234567901234,
  "time_ms": 66
}