{
  "sum_of_pairs": 0.9235645041014169,
  "column_score": 0.8087248322147651,
  "time_ms": 17
}