{
  "sum_of_pairs": 0.8632861307788422,
  "column_score": 0.4387755102040816,
  "time_ms": 769
}