{
  "sum_of_pairs": 0.8916546377973804,
  "column_score": 0.5720930232558139,
  "time_ms": 481
}