{
  "sum_of_pairs": 0.8778727445394112,
  "column_score": 0.7901234567901234,
  "time_ms": 141
}