{
  "sum_of_pairs": 0.8571869692758993,
  "column_score": 0.7165354330708661,
  "time_ms": 36
}