{
  "sum_of_pairs": 0.5731852688374427,
  "column_score": 0.07936507936507936,
  "time_ms": 73
}