{
  "sum_of_pairs": 0.7582502288384642,
  "column_score": 0.2702702702702703,
  "time_ms": 544
}