{
  "sum_of_pairs": 0.8615420658059142,
  "column_score": 0.4387755102040816,
  "time_ms": 1193
}