{
  "sum_of_pairs": 0.8411675054548644,
  "column_score": 0.5247524752475248,
  "time_ms": 853
}