{
  "sum_of_pairs": 0.6951678606545864,
  "column_score": 0.2831858407079646,
  "time_ms": 195
}