{
  "sum_of_pairs": 0.8667019400352733,
  "column_score": 0.25333333333333335,
  "time_ms": 266
}