{
  "sum_of_pairs": 0.8439744306656579,
  "column_score": 0.5346534653465347,
  "time_ms": 482
}