{
  "sum_of_pairs": 0.708208027587313,
  "column_score": 0.2147239263803681,
  "time_ms": 144
}