{
  "sum_of_pairs": 0.8611863112591975,
  "column_score": 0.3979591836734694,
  "time_ms": 1160
}