{
  "sum_of_pairs": 0.8591426071741033,
  "column_score": 0.7165354330708661,
  "time_ms": 82
}