{
  "sum_of_pairs": 0.2370271691611675,
  "column_score": 0.06277060014751384,
  "time_ms": 12
}