{
  "sum_of_pairs": 0.23839904534599854,
  "column_score": 0.06522674049839103,
  "time_ms": 6
}