{
  "sum_of_pairs": 0.20854639131544372,
  "column_score": 0.04945686750399281,
  "time_ms": 12
}