{
  "sum_of_pairs": 0.5418326693227091,
  "column_score": 0.43824701195219123,
  "time_ms": 3
}