{
  "sum_of_pairs": 0.3314814814814815,
  "column_score": 0.05333333333333334,
  "time_ms": 10
}