{
  "sum_of_pairs": 0.49295112781954886,
  "column_score": 0.27631578947368424,
  "time_ms": 6
}