{
  "sum_of_pairs": 0.3637566137566138,
  "column_score": 0.0962962962962963,
  "time_ms": 15
}