{
  "sum_of_pairs": 0.43691899070385126,
  "column_score": 0.3466135458167331,
  "time_ms": 13
}