{
  "sum_of_pairs": 0.3562962962962963,
  "column_score": 0.09333333333333334,
  "time_ms": 5
}