{
  "sum_of_pairs": 0.43197278911564624,
  "column_score": 0.3469387755102041,
  "time_ms": 2
}