{
  "sum_of_pairs": 0.09932659932659933,
  "column_score": 0.03535353535353535,
  "time_ms": 3
}