{
  "sum_of_pairs": 0.40476190476190477,
  "column_score": 0.0962962962962963,
  "time_ms": 15
}