{
  "sum_of_pairs": 0.5324774235665325,
  "column_score": 0.16831683168316833,
  "time_ms": 49
}