{
  "sum_of_pairs": 0.4094922737306843,
  "column_score": 0.3576158940397351,
  "time_ms": 2
}