{
  "sum_of_pairs": 0.4332942097026604,
  "column_score": 0.18309859154929578,
  "time_ms": 21
}