{
  "sum_of_pairs": 0.5034272658035034,
  "column_score": 0.13861386138613863,
  "time_ms": 51
}