{
  "sum_of_pairs": 0.4013605442176871,
  "column_score": 0.2653061224489796,
  "time_ms": 3
}