{
  "sum_of_pairs": 0.4782190132370638,
  "column_score": 0.30324909747292417,
  "time_ms": 42
}