{
  "sum_of_pairs": 0.1447811447811448,
  "column_score": 0.06060606060606061,
  "time_ms": 4
}