{
  "sum_of_pairs": 0.31819010792674507,
  "column_score": 0.11937231177262783,
  "time_ms": 38
}