{
  "sum_of_pairs": 0.29850746268656714,
  "column_score": 0.022388059701492536,
  "time_ms": 19
}