{
  "sum_of_pairs": 0.5285714285714286,
  "column_score": 0.3916256157635468,
  "time_ms": 19
}