{
  "sum_of_pairs": 0.12852519648636154,
  "column_score": 0.02912621359223301,
  "time_ms": 21
}