{
  "sum_of_pairs": 0.12183908045977011,
  "column_score": 0.034482758620689655,
  "time_ms": 9
}