{
  "sum_of_pairs": 0.4002057613168724,
  "column_score": 0.14814814814814814,
  "time_ms": 1
}