{
  "sum_of_pairs": 0.46348096348096346,
  "column_score": 0.046153846153846156,
  "time_ms": 49
}