{
  "sum_of_pairs": 0.36251920122887865,
  "column_score": 0.2626728110599078,
  "time_ms": 2
}