{
  "sum_of_pairs": 0.5850746268656717,
  "column_score": 0.4626865671641791,
  "time_ms": 16
}