{
  "sum_of_pairs": 0.23455598455598456,
  "column_score": 0.05405405405405406,
  "time_ms": 1
}