{
  "sum_of_pairs": 0.5343915343915344,
  "column_score": 0.3148148148148148,
  "time_ms": 6
}