{
  "sum_of_pairs": 0.2684053651266766,
  "column_score": 0.0860655737704918,
  "time_ms": 53
}