{
  "sum_of_pairs": 0.6509803921568628,
  "column_score": 0.5294117647058824,
  "time_ms": 3
}