{
  "sum_of_pairs": 0.45671834625323,
  "column_score": 0.13953488372093023,
  "time_ms": 2
}