{
  "sum_of_pairs": 0.3079648948501407,
  "column_score": 0.11177347242921014,
  "time_ms": 205
}