{
  "sum_of_pairs": 0.46887550200803213,
  "column_score": 0.4036144578313253,
  "time_ms": 1
}