{
  "sum_of_pairs": 0.47306967984934084,
  "column_score": 0.24858757062146894,
  "time_ms": 27
}