{
  "sum_of_pairs": 0.34782608695652173,
  "column_score": 0.2028985507246377,
  "time_ms": 0
}