{
  "sum_of_pairs": 0.22602739726027396,
  "column_score": 0.1232876712328767,
  "time_ms": 7
}