{
  "sum_of_pairs": 0.20830582828976585,
  "column_score": 0.01826651609260305,
  "time_ms": 2541
}