{
  "sum_of_pairs": 0.36196172248803826,
  "column_score": 0.22727272727272727,
  "time_ms": 17
}