{
  "sum_of_pairs": 0.5322277722277722,
  "column_score": 0.14285714285714285,
  "time_ms": 501
}