{
  "sum_of_pairs": 0.35467772983395734,
  "column_score": 0.04111219892389001,
  "time_ms": 236
}