{
  "sum_of_pairs": 0.5005961251862892,
  "column_score": 0.0860655737704918,
  "time_ms": 77
}