{
  "sum_of_pairs": 0.3973087501363107,
  "column_score": 0.03289947039827354,
  "time_ms": 260
}