{
  "sum_of_pairs": 0.626219087425984,
  "column_score": 0.20689655172413793,
  "time_ms": 51
}