{
  "sum_of_pairs": 0.5506172839506173,
  "column_score": 0.3395061728395062,
  "time_ms": 22
}