{
  "sum_of_pairs": 0.6465327775672604,
  "column_score": 0.21379310344827587,
  "time_ms": 29
}