{
  "sum_of_pairs": 0.7600182149362478,
  "column_score": 0.3770491803278688,
  "time_ms": 3
}