{
  "sum_of_pairs": 0.4236990154711674,
  "column_score": 0.10126582278481013,
  "time_ms": 22
}