{
  "sum_of_pairs": 0.36720247923777083,
  "column_score": 0.1400319842356437,
  "time_ms": 12
}