{
  "sum_of_pairs": 0.1963709677419355,
  "column_score": 0.10685483870967742,
  "time_ms": 12
}