{
  "sum_of_pairs": 0.2178714859437751,
  "column_score": 0.1746987951807229,
  "time_ms": 2
}