{
  "sum_of_pairs": 0.4714437156297621,
  "column_score": 0.11627906976744186,
  "time_ms": 32
}