{
  "sum_of_pairs": 0.6798872180451128,
  "column_score": 0.21052631578947367,
  "time_ms": 15
}