{
  "sum_of_pairs": 0.271889400921659,
  "column_score": 0.07373271889400922,
  "time_ms": 3
}