{
  "sum_of_pairs": 0.4687038451744334,
  "column_score": 0.11428571428571428,
  "time_ms": 59
}