{
  "sum_of_pairs": 0.22052845528455284,
  "column_score": 0.18902439024390244,
  "time_ms": 4
}