{
  "sum_of_pairs": 0.6571749718995878,
  "column_score": 0.06369426751592357,
  "time_ms": 20
}