{
  "sum_of_pairs": 0.5566854990583804,
  "column_score": 0.13559322033898305,
  "time_ms": 16
}