{
  "sum_of_pairs": 0.6305970149253731,
  "column_score": 0.48955223880597015,
  "time_ms": 11
}