{
  "sum_of_pairs": 0.543921916592724,
  "column_score": 0.38095238095238093,
  "time_ms": 20
}