{
  "sum_of_pairs": 0.3764770667703406,
  "column_score": 0.015269477111582375,
  "time_ms": 1256
}