{
  "sum_of_pairs": 0.7959282822440717,
  "column_score": 0.2874493927125506,
  "time_ms": 1283
}