{
  "sum_of_pairs": 0.46862299166107285,
  "column_score": 0.17063492063492064,
  "time_ms": 3502
}