{
  "sum_of_pairs": 0.44625058072485047,
  "column_score": 0.08128616671024234,
  "time_ms": 216
}