{
  "sum_of_pairs": 0.5201603849238171,
  "column_score": 0.03255813953488372,
  "time_ms": 218
}