{
  "sum_of_pairs": 0.4377080075383937,
  "column_score": 0.11042944785276074,
  "time_ms": 72
}