{
  "sum_of_pairs": 0.732687559354226,
  "column_score": 0.48148148148148145,
  "time_ms": 63
}