{
  "sum_of_pairs": 0.7321961222967934,
  "column_score": 0.3187919463087248,
  "time_ms": 19
}