{
  "sum_of_pairs": 0.572024085224641,
  "column_score": 0.03937007874015748,
  "time_ms": 35
}