{
  "sum_of_pairs": 0.47457868710459084,
  "column_score": 0.04950495049504951,
  "time_ms": 432
}