{
  "sum_of_pairs": 0.4692622950819672,
  "column_score": 0.26844262295081966,
  "time_ms": 60
}