{
  "sum_of_pairs": 0.17701612903225805,
  "column_score": 0.10685483870967742,
  "time_ms": 17
}