{
  "sum_of_pairs": 0.49445272396092066,
  "column_score": 0.2667660208643815,
  "time_ms": 56
}