{
  "sum_of_pairs": 0.3163934426229508,
  "column_score": 0.1680327868852459,
  "time_ms": 50
}