{
  "sum_of_pairs": 0.12048192771084337,
  "column_score": 0.1746987951807229,
  "time_ms": 18
}