{
  "sum_of_pairs": 0.2505175983436853,
  "column_score": 0.14906832298136646,
  "time_ms": 14
}