{
  "sum_of_pairs": 0.263168356191612,
  "column_score": 0.10465116279069768,
  "time_ms": 88
}