{
  "sum_of_pairs": 0.716479542640293,
  "column_score": 0.31256765292390404,
  "time_ms": 357
}