{
  "sum_of_pairs": 0.7248278278404235,
  "column_score": 0.32416016711818885,
  "time_ms": 222
}