{
  "sum_of_pairs": 0.7308792358443601,
  "column_score": 0.32794945827913363,
  "time_ms": 558
}