{
  "sum_of_pairs": 0.7013485040033712,
  "column_score": 0.25663716814159293,
  "time_ms": 326
}