{
  "sum_of_pairs": 0.8959529537556803,
  "column_score": 0.5581395348837209,
  "time_ms": 506
}