{
  "sum_of_pairs": 0.5567439096850861,
  "column_score": 0.06060606060606061,
  "time_ms": 52
}