{
  "sum_of_pairs": 0.7922856943572575,
  "column_score": 0.345679012345679,
  "time_ms": 1344
}