{
  "sum_of_pairs": 0.8634215167548501,
  "column_score": 0.10666666666666667,
  "time_ms": 129
}