{
  "sum_of_pairs": 0.9039895600298284,
  "column_score": 0.7718120805369127,
  "time_ms": 42
}