{
  "sum_of_pairs": 0.793882960172979,
  "column_score": 0.345679012345679,
  "time_ms": 1038
}