{
  "sum_of_pairs": 0.900582731889869,
  "column_score": 0.5674418604651162,
  "time_ms": 242
}