{
  "sum_of_pairs": 0.8139716840536513,
  "column_score": 0.29508196721311475,
  "time_ms": 136
}