{
  "sum_of_pairs": 0.8548907882241216,
  "column_score": 0.7160493827160493,
  "time_ms": 77
}