{
  "sum_of_pairs": 0.8093922349045536,
  "column_score": 0.5544554455445545,
  "time_ms": 483
}