{
  "sum_of_pairs": 0.7145033882673724,
  "column_score": 0.18404907975460122,
  "time_ms": 217
}