{
  "sum_of_pairs": 0.6922891856128954,
  "column_score": 0.17791411042944785,
  "time_ms": 69
}