{
  "sum_of_pairs": 0.547979797979798,
  "column_score": 0.06060606060606061,
  "time_ms": 89
}