{
  "sum_of_pairs": 0.5566696375519905,
  "column_score": 0.06060606060606061,
  "time_ms": 116
}