{
  "sum_of_pairs": 0.7116448939457789,
  "column_score": 0.30973451327433627,
  "time_ms": 513
}