{
  "sum_of_pairs": 0.8415070109676523,
  "column_score": 0.42857142857142855,
  "time_ms": 1063
}