{
  "sum_of_pairs": 0.8194113263785395,
  "column_score": 0.2848360655737705,
  "time_ms": 43
}