{
  "sum_of_pairs": 0.7997977261630745,
  "column_score": 0.345679012345679,
  "time_ms": 2396
}