{
  "sum_of_pairs": 0.8073025335320417,
  "column_score": 0.27459016393442626,
  "time_ms": 102
}