{
  "sum_of_pairs": 0.6826256064798107,
  "column_score": 0.17177914110429449,
  "time_ms": 124
}