{
  "sum_of_pairs": 0.8554886521537749,
  "column_score": 0.6062992125984252,
  "time_ms": 84
}