{
  "sum_of_pairs": 0.8615873015873016,
  "column_score": 0.10666666666666667,
  "time_ms": 280
}