{
  "sum_of_pairs": 0.8068374943806673,
  "column_score": 0.5346534653465347,
  "time_ms": 861
}