{
  "sum_of_pairs": 0.872292794668888,
  "column_score": 0.4387755102040816,
  "time_ms": 1657
}