{
  "sum_of_pairs": 0.5080483962891638,
  "column_score": 0.09490481029360787,
  "time_ms": 530
}