{
  "sum_of_pairs": 0.6842957642058092,
  "column_score": 0.37362637362637363,
  "time_ms": 2082
}