{
  "sum_of_pairs": 0.7428884234577304,
  "column_score": 0.13861386138613863,
  "time_ms": 378
}