{
  "sum_of_pairs": 0.4869711987359046,
  "column_score": 0.13574660633484162,
  "time_ms": 209
}