{
  "sum_of_pairs": 0.6114958662939393,
  "column_score": 0.12173913043478261,
  "time_ms": 1221
}