{
  "sum_of_pairs": 0.7535176107480029,
  "column_score": 0.20588235294117646,
  "time_ms": 663
}