{
  "sum_of_pairs": 0.7466093117408907,
  "column_score": 0.22807017543859648,
  "time_ms": 377
}