{
  "sum_of_pairs": 0.790223911426919,
  "column_score": 0.032388663967611336,
  "time_ms": 495
}