{
  "sum_of_pairs": 0.6895183066782861,
  "column_score": 0.24271844660194175,
  "time_ms": 1716
}