{
  "sum_of_pairs": 0.8075150531493893,
  "column_score": 0.43253968253968256,
  "time_ms": 1642
}