{
  "sum_of_pairs": 0.14091737046979058,
  "column_score": 0.03254315638237089,
  "time_ms": 15
}