{
  "sum_of_pairs": 0.39331955173539335,
  "column_score": 0.1782178217821782,
  "time_ms": 57
}