{
  "sum_of_pairs": 0.17729083665338646,
  "column_score": 0.04780876494023904,
  "time_ms": 7
}