{
  "sum_of_pairs": 0.3216931216931217,
  "column_score": 0.08148148148148149,
  "time_ms": 15
}