{
  "sum_of_pairs": 0.18771043771043772,
  "column_score": 0.08585858585858586,
  "time_ms": 6
}