{
  "sum_of_pairs": 0.4250233426704015,
  "column_score": 0.2773109243697479,
  "time_ms": 8
}