{
  "sum_of_pairs": 0.38651266766020864,
  "column_score": 0.06557377049180328,
  "time_ms": 10
}