{
  "sum_of_pairs": 0.3349324804548685,
  "column_score": 0.041044776119402986,
  "time_ms": 6
}