{
  "sum_of_pairs": 0.30414746543778803,
  "column_score": 0.05069124423963134,
  "time_ms": 1
}