{
  "sum_of_pairs": 0.63391289948667,
  "column_score": 0.36959761549925485,
  "time_ms": 24
}