{
  "sum_of_pairs": 0.5059842118665648,
  "column_score": 0.12857142857142856,
  "time_ms": 55
}