{
  "sum_of_pairs": 0.30181451612903226,
  "column_score": 0.11290322580645161,
  "time_ms": 7
}