{
  "sum_of_pairs": 0.32501155802126674,
  "column_score": 0.06310679611650485,
  "time_ms": 4
}