{
  "sum_of_pairs": 0.6211442786069652,
  "column_score": 0.491044776119403,
  "time_ms": 6
}