{
  "sum_of_pairs": 0.6281517426271386,
  "column_score": 0.011976215487143466,
  "time_ms": 1199
}