{
  "sum_of_pairs": 0.769132337362757,
  "column_score": 0.10185185185185185,
  "time_ms": 4101
}