{
  "sum_of_pairs": 0.7017512077294686,
  "column_score": 0.21739130434782608,
  "time_ms": 67
}