{
  "sum_of_pairs": 0.8379769921436588,
  "column_score": 0.029166666666666667,
  "time_ms": 2613
}