{
  "sum_of_pairs": 0.5126575937212992,
  "column_score": 0.0711864406779661,
  "time_ms": 1404
}