{
  "sum_of_pairs": 0.7370766993408503,
  "column_score": 0.1554054054054054,
  "time_ms": 564
}