{
  "sum_of_pairs": 0.6081649831649831,
  "column_score": 0.05416666666666667,
  "time_ms": 1529
}