{
  "sum_of_pairs": 0.776300887664524,
  "column_score": 0.13257575757575757,
  "time_ms": 1076
}