{
  "sum_of_pairs": 0.5089975845410628,
  "column_score": 0.13043478260869565,
  "time_ms": 51
}