{
  "sum_of_pairs": 0.42419404523315135,
  "column_score": 0.037575912537356954,
  "time_ms": 1120
}