{
  "sum_of_pairs": 0.7409564218421782,
  "column_score": 0.36904761904761907,
  "time_ms": 3078
}