{
  "sum_of_pairs": 0.6604329703280228,
  "column_score": 0.03296703296703297,
  "time_ms": 5182
}