{
  "sum_of_pairs": 0.6604482286386112,
  "column_score": 0.4493525766484103,
  "time_ms": 25
}