{
  "sum_of_pairs": 0.5357922080984664,
  "column_score": 0.30209165989833503,
  "time_ms": 23
}