{
  "sum_of_pairs": 0.660448228638611,
  "column_score": 0.44935257664841033,
  "time_ms": 58
}