{
  "sum_of_pairs": 0.6607832794394531,
  "column_score": 0.44979303287115435,
  "time_ms": 11
}