{
  "sum_of_pairs": 0.6934156378600823,
  "column_score": 0.49382716049382713,
  "time_ms": 14
}