{
  "sum_of_pairs": 0.2569343065693431,
  "column_score": 0.0948905109489051,
  "time_ms": 5
}