{
  "sum_of_pairs": 0.16206896551724137,
  "column_score": 0.06206896551724138,
  "time_ms": 5
}