{
  "sum_of_pairs": 0.7073762838468721,
  "column_score": 0.36134453781512604,
  "time_ms": 36
}