{
  "sum_of_pairs": 0.5371470385674931,
  "column_score": 0.2840909090909091,
  "time_ms": 90
}