{
  "sum_of_pairs": 0.6433194637078132,
  "column_score": 0.3640776699029126,
  "time_ms": 5
}