{
  "sum_of_pairs": 0.7088655501939635,
  "column_score": 0.36162361623616235,
  "time_ms": 126
}