{
  "sum_of_pairs": 0.4410569105691057,
  "column_score": 0.34146341463414637,
  "time_ms": 4
}