{
  "sum_of_pairs": 0.7357602574416734,
  "column_score": 0.49557522123893805,
  "time_ms": 104
}