{
  "sum_of_pairs": 0.7212841359182822,
  "column_score": 0.4715447154471545,
  "time_ms": 37
}