{
  "sum_of_pairs": 0.5771889400921659,
  "column_score": 0.18548387096774194,
  "time_ms": 5
}