{
  "sum_of_pairs": 0.49233815426997246,
  "column_score": 0.2528409090909091,
  "time_ms": 83
}