{
  "sum_of_pairs": 0.5597014925373134,
  "column_score": 0.22014925373134328,
  "time_ms": 20
}