{
  "sum_of_pairs": 0.8565656565656565,
  "column_score": 0.5948717948717949,
  "time_ms": 28
}