{
  "sum_of_pairs": 0.28125,
  "column_score": 0.041666666666666664,
  "time_ms": 2
}