{
  "sum_of_pairs": 0.6919523099850968,
  "column_score": 0.46311475409836067,
  "time_ms": 30
}