{
  "sum_of_pairs": 0.7609819121447028,
  "column_score": 0.3953488372093023,
  "time_ms": 2
}