{
  "sum_of_pairs": 0.567684331797235,
  "column_score": 0.18548387096774194,
  "time_ms": 18
}