{
  "sum_of_pairs": 0.7222222222222222,
  "column_score": 0.49404761904761907,
  "time_ms": 5
}