{
  "sum_of_pairs": 0.5386100386100386,
  "column_score": 0.3783783783783784,
  "time_ms": 2
}