{
  "sum_of_pairs": 0.6052287581699346,
  "column_score": 0.2773109243697479,
  "time_ms": 16
}