{
  "sum_of_pairs": 0.2777777777777778,
  "column_score": 0.11594202898550725,
  "time_ms": 1
}