{
  "sum_of_pairs": 0.8475088597039817,
  "column_score": 0.6422764227642277,
  "time_ms": 88
}