{
  "sum_of_pairs": 0.37615571776155715,
  "column_score": 0.10948905109489052,
  "time_ms": 2
}