{
  "sum_of_pairs": 0.7730583142347848,
  "column_score": 0.42857142857142855,
  "time_ms": 118
}