{
  "sum_of_pairs": 0.6953702035669249,
  "column_score": 0.5636822194199244,
  "time_ms": 175
}