{
  "sum_of_pairs": 0.826542105611873,
  "column_score": 0.43023255813953487,
  "time_ms": 38
}