{
  "sum_of_pairs": 0.7788220551378446,
  "column_score": 0.4276315789473684,
  "time_ms": 27
}