{
  "sum_of_pairs": 0.8575757575757575,
  "column_score": 0.6833333333333333,
  "time_ms": 12
}