{
  "sum_of_pairs": 0.5058823529411764,
  "column_score": 0.2549019607843137,
  "time_ms": 3
}