{
  "sum_of_pairs": 0.6631130063965884,
  "column_score": 0.30223880597014924,
  "time_ms": 14
}