{
  "sum_of_pairs": 0.6820762368207623,
  "column_score": 0.36496350364963503,
  "time_ms": 13
}