{
  "sum_of_pairs": 0.2994791666666667,
  "column_score": 0.171875,
  "time_ms": 2
}