{
  "sum_of_pairs": 0.8171641791044776,
  "column_score": 0.7343283582089553,
  "time_ms": 38
}