{
  "sum_of_pairs": 0.5110441767068273,
  "column_score": 0.37349397590361444,
  "time_ms": 5
}