{
  "sum_of_pairs": 0.5929339477726574,
  "column_score": 0.4838709677419355,
  "time_ms": 2
}