{
  "sum_of_pairs": 0.6012430192758061,
  "column_score": 0.41866330390920553,
  "time_ms": 39
}