{
  "sum_of_pairs": 0.6431451612903226,
  "column_score": 0.5745967741935484,
  "time_ms": 21
}