{
  "sum_of_pairs": 0.6205128205128205,
  "column_score": 0.6153846153846154,
  "time_ms": 1
}