{
  "sum_of_pairs": 0.8235937189425562,
  "column_score": 0.43023255813953487,
  "time_ms": 163
}