{
  "sum_of_pairs": 0.6278358809332261,
  "column_score": 0.3163716814159292,
  "time_ms": 63
}