{
  "sum_of_pairs": 0.5979000295770482,
  "column_score": 0.40165631469979296,
  "time_ms": 27
}