{
  "sum_of_pairs": 0.5755693581780539,
  "column_score": 0.3167701863354037,
  "time_ms": 11
}