{
  "sum_of_pairs": 0.8389742308813122,
  "column_score": 0.6687898089171974,
  "time_ms": 55
}