{
  "sum_of_pairs": 0.7058232931726908,
  "column_score": 0.6746987951807228,
  "time_ms": 3
}