{
  "sum_of_pairs": 0.7987415134956118,
  "column_score": 0.6661698956780924,
  "time_ms": 36
}