{
  "sum_of_pairs": 0.48185483870967744,
  "column_score": 0.3346774193548387,
  "time_ms": 30
}