{
  "sum_of_pairs": 0.6497512437810945,
  "column_score": 0.5492537313432836,
  "time_ms": 22
}