{
  "sum_of_pairs": 0.6072476109376478,
  "column_score": 0.2767527675276753,
  "time_ms": 29
}