{
  "sum_of_pairs": 0.7727821489529995,
  "column_score": 0.5222929936305732,
  "time_ms": 77
}