{
  "sum_of_pairs": 0.8506748153806978,
  "column_score": 0.5142857142857142,
  "time_ms": 162
}