{
  "sum_of_pairs": 0.6786340852130326,
  "column_score": 0.3684210526315789,
  "time_ms": 26
}