{
  "sum_of_pairs": 0.5314009661835749,
  "column_score": 0.37681159420289856,
  "time_ms": 2
}