{
  "sum_of_pairs": 0.5287698412698413,
  "column_score": 0.3273809523809524,
  "time_ms": 9
}