{
  "sum_of_pairs": 0.4578125,
  "column_score": 0.265625,
  "time_ms": 1
}