{
  "sum_of_pairs": 0.6908866995073891,
  "column_score": 0.5147783251231527,
  "time_ms": 14
}