{
  "sum_of_pairs": 0.2942528735632184,
  "column_score": 0.1413793103448276,
  "time_ms": 3
}