{
  "sum_of_pairs": 0.8391407518421381,
  "column_score": 0.6687898089171974,
  "time_ms": 19
}