{
  "sum_of_pairs": 0.725377107364685,
  "column_score": 0.5755693581780539,
  "time_ms": 15
}