{
  "sum_of_pairs": 0.6728778467908902,
  "column_score": 0.42857142857142855,
  "time_ms": 7
}