{
  "sum_of_pairs": 0.3317972350230415,
  "column_score": 0.14746543778801843,
  "time_ms": 3
}