{
  "sum_of_pairs": 0.7194152710757877,
  "column_score": 0.36900369003690037,
  "time_ms": 18
}