{
  "sum_of_pairs": 0.7078655406524259,
  "column_score": 0.4798807749627422,
  "time_ms": 53
}