{
  "sum_of_pairs": 0.7620751341681574,
  "column_score": 0.3953488372093023,
  "time_ms": 70
}