{
  "sum_of_pairs": 0.6490091896799969,
  "column_score": 0.44171032994654225,
  "time_ms": 986
}