{
  "sum_of_pairs": 0.7543859649122807,
  "column_score": 0.6072874493927125,
  "time_ms": 337
}