{
  "sum_of_pairs": 0.7752525252525253,
  "column_score": 0.6363636363636364,
  "time_ms": 275
}