{
  "sum_of_pairs": 0.4084967320261438,
  "column_score": 0.3333333333333333,
  "time_ms": 298
}