{
  "sum_of_pairs": 0.8148148148148148,
  "column_score": 0.6133333333333333,
  "time_ms": 474
}