{
  "sum_of_pairs": 0.46763754045307443,
  "column_score": 0.27184466019417475,
  "time_ms": 530
}