{
  "sum_of_pairs": 0.7022342465420043,
  "column_score": 0.061515784445350497,
  "time_ms": 1907
}