{
  "sum_of_pairs": 0.7091625155950567,
  "column_score": 0.056001222265270226,
  "time_ms": 715
}