{
  "sum_of_pairs": 0.7007405532615621,
  "column_score": 0.061515784445350497,
  "time_ms": 900
}