{
  "sum_of_pairs": 0.7180404262619264,
  "column_score": 0.06686947934048419,
  "time_ms": 393
}