{
  "sum_of_pairs": 0.5504703081396484,
  "column_score": 0.10483870967741936,
  "time_ms": 942
}