{
  "sum_of_pairs": 0.7888536361359272,
  "column_score": 0.15254237288135594,
  "time_ms": 822
}