{
  "sum_of_pairs": 0.6039603960396039,
  "column_score": 0.11386138613861387,
  "time_ms": 541
}