{
  "sum_of_pairs": 0.8623407514916949,
  "column_score": 0.14583333333333334,
  "time_ms": 336
}