{
  "sum_of_pairs": 0.611038961038961,
  "column_score": 0.11363636363636363,
  "time_ms": 24
}