{
  "sum_of_pairs": 0.45043277392780606,
  "column_score": 0.08333333333333333,
  "time_ms": 554
}