{
  "sum_of_pairs": 0.7821992151623945,
  "column_score": 0.15254237288135594,
  "time_ms": 456
}