{
  "sum_of_pairs": 0.5287328490718322,
  "column_score": 0.11428571428571428,
  "time_ms": 223
}