{
  "sum_of_pairs": 0.752190506907488,
  "column_score": 0.20754716981132076,
  "time_ms": 168
}