{
  "sum_of_pairs": 0.8360490147375393,
  "column_score": 0.06060606060606061,
  "time_ms": 273
}