{
  "sum_of_pairs": 0.9095653504744414,
  "column_score": 0.030303030303030304,
  "time_ms": 2221
}