{
  "sum_of_pairs": 0.4600692994906905,
  "column_score": 0.08333333333333333,
  "time_ms": 697
}