{
  "sum_of_pairs": 0.9460557189105706,
  "column_score": 0.35185185185185186,
  "time_ms": 1766
}