{
  "sum_of_pairs": 0.4675141242937853,
  "column_score": 0.08333333333333333,
  "time_ms": 1476
}