{
  "sum_of_pairs": 0.8406689849312801,
  "column_score": 0.06060606060606061,
  "time_ms": 141
}