{
  "sum_of_pairs": 0.747385259013166,
  "column_score": 0.046511627906976744,
  "time_ms": 270
}