{
  "sum_of_pairs": 0.8422629379620701,
  "column_score": 0.1092896174863388,
  "time_ms": 220
}