{
  "sum_of_pairs": 0.6398268398268399,
  "column_score": 0.1590909090909091,
  "time_ms": 60
}