{
  "sum_of_pairs": 0.9093013468013468,
  "column_score": 0.030303030303030304,
  "time_ms": 626
}