{
  "sum_of_pairs": 0.5933008623442989,
  "column_score": 0.10891089108910891,
  "time_ms": 460
}