{
  "sum_of_pairs": 0.7295289855072464,
  "column_score": 0.21739130434782608,
  "time_ms": 42
}