{
  "sum_of_pairs": 0.6351731601731602,
  "column_score": 0.13636363636363635,
  "time_ms": 15
}