{
  "sum_of_pairs": 0.926493955864445,
  "column_score": 0.3148148148148148,
  "time_ms": 4458
}