{
  "sum_of_pairs": 0.5481821907382471,
  "column_score": 0.10483870967741936,
  "time_ms": 407
}