{
  "sum_of_pairs": 0.8300225008036002,
  "column_score": 0.09836065573770492,
  "time_ms": 414
}