{
  "sum_of_pairs": 0.7727060198714202,
  "column_score": 0.1152542372881356,
  "time_ms": 768
}