{
  "sum_of_pairs": 0.8938655636768844,
  "column_score": 0.10135135135135136,
  "time_ms": 691
}