{
  "sum_of_pairs": 0.8963775095850568,
  "column_score": 0.12162162162162163,
  "time_ms": 360
}