{
  "sum_of_pairs": 0.7515394088669951,
  "column_score": 0.20535714285714285,
  "time_ms": 213
}