{
  "sum_of_pairs": 0.943111616026612,
  "column_score": 0.2962962962962963,
  "time_ms": 2670
}