{
  "sum_of_pairs": 0.5515826551919286,
  "column_score": 0.10483870967741936,
  "time_ms": 1862
}