{
  "sum_of_pairs": 0.8633234558942106,
  "column_score": 0.1111111111111111,
  "time_ms": 1545
}