{
  "sum_of_pairs": 0.46272717152319726,
  "column_score": 0.08333333333333333,
  "time_ms": 305
}