{
  "sum_of_pairs": 0.549636803874092,
  "column_score": 0.11428571428571428,
  "time_ms": 759
}