{
  "sum_of_pairs": 0.8685595065312046,
  "column_score": 0.1111111111111111,
  "time_ms": 829
}