{
  "sum_of_pairs": 0.6074836314276589,
  "column_score": 0.11386138613861387,
  "time_ms": 219
}