{
  "sum_of_pairs": 0.9068105295378023,
  "column_score": 0.022727272727272728,
  "time_ms": 1142
}