{
  "sum_of_pairs": 0.521775625504439,
  "column_score": 0.10476190476190476,
  "time_ms": 503
}