{
  "sum_of_pairs": 0.9077520917143559,
  "column_score": 0.12162162162162163,
  "time_ms": 1165
}