{
  "sum_of_pairs": 0.7578729767769177,
  "column_score": 0.20535714285714285,
  "time_ms": 121
}