{
  "sum_of_pairs": 0.6962654210210051,
  "column_score": 0.3116017888210457,
  "time_ms": 205
}