{
  "sum_of_pairs": 0.6956996689252792,
  "column_score": 0.30935844112231453,
  "time_ms": 995
}