{
  "sum_of_pairs": 0.7623733166736082,
  "column_score": 0.2857142857142857,
  "time_ms": 676
}