{
  "sum_of_pairs": 0.6761698544448455,
  "column_score": 0.2883435582822086,
  "time_ms": 71
}