{
  "sum_of_pairs": 0.6689923413128033,
  "column_score": 0.2822085889570552,
  "time_ms": 200
}