{
  "sum_of_pairs": 0.6693917685068127,
  "column_score": 0.3805309734513274,
  "time_ms": 1033
}