{
  "sum_of_pairs": 0.8351322751322752,
  "column_score": 0.17333333333333334,
  "time_ms": 275
}