{
  "sum_of_pairs": 0.7057264420729581,
  "column_score": 0.09876543209876543,
  "time_ms": 964
}