{
  "sum_of_pairs": 0.8607217321571772,
  "column_score": 0.5953488372093023,
  "time_ms": 605
}