{
  "sum_of_pairs": 0.838342151675485,
  "column_score": 0.18666666666666668,
  "time_ms": 127
}