{
  "sum_of_pairs": 0.7612453144523116,
  "column_score": 0.2857142857142857,
  "time_ms": 962
}