{
  "sum_of_pairs": 0.7265139471021824,
  "column_score": 0.20270270270270271,
  "time_ms": 249
}