{
  "sum_of_pairs": 0.8781692766592095,
  "column_score": 0.7114093959731543,
  "time_ms": 28
}