{
  "sum_of_pairs": 0.6612534584385902,
  "column_score": 0.2883435582822086,
  "time_ms": 420
}