{
  "sum_of_pairs": 0.8723177965637096,
  "column_score": 0.5643564356435643,
  "time_ms": 405
}