{
  "sum_of_pairs": 0.9144295302013423,
  "column_score": 0.802013422818792,
  "time_ms": 16
}