{
  "sum_of_pairs": 0.8526495726495726,
  "column_score": 0.7037037037037037,
  "time_ms": 130
}