{
  "sum_of_pairs": 0.6599339981692923,
  "column_score": 0.18243243243243243,
  "time_ms": 1054
}