{
  "sum_of_pairs": 0.6539401601348503,
  "column_score": 0.30973451327433627,
  "time_ms": 184
}