{
  "sum_of_pairs": 0.7014856664574178,
  "column_score": 0.09876543209876543,
  "time_ms": 2328
}