{
  "sum_of_pairs": 0.8488532477947073,
  "column_score": 0.5720930232558139,
  "time_ms": 390
}