{
  "sum_of_pairs": 0.7179385267620562,
  "column_score": 0.18243243243243243,
  "time_ms": 404
}