{
  "sum_of_pairs": 0.8733467140136895,
  "column_score": 0.5669291338582677,
  "time_ms": 133
}