{
  "sum_of_pairs": 0.7759314456035767,
  "column_score": 0.3319672131147541,
  "time_ms": 117
}