{
  "sum_of_pairs": 0.6447675235285855,
  "column_score": 0.2831858407079646,
  "time_ms": 386
}