{
  "sum_of_pairs": 0.8580816714150048,
  "column_score": 0.7530864197530864,
  "time_ms": 60
}