{
  "sum_of_pairs": 0.869445084043288,
  "column_score": 0.5643564356435643,
  "time_ms": 1211
}