{
  "sum_of_pairs": 0.6688720325888468,
  "column_score": 0.3805309734513274,
  "time_ms": 521
}