{
  "sum_of_pairs": 0.8562309542902967,
  "column_score": 0.5953488372093023,
  "time_ms": 209
}