{
  "sum_of_pairs": 0.553453154848358,
  "column_score": 0.14879501688732796,
  "time_ms": 303
}