{
  "sum_of_pairs": 0.6994065757818765,
  "column_score": 0.11627906976744186,
  "time_ms": 409
}