{
  "sum_of_pairs": 0.5593917834972449,
  "column_score": 0.012345679012345678,
  "time_ms": 1393
}