{
  "sum_of_pairs": 0.551602086438152,
  "column_score": 0.18032786885245902,
  "time_ms": 95
}