{
  "sum_of_pairs": 0.4985547044370574,
  "column_score": 0.02027027027027027,
  "time_ms": 342
}