{
  "sum_of_pairs": 0.7424121557454891,
  "column_score": 0.48148148148148145,
  "time_ms": 115
}