{
  "sum_of_pairs": 0.7118186901746653,
  "column_score": 0.24752475247524752,
  "time_ms": 588
}