{
  "sum_of_pairs": 0.8481543624161074,
  "column_score": 0.6610738255033557,
  "time_ms": 35
}