{
  "sum_of_pairs": 0.5332686684299782,
  "column_score": 0.13159449692405292,
  "time_ms": 318
}