{
  "sum_of_pairs": 0.7172413793103448,
  "column_score": 0.3767441860465116,
  "time_ms": 292
}