{
  "sum_of_pairs": 0.4935543964232489,
  "column_score": 0.2069672131147541,
  "time_ms": 84
}