{
  "sum_of_pairs": 0.48665510430216313,
  "column_score": 0.02702702702702703,
  "time_ms": 328
}