{
  "sum_of_pairs": 0.6393758977226627,
  "column_score": 0.16831683168316833,
  "time_ms": 589
}