{
  "sum_of_pairs": 0.4906767547801221,
  "column_score": 0.25229981174780947,
  "time_ms": 14
}