{
  "sum_of_pairs": 0.07758620689655173,
  "column_score": 0.027586206896551724,
  "time_ms": 6
}