{
  "sum_of_pairs": 0.7075120957473898,
  "column_score": 0.2857142857142857,
  "time_ms": 78
}