{
  "sum_of_pairs": 0.7492300049677099,
  "column_score": 0.5722801788375559,
  "time_ms": 42
}