{
  "sum_of_pairs": 0.15604838709677418,
  "column_score": 0.14112903225806453,
  "time_ms": 13
}