{
  "sum_of_pairs": 0.5273587695947944,
  "column_score": 0.2484472049689441,
  "time_ms": 10
}