{
  "sum_of_pairs": 0.8401985619822847,
  "column_score": 0.175538462596756,
  "time_ms": 874
}