{
  "sum_of_pairs": 0.8442816578685481,
  "column_score": 0.18979645768462877,
  "time_ms": 485
}