{
  "sum_of_pairs": 0.8501101516721408,
  "column_score": 0.19299268563212124,
  "time_ms": 1225
}