{
  "sum_of_pairs": 0.8555898806044919,
  "column_score": 0.423728813559322,
  "time_ms": 624
}