{
  "sum_of_pairs": 0.8785628019323671,
  "column_score": 0.6666666666666666,
  "time_ms": 24
}