{
  "sum_of_pairs": 0.8140380149483832,
  "column_score": 0.1532258064516129,
  "time_ms": 556
}