{
  "sum_of_pairs": 0.8666174480127968,
  "column_score": 0.6046511627906976,
  "time_ms": 343
}