{
  "sum_of_pairs": 0.8628019323671497,
  "column_score": 0.5869565217391305,
  "time_ms": 40
}