{
  "sum_of_pairs": 0.932620856641897,
  "column_score": 0.0847457627118644,
  "time_ms": 214
}