{
  "sum_of_pairs": 0.8807367149758454,
  "column_score": 0.6666666666666666,
  "time_ms": 54
}