{
  "sum_of_pairs": 0.9480919585673816,
  "column_score": 0.06787330316742081,
  "time_ms": 4114
}