{
  "sum_of_pairs": 0.8565417049344577,
  "column_score": 0.38305084745762713,
  "time_ms": 1648
}