{
  "sum_of_pairs": 0.7455273559392552,
  "column_score": 0.3092105263157895,
  "time_ms": 174
}