{
  "sum_of_pairs": 0.8997383874648632,
  "column_score": 0.15476190476190477,
  "time_ms": 391
}