{
  "sum_of_pairs": 0.9202614379084967,
  "column_score": 0.47540983606557374,
  "time_ms": 546
}