{
  "sum_of_pairs": 0.783008658008658,
  "column_score": 0.38636363636363635,
  "time_ms": 54
}