{
  "sum_of_pairs": 0.9528553862280278,
  "column_score": 0.3263888888888889,
  "time_ms": 810
}