{
  "sum_of_pairs": 0.7943722943722944,
  "column_score": 0.38636363636363635,
  "time_ms": 16
}