{
  "sum_of_pairs": 0.9232229722490088,
  "column_score": 0.4972677595628415,
  "time_ms": 760
}