{
  "sum_of_pairs": 0.8438298466943469,
  "column_score": 0.24257425742574257,
  "time_ms": 805
}