{
  "sum_of_pairs": 0.9557581438477665,
  "column_score": 0.3611111111111111,
  "time_ms": 420
}