{
  "sum_of_pairs": 0.7628894403087951,
  "column_score": 0.2948717948717949,
  "time_ms": 70
}