{
  "sum_of_pairs": 0.8144380695899928,
  "column_score": 0.1532258064516129,
  "time_ms": 1438
}