{
  "sum_of_pairs": 0.9537955310682583,
  "column_score": 0.42045454545454547,
  "time_ms": 1465
}