{
  "sum_of_pairs": 0.9666953775480908,
  "column_score": 0.3425925925925926,
  "time_ms": 3093
}