{
  "sum_of_pairs": 0.9673265219242231,
  "column_score": 0.3425925925925926,
  "time_ms": 2195
}