{
  "sum_of_pairs": 0.9078374455732946,
  "column_score": 0.22900763358778625,
  "time_ms": 1101
}