{
  "sum_of_pairs": 0.9589089751126788,
  "column_score": 0.10317460317460317,
  "time_ms": 1665
}