{
  "sum_of_pairs": 0.9269516768456016,
  "column_score": 0.5027322404371585,
  "time_ms": 268
}