{
  "sum_of_pairs": 0.9361936968672209,
  "column_score": 0.23178807947019867,
  "time_ms": 1385
}