{
  "sum_of_pairs": 0.9573155800428528,
  "column_score": 0.4583333333333333,
  "time_ms": 770
}