{
  "sum_of_pairs": 0.8097593817692172,
  "column_score": 0.14516129032258066,
  "time_ms": 1047
}