{
  "sum_of_pairs": 0.7242302891616392,
  "column_score": 0.23026315789473684,
  "time_ms": 137
}