{
  "sum_of_pairs": 0.7684587813620072,
  "column_score": 0.3076923076923077,
  "time_ms": 165
}