{
  "sum_of_pairs": 0.9746114038566869,
  "column_score": 0.5878378378378378,
  "time_ms": 444
}