{
  "sum_of_pairs": 0.8711394118370862,
  "column_score": 0.6511627906976745,
  "time_ms": 166
}