{
  "sum_of_pairs": 0.8531351757535276,
  "column_score": 0.423728813559322,
  "time_ms": 1055
}