{
  "sum_of_pairs": 0.9590363511659808,
  "column_score": 0.10317460317460317,
  "time_ms": 4198
}