{
  "sum_of_pairs": 0.8384302139891409,
  "column_score": 0.19801980198019803,
  "time_ms": 555
}