{
  "sum_of_pairs": 0.8446981794953689,
  "column_score": 0.24257425742574257,
  "time_ms": 288
}