{
  "sum_of_pairs": 0.9078319059595165,
  "column_score": 0.22900763358778625,
  "time_ms": 2148
}