{
  "sum_of_pairs": 0.9069537297677692,
  "column_score": 0.4642857142857143,
  "time_ms": 287
}