{
  "sum_of_pairs": 0.9583259847148736,
  "column_score": 0.09523809523809523,
  "time_ms": 3050
}