{
  "sum_of_pairs": 0.7520119833168568,
  "column_score": 0.05942903677456786,
  "time_ms": 350
}