{
  "sum_of_pairs": 0.8957389290818644,
  "column_score": 0.13740458015267176,
  "time_ms": 735
}