{
  "sum_of_pairs": 0.8944037386689211,
  "column_score": 0.039735099337748346,
  "time_ms": 454
}