{
  "sum_of_pairs": 0.7207461673586714,
  "column_score": 0.0297029702970297,
  "time_ms": 187
}