{
  "sum_of_pairs": 0.930343896145783,
  "column_score": 0.14583333333333334,
  "time_ms": 316
}