{
  "sum_of_pairs": 0.7611171411872756,
  "column_score": 0.14915254237288136,
  "time_ms": 404
}