{
  "sum_of_pairs": 0.9153122130394857,
  "column_score": 0.07954545454545454,
  "time_ms": 531
}