{
  "sum_of_pairs": 0.6457760084304197,
  "column_score": 0.056451612903225805,
  "time_ms": 375
}