{
  "sum_of_pairs": 0.9363868345758215,
  "column_score": 0.2777777777777778,
  "time_ms": 1566
}