{
  "sum_of_pairs": 0.8506075216972034,
  "column_score": 0.25136612021857924,
  "time_ms": 229
}