{
  "sum_of_pairs": 0.8441458479943702,
  "column_score": 0.39285714285714285,
  "time_ms": 113
}