{
  "sum_of_pairs": 0.8745312759250041,
  "column_score": 0.08571428571428572,
  "time_ms": 66
}