{
  "sum_of_pairs": 0.6469344020483705,
  "column_score": 0.10714285714285714,
  "time_ms": 267
}