{
  "sum_of_pairs": 0.19540431775614026,
  "column_score": 0.045465027629802215,
  "time_ms": 12
}