{
  "sum_of_pairs": 0.22940500159879862,
  "column_score": 0.06132028880911213,
  "time_ms": 5
}