{
  "sum_of_pairs": 0.389410348977136,
  "column_score": 0.2563176895306859,
  "time_ms": 16
}