{
  "sum_of_pairs": 0.423841059602649,
  "column_score": 0.2582781456953642,
  "time_ms": 3
}