{
  "sum_of_pairs": 0.44031954887218044,
  "column_score": 0.2236842105263158,
  "time_ms": 5
}