{
  "sum_of_pairs": 0.49602872375149604,
  "column_score": 0.13861386138613863,
  "time_ms": 129
}