{
  "sum_of_pairs": 0.38339350180505416,
  "column_score": 0.2563176895306859,
  "time_ms": 8
}