{
  "sum_of_pairs": 0.4208994708994709,
  "column_score": 0.2518518518518518,
  "time_ms": 12
}