{
  "sum_of_pairs": 0.46455026455026455,
  "column_score": 0.25925925925925924,
  "time_ms": 13
}