{
  "sum_of_pairs": 0.29460093896713613,
  "column_score": 0.11267605633802817,
  "time_ms": 15
}