{
  "sum_of_pairs": 0.3798140770252324,
  "column_score": 0.20717131474103587,
  "time_ms": 4
}