{
  "sum_of_pairs": 0.18097643097643099,
  "column_score": 0.050505050505050504,
  "time_ms": 4
}