{
  "sum_of_pairs": 0.4957023174844957,
  "column_score": 0.13861386138613863,
  "time_ms": 31
}