{
  "sum_of_pairs": 0.5949227373068433,
  "column_score": 0.4768211920529801,
  "time_ms": 5
}