{
  "sum_of_pairs": 0.25684663536776214,
  "column_score": 0.09154929577464789,
  "time_ms": 20
}