{
  "sum_of_pairs": 0.486998150364487,
  "column_score": 0.13861386138613863,
  "time_ms": 54
}