{
  "sum_of_pairs": 0.2474747474747475,
  "column_score": 0.09595959595959595,
  "time_ms": 4
}