{
  "sum_of_pairs": 0.4426691729323308,
  "column_score": 0.2236842105263158,
  "time_ms": 11
}