{
  "sum_of_pairs": 0.3897742363877822,
  "column_score": 0.22310756972111553,
  "time_ms": 5
}