{
  "sum_of_pairs": 0.1592442645074224,
  "column_score": 0.02834008097165992,
  "time_ms": 9
}