{
  "sum_of_pairs": 0.24074074074074073,
  "column_score": 0.06060606060606061,
  "time_ms": 2
}