{
  "sum_of_pairs": 0.28482003129890454,
  "column_score": 0.11267605633802817,
  "time_ms": 24
}