{
  "sum_of_pairs": 0.41301460823373176,
  "column_score": 0.22310756972111553,
  "time_ms": 3
}