{
  "sum_of_pairs": 0.4152046783625731,
  "column_score": 0.15789473684210525,
  "time_ms": 1
}