{
  "sum_of_pairs": 0.8660953800298062,
  "column_score": 0.7090163934426229,
  "time_ms": 291
}