{
  "sum_of_pairs": 0.8911290322580645,
  "column_score": 0.844758064516129,
  "time_ms": 242
}