{
  "sum_of_pairs": 0.9004460665044607,
  "column_score": 0.7226277372262774,
  "time_ms": 212
}