{
  "sum_of_pairs": 0.9402985074626866,
  "column_score": 0.8470149253731343,
  "time_ms": 240
}