{
  "sum_of_pairs": 0.8171950999819853,
  "column_score": 0.6343001261034048,
  "time_ms": 388
}