{
  "sum_of_pairs": 0.9367469879518072,
  "column_score": 0.9036144578313253,
  "time_ms": 201
}