{
  "sum_of_pairs": 0.8695652173913043,
  "column_score": 0.7971014492753623,
  "time_ms": 208
}