{
  "sum_of_pairs": 0.9623015873015873,
  "column_score": 0.9404761904761905,
  "time_ms": 198
}