{
  "sum_of_pairs": 0.8967980295566502,
  "column_score": 0.8177339901477833,
  "time_ms": 267
}