{
  "sum_of_pairs": 0.915406162464986,
  "column_score": 0.773109243697479,
  "time_ms": 353
}