{
  "sum_of_pairs": 0.6859375,
  "column_score": 0.46875,
  "time_ms": 212
}