{
  "sum_of_pairs": 0.9036458333333334,
  "column_score": 0.828125,
  "time_ms": 224
}