{
  "sum_of_pairs": 0.8487829110779931,
  "column_score": 0.7466467958271237,
  "time_ms": 430
}