{
  "sum_of_pairs": 0.8974358974358975,
  "column_score": 0.8717948717948718,
  "time_ms": 226
}