{
  "sum_of_pairs": 0.8878600823045267,
  "column_score": 0.7037037037037037,
  "time_ms": 231
}