{
  "sum_of_pairs": 0.9124423963133641,
  "column_score": 0.8617511520737328,
  "time_ms": 196
}