{
  "sum_of_pairs": 0.7477011494252873,
  "column_score": 0.6586206896551724,
  "time_ms": 226
}