{
  "sum_of_pairs": 0.9742547425474255,
  "column_score": 0.8617886178861789,
  "time_ms": 282
}