{
  "sum_of_pairs": 0.8678600160901045,
  "column_score": 0.7654867256637168,
  "time_ms": 326
}