{
  "sum_of_pairs": 0.9589453860640301,
  "column_score": 0.9096045197740112,
  "time_ms": 318
}