{
  "sum_of_pairs": 0.9276119402985075,
  "column_score": 0.8970149253731343,
  "time_ms": 252
}