{
  "sum_of_pairs": 0.9780885780885781,
  "column_score": 0.9384615384615385,
  "time_ms": 278
}