{
  "sum_of_pairs": 0.9359685621821544,
  "column_score": 0.8398058252427184,
  "time_ms": 219
}