{
  "sum_of_pairs": 0.8382135462880804,
  "column_score": 0.7142857142857143,
  "time_ms": 240
}