{
  "sum_of_pairs": 0.9227799227799228,
  "column_score": 0.8648648648648649,
  "time_ms": 230
}