{
  "sum_of_pairs": 0.906641604010025,
  "column_score": 0.6842105263157895,
  "time_ms": 261
}