{
  "sum_of_pairs": 0.8939824013624752,
  "column_score": 0.7084870848708487,
  "time_ms": 329
}