{
  "sum_of_pairs": 0.7347193526170799,
  "column_score": 0.42613636363636365,
  "time_ms": 500
}