{
  "sum_of_pairs": 0.022990453017522977,
  "column_score": 0.0002658160552897395,
  "time_ms": 6
}