{
  "sum_of_pairs": 0.6187666673900556,
  "column_score": 0.3936966657314803,
  "time_ms": 16
}