{
  "sum_of_pairs": 0.6206563706563707,
  "column_score": 0.6486486486486487,
  "time_ms": 1
}