{
  "sum_of_pairs": 0.2463768115942029,
  "column_score": 0.13043478260869565,
  "time_ms": 1
}