{
  "sum_of_pairs": 0.6464232488822653,
  "column_score": 0.45901639344262296,
  "time_ms": 22
}