{
  "sum_of_pairs": 0.6355421686746988,
  "column_score": 0.6325301204819277,
  "time_ms": 3
}