{
  "sum_of_pairs": 0.8553348612172141,
  "column_score": 0.42857142857142855,
  "time_ms": 98
}