{
  "sum_of_pairs": 0.6859124482075302,
  "column_score": 0.5523329129886507,
  "time_ms": 38
}