{
  "sum_of_pairs": 0.688996120730438,
  "column_score": 0.2988929889298893,
  "time_ms": 28
}