{
  "sum_of_pairs": 0.7584948926412342,
  "column_score": 0.5040650406504065,
  "time_ms": 31
}