{
  "sum_of_pairs": 0.6994914470642626,
  "column_score": 0.46601941747572817,
  "time_ms": 9
}