{
  "sum_of_pairs": 0.4745098039215686,
  "column_score": 0.2549019607843137,
  "time_ms": 5
}