{
  "sum_of_pairs": 0.8191214470284238,
  "column_score": 0.3488372093023256,
  "time_ms": 2
}