{
  "sum_of_pairs": 0.5376344086021505,
  "column_score": 0.3317972350230415,
  "time_ms": 3
}