{
  "sum_of_pairs": 0.6517412935323383,
  "column_score": 0.2947761194029851,
  "time_ms": 13
}