{
  "sum_of_pairs": 0.15201612903225806,
  "column_score": 0.09274193548387097,
  "time_ms": 13
}