{
  "sum_of_pairs": 0.9115773115773116,
  "column_score": 0.6461538461538462,
  "time_ms": 27
}