{
  "sum_of_pairs": 0.6232323232323232,
  "column_score": 0.08333333333333333,
  "time_ms": 9
}