{
  "sum_of_pairs": 0.8171006426820381,
  "column_score": 0.4069767441860465,
  "time_ms": 51
}