{
  "sum_of_pairs": 0.8380364491475603,
  "column_score": 0.6851851851851852,
  "time_ms": 5
}