{
  "sum_of_pairs": 0.7323008849557522,
  "column_score": 0.3805309734513274,
  "time_ms": 33
}