{
  "sum_of_pairs": 0.7937000887311446,
  "column_score": 0.6894409937888198,
  "time_ms": 25
}