{
  "sum_of_pairs": 0.8098134630981346,
  "column_score": 0.6204379562043796,
  "time_ms": 7
}