{
  "sum_of_pairs": 0.7301378446115289,
  "column_score": 0.34210526315789475,
  "time_ms": 19
}