{
  "sum_of_pairs": 0.5031630170316301,
  "column_score": 0.11678832116788321,
  "time_ms": 4
}