{
  "sum_of_pairs": 0.7122410546139359,
  "column_score": 0.4293785310734463,
  "time_ms": 19
}