{
  "sum_of_pairs": 0.19597701149425287,
  "column_score": 0.05517241379310345,
  "time_ms": 6
}