{
  "sum_of_pairs": 0.7908866995073892,
  "column_score": 0.6847290640394089,
  "time_ms": 14
}