{
  "sum_of_pairs": 0.4004732327713694,
  "column_score": 0.18633540372670807,
  "time_ms": 11
}