{
  "sum_of_pairs": 0.8385162982390408,
  "column_score": 0.5222929936305732,
  "time_ms": 28
}