{
  "sum_of_pairs": 0.5223398760330579,
  "column_score": 0.28125,
  "time_ms": 57
}