{
  "sum_of_pairs": 0.747474496663254,
  "column_score": 0.04729582937957663,
  "time_ms": 772
}