{
  "sum_of_pairs": 0.747474496663254,
  "column_score": 0.047295829379576625,
  "time_ms": 790
}