{
  "sum_of_pairs": 0.9245188584811226,
  "column_score": 0.02027027027027027,
  "time_ms": 904
}