{
  "sum_of_pairs": 0.9243341404358354,
  "column_score": 0.3050847457627119,
  "time_ms": 186
}