{
  "sum_of_pairs": 0.7990631597466573,
  "column_score": 0.11607142857142858,
  "time_ms": 187
}