{
  "sum_of_pairs": 0.8964197530864197,
  "column_score": 0.09583333333333334,
  "time_ms": 1743
}