{
  "sum_of_pairs": 0.8397214186220936,
  "column_score": 0.1912568306010929,
  "time_ms": 618
}