{
  "sum_of_pairs": 0.9476756561426436,
  "column_score": 0.2638888888888889,
  "time_ms": 3081
}