{
  "sum_of_pairs": 0.9107131925313744,
  "column_score": 0.1590909090909091,
  "time_ms": 1062
}