{
  "sum_of_pairs": 0.634511737464069,
  "column_score": 0.08415841584158416,
  "time_ms": 392
}