{
  "sum_of_pairs": 0.8511226778752967,
  "column_score": 0.049773755656108594,
  "time_ms": 2938
}