{
  "sum_of_pairs": 0.6726959517657192,
  "column_score": 0.26744186046511625,
  "time_ms": 206
}