{
  "sum_of_pairs": 0.8665633366211075,
  "column_score": 0.16556291390728478,
  "time_ms": 899
}