{
  "sum_of_pairs": 0.39373653262915853,
  "column_score": 0.011793785814519737,
  "time_ms": 948
}