{
  "sum_of_pairs": 0.41738441662692044,
  "column_score": 0.03421002715869895,
  "time_ms": 550
}