{
  "sum_of_pairs": 0.7470962366291632,
  "column_score": 0.3134920634920635,
  "time_ms": 1828
}