{
  "sum_of_pairs": 0.6437387539361223,
  "column_score": 0.15789473684210525,
  "time_ms": 406
}