{
  "sum_of_pairs": 0.5985605038236618,
  "column_score": 0.08187134502923976,
  "time_ms": 699
}