{
  "sum_of_pairs": 0.5336919268849962,
  "column_score": 0.009900990099009901,
  "time_ms": 760
}