{
  "sum_of_pairs": 0.7688262012909395,
  "column_score": 0.0851063829787234,
  "time_ms": 1568
}