{
  "sum_of_pairs": 0.748954242104927,
  "column_score": 0.03424657534246575,
  "time_ms": 1481
}