{
  "sum_of_pairs": 0.528547619047619,
  "column_score": 0.15833333333333333,
  "time_ms": 403
}