{
  "sum_of_pairs": 0.24517810280016894,
  "column_score": 0.07866867580613898,
  "time_ms": 12
}