{
  "sum_of_pairs": 0.18286290322580645,
  "column_score": 0.07661290322580645,
  "time_ms": 12
}