{
  "sum_of_pairs": 0.2997589531680441,
  "column_score": 0.13352272727272727,
  "time_ms": 40
}