{
  "sum_of_pairs": 0.28216062544420756,
  "column_score": 0.05223880597014925,
  "time_ms": 11
}