{
  "sum_of_pairs": 0.5945633860446701,
  "column_score": 0.3496301695173443,
  "time_ms": 42
}