{
  "sum_of_pairs": 0.5945633860446701,
  "column_score": 0.34963016951734427,
  "time_ms": 42
}