{
  "sum_of_pairs": 0.5246575342465754,
  "column_score": 0.273972602739726,
  "time_ms": 14
}