{
  "sum_of_pairs": 0.45334022038567495,
  "column_score": 0.28125,
  "time_ms": 159
}