{
  "sum_of_pairs": 0.7145009416195857,
  "column_score": 0.5084745762711864,
  "time_ms": 37
}