{
  "sum_of_pairs": 0.6194403046862064,
  "column_score": 0.4113263785394933,
  "time_ms": 110
}