{
  "sum_of_pairs": 0.6119970193740686,
  "column_score": 0.4057377049180328,
  "time_ms": 87
}