{
  "sum_of_pairs": 0.6437817845584836,
  "column_score": 0.21359223300970873,
  "time_ms": 38
}