{
  "sum_of_pairs": 0.43685300207039335,
  "column_score": 0.10869565217391304,
  "time_ms": 5
}