{
  "sum_of_pairs": 0.6556224899598394,
  "column_score": 0.5120481927710844,
  "time_ms": 5
}