{
  "sum_of_pairs": 0.5165266106442578,
  "column_score": 0.21008403361344538,
  "time_ms": 34
}