{
  "sum_of_pairs": 0.6055868250990202,
  "column_score": 0.12195121951219512,
  "time_ms": 82
}