{
  "sum_of_pairs": 0.5529411764705883,
  "column_score": 0.35294117647058826,
  "time_ms": 13
}