{
  "sum_of_pairs": 0.7680776014109347,
  "column_score": 0.5802469135802469,
  "time_ms": 18
}