{
  "sum_of_pairs": 0.4884390119684237,
  "column_score": 0.11428571428571428,
  "time_ms": 194
}