{
  "sum_of_pairs": 0.6469555035128806,
  "column_score": 0.48675914249684743,
  "time_ms": 74
}