{
  "sum_of_pairs": 0.3778801843317972,
  "column_score": 0.07373271889400922,
  "time_ms": 6
}