{
  "sum_of_pairs": 0.7785087719298246,
  "column_score": 0.5460526315789473,
  "time_ms": 79
}