{
  "sum_of_pairs": 0.5045454545454545,
  "column_score": 0.03333333333333333,
  "time_ms": 18
}