{
  "sum_of_pairs": 0.8583527583527584,
  "column_score": 0.6358974358974359,
  "time_ms": 53
}