{
  "sum_of_pairs": 0.7370291400142146,
  "column_score": 0.5671641791044776,
  "time_ms": 34
}