{
  "sum_of_pairs": 0.7753731343283582,
  "column_score": 0.6865671641791045,
  "time_ms": 49
}