{
  "sum_of_pairs": 0.6188257911860396,
  "column_score": 0.5031055900621118,
  "time_ms": 111
}