{
  "sum_of_pairs": 0.33747412008281574,
  "column_score": 0.031055900621118012,
  "time_ms": 20
}