{
  "sum_of_pairs": 0.7532019704433498,
  "column_score": 0.5738916256157636,
  "time_ms": 41
}