{
  "sum_of_pairs": 0.663594470046083,
  "column_score": 0.2661290322580645,
  "time_ms": 17
}