{
  "sum_of_pairs": 0.23045977011494254,
  "column_score": 0.09655172413793103,
  "time_ms": 19
}