{
  "sum_of_pairs": 0.600609756097561,
  "column_score": 0.5365853658536586,
  "time_ms": 22
}