{
  "sum_of_pairs": 0.8564102564102564,
  "column_score": 0.6666666666666666,
  "time_ms": 13
}