{
  "sum_of_pairs": 0.4125745103604882,
  "column_score": 0.033210332103321034,
  "time_ms": 68
}