{
  "sum_of_pairs": 0.8837209302325582,
  "column_score": 0.7209302325581395,
  "time_ms": 6
}