{
  "sum_of_pairs": 0.30193236714975846,
  "column_score": 0.11594202898550725,
  "time_ms": 6
}