{
  "sum_of_pairs": 0.6244616709732989,
  "column_score": 0.11627906976744186,
  "time_ms": 153
}