{
  "sum_of_pairs": 0.7048535360215439,
  "column_score": 0.26908264018284117,
  "time_ms": 247
}