{
  "sum_of_pairs": 0.722553982682514,
  "column_score": 0.3086321042663854,
  "time_ms": 132
}