{
  "sum_of_pairs": 0.817809776430466,
  "column_score": 0.5103448275862069,
  "time_ms": 25
}