{
  "sum_of_pairs": 0.8629523996852871,
  "column_score": 0.6585365853658537,
  "time_ms": 98
}