{
  "sum_of_pairs": 0.8967383971937399,
  "column_score": 0.7087155963302753,
  "time_ms": 85
}