{
  "sum_of_pairs": 0.7985347985347986,
  "column_score": 0.48148148148148145,
  "time_ms": 14
}