{
  "sum_of_pairs": 0.587003767024051,
  "column_score": 0.07352941176470588,
  "time_ms": 210
}