{
  "sum_of_pairs": 0.7071807398604785,
  "column_score": 0.06172839506172839,
  "time_ms": 352
}