{
  "sum_of_pairs": 0.7667887667887668,
  "column_score": 0.4444444444444444,
  "time_ms": 32
}