{
  "sum_of_pairs": 0.5367121507472384,
  "column_score": 0.15079365079365079,
  "time_ms": 58
}