{
  "sum_of_pairs": 0.494050328369855,
  "column_score": 0.1893491124260355,
  "time_ms": 20
}