{
  "sum_of_pairs": 0.7223652648489249,
  "column_score": 0.06172839506172839,
  "time_ms": 174
}