{
  "sum_of_pairs": 0.8072727272727273,
  "column_score": 0.39204545454545453,
  "time_ms": 56
}