{
  "sum_of_pairs": 0.583902263744161,
  "column_score": 0.24242424242424243,
  "time_ms": 22
}