{
  "sum_of_pairs": 0.7445141065830722,
  "column_score": 0.5316091954022989,
  "time_ms": 27
}