{
  "sum_of_pairs": 0.9950308089842974,
  "column_score": 0.9651162790697675,
  "time_ms": 93
}