{
  "sum_of_pairs": 0.5597077494310696,
  "column_score": 0.24242424242424243,
  "time_ms": 80
}