{
  "sum_of_pairs": 0.9838063171396505,
  "column_score": 0.7878787878787878,
  "time_ms": 86
}