{
  "sum_of_pairs": 0.6745942396097195,
  "column_score": 0.21052631578947367,
  "time_ms": 196
}