{
  "sum_of_pairs": 0.5280330455769052,
  "column_score": 0.15079365079365079,
  "time_ms": 107
}