{
  "sum_of_pairs": 0.9295723089099954,
  "column_score": 0.509375,
  "time_ms": 1031
}