{
  "sum_of_pairs": 0.7962503446374414,
  "column_score": 0.41935483870967744,
  "time_ms": 144
}