{
  "sum_of_pairs": 0.7352320675105485,
  "column_score": 0.3987341772151899,
  "time_ms": 22
}