{
  "sum_of_pairs": 0.6802677228209143,
  "column_score": 0.19858156028368795,
  "time_ms": 53
}