{
  "sum_of_pairs": 0.5970008693132426,
  "column_score": 0.1323529411764706,
  "time_ms": 104
}