{
  "sum_of_pairs": 0.9753086419753086,
  "column_score": 0.7272727272727273,
  "time_ms": 159
}