{
  "sum_of_pairs": 0.8411833264774441,
  "column_score": 0.3942307692307692,
  "time_ms": 714
}