{
  "sum_of_pairs": 0.9170478536242083,
  "column_score": 0.49404761904761907,
  "time_ms": 87
}