{
  "sum_of_pairs": 0.7415584415584415,
  "column_score": 0.4163265306122449,
  "time_ms": 21
}