{
  "sum_of_pairs": 0.8749471747831059,
  "column_score": 0.7295597484276729,
  "time_ms": 246
}