{
  "sum_of_pairs": 0.8234179613489958,
  "column_score": 0.5241379310344828,
  "time_ms": 15
}