{
  "sum_of_pairs": 0.9250466417910448,
  "column_score": 0.44375,
  "time_ms": 1835
}