{
  "sum_of_pairs": 0.4428766499772417,
  "column_score": 0.1242603550295858,
  "time_ms": 38
}