{
  "sum_of_pairs": 0.7195967233774417,
  "column_score": 0.34782608695652173,
  "time_ms": 21
}