{
  "sum_of_pairs": 0.7868852459016393,
  "column_score": 0.39344262295081966,
  "time_ms": 11
}