{
  "sum_of_pairs": 0.6581516095534787,
  "column_score": 0.2616822429906542,
  "time_ms": 418
}