{
  "sum_of_pairs": 0.7865085929602058,
  "column_score": 0.3548387096774194,
  "time_ms": 313
}