{
  "sum_of_pairs": 0.668724279835391,
  "column_score": 0.48148148148148145,
  "time_ms": 14
}