{
  "sum_of_pairs": 0.9305046005124622,
  "column_score": 0.4270833333333333,
  "time_ms": 821
}