{
  "sum_of_pairs": 0.5055197132616488,
  "column_score": 0.02903225806451613,
  "time_ms": 42
}