{
  "sum_of_pairs": 0.7990719696969697,
  "column_score": 0.35795454545454547,
  "time_ms": 115
}