{
  "sum_of_pairs": 0.5781893004115226,
  "column_score": 0.29012345679012347,
  "time_ms": 23
}