{
  "sum_of_pairs": 0.6667280709833902,
  "column_score": 0.15602836879432624,
  "time_ms": 103
}