{
  "sum_of_pairs": 0.6744505494505495,
  "column_score": 0.20192307692307693,
  "time_ms": 51
}