{
  "sum_of_pairs": 0.7685910832462557,
  "column_score": 0.4224137931034483,
  "time_ms": 55
}