{
  "sum_of_pairs": 0.7969348659003831,
  "column_score": 0.4511494252873563,
  "time_ms": 31
}