{
  "sum_of_pairs": 0.46746411483253586,
  "column_score": 0.13157894736842105,
  "time_ms": 6
}