{
  "sum_of_pairs": 0.7249216300940439,
  "column_score": 0.49712643678160917,
  "time_ms": 65
}