{
  "sum_of_pairs": 0.44354066985645935,
  "column_score": 0.13157894736842105,
  "time_ms": 19
}