{
  "sum_of_pairs": 0.6858288770053476,
  "column_score": 0.2236842105263158,
  "time_ms": 107
}