{
  "sum_of_pairs": 0.8892505396654075,
  "column_score": 0.694954128440367,
  "time_ms": 171
}