{
  "sum_of_pairs": 0.7021026592455164,
  "column_score": 0.2938775510204082,
  "time_ms": 43
}