{
  "sum_of_pairs": 0.8556254917387883,
  "column_score": 0.6260162601626016,
  "time_ms": 230
}