{
  "sum_of_pairs": 0.9111394557823129,
  "column_score": 0.44642857142857145,
  "time_ms": 189
}