{
  "sum_of_pairs": 0.5851576994434138,
  "column_score": 0.22448979591836735,
  "time_ms": 26
}