{
  "sum_of_pairs": 0.9121129326047359,
  "column_score": 0.9180327868852459,
  "time_ms": 4
}