{
  "sum_of_pairs": 0.6860056258790436,
  "column_score": 0.5126582278481012,
  "time_ms": 18
}