{
  "sum_of_pairs": 0.868471424665026,
  "column_score": 0.6949685534591195,
  "time_ms": 141
}