{
  "sum_of_pairs": 0.7101672836966955,
  "column_score": 0.3269230769230769,
  "time_ms": 250
}