{
  "sum_of_pairs": 0.6996599577244739,
  "column_score": 0.13709677419354838,
  "time_ms": 146
}