{
  "sum_of_pairs": 0.6385741917656811,
  "column_score": 0.14893617021276595,
  "time_ms": 54
}