{
  "sum_of_pairs": 0.8080333459643805,
  "column_score": 0.5724137931034483,
  "time_ms": 20
}