{
  "sum_of_pairs": 0.4048083170890188,
  "column_score": 0.10416666666666667,
  "time_ms": 54
}