{
  "sum_of_pairs": 0.973563903796462,
  "column_score": 0.9418604651162791,
  "time_ms": 114
}