{
  "sum_of_pairs": 0.7394998576251881,
  "column_score": 0.14423076923076922,
  "time_ms": 825
}