{
  "sum_of_pairs": 0.930976430976431,
  "column_score": 0.4090909090909091,
  "time_ms": 99
}