{
  "sum_of_pairs": 0.87664511996273,
  "column_score": 0.041666666666666664,
  "time_ms": 501
}