{
  "sum_of_pairs": 0.7665447579240683,
  "column_score": 0.4339080459770115,
  "time_ms": 39
}