{
  "sum_of_pairs": 0.6575670498084292,
  "column_score": 0.4166666666666667,
  "time_ms": 34
}