{
  "sum_of_pairs": 0.8593627065302911,
  "column_score": 0.6747967479674797,
  "time_ms": 106
}