{
  "sum_of_pairs": 0.7985795454545455,
  "column_score": 0.26704545454545453,
  "time_ms": 71
}