{
  "sum_of_pairs": 0.8074888074888075,
  "column_score": 0.4444444444444444,
  "time_ms": 20
}