{
  "sum_of_pairs": 0.8157748190863863,
  "column_score": 0.059375,
  "time_ms": 985
}