{
  "sum_of_pairs": 0.8479324069077172,
  "column_score": 0.5711009174311926,
  "time_ms": 100
}