{
  "sum_of_pairs": 0.5442134602930417,
  "column_score": 0.11745786854659693,
  "time_ms": 153
}