{
  "sum_of_pairs": 0.5200653791874474,
  "column_score": 0.09610868793442906,
  "time_ms": 270
}