{
  "sum_of_pairs": 0.594158086905036,
  "column_score": 0.0297029702970297,
  "time_ms": 653
}