{
  "sum_of_pairs": 0.7344634873323398,
  "column_score": 0.14549180327868852,
  "time_ms": 52
}