{
  "sum_of_pairs": 0.6144071879365997,
  "column_score": 0.08783783783783784,
  "time_ms": 376
}