{
  "sum_of_pairs": 0.4648827082455401,
  "column_score": 0.17699115044247787,
  "time_ms": 128
}