{
  "sum_of_pairs": 0.4462424497822728,
  "column_score": 0.1504424778761062,
  "time_ms": 240
}