{
  "sum_of_pairs": 0.6165696303849654,
  "column_score": 0.0891089108910891,
  "time_ms": 349
}