{
  "sum_of_pairs": 0.3837764144512611,
  "column_score": 0.06134969325153374,
  "time_ms": 64
}