{
  "sum_of_pairs": 0.7745156482861401,
  "column_score": 0.1864754098360656,
  "time_ms": 31
}