{
  "sum_of_pairs": 0.7033998100664768,
  "column_score": 0.43209876543209874,
  "time_ms": 56
}