{
  "sum_of_pairs": 0.6665734526472782,
  "column_score": 0.2214765100671141,
  "time_ms": 36
}