{
  "sum_of_pairs": 0.6060933559775616,
  "column_score": 0.10236220472440945,
  "time_ms": 61
}