{
  "sum_of_pairs": 0.6923603314621759,
  "column_score": 0.3116279069767442,
  "time_ms": 183
}