{
  "sum_of_pairs": 0.6076887447892543,
  "column_score": 0.10236220472440945,
  "time_ms": 32
}