{
  "sum_of_pairs": 0.3838063275658752,
  "column_score": 0.052586652661780475,
  "time_ms": 588
}