{
  "sum_of_pairs": 0.456797647687784,
  "column_score": 0.07441860465116279,
  "time_ms": 563
}