{
  "sum_of_pairs": 0.655042735042735,
  "column_score": 0.43209876543209874,
  "time_ms": 162
}