{
  "sum_of_pairs": 0.4851505312251358,
  "column_score": 0.009246031746031747,
  "time_ms": 795
}