{
  "sum_of_pairs": 0.6669154652533571,
  "column_score": 0.11904761904761904,
  "time_ms": 2241
}