{
  "sum_of_pairs": 0.4489940387481371,
  "column_score": 0.18032786885245902,
  "time_ms": 34
}