{
  "sum_of_pairs": 0.5441753541833735,
  "column_score": 0.20930232558139536,
  "time_ms": 115
}