{
  "sum_of_pairs": 0.4213467653069392,
  "column_score": 0.18489475355555846,
  "time_ms": 19
}