{
  "sum_of_pairs": 0.5827906706769468,
  "column_score": 0.3444613091669781,
  "time_ms": 26
}