{
  "sum_of_pairs": 0.5830149918103588,
  "column_score": 0.3444613091669781,
  "time_ms": 51
}