{
  "sum_of_pairs": 0.5812287864719203,
  "column_score": 0.34170350900168495,
  "time_ms": 11
}