{
  "sum_of_pairs": 0.22413793103448276,
  "column_score": 0.11379310344827587,
  "time_ms": 6
}