{
  "sum_of_pairs": 0.532207319092565,
  "column_score": 0.293591654247392,
  "time_ms": 50
}