{
  "sum_of_pairs": 0.48817377312952537,
  "column_score": 0.17920353982300885,
  "time_ms": 46
}