{
  "sum_of_pairs": 0.43621399176954734,
  "column_score": 0.1111111111111111,
  "time_ms": 2
}