{
  "sum_of_pairs": 0.53116391184573,
  "column_score": 0.3068181818181818,
  "time_ms": 35
}