{
  "sum_of_pairs": 0.30100806451612905,
  "column_score": 0.1350806451612903,
  "time_ms": 13
}