{
  "sum_of_pairs": 0.6497027562601333,
  "column_score": 0.510718789407314,
  "time_ms": 80
}