{
  "sum_of_pairs": 0.4270833333333333,
  "column_score": 0.203125,
  "time_ms": 3
}