{
  "sum_of_pairs": 0.553874883286648,
  "column_score": 0.19327731092436976,
  "time_ms": 18
}