{
  "sum_of_pairs": 0.3673139158576052,
  "column_score": 0.11650485436893204,
  "time_ms": 8
}