{
  "sum_of_pairs": 0.6776844070961718,
  "column_score": 0.3949579831932773,
  "time_ms": 9
}