{
  "sum_of_pairs": 0.48806521347504955,
  "column_score": 0.32156368221941994,
  "time_ms": 44
}