{
  "sum_of_pairs": 0.43443496801705755,
  "column_score": 0.11940298507462686,
  "time_ms": 29
}