{
  "sum_of_pairs": 0.661498708010336,
  "column_score": 0.27906976744186046,
  "time_ms": 5
}