{
  "sum_of_pairs": 0.846930846930847,
  "column_score": 0.7282051282051282,
  "time_ms": 71
}