{
  "sum_of_pairs": 0.8463092463092463,
  "column_score": 0.7282051282051282,
  "time_ms": 15
}