{
  "sum_of_pairs": 0.7784438616210816,
  "column_score": 0.5159235668789809,
  "time_ms": 30
}