{
  "sum_of_pairs": 0.40952678757556804,
  "column_score": 0.056910569105691054,
  "time_ms": 42
}