{
  "sum_of_pairs": 0.4426807760141093,
  "column_score": 0.16666666666666666,
  "time_ms": 4
}