{
  "sum_of_pairs": 0.5910986032937252,
  "column_score": 0.17886178861788618,
  "time_ms": 30
}