{
  "sum_of_pairs": 0.8325693913929209,
  "column_score": 0.5142857142857142,
  "time_ms": 74
}