{
  "sum_of_pairs": 0.6216814159292036,
  "column_score": 0.35176991150442477,
  "time_ms": 19
}