{
  "sum_of_pairs": 0.6477534562211982,
  "column_score": 0.3951612903225806,
  "time_ms": 4
}