{
  "sum_of_pairs": 0.5323114769609234,
  "column_score": 0.04428044280442804,
  "time_ms": 16
}