{
  "sum_of_pairs": 0.6185115697310819,
  "column_score": 0.2032520325203252,
  "time_ms": 46
}