{
  "sum_of_pairs": 0.6565033327328409,
  "column_score": 0.510718789407314,
  "time_ms": 29
}