{
  "sum_of_pairs": 0.6880360839988169,
  "column_score": 0.577639751552795,
  "time_ms": 14
}