{
  "sum_of_pairs": 0.7615819209039548,
  "column_score": 0.5423728813559322,
  "time_ms": 19
}