{
  "sum_of_pairs": 0.37296747967479676,
  "column_score": 0.23780487804878048,
  "time_ms": 4
}