{
  "sum_of_pairs": 0.5280788177339901,
  "column_score": 0.3275862068965517,
  "time_ms": 14
}