{
  "sum_of_pairs": 0.6645018941759294,
  "column_score": 0.3885350318471338,
  "time_ms": 33
}