{
  "sum_of_pairs": 0.2466725820763088,
  "column_score": 0.031055900621118012,
  "time_ms": 9
}