{
  "sum_of_pairs": 0.8105744384814152,
  "column_score": 0.45348837209302323,
  "time_ms": 36
}