{
  "sum_of_pairs": 0.4362517217630854,
  "column_score": 0.21306818181818182,
  "time_ms": 58
}