{
  "sum_of_pairs": 0.6811723795330352,
  "column_score": 0.4485842026825633,
  "time_ms": 72
}