{
  "sum_of_pairs": 0.7380952380952381,
  "column_score": 0.4074074074074074,
  "time_ms": 3
}