{
  "sum_of_pairs": 0.40476190476190477,
  "column_score": 0.21658986175115208,
  "time_ms": 1
}