{
  "sum_of_pairs": 0.5739726027397261,
  "column_score": 0.5342465753424658,
  "time_ms": 19
}