{
  "sum_of_pairs": 0.4749034749034749,
  "column_score": 0.1891891891891892,
  "time_ms": 1
}