{
  "sum_of_pairs": 0.617739340305712,
  "column_score": 0.334070796460177,
  "time_ms": 100
}