{
  "sum_of_pairs": 0.35093167701863354,
  "column_score": 0.06521739130434782,
  "time_ms": 4
}