{
  "sum_of_pairs": 0.717948717948718,
  "column_score": 0.4205128205128205,
  "time_ms": 45
}