{
  "sum_of_pairs": 0.6254826254826255,
  "column_score": 0.2702702702702703,
  "time_ms": 2
}