{
  "sum_of_pairs": 0.29296066252587993,
  "column_score": 0.043478260869565216,
  "time_ms": 2
}