{
  "sum_of_pairs": 0.8167362353408865,
  "column_score": 0.45348837209302323,
  "time_ms": 232
}