{
  "sum_of_pairs": 0.38493150684931504,
  "column_score": 0.3013698630136986,
  "time_ms": 15
}