{
  "sum_of_pairs": 0.7685774946921444,
  "column_score": 0.5159235668789809,
  "time_ms": 88
}