{
  "sum_of_pairs": 0.7609126984126984,
  "column_score": 0.5833333333333334,
  "time_ms": 4
}