{
  "sum_of_pairs": 0.5384142302961491,
  "column_score": 0.04428044280442804,
  "time_ms": 32
}