{
  "sum_of_pairs": 0.24038929440389295,
  "column_score": 0.043795620437956206,
  "time_ms": 7
}