{
  "sum_of_pairs": 0.5779010633379565,
  "column_score": 0.2669902912621359,
  "time_ms": 5
}