{
  "sum_of_pairs": 0.7510766580534023,
  "column_score": 0.29069767441860467,
  "time_ms": 62
}