{
  "sum_of_pairs": 0.12988505747126436,
  "column_score": 0.07241379310344828,
  "time_ms": 5
}