{
  "sum_of_pairs": 0.6869269446909199,
  "column_score": 0.577639751552795,
  "time_ms": 48
}