{
  "sum_of_pairs": 0.43949329359165423,
  "column_score": 0.20491803278688525,
  "time_ms": 24
}