{
  "sum_of_pairs": 0.5307601301390121,
  "column_score": 0.36645962732919257,
  "time_ms": 34
}