{
  "sum_of_pairs": 0.396962815782004,
  "column_score": 0.01107011070110701,
  "time_ms": 25
}