{
  "sum_of_pairs": 0.5030487804878049,
  "column_score": 0.39634146341463417,
  "time_ms": 5
}