{
  "sum_of_pairs": 0.5716095380029806,
  "column_score": 0.29918032786885246,
  "time_ms": 50
}