{
  "sum_of_pairs": 0.7001216545012166,
  "column_score": 0.34306569343065696,
  "time_ms": 8
}