{
  "sum_of_pairs": 0.31827309236947793,
  "column_score": 0.12650602409638553,
  "time_ms": 3
}