{
  "sum_of_pairs": 0.6939309056956116,
  "column_score": 0.453781512605042,
  "time_ms": 22
}