{
  "sum_of_pairs": 0.5764705882352941,
  "column_score": 0.23529411764705882,
  "time_ms": 9
}