{
  "sum_of_pairs": 0.6310483870967742,
  "column_score": 0.4032258064516129,
  "time_ms": 9
}