{
  "sum_of_pairs": 0.7372262773722628,
  "column_score": 0.4744525547445255,
  "time_ms": 6
}