{
  "sum_of_pairs": 0.48955223880597015,
  "column_score": 0.3597014925373134,
  "time_ms": 12
}