{
  "sum_of_pairs": 0.5258964143426295,
  "column_score": 0.4063745019920319,
  "time_ms": 5
}