{
  "sum_of_pairs": 0.355026455026455,
  "column_score": 0.037037037037037035,
  "time_ms": 13
}