{
  "sum_of_pairs": 0.38531889290012034,
  "column_score": 0.16967509025270758,
  "time_ms": 16
}