{
  "sum_of_pairs": 0.21576354679802956,
  "column_score": 0.13793103448275862,
  "time_ms": 11
}