{
  "sum_of_pairs": 0.02206389000774947,
  "column_score": 0.0002658160552897395,
  "time_ms": 9
}