{
  "sum_of_pairs": 0.3600349392921098,
  "column_score": 0.06596417218797533,
  "time_ms": 175
}