{
  "sum_of_pairs": 0.3618652299031381,
  "column_score": 0.06570802464699173,
  "time_ms": 83
}