{
  "sum_of_pairs": 0.3053362303121868,
  "column_score": 0.029699312304700742,
  "time_ms": 152
}