{
  "sum_of_pairs": 0.39504101416853094,
  "column_score": 0.04697986577181208,
  "time_ms": 28
}