{
  "sum_of_pairs": 0.39489088018499785,
  "column_score": 0.02702702702702703,
  "time_ms": 264
}