{
  "sum_of_pairs": 0.34912318735848147,
  "column_score": 0.013513513513513514,
  "time_ms": 281
}