{
  "sum_of_pairs": 0.3957153502235469,
  "column_score": 0.02663934426229508,
  "time_ms": 46
}