{
  "sum_of_pairs": 0.33837617642927376,
  "column_score": 0.19469026548672566,
  "time_ms": 210
}