{
  "sum_of_pairs": 0.4738081671415005,
  "column_score": 0.2345679012345679,
  "time_ms": 53
}