{
  "sum_of_pairs": 0.5174979951884523,
  "column_score": 0.2372093023255814,
  "time_ms": 239
}