{
  "sum_of_pairs": 0.4586581128040631,
  "column_score": 0.15348837209302327,
  "time_ms": 220
}