{
  "sum_of_pairs": 0.510655737704918,
  "column_score": 0.12090163934426229,
  "time_ms": 25
}