{
  "sum_of_pairs": 0.2517291083318811,
  "column_score": 0.06136505098906514,
  "time_ms": 9
}