{
  "sum_of_pairs": 0.2234462288143236,
  "column_score": 0.047588411322398445,
  "time_ms": 13
}