{
  "sum_of_pairs": 0.4286401925391095,
  "column_score": 0.22743682310469315,
  "time_ms": 15
}