{
  "sum_of_pairs": 0.19408866995073892,
  "column_score": 0.13793103448275862,
  "time_ms": 9
}