{
  "sum_of_pairs": 0.09343434343434344,
  "column_score": 0.020202020202020204,
  "time_ms": 4
}