{
  "sum_of_pairs": 0.22941970310391363,
  "column_score": 0.05263157894736842,
  "time_ms": 16
}