{
  "sum_of_pairs": 0.5205843293492696,
  "column_score": 0.38645418326693226,
  "time_ms": 5
}