{
  "sum_of_pairs": 0.4305555555555556,
  "column_score": 0.19014084507042253,
  "time_ms": 23
}