{
  "sum_of_pairs": 0.3083670715249663,
  "column_score": 0.06882591093117409,
  "time_ms": 7
}