{
  "sum_of_pairs": 0.4825511432009627,
  "column_score": 0.296028880866426,
  "time_ms": 15
}