{
  "sum_of_pairs": 0.6075697211155379,
  "column_score": 0.5139442231075697,
  "time_ms": 5
}