{
  "sum_of_pairs": 0.1388888888888889,
  "column_score": 0.0707070707070707,
  "time_ms": 4
}