{
  "sum_of_pairs": 0.4677401806114677,
  "column_score": 0.21782178217821782,
  "time_ms": 64
}