{
  "sum_of_pairs": 0.38741721854304634,
  "column_score": 0.2251655629139073,
  "time_ms": 3
}