{
  "sum_of_pairs": 0.347682119205298,
  "column_score": 0.2052980132450331,
  "time_ms": 3
}