{
  "sum_of_pairs": 0.16108374384236454,
  "column_score": 0.10837438423645321,
  "time_ms": 13
}