{
  "sum_of_pairs": 0.4444444444444444,
  "column_score": 0.19718309859154928,
  "time_ms": 20
}