{
  "sum_of_pairs": 0.6194197559956689,
  "column_score": 0.3305686111795848,
  "time_ms": 23
}