{
  "sum_of_pairs": 0.4232876712328767,
  "column_score": 0.0273972602739726,
  "time_ms": 9
}