{
  "sum_of_pairs": 0.4852358815426997,
  "column_score": 0.23579545454545456,
  "time_ms": 87
}