{
  "sum_of_pairs": 0.33326612903225805,
  "column_score": 0.15725806451612903,
  "time_ms": 24
}