{
  "sum_of_pairs": 0.5689410092395167,
  "column_score": 0.19776119402985073,
  "time_ms": 15
}