{
  "sum_of_pairs": 0.6114035087719298,
  "column_score": 0.17105263157894737,
  "time_ms": 24
}