{
  "sum_of_pairs": 0.6474323062558357,
  "column_score": 0.29411764705882354,
  "time_ms": 23
}