{
  "sum_of_pairs": 0.7170873915059962,
  "column_score": 0.046511627906976744,
  "time_ms": 68
}