{
  "sum_of_pairs": 0.808955223880597,
  "column_score": 0.7716417910447761,
  "time_ms": 16
}