{
  "sum_of_pairs": 0.7301587301587301,
  "column_score": 0.32098765432098764,
  "time_ms": 6
}