{
  "sum_of_pairs": 0.7818329278183292,
  "column_score": 0.40145985401459855,
  "time_ms": 9
}