{
  "sum_of_pairs": 0.6756137237503698,
  "column_score": 0.5424430641821946,
  "time_ms": 33
}