{
  "sum_of_pairs": 0.32415584415584414,
  "column_score": 0.2857142857142857,
  "time_ms": 5
}