{
  "sum_of_pairs": 0.6844665138782786,
  "column_score": 0.11428571428571428,
  "time_ms": 133
}