{
  "sum_of_pairs": 0.7817460317460317,
  "column_score": 0.6309523809523809,
  "time_ms": 3
}