{
  "sum_of_pairs": 0.7260748959778086,
  "column_score": 0.4077669902912621,
  "time_ms": 10
}