{
  "sum_of_pairs": 0.5646229539218469,
  "column_score": 0.033210332103321034,
  "time_ms": 38
}