{
  "sum_of_pairs": 0.13043478260869565,
  "column_score": 0.057971014492753624,
  "time_ms": 1
}