{
  "sum_of_pairs": 0.6434331797235023,
  "column_score": 0.16129032258064516,
  "time_ms": 10
}