{
  "sum_of_pairs": 0.626602086438152,
  "column_score": 0.3237704918032787,
  "time_ms": 32
}