{
  "sum_of_pairs": 0.9186480186480186,
  "column_score": 0.7846153846153846,
  "time_ms": 37
}