{
  "sum_of_pairs": 0.5226277372262774,
  "column_score": 0.23357664233576642,
  "time_ms": 4
}