{
  "sum_of_pairs": 0.592479674796748,
  "column_score": 0.47560975609756095,
  "time_ms": 5
}