{
  "sum_of_pairs": 0.8766149870801033,
  "column_score": 0.6511627906976745,
  "time_ms": 3
}