{
  "sum_of_pairs": 0.7689655172413793,
  "column_score": 0.5911330049261084,
  "time_ms": 18
}