{
  "sum_of_pairs": 0.7545481037425585,
  "column_score": 0.07006369426751592,
  "time_ms": 41
}