{
  "sum_of_pairs": 0.6022598870056497,
  "column_score": 0.1751412429378531,
  "time_ms": 23
}