{
  "sum_of_pairs": 0.7519788044378208,
  "column_score": 0.5230998509687034,
  "time_ms": 82
}