{
  "sum_of_pairs": 0.4882016798238515,
  "column_score": 0.23939866913385052,
  "time_ms": 14
}