{
  "sum_of_pairs": 0.7323934837092732,
  "column_score": 0.3618421052631579,
  "time_ms": 17
}