{
  "sum_of_pairs": 0.5880878039549626,
  "column_score": 0.16236162361623616,
  "time_ms": 24
}