{
  "sum_of_pairs": 0.16612903225806452,
  "column_score": 0.12903225806451613,
  "time_ms": 12
}