{
  "sum_of_pairs": 0.5060240963855421,
  "column_score": 0.5542168674698795,
  "time_ms": 2
}