{
  "sum_of_pairs": 0.8221634332745443,
  "column_score": 0.6419753086419753,
  "time_ms": 5
}