{
  "sum_of_pairs": 0.6082519964507542,
  "column_score": 0.4161490683229814,
  "time_ms": 24
}