{
  "sum_of_pairs": 0.7000265023520837,
  "column_score": 0.20930232558139536,
  "time_ms": 44
}