{
  "sum_of_pairs": 0.7463885766620874,
  "column_score": 0.29936305732484075,
  "time_ms": 24
}