{
  "sum_of_pairs": 0.7082089552238806,
  "column_score": 0.5701492537313433,
  "time_ms": 12
}