{
  "sum_of_pairs": 0.5077496274217586,
  "column_score": 0.3237704918032787,
  "time_ms": 19
}