{
  "sum_of_pairs": 0.15871665100182497,
  "column_score": 0.007958624408252393,
  "time_ms": 10
}