{
  "sum_of_pairs": 0.36719787516600266,
  "column_score": 0.08764940239043825,
  "time_ms": 3
}