{
  "sum_of_pairs": 0.23148148148148148,
  "column_score": 0.09090909090909091,
  "time_ms": 3
}