{
  "sum_of_pairs": 0.0980295566502463,
  "column_score": 0.014778325123152709,
  "time_ms": 9
}