{
  "sum_of_pairs": 0.262987012987013,
  "column_score": 0.10909090909090909,
  "time_ms": 22
}