{
  "sum_of_pairs": 0.4158060073243749,
  "column_score": 0.018781666852892284,
  "time_ms": 1060
}