{
  "sum_of_pairs": 0.41580600732437495,
  "column_score": 0.018781666852892284,
  "time_ms": 1194
}