{
  "sum_of_pairs": 0.7171874741799554,
  "column_score": 0.004048582995951417,
  "time_ms": 1006
}