{
  "sum_of_pairs": 0.5381598639455782,
  "column_score": 0.04583333333333333,
  "time_ms": 592
}