{
  "sum_of_pairs": 0.37459294258293185,
  "column_score": 0.057820699494982336,
  "time_ms": 220
}