{
  "sum_of_pairs": 0.507179249652617,
  "column_score": 0.15748031496062992,
  "time_ms": 60
}