{
  "sum_of_pairs": 0.3986587183308495,
  "column_score": 0.1680327868852459,
  "time_ms": 60
}