{
  "sum_of_pairs": 0.7294125797613047,
  "column_score": 0.3538461203526518,
  "time_ms": 527
}