{
  "sum_of_pairs": 0.7342445660788132,
  "column_score": 0.36671529129200364,
  "time_ms": 337
}