{
  "sum_of_pairs": 0.7548819118649505,
  "column_score": 0.26380368098159507,
  "time_ms": 95
}