{
  "sum_of_pairs": 0.7308470290771176,
  "column_score": 0.3805309734513274,
  "time_ms": 265
}