{
  "sum_of_pairs": 0.8169425933638762,
  "column_score": 0.3877551020408163,
  "time_ms": 1293
}