{
  "sum_of_pairs": 0.8404558404558404,
  "column_score": 0.6419753086419753,
  "time_ms": 130
}