{
  "sum_of_pairs": 0.7581711655157983,
  "column_score": 0.37037037037037035,
  "time_ms": 2438
}