{
  "sum_of_pairs": 0.7459801916676692,
  "column_score": 0.26380368098159507,
  "time_ms": 171
}