{
  "sum_of_pairs": 0.9182678428227746,
  "column_score": 0.6744186046511628,
  "time_ms": 319
}