{
  "sum_of_pairs": 0.9138732959101844,
  "column_score": 0.6558139534883721,
  "time_ms": 649
}