{
  "sum_of_pairs": 0.8918675920748221,
  "column_score": 0.6831683168316832,
  "time_ms": 689
}