{
  "sum_of_pairs": 0.865573192239859,
  "column_score": 0.22666666666666666,
  "time_ms": 165
}