{
  "sum_of_pairs": 0.7605635767594336,
  "column_score": 0.37037037037037035,
  "time_ms": 1686
}