{
  "sum_of_pairs": 0.924478390461997,
  "column_score": 0.7172131147540983,
  "time_ms": 59
}