{
  "sum_of_pairs": 0.8433048433048433,
  "column_score": 0.6790123456790124,
  "time_ms": 69
}