{
  "sum_of_pairs": 0.8142006802721088,
  "column_score": 0.3469387755102041,
  "time_ms": 1687
}