{
  "sum_of_pairs": 0.8783902012248469,
  "column_score": 0.7322834645669292,
  "time_ms": 36
}