{
  "sum_of_pairs": 0.8646913580246913,
  "column_score": 0.22666666666666666,
  "time_ms": 326
}