{
  "sum_of_pairs": 0.7269560331507234,
  "column_score": 0.36283185840707965,
  "time_ms": 527
}