{
  "sum_of_pairs": 0.6820711085416967,
  "column_score": 0.07432432432432433,
  "time_ms": 550
}