{
  "sum_of_pairs": 0.6837572866984631,
  "column_score": 0.08108108108108109,
  "time_ms": 345
}