{
  "sum_of_pairs": 0.4208939287604031,
  "column_score": 0.016509727955293926,
  "time_ms": 1193
}