{
  "sum_of_pairs": 0.5791274692324168,
  "column_score": 0.08791208791208792,
  "time_ms": 5025
}