{
  "sum_of_pairs": 0.7919200571735813,
  "column_score": 0.3134920634920635,
  "time_ms": 2514
}