{
  "sum_of_pairs": 0.6994660648005128,
  "column_score": 0.2731049731527272,
  "time_ms": 234
}