{
  "sum_of_pairs": 0.7196224920935212,
  "column_score": 0.3209675307342017,
  "time_ms": 801
}