{
  "sum_of_pairs": 0.7196224920935209,
  "column_score": 0.32096753073420164,
  "time_ms": 275
}