{
  "sum_of_pairs": 0.719842750150247,
  "column_score": 0.32096753073420164,
  "time_ms": 323
}