{
  "sum_of_pairs": 0.7270741760553389,
  "column_score": 0.3235437694506749,
  "time_ms": 121
}