{
  "sum_of_pairs": 0.7860936955764541,
  "column_score": 0.5172413793103449,
  "time_ms": 62
}