{
  "sum_of_pairs": 0.7454462659380692,
  "column_score": 0.45901639344262296,
  "time_ms": 4
}