{
  "sum_of_pairs": 0.8087098087098087,
  "column_score": 0.6296296296296297,
  "time_ms": 13
}