{
  "sum_of_pairs": 0.8374235104669887,
  "column_score": 0.36666666666666664,
  "time_ms": 460
}