{
  "sum_of_pairs": 0.6013836569110402,
  "column_score": 0.04411764705882353,
  "time_ms": 282
}