{
  "sum_of_pairs": 0.92906631614654,
  "column_score": 0.44375,
  "time_ms": 2816
}