{
  "sum_of_pairs": 0.9007741027445461,
  "column_score": 0.24404761904761904,
  "time_ms": 165
}