{
  "sum_of_pairs": 0.8305958132045088,
  "column_score": 0.23333333333333334,
  "time_ms": 103
}