{
  "sum_of_pairs": 0.888246699977627,
  "column_score": 0.7358490566037735,
  "time_ms": 686
}