{
  "sum_of_pairs": 0.6926158133054685,
  "column_score": 0.49137931034482757,
  "time_ms": 47
}