{
  "sum_of_pairs": 0.8570127504553734,
  "column_score": 0.5737704918032787,
  "time_ms": 3
}