{
  "sum_of_pairs": 0.5911538104520561,
  "column_score": 0.29365079365079366,
  "time_ms": 50
}