{
  "sum_of_pairs": 0.7938871473354232,
  "column_score": 0.5344827586206896,
  "time_ms": 28
}