{
  "sum_of_pairs": 0.4967078189300412,
  "column_score": 0.2222222222222222,
  "time_ms": 20
}