{
  "sum_of_pairs": 0.902173249806777,
  "column_score": 0.40384615384615385,
  "time_ms": 847
}