{
  "sum_of_pairs": 0.9310165143498477,
  "column_score": 0.5303030303030303,
  "time_ms": 152
}