{
  "sum_of_pairs": 0.9288085255066387,
  "column_score": 0.6458333333333334,
  "time_ms": 1063
}