{
  "sum_of_pairs": 0.7181789540012602,
  "column_score": 0.34782608695652173,
  "time_ms": 34
}