{
  "sum_of_pairs": 0.7007052838478437,
  "column_score": 0.010752688172043012,
  "time_ms": 130
}