{
  "sum_of_pairs": 0.6474989546884972,
  "column_score": 0.06172839506172839,
  "time_ms": 313
}