{
  "sum_of_pairs": 0.8346873714520774,
  "column_score": 0.40384615384615385,
  "time_ms": 587
}