{
  "sum_of_pairs": 0.7682455475558924,
  "column_score": 0.42758620689655175,
  "time_ms": 23
}