{
  "sum_of_pairs": 0.6418676561533705,
  "column_score": 0.13877551020408163,
  "time_ms": 86
}