{
  "sum_of_pairs": 0.7471870604781997,
  "column_score": 0.5189873417721519,
  "time_ms": 12
}