{
  "sum_of_pairs": 0.8441581407098648,
  "column_score": 0.2087912087912088,
  "time_ms": 161
}