{
  "sum_of_pairs": 0.7293956043956044,
  "column_score": 0.4230769230769231,
  "time_ms": 46
}