{
  "sum_of_pairs": 0.5593149540517962,
  "column_score": 0.15873015873015872,
  "time_ms": 84
}