{
  "sum_of_pairs": 0.7671957671957672,
  "column_score": 0.5185185185185185,
  "time_ms": 22
}