{
  "sum_of_pairs": 0.7927604310583034,
  "column_score": 0.3191489361702128,
  "time_ms": 94
}