{
  "sum_of_pairs": 0.7088972513809115,
  "column_score": 0.12345679012345678,
  "time_ms": 395
}