{
  "sum_of_pairs": 0.8912765538945712,
  "column_score": 0.6747967479674797,
  "time_ms": 88
}