{
  "sum_of_pairs": 0.8848675583530029,
  "column_score": 0.6422764227642277,
  "time_ms": 171
}