{
  "sum_of_pairs": 0.7369406867845993,
  "column_score": 0.03225806451612903,
  "time_ms": 151
}