{
  "sum_of_pairs": 0.7170986122599026,
  "column_score": 0.3629032258064516,
  "time_ms": 220
}