{
  "sum_of_pairs": 0.591966096783541,
  "column_score": 0.04411764705882353,
  "time_ms": 151
}