{
  "sum_of_pairs": 0.7273607535045443,
  "column_score": 0.14814814814814814,
  "time_ms": 162
}