{
  "sum_of_pairs": 0.8272159090909091,
  "column_score": 0.5170454545454546,
  "time_ms": 52
}