{
  "sum_of_pairs": 0.9133395522388059,
  "column_score": 0.36875,
  "time_ms": 1939
}