{
  "sum_of_pairs": 0.6245809227117638,
  "column_score": 0.1588785046728972,
  "time_ms": 394
}