{
  "sum_of_pairs": 0.8594669698117974,
  "column_score": 0.21978021978021978,
  "time_ms": 469
}