{
  "sum_of_pairs": 0.7290919952210275,
  "column_score": 0.3951612903225806,
  "time_ms": 249
}