{
  "sum_of_pairs": 0.9145920684835779,
  "column_score": 0.5520833333333334,
  "time_ms": 895
}