{
  "sum_of_pairs": 0.9216530981456355,
  "column_score": 0.44375,
  "time_ms": 980
}