{
  "sum_of_pairs": 0.9056512630679738,
  "column_score": 0.4230769230769231,
  "time_ms": 1198
}