{
  "sum_of_pairs": 0.8818058132343847,
  "column_score": 0.7085714285714285,
  "time_ms": 84
}