{
  "sum_of_pairs": 0.8957349855756622,
  "column_score": 0.6585365853658537,
  "time_ms": 226
}