{
  "sum_of_pairs": 0.9069077172153265,
  "column_score": 0.7660550458715596,
  "time_ms": 167
}