{
  "sum_of_pairs": 0.7273904497629784,
  "column_score": 0.03225806451612903,
  "time_ms": 63
}