{
  "sum_of_pairs": 0.8356513462896442,
  "column_score": 0.45390070921985815,
  "time_ms": 134
}