{
  "sum_of_pairs": 0.9692159692159692,
  "column_score": 0.696969696969697,
  "time_ms": 267
}