{
  "sum_of_pairs": 0.635499184097315,
  "column_score": 0.1588785046728972,
  "time_ms": 205
}