{
  "sum_of_pairs": 0.5975308641975309,
  "column_score": 0.37037037037037035,
  "time_ms": 34
}