{
  "sum_of_pairs": 0.8881374797625472,
  "column_score": 0.6743119266055045,
  "time_ms": 140
}