{
  "sum_of_pairs": 0.7257481940144479,
  "column_score": 0.3815789473684211,
  "time_ms": 186
}