{
  "sum_of_pairs": 0.7401257153579135,
  "column_score": 0.40789473684210525,
  "time_ms": 283
}