{
  "sum_of_pairs": 0.7382880529432253,
  "column_score": 0.6120689655172413,
  "time_ms": 119
}