{
  "sum_of_pairs": 0.8969816539885287,
  "column_score": 0.38461538461538464,
  "time_ms": 1347
}