{
  "sum_of_pairs": 0.7198875373566594,
  "column_score": 0.041631207998084244,
  "time_ms": 791
}