{
  "sum_of_pairs": 0.9078071321789579,
  "column_score": 0.16666666666666666,
  "time_ms": 2535
}