{
  "sum_of_pairs": 0.7867698803659395,
  "column_score": 0.20535714285714285,
  "time_ms": 218
}