{
  "sum_of_pairs": 0.8619437254738248,
  "column_score": 0.1271186440677966,
  "time_ms": 197
}