{
  "sum_of_pairs": 0.7421497584541062,
  "column_score": 0.2463768115942029,
  "time_ms": 71
}