{
  "sum_of_pairs": 0.8180092146148077,
  "column_score": 0.12568306010928962,
  "time_ms": 542
}