{
  "sum_of_pairs": 0.7772063120981882,
  "column_score": 0.2271186440677966,
  "time_ms": 641
}