{
  "sum_of_pairs": 0.9204251421232553,
  "column_score": 0.14189189189189189,
  "time_ms": 810
}