{
  "sum_of_pairs": 0.599739995447972,
  "column_score": 0.009550931667508766,
  "time_ms": 603
}