{
  "sum_of_pairs": 0.5997399954479721,
  "column_score": 0.009550931667508766,
  "time_ms": 1051
}