{
  "sum_of_pairs": 0.599986063283953,
  "column_score": 0.009550931667508766,
  "time_ms": 240
}