{
  "sum_of_pairs": 0.5311828219180156,
  "column_score": 0.0036589193575551574,
  "time_ms": 633
}