{
  "sum_of_pairs": 0.8110724999257477,
  "column_score": 0.06018518518518518,
  "time_ms": 1978
}