{
  "sum_of_pairs": 0.8546202243408872,
  "column_score": 0.24074074074074073,
  "time_ms": 3051
}