{
  "sum_of_pairs": 0.5552726058278367,
  "column_score": 0.04745762711864407,
  "time_ms": 688
}