{
  "sum_of_pairs": 0.36982320449977324,
  "column_score": 0.06591894236695166,
  "time_ms": 143
}