{
  "sum_of_pairs": 0.7903995229576625,
  "column_score": 0.1744186046511628,
  "time_ms": 180
}