{
  "sum_of_pairs": 0.6188757914970602,
  "column_score": 0.03125,
  "time_ms": 1456
}