{
  "sum_of_pairs": 0.5841217605923489,
  "column_score": 0.19230769230769232,
  "time_ms": 321
}