{
  "sum_of_pairs": 0.8268927295378103,
  "column_score": 0.18932943352230178,
  "time_ms": 529
}