{
  "sum_of_pairs": 0.8236281947483077,
  "column_score": 0.1794822730362956,
  "time_ms": 960
}