{
  "sum_of_pairs": 0.7876686555931839,
  "column_score": 0.37735849056603776,
  "time_ms": 282
}