{
  "sum_of_pairs": 0.9206650641025641,
  "column_score": 0.03333333333333333,
  "time_ms": 2219
}