{
  "sum_of_pairs": 0.9495819304152637,
  "column_score": 0.19166666666666668,
  "time_ms": 2204
}