{
  "sum_of_pairs": 0.9707594523151861,
  "column_score": 0.5925925925925926,
  "time_ms": 3386
}