{
  "sum_of_pairs": 0.8087250941592022,
  "column_score": 0.12903225806451613,
  "time_ms": 607
}