{
  "sum_of_pairs": 0.9725055243923169,
  "column_score": 0.5878378378378378,
  "time_ms": 457
}