{
  "sum_of_pairs": 0.9595172560523084,
  "column_score": 0.3167420814479638,
  "time_ms": 3088
}