{
  "sum_of_pairs": 0.8271135265700483,
  "column_score": 0.4855072463768116,
  "time_ms": 42
}