{
  "sum_of_pairs": 0.9618949637468156,
  "column_score": 0.24603174603174602,
  "time_ms": 3540
}