{
  "sum_of_pairs": 0.7205955334987593,
  "column_score": 0.16666666666666666,
  "time_ms": 146
}