{
  "sum_of_pairs": 0.9139869281045752,
  "column_score": 0.2786885245901639,
  "time_ms": 611
}