{
  "sum_of_pairs": 0.7216156603253377,
  "column_score": 0.16666666666666666,
  "time_ms": 75
}