{
  "sum_of_pairs": 0.9415633608815427,
  "column_score": 0.32196969696969696,
  "time_ms": 1615
}