{
  "sum_of_pairs": 0.9621031746031746,
  "column_score": 0.2698412698412698,
  "time_ms": 1725
}