{
  "sum_of_pairs": 0.9596378750286889,
  "column_score": 0.3212669683257919,
  "time_ms": 1564
}