{
  "sum_of_pairs": 0.8049245750639111,
  "column_score": 0.10483870967741936,
  "time_ms": 1156
}