{
  "sum_of_pairs": 0.8347222222222223,
  "column_score": 0.4927536231884058,
  "time_ms": 26
}