{
  "sum_of_pairs": 0.9294009205767695,
  "column_score": 0.23841059602649006,
  "time_ms": 1525
}