{
  "sum_of_pairs": 0.9611554587969682,
  "column_score": 0.5347222222222222,
  "time_ms": 819
}