{
  "sum_of_pairs": 0.8232122679580307,
  "column_score": 0.14285714285714285,
  "time_ms": 651
}