{
  "sum_of_pairs": 0.7336580086580087,
  "column_score": 0.4318181818181818,
  "time_ms": 29
}