{
  "sum_of_pairs": 0.9310271945892631,
  "column_score": 0.25165562913907286,
  "time_ms": 766
}