{
  "sum_of_pairs": 0.882631069669247,
  "column_score": 0.39285714285714285,
  "time_ms": 335
}