{
  "sum_of_pairs": 0.8198159533695305,
  "column_score": 0.034653465346534656,
  "time_ms": 324
}