{
  "sum_of_pairs": 0.9712977813418872,
  "column_score": 0.6111111111111112,
  "time_ms": 2540
}