{
  "sum_of_pairs": 0.8864795918367347,
  "column_score": 0.4107142857142857,
  "time_ms": 166
}