{
  "sum_of_pairs": 0.8722301077064374,
  "column_score": 0.30847457627118646,
  "time_ms": 726
}