{
  "sum_of_pairs": 0.8179295752155861,
  "column_score": 0.034653465346534656,
  "time_ms": 653
}