{
  "sum_of_pairs": 0.8235889157923056,
  "column_score": 0.14285714285714285,
  "time_ms": 314
}