{
  "sum_of_pairs": 0.9629898403483309,
  "column_score": 0.5833333333333334,
  "time_ms": 449
}