{
  "sum_of_pairs": 0.9428936298076923,
  "column_score": 0.15625,
  "time_ms": 508
}