{
  "sum_of_pairs": 0.7918615277105843,
  "column_score": 0.4339622641509434,
  "time_ms": 148
}