{
  "sum_of_pairs": 0.7393939393939394,
  "column_score": 0.4318181818181818,
  "time_ms": 18
}