{
  "sum_of_pairs": 0.8739458963012441,
  "column_score": 0.1016949152542373,
  "time_ms": 149
}