{
  "sum_of_pairs": 0.9158255686413543,
  "column_score": 0.22900763358778625,
  "time_ms": 1198
}