{
  "sum_of_pairs": 0.9141581448941379,
  "column_score": 0.22900763358778625,
  "time_ms": 2423
}