{
  "sum_of_pairs": 0.9426920722375268,
  "column_score": 0.32954545454545453,
  "time_ms": 848
}