{
  "sum_of_pairs": 0.8695917174584621,
  "column_score": 0.3050847457627119,
  "time_ms": 1261
}