{
  "sum_of_pairs": 0.3693379499474682,
  "column_score": 0.08587257625082087,
  "time_ms": 63
}