{
  "sum_of_pairs": 0.36943882248016935,
  "column_score": 0.08587257625082087,
  "time_ms": 168
}