{
  "sum_of_pairs": 0.30661674172370107,
  "column_score": 0.04888488160675602,
  "time_ms": 118
}