{
  "sum_of_pairs": 0.369438822480169,
  "column_score": 0.0858725762508209,
  "time_ms": 307
}