{
  "sum_of_pairs": 0.5373645961881256,
  "column_score": 0.1971153846153846,
  "time_ms": 909
}