{
  "sum_of_pairs": 0.3752182703795607,
  "column_score": 0.08870967741935484,
  "time_ms": 103
}