{
  "sum_of_pairs": 0.8933280328629166,
  "column_score": 0.5465116279069767,
  "time_ms": 111
}