{
  "sum_of_pairs": 0.5107243319268636,
  "column_score": 0.22784810126582278,
  "time_ms": 18
}