{
  "sum_of_pairs": 0.5469034608378871,
  "column_score": 0.2786885245901639,
  "time_ms": 3
}