{
  "sum_of_pairs": 0.7135894495412844,
  "column_score": 0.4288990825688073,
  "time_ms": 116
}