{
  "sum_of_pairs": 0.45827589375976474,
  "column_score": 0.13709677419354838,
  "time_ms": 123
}