{
  "sum_of_pairs": 0.6363591660110149,
  "column_score": 0.17073170731707318,
  "time_ms": 296
}