{
  "sum_of_pairs": 0.4399164054336468,
  "column_score": 0.29310344827586204,
  "time_ms": 24
}