{
  "sum_of_pairs": 0.22455475558923835,
  "column_score": 0.08275862068965517,
  "time_ms": 16
}