{
  "sum_of_pairs": 0.34117032392894464,
  "column_score": 0.05747126436781609,
  "time_ms": 38
}