{
  "sum_of_pairs": 0.7004623760161086,
  "column_score": 0.559748427672956,
  "time_ms": 194
}