{
  "sum_of_pairs": 0.9061930783242259,
  "column_score": 0.8688524590163934,
  "time_ms": 5
}