{
  "sum_of_pairs": 0.9164182071158815,
  "column_score": 0.7093023255813954,
  "time_ms": 141
}