{
  "sum_of_pairs": 0.4920814479638009,
  "column_score": 0.12980769230769232,
  "time_ms": 318
}