{
  "sum_of_pairs": 0.45956399437412093,
  "column_score": 0.20253164556962025,
  "time_ms": 15
}