{
  "sum_of_pairs": 0.6218584532776493,
  "column_score": 0.2578616352201258,
  "time_ms": 156
}