{
  "sum_of_pairs": 0.9776213501748846,
  "column_score": 0.9207920792079208,
  "time_ms": 32192
}