{
  "sum_of_pairs": 0.8036263253654558,
  "column_score": 0.12698412698412698,
  "time_ms": 2480
}