{
  "sum_of_pairs": 0.9289958407605466,
  "column_score": 0.696969696969697,
  "time_ms": 3731
}