{
  "sum_of_pairs": 0.8864448840760795,
  "column_score": 0.32653061224489793,
  "time_ms": 159016
}