{
  "sum_of_pairs": 0.8811526696329255,
  "column_score": 0.5689655172413793,
  "time_ms": 28308
}