{
  "sum_of_pairs": 0.5122027814108043,
  "column_score": 0.12421664552282141,
  "time_ms": 211
}