{
  "sum_of_pairs": 0.5451497926909589,
  "column_score": 0.15606027972456954,
  "time_ms": 126
}