{
  "sum_of_pairs": 0.5445663943159986,
  "column_score": 0.1673307715278482,
  "time_ms": 260
}