{
  "sum_of_pairs": 0.5445663943159986,
  "column_score": 0.16733077152784825,
  "time_ms": 660
}