{
  "sum_of_pairs": 0.652500523121992,
  "column_score": 0.14814814814814814,
  "time_ms": 602
}