{
  "sum_of_pairs": 0.630215526260724,
  "column_score": 0.08641975308641975,
  "time_ms": 928
}