{
  "sum_of_pairs": 0.6648956002982849,
  "column_score": 0.25838926174496646,
  "time_ms": 19
}