{
  "sum_of_pairs": 0.5783256075291473,
  "column_score": 0.21238938053097345,
  "time_ms": 110
}