{
  "sum_of_pairs": 0.5782694198623403,
  "column_score": 0.21238938053097345,
  "time_ms": 242
}