{
  "sum_of_pairs": 0.5342399403874813,
  "column_score": 0.18032786885245902,
  "time_ms": 87
}