{
  "sum_of_pairs": 0.6853561253561253,
  "column_score": 0.4444444444444444,
  "time_ms": 97
}