{
  "sum_of_pairs": 0.612114662137821,
  "column_score": 0.18110236220472442,
  "time_ms": 44
}