{
  "sum_of_pairs": 0.6730104463437797,
  "column_score": 0.38271604938271603,
  "time_ms": 72
}