{
  "sum_of_pairs": 0.689988267929783,
  "column_score": 0.1188118811881188,
  "time_ms": 1346
}