{
  "sum_of_pairs": 0.7732102908277405,
  "column_score": 0.43288590604026844,
  "time_ms": 12
}