{
  "sum_of_pairs": 0.657862131728123,
  "column_score": 0.09900990099009901,
  "time_ms": 451
}