{
  "sum_of_pairs": 0.07305749600800823,
  "column_score": 0.004408935084953957,
  "time_ms": 14
}