{
  "sum_of_pairs": 0.0730574960080082,
  "column_score": 0.004408935084953957,
  "time_ms": 12
}