{
  "sum_of_pairs": 0.5709560563422436,
  "column_score": 0.15866986630434332,
  "time_ms": 202
}