{
  "sum_of_pairs": 0.6125487505398685,
  "column_score": 0.21268093641091038,
  "time_ms": 113
}