{
  "sum_of_pairs": 0.7976506252368322,
  "column_score": 0.18681318681318682,
  "time_ms": 81
}