{
  "sum_of_pairs": 0.6906796906796907,
  "column_score": 0.37037037037037035,
  "time_ms": 19
}