{
  "sum_of_pairs": 0.8843193843193843,
  "column_score": 0.15151515151515152,
  "time_ms": 154
}