{
  "sum_of_pairs": 0.8330107905231058,
  "column_score": 0.19047619047619047,
  "time_ms": 130
}