{
  "sum_of_pairs": 0.49526335733232285,
  "column_score": 0.16551724137931034,
  "time_ms": 25
}