{
  "sum_of_pairs": 0.9625985556218114,
  "column_score": 0.7325581395348837,
  "time_ms": 183
}