{
  "sum_of_pairs": 0.2357110345276026,
  "column_score": 0.08284023668639054,
  "time_ms": 25
}