{
  "sum_of_pairs": 0.7999010513296227,
  "column_score": 0.3657142857142857,
  "time_ms": 66
}