{
  "sum_of_pairs": 0.5832517430648272,
  "column_score": 0.17757009345794392,
  "time_ms": 192
}