{
  "sum_of_pairs": 0.6781173807035876,
  "column_score": 0.4942528735632184,
  "time_ms": 22
}