{
  "sum_of_pairs": 0.70293451758969,
  "column_score": 0.4051724137931034,
  "time_ms": 27
}