{
  "sum_of_pairs": 0.6947115384615384,
  "column_score": 0.27884615384615385,
  "time_ms": 41
}