{
  "sum_of_pairs": 0.8495786412111268,
  "column_score": 0.6918238993710691,
  "time_ms": 128
}