{
  "sum_of_pairs": 0.8916211293260473,
  "column_score": 0.819672131147541,
  "time_ms": 2
}