{
  "sum_of_pairs": 0.6818683049779458,
  "column_score": 0.34782608695652173,
  "time_ms": 37
}