{
  "sum_of_pairs": 0.6279606408916754,
  "column_score": 0.39080459770114945,
  "time_ms": 55
}