{
  "sum_of_pairs": 0.5715472481827621,
  "column_score": 0.17757009345794392,
  "time_ms": 373
}