{
  "sum_of_pairs": 0.8515461215932913,
  "column_score": 0.3541666666666667,
  "time_ms": 792
}