{
  "sum_of_pairs": 0.6555907172995781,
  "column_score": 0.3227848101265823,
  "time_ms": 11
}