{
  "sum_of_pairs": 0.5269420234937476,
  "column_score": 0.1793103448275862,
  "time_ms": 13
}