{
  "sum_of_pairs": 0.7473484848484848,
  "column_score": 0.2727272727272727,
  "time_ms": 52
}