{
  "sum_of_pairs": 0.8415584415584415,
  "column_score": 0.4742857142857143,
  "time_ms": 34
}