{
  "sum_of_pairs": 0.8146636506687648,
  "column_score": 0.2845528455284553,
  "time_ms": 89
}