{
  "sum_of_pairs": 0.7742901598665745,
  "column_score": 0.0673076923076923,
  "time_ms": 810
}