{
  "sum_of_pairs": 0.4408950182943991,
  "column_score": 0.14473684210526316,
  "time_ms": 186
}