{
  "sum_of_pairs": 0.6937618147448015,
  "column_score": 0.34782608695652173,
  "time_ms": 19
}