{
  "sum_of_pairs": 0.7315833676127794,
  "column_score": 0.30288461538461536,
  "time_ms": 479
}