{
  "sum_of_pairs": 0.6430686172065483,
  "column_score": 0.32471264367816094,
  "time_ms": 60
}