{
  "sum_of_pairs": 0.6288677918424754,
  "column_score": 0.3227848101265823,
  "time_ms": 17
}