{
  "sum_of_pairs": 0.3654320987654321,
  "column_score": 0.07407407407407407,
  "time_ms": 27
}