{
  "sum_of_pairs": 0.45278637770897834,
  "column_score": 0.18421052631578946,
  "time_ms": 84
}