{
  "sum_of_pairs": 0.4321799870045484,
  "column_score": 0.18055555555555555,
  "time_ms": 33
}