{
  "sum_of_pairs": 0.885751514092709,
  "column_score": 0.40625,
  "time_ms": 447
}