{
  "sum_of_pairs": 0.7476004387769094,
  "column_score": 0.3269230769230769,
  "time_ms": 263
}