{
  "sum_of_pairs": 0.8303626917244636,
  "column_score": 0.6257861635220126,
  "time_ms": 228
}