{
  "sum_of_pairs": 0.8389436049649217,
  "column_score": 0.6169724770642202,
  "time_ms": 151
}