{
  "sum_of_pairs": 0.8534042927515834,
  "column_score": 0.4166666666666667,
  "time_ms": 131
}