{
  "sum_of_pairs": 0.4298082869511441,
  "column_score": 0.04081632653061224,
  "time_ms": 38
}