{
  "sum_of_pairs": 0.8037306582743247,
  "column_score": 0.2601626016260163,
  "time_ms": 160
}