{
  "sum_of_pairs": 0.34056205328135153,
  "column_score": 0.04861111111111111,
  "time_ms": 66
}