{
  "sum_of_pairs": 0.8991011312031068,
  "column_score": 0.6211630491125312,
  "time_ms": 24774
}