{
  "sum_of_pairs": 0.905679012345679,
  "column_score": 0.5333333333333333,
  "time_ms": 5418
}