{
  "sum_of_pairs": 0.8741328842375395,
  "column_score": 0.5766871165644172,
  "time_ms": 18626
}