{
  "sum_of_pairs": 0.9486387730945397,
  "column_score": 0.9133858267716536,
  "time_ms": 762
}