{
  "sum_of_pairs": 0.9475783475783476,
  "column_score": 0.9012345679012346,
  "time_ms": 3565
}