{
  "sum_of_pairs": 0.4875399546521628,
  "column_score": 0.010065567960304804,
  "time_ms": 820
}