{
  "sum_of_pairs": 0.7115244039586145,
  "column_score": 0.029239766081871343,
  "time_ms": 562
}