{
  "sum_of_pairs": 0.35638528138528136,
  "column_score": 0.06818181818181818,
  "time_ms": 40
}