{
  "sum_of_pairs": 0.769354987968976,
  "column_score": 0.06985034256581868,
  "time_ms": 1064
}