{
  "sum_of_pairs": 0.7763686346315932,
  "column_score": 0.0822755849720692,
  "time_ms": 444
}