{
  "sum_of_pairs": 0.7641774891774892,
  "column_score": 0.22727272727272727,
  "time_ms": 24
}