{
  "sum_of_pairs": 0.7243891727882465,
  "column_score": 0.01485148514851485,
  "time_ms": 971
}