{
  "sum_of_pairs": 0.6532671629445823,
  "column_score": 0.05128205128205128,
  "time_ms": 121
}