{
  "sum_of_pairs": 0.8430682617874736,
  "column_score": 0.19642857142857142,
  "time_ms": 314
}