{
  "sum_of_pairs": 0.7449134199134199,
  "column_score": 0.2727272727272727,
  "time_ms": 70
}