{
  "sum_of_pairs": 0.9576353619056105,
  "column_score": 0.4861111111111111,
  "time_ms": 2024
}