{
  "sum_of_pairs": 0.8078502415458937,
  "column_score": 0.427536231884058,
  "time_ms": 90
}