{
  "sum_of_pairs": 0.6643687918349823,
  "column_score": 0.056451612903225805,
  "time_ms": 457
}