{
  "sum_of_pairs": 0.8535776277724204,
  "column_score": 0.28415300546448086,
  "time_ms": 627
}