{
  "sum_of_pairs": 0.8275193798449613,
  "column_score": 0.5581395348837209,
  "time_ms": 522
}