{
  "sum_of_pairs": 0.9561873193948666,
  "column_score": 0.22972972972972974,
  "time_ms": 1804
}