{
  "sum_of_pairs": 0.7903314686482424,
  "column_score": 0.15593220338983052,
  "time_ms": 1059
}