{
  "sum_of_pairs": 0.8422586520947176,
  "column_score": 0.2677595628415301,
  "time_ms": 975
}