{
  "sum_of_pairs": 0.9174494949494949,
  "column_score": 0.10416666666666667,
  "time_ms": 2233
}