{
  "sum_of_pairs": 0.736655621207282,
  "column_score": 0.01485148514851485,
  "time_ms": 249
}