{
  "sum_of_pairs": 0.6528696602462776,
  "column_score": 0.024193548387096774,
  "time_ms": 958
}