{
  "sum_of_pairs": 0.8497803492981892,
  "column_score": 0.2786885245901639,
  "time_ms": 248
}