{
  "sum_of_pairs": 0.844475721323012,
  "column_score": 0.19642857142857142,
  "time_ms": 426
}