{
  "sum_of_pairs": 0.7975786924939468,
  "column_score": 0.14285714285714285,
  "time_ms": 1315
}