{
  "sum_of_pairs": 0.958170434585529,
  "column_score": 0.2702702702702703,
  "time_ms": 404
}