{
  "sum_of_pairs": 0.7242095177259661,
  "column_score": 0.01485148514851485,
  "time_ms": 570
}