{
  "sum_of_pairs": 0.6660601047697822,
  "column_score": 0.10256410256410256,
  "time_ms": 134
}