{
  "sum_of_pairs": 0.8533804778742098,
  "column_score": 0.28415300546448086,
  "time_ms": 1171
}