{
  "sum_of_pairs": 0.6551285053568292,
  "column_score": 0.056451612903225805,
  "time_ms": 1084
}