{
  "sum_of_pairs": 0.9172699214365881,
  "column_score": 0.10416666666666667,
  "time_ms": 3213
}