{
  "sum_of_pairs": 0.8429363124560169,
  "column_score": 0.19642857142857142,
  "time_ms": 139
}