{
  "sum_of_pairs": 0.8070048309178744,
  "column_score": 0.427536231884058,
  "time_ms": 22
}