{
  "sum_of_pairs": 0.958501638500302,
  "column_score": 0.4861111111111111,
  "time_ms": 7363
}