{
  "sum_of_pairs": 0.920059731209557,
  "column_score": 0.14285714285714285,
  "time_ms": 249
}