{
  "sum_of_pairs": 0.955467195342897,
  "column_score": 0.4537037037037037,
  "time_ms": 2803
}