{
  "sum_of_pairs": 0.799348937315039,
  "column_score": 0.14285714285714285,
  "time_ms": 730
}