{
  "sum_of_pairs": 0.6567775110746834,
  "column_score": 0.056451612903225805,
  "time_ms": 1491
}