{
  "sum_of_pairs": 0.6669975186104219,
  "column_score": 0.10256410256410256,
  "time_ms": 63
}