{
  "sum_of_pairs": 0.7973365617433414,
  "column_score": 0.16610169491525423,
  "time_ms": 1623
}