{
  "sum_of_pairs": 0.266577725939733,
  "column_score": 0.011959413135883723,
  "time_ms": 1782
}