{
  "sum_of_pairs": 0.3640516698172653,
  "column_score": 0.08695652173913043,
  "time_ms": 29
}