{
  "sum_of_pairs": 0.41623376623376623,
  "column_score": 0.1590909090909091,
  "time_ms": 79
}