{
  "sum_of_pairs": 0.40183982683982683,
  "column_score": 0.09090909090909091,
  "time_ms": 88
}