{
  "sum_of_pairs": 0.405006105006105,
  "column_score": 0.09049773755656108,
  "time_ms": 816
}