{
  "sum_of_pairs": 0.37346436804302335,
  "column_score": 0.024017453079575753,
  "time_ms": 1929
}