{
  "sum_of_pairs": 0.3518128705215225,
  "column_score": 0.08737864077669903,
  "time_ms": 5648
}