{
  "sum_of_pairs": 0.23882621477568775,
  "column_score": 0.10465116279069768,
  "time_ms": 3532
}