{
  "sum_of_pairs": 0.39289081001540477,
  "column_score": 0.06956521739130435,
  "time_ms": 978
}