{
  "sum_of_pairs": 0.5051575658196821,
  "column_score": 0.07147305973028105,
  "time_ms": 608
}