{
  "sum_of_pairs": 0.8335413855150697,
  "column_score": 0.3216374269005848,
  "time_ms": 416
}