{
  "sum_of_pairs": 0.8044877496932291,
  "column_score": 0.1506849315068493,
  "time_ms": 958
}