{
  "sum_of_pairs": 0.5295212038303694,
  "column_score": 0.11304347826086956,
  "time_ms": 1364
}