{
  "sum_of_pairs": 0.4745853129949154,
  "column_score": 0.10852713178294573,
  "time_ms": 115
}