{
  "sum_of_pairs": 0.7956110055358175,
  "column_score": 0.10526315789473684,
  "time_ms": 516
}