{
  "sum_of_pairs": 0.8145264978843771,
  "column_score": 0.503968253968254,
  "time_ms": 1933
}