{
  "sum_of_pairs": 0.5134619364035592,
  "column_score": 0.14782608695652175,
  "time_ms": 351
}