{
  "sum_of_pairs": 0.7665332161045991,
  "column_score": 0.061275921613629644,
  "time_ms": 824
}