{
  "sum_of_pairs": 0.7412922853336466,
  "column_score": 0.04142325822212412,
  "time_ms": 606
}