{
  "sum_of_pairs": 0.7665332161045991,
  "column_score": 0.06127592161362966,
  "time_ms": 893
}