{
  "sum_of_pairs": 0.7653603130750439,
  "column_score": 0.0611111226683429,
  "time_ms": 335
}