{
  "sum_of_pairs": 0.6880767811000369,
  "column_score": 0.011627906976744186,
  "time_ms": 239
}