{
  "sum_of_pairs": 0.949564139119071,
  "column_score": 0.5555555555555556,
  "time_ms": 4003
}