{
  "sum_of_pairs": 0.8803857280617164,
  "column_score": 0.2459016393442623,
  "time_ms": 486
}