{
  "sum_of_pairs": 0.6776289524113702,
  "column_score": 0.09405940594059406,
  "time_ms": 350
}