{
  "sum_of_pairs": 0.9511964794983663,
  "column_score": 0.21621621621621623,
  "time_ms": 838
}