{
  "sum_of_pairs": 0.8136875439831105,
  "column_score": 0.15178571428571427,
  "time_ms": 422
}