{
  "sum_of_pairs": 0.8953511561173955,
  "column_score": 0.1297709923664122,
  "time_ms": 2209
}