{
  "sum_of_pairs": 0.5997503640524235,
  "column_score": 0.07894736842105263,
  "time_ms": 44
}