{
  "sum_of_pairs": 0.8737553426330374,
  "column_score": 0.0728476821192053,
  "time_ms": 669
}