{
  "sum_of_pairs": 0.952159706876688,
  "column_score": 0.20945945945945946,
  "time_ms": 319
}