{
  "sum_of_pairs": 0.94889228851493,
  "column_score": 0.16216216216216217,
  "time_ms": 651
}