{
  "sum_of_pairs": 0.9304369452096725,
  "column_score": 0.14015151515151514,
  "time_ms": 501
}