{
  "sum_of_pairs": 0.8682067408482503,
  "column_score": 0.027777777777777776,
  "time_ms": 577
}