{
  "sum_of_pairs": 0.7485764381731652,
  "column_score": 0.12542372881355932,
  "time_ms": 783
}