{
  "sum_of_pairs": 0.7210748792270532,
  "column_score": 0.2028985507246377,
  "time_ms": 38
}