{
  "sum_of_pairs": 0.6839371980676329,
  "column_score": 0.10869565217391304,
  "time_ms": 28
}