{
  "sum_of_pairs": 0.887728382884787,
  "column_score": 0.08609271523178808,
  "time_ms": 416
}