{
  "sum_of_pairs": 0.9067789001122335,
  "column_score": 0.06666666666666667,
  "time_ms": 1388
}