{
  "sum_of_pairs": 0.9490307602443395,
  "column_score": 0.5555555555555556,
  "time_ms": 1570
}