{
  "sum_of_pairs": 0.7743925857894297,
  "column_score": 0.18983050847457628,
  "time_ms": 1872
}