{
  "sum_of_pairs": 0.9280800428527701,
  "column_score": 0.14015151515151514,
  "time_ms": 1212
}