{
  "sum_of_pairs": 0.5927715496985851,
  "column_score": 0.20924136858504302,
  "time_ms": 186
}