{
  "sum_of_pairs": 0.5973583471711298,
  "column_score": 0.21286274067031682,
  "time_ms": 86
}