{
  "sum_of_pairs": 0.5243103021651719,
  "column_score": 0.13763093561029877,
  "time_ms": 173
}