{
  "sum_of_pairs": 0.5956516433010207,
  "column_score": 0.20924136858504308,
  "time_ms": 192
}