{
  "sum_of_pairs": 0.7607380364733306,
  "column_score": 0.3557692307692308,
  "time_ms": 406
}