{
  "sum_of_pairs": 0.6992753623188406,
  "column_score": 0.43478260869565216,
  "time_ms": 32
}