{
  "sum_of_pairs": 0.49294990723562154,
  "column_score": 0.0653061224489796,
  "time_ms": 50
}