{
  "sum_of_pairs": 0.57945837687217,
  "column_score": 0.29022988505747127,
  "time_ms": 37
}