{
  "sum_of_pairs": 0.6755671077504726,
  "column_score": 0.41304347826086957,
  "time_ms": 25
}