{
  "sum_of_pairs": 0.6103787878787879,
  "column_score": 0.1590909090909091,
  "time_ms": 79
}