{
  "sum_of_pairs": 0.7786282682834407,
  "column_score": 0.07692307692307693,
  "time_ms": 72
}