{
  "sum_of_pairs": 0.6269874092454738,
  "column_score": 0.3064516129032258,
  "time_ms": 277
}