{
  "sum_of_pairs": 0.4747252747252747,
  "column_score": 0.15172413793103448,
  "time_ms": 19
}