{
  "sum_of_pairs": 0.57319921378194,
  "column_score": 0.010752688172043012,
  "time_ms": 43
}