{
  "sum_of_pairs": 0.7231249143013849,
  "column_score": 0.27403846153846156,
  "time_ms": 351
}