{
  "sum_of_pairs": 0.8500175932441942,
  "column_score": 0.08928571428571429,
  "time_ms": 161
}