{
  "sum_of_pairs": 0.8045390570021111,
  "column_score": 0.08333333333333333,
  "time_ms": 139
}