{
  "sum_of_pairs": 0.5727829806914094,
  "column_score": 0.010752688172043012,
  "time_ms": 98
}