{
  "sum_of_pairs": 0.8273341201153948,
  "column_score": 0.5447154471544715,
  "time_ms": 162
}