{
  "sum_of_pairs": 0.5532044583768722,
  "column_score": 0.3045977011494253,
  "time_ms": 33
}