{
  "sum_of_pairs": 0.7173531230674087,
  "column_score": 0.4228571428571429,
  "time_ms": 60
}