{
  "sum_of_pairs": 0.638636154765187,
  "column_score": 0.31451612903225806,
  "time_ms": 86
}