{
  "sum_of_pairs": 0.4096774193548387,
  "column_score": 0.054838709677419356,
  "time_ms": 90
}