{
  "sum_of_pairs": 0.7030946065428824,
  "column_score": 0.054945054945054944,
  "time_ms": 135
}