{
  "sum_of_pairs": 0.8542566109012413,
  "column_score": 0.6261467889908257,
  "time_ms": 127
}