{
  "sum_of_pairs": 0.8566618566618567,
  "column_score": 0.18181818181818182,
  "time_ms": 129
}