{
  "sum_of_pairs": 0.5982770745428974,
  "column_score": 0.37341772151898733,
  "time_ms": 17
}