{
  "sum_of_pairs": 0.28021505376344086,
  "column_score": 0.03225806451612903,
  "time_ms": 22
}