{
  "sum_of_pairs": 0.7673419879360084,
  "column_score": 0.3252032520325203,
  "time_ms": 156
}