{
  "sum_of_pairs": 0.8657916957838342,
  "column_score": 0.3541666666666667,
  "time_ms": 795
}