{
  "sum_of_pairs": 0.8722127996381728,
  "column_score": 0.309375,
  "time_ms": 1748
}