{
  "sum_of_pairs": 0.9515669515669516,
  "column_score": 0.7790697674418605,
  "time_ms": 70
}