{
  "sum_of_pairs": 0.3308641975308642,
  "column_score": 0.13580246913580246,
  "time_ms": 15
}