{
  "sum_of_pairs": 0.27270142949967513,
  "column_score": 0.0763888888888889,
  "time_ms": 61
}