{
  "sum_of_pairs": 0.362962962962963,
  "column_score": 0.11666666666666667,
  "time_ms": 8
}