{
  "sum_of_pairs": 0.3628167641325536,
  "column_score": 0.10416666666666667,
  "time_ms": 26
}