{
  "sum_of_pairs": 0.9438031104697772,
  "column_score": 0.5454545454545454,
  "time_ms": 309
}