{
  "sum_of_pairs": 0.7942356988667026,
  "column_score": 0.46788990825688076,
  "time_ms": 113
}