{
  "sum_of_pairs": 0.8736954432383537,
  "column_score": 0.309375,
  "time_ms": 797
}