{
  "sum_of_pairs": 0.5371360665478313,
  "column_score": 0.04938271604938271,
  "time_ms": 129
}