{
  "sum_of_pairs": 0.3047619047619048,
  "column_score": 0.0163265306122449,
  "time_ms": 47
}