{
  "sum_of_pairs": 0.8721887720488467,
  "column_score": 0.309375,
  "time_ms": 2730
}