{
  "sum_of_pairs": 0.5860655737704918,
  "column_score": 0.16393442622950818,
  "time_ms": 3
}