{
  "sum_of_pairs": 0.3746236559139785,
  "column_score": 0.054838709677419356,
  "time_ms": 14
}