{
  "sum_of_pairs": 0.8081698752375444,
  "column_score": 0.11336032388663968,
  "time_ms": 474
}