{
  "sum_of_pairs": 0.7610064153300005,
  "column_score": 0.35714285714285715,
  "time_ms": 1511
}