{
  "sum_of_pairs": 0.47008630467277085,
  "column_score": 0.08791208791208792,
  "time_ms": 290
}