{
  "sum_of_pairs": 0.5683537414965987,
  "column_score": 0.07083333333333333,
  "time_ms": 359
}