{
  "sum_of_pairs": 0.7214211575530916,
  "column_score": 0.31868131868131866,
  "time_ms": 1902
}