{
  "sum_of_pairs": 0.7539270753998477,
  "column_score": 0.2376237623762376,
  "time_ms": 347
}