{
  "sum_of_pairs": 0.6364255642973746,
  "column_score": 0.23300970873786409,
  "time_ms": 1647
}