{
  "sum_of_pairs": 0.5060475472240178,
  "column_score": 0.12669683257918551,
  "time_ms": 178
}