{
  "sum_of_pairs": 0.5628715874620829,
  "column_score": 0.06956521739130435,
  "time_ms": 1145
}