{
  "sum_of_pairs": 0.5446428571428571,
  "column_score": 0.40476190476190477,
  "time_ms": 3
}