{
  "sum_of_pairs": 0.4666666666666667,
  "column_score": 0.38461538461538464,
  "time_ms": 1
}