{
  "sum_of_pairs": 0.5312807881773399,
  "column_score": 0.27832512315270935,
  "time_ms": 25
}