{
  "sum_of_pairs": 0.11594202898550725,
  "column_score": 0.043478260869565216,
  "time_ms": 1
}