{
  "sum_of_pairs": 0.5130522088353414,
  "column_score": 0.3674698795180723,
  "time_ms": 2
}