{
  "sum_of_pairs": 0.6431372549019608,
  "column_score": 0.37254901960784315,
  "time_ms": 3
}