{
  "sum_of_pairs": 0.5608286252354049,
  "column_score": 0.3446327683615819,
  "time_ms": 61
}