{
  "sum_of_pairs": 0.44527649769585254,
  "column_score": 0.24193548387096775,
  "time_ms": 21
}