{
  "sum_of_pairs": 0.3656957928802589,
  "column_score": 0.1650485436893204,
  "time_ms": 13
}