{
  "sum_of_pairs": 0.3228500355366027,
  "column_score": 0.055970149253731345,
  "time_ms": 24
}