{
  "sum_of_pairs": 0.15459770114942528,
  "column_score": 0.027586206896551724,
  "time_ms": 9
}