{
  "sum_of_pairs": 0.3410812672176309,
  "column_score": 0.011363636363636364,
  "time_ms": 163
}