{
  "sum_of_pairs": 0.35820500082795165,
  "column_score": 0.06259314456035768,
  "time_ms": 174
}