{
  "sum_of_pairs": 0.2550813008130081,
  "column_score": 0.14634146341463414,
  "time_ms": 5
}