{
  "sum_of_pairs": 0.5678294573643411,
  "column_score": 0.13953488372093023,
  "time_ms": 3
}