{
  "sum_of_pairs": 0.44238683127572015,
  "column_score": 0.1419753086419753,
  "time_ms": 7
}