{
  "sum_of_pairs": 0.2465753424657534,
  "column_score": 0.0958904109589041,
  "time_ms": 9
}