{
  "sum_of_pairs": 0.584220644779651,
  "column_score": 0.432712215320911,
  "time_ms": 54
}