{
  "sum_of_pairs": 0.18306451612903227,
  "column_score": 0.08266129032258064,
  "time_ms": 26
}