{
  "sum_of_pairs": 0.741044776119403,
  "column_score": 0.664179104477612,
  "time_ms": 20
}