{
  "sum_of_pairs": 0.4635338345864662,
  "column_score": 0.09210526315789473,
  "time_ms": 43
}