{
  "sum_of_pairs": 0.4324143070044709,
  "column_score": 0.1598360655737705,
  "time_ms": 52
}