{
  "sum_of_pairs": 0.45478292199603676,
  "column_score": 0.19798234552332913,
  "time_ms": 91
}