{
  "sum_of_pairs": 0.5341159818492153,
  "column_score": 0.24203821656050956,
  "time_ms": 75
}