{
  "sum_of_pairs": 0.3010752688172043,
  "column_score": 0.041474654377880185,
  "time_ms": 2
}