{
  "sum_of_pairs": 0.46984126984126984,
  "column_score": 0.23529411764705882,
  "time_ms": 43
}