{
  "sum_of_pairs": 0.18961038961038962,
  "column_score": 0.2571428571428571,
  "time_ms": 3
}