{
  "sum_of_pairs": 0.34642442140312957,
  "column_score": 0.12662548682338395,
  "time_ms": 7
}