{
  "sum_of_pairs": 0.22701612903225807,
  "column_score": 0.11491935483870967,
  "time_ms": 7
}