{
  "sum_of_pairs": 0.6223776223776224,
  "column_score": 0.3230769230769231,
  "time_ms": 12
}