{
  "sum_of_pairs": 0.35980810234541577,
  "column_score": 0.055970149253731345,
  "time_ms": 6
}