{
  "sum_of_pairs": 0.6455042225534029,
  "column_score": 0.4083457526080477,
  "time_ms": 24
}