{
  "sum_of_pairs": 0.3630952380952381,
  "column_score": 0.09523809523809523,
  "time_ms": 1
}