{
  "sum_of_pairs": 0.38527769893083547,
  "column_score": 0.04428044280442804,
  "time_ms": 12
}