{
  "sum_of_pairs": 0.48128271384085336,
  "column_score": 0.22093023255813954,
  "time_ms": 23
}