{
  "sum_of_pairs": 0.636318407960199,
  "column_score": 0.4537313432835821,
  "time_ms": 7
}