{
  "sum_of_pairs": 0.6240446796002351,
  "column_score": 0.1728395061728395,
  "time_ms": 2
}