{
  "sum_of_pairs": 0.4291316526610644,
  "column_score": 0.2605042016806723,
  "time_ms": 9
}