{
  "sum_of_pairs": 0.14167406092871931,
  "column_score": 0.018633540372670808,
  "time_ms": 5
}