{
  "sum_of_pairs": 0.3434959349593496,
  "column_score": 0.3170731707317073,
  "time_ms": 2
}