{
  "sum_of_pairs": 0.5811676082862524,
  "column_score": 0.23163841807909605,
  "time_ms": 9
}