{
  "sum_of_pairs": 0.38166915052160955,
  "column_score": 0.16393442622950818,
  "time_ms": 10
}