{
  "sum_of_pairs": 0.6567636058294114,
  "column_score": 0.027007013881829176,
  "time_ms": 1169
}