{
  "sum_of_pairs": 0.8989439853076217,
  "column_score": 0.0946969696969697,
  "time_ms": 2313
}