{
  "sum_of_pairs": 0.9335231457872968,
  "column_score": 0.20945945945945946,
  "time_ms": 1193
}