{
  "sum_of_pairs": 0.7740942028985507,
  "column_score": 0.36231884057971014,
  "time_ms": 63
}