{
  "sum_of_pairs": 0.8738283510125362,
  "column_score": 0.11475409836065574,
  "time_ms": 683
}