{
  "sum_of_pairs": 0.8814702581369248,
  "column_score": 0.06666666666666667,
  "time_ms": 2732
}