{
  "sum_of_pairs": 0.5959141881211896,
  "column_score": 0.1926143471180758,
  "time_ms": 98
}