{
  "sum_of_pairs": 0.8165659880179978,
  "column_score": 0.6540880503144654,
  "time_ms": 109
}