{
  "sum_of_pairs": 0.8387978142076503,
  "column_score": 0.6065573770491803,
  "time_ms": 3
}