{
  "sum_of_pairs": 0.8062144751799925,
  "column_score": 0.24175824175824176,
  "time_ms": 80
}