{
  "sum_of_pairs": 0.7994557823129251,
  "column_score": 0.5371428571428571,
  "time_ms": 38
}