{
  "sum_of_pairs": 0.6850313224586096,
  "column_score": 0.14423076923076922,
  "time_ms": 513
}