{
  "sum_of_pairs": 0.5747173972980425,
  "column_score": 0.23387096774193547,
  "time_ms": 106
}