{
  "sum_of_pairs": 0.7212566844919787,
  "column_score": 0.3894230769230769,
  "time_ms": 197
}