{
  "sum_of_pairs": 0.3129061078622482,
  "column_score": 0.1111111111111111,
  "time_ms": 38
}