{
  "sum_of_pairs": 0.9179493346160013,
  "column_score": 0.3787878787878788,
  "time_ms": 74
}