{
  "sum_of_pairs": 0.8211515110631409,
  "column_score": 0.6009174311926605,
  "time_ms": 78
}