{
  "sum_of_pairs": 0.49404259311380055,
  "column_score": 0.09210526315789473,
  "time_ms": 86
}