{
  "sum_of_pairs": 0.5291756272401433,
  "column_score": 0.04516129032258064,
  "time_ms": 24
}