{
  "sum_of_pairs": 0.6420919974795211,
  "column_score": 0.15217391304347827,
  "time_ms": 21
}