{
  "sum_of_pairs": 0.4617921146953405,
  "column_score": 0.3032258064516129,
  "time_ms": 25
}