{
  "sum_of_pairs": 0.612634970393591,
  "column_score": 0.19827586206896552,
  "time_ms": 33
}