{
  "sum_of_pairs": 0.6283765254353489,
  "column_score": 0.18269230769230768,
  "time_ms": 195
}