{
  "sum_of_pairs": 0.7098085496984002,
  "column_score": 0.21951219512195122,
  "time_ms": 81
}