{
  "sum_of_pairs": 0.2518518518518518,
  "column_score": 0.1419753086419753,
  "time_ms": 17
}