{
  "sum_of_pairs": 0.7897183483729833,
  "column_score": 0.6981132075471698,
  "time_ms": 111
}