{
  "sum_of_pairs": 0.7115362217563476,
  "column_score": 0.19791666666666666,
  "time_ms": 338
}