{
  "sum_of_pairs": 0.5069507575757576,
  "column_score": 0.07954545454545454,
  "time_ms": 46
}