{
  "sum_of_pairs": 0.7145083487940631,
  "column_score": 0.34285714285714286,
  "time_ms": 37
}