{
  "sum_of_pairs": 0.516805990943922,
  "column_score": 0.367816091954023,
  "time_ms": 29
}