{
  "sum_of_pairs": 0.49688629521827726,
  "column_score": 0.07672263759656414,
  "time_ms": 734
}