{
  "sum_of_pairs": 0.37145211695706154,
  "column_score": 0.017857142857142856,
  "time_ms": 2301
}