{
  "sum_of_pairs": 0.5237072632377624,
  "column_score": 0.08695652173913043,
  "time_ms": 395
}