{
  "sum_of_pairs": 0.5177978883861237,
  "column_score": 0.25339366515837103,
  "time_ms": 352
}