{
  "sum_of_pairs": 0.795436831833859,
  "column_score": 0.2524271844660194,
  "time_ms": 2366
}