{
  "sum_of_pairs": 0.8062143336115939,
  "column_score": 0.22602739726027396,
  "time_ms": 1421
}