{
  "sum_of_pairs": 0.8373626373626374,
  "column_score": 0.13186813186813187,
  "time_ms": 2411
}