{
  "sum_of_pairs": 0.6874523990860625,
  "column_score": 0.21782178217821782,
  "time_ms": 541
}