{
  "sum_of_pairs": 0.78042138312815,
  "column_score": 0.048582995951417005,
  "time_ms": 970
}