{
  "sum_of_pairs": 0.8278789670016263,
  "column_score": 0.5793650793650794,
  "time_ms": 2740
}