{
  "sum_of_pairs": 0.24004117738028186,
  "column_score": 0.0785732382135522,
  "time_ms": 27
}