{
  "sum_of_pairs": 0.5533697632058288,
  "column_score": 0.35767511177347244,
  "time_ms": 61
}