{
  "sum_of_pairs": 0.47914818101153506,
  "column_score": 0.34575569358178054,
  "time_ms": 41
}