{
  "sum_of_pairs": 0.3904761904761905,
  "column_score": 0.23529411764705882,
  "time_ms": 60
}