{
  "sum_of_pairs": 0.17842741935483872,
  "column_score": 0.05443548387096774,
  "time_ms": 20
}