{
  "sum_of_pairs": 0.03736571159930056,
  "column_score": 0.008134071325399889,
  "time_ms": 6
}