{
  "sum_of_pairs": 0.18459687123947052,
  "column_score": 0.04693140794223827,
  "time_ms": 15
}