{
  "sum_of_pairs": 0.1127946127946128,
  "column_score": 0.0707070707070707,
  "time_ms": 2
}