{
  "sum_of_pairs": 0.27733652486127736,
  "column_score": 0.18811881188118812,
  "time_ms": 17
}