{
  "sum_of_pairs": 0.7211125051657287,
  "column_score": 0.519510743647373,
  "time_ms": 57
}