{
  "sum_of_pairs": 0.7517323519199038,
  "column_score": 0.5624373115738635,
  "time_ms": 18
}