{
  "sum_of_pairs": 0.4820564516129032,
  "column_score": 0.27419354838709675,
  "time_ms": 34
}