{
  "sum_of_pairs": 0.5091463414634146,
  "column_score": 0.40853658536585363,
  "time_ms": 3
}