{
  "sum_of_pairs": 0.6356164383561644,
  "column_score": 0.3698630136986301,
  "time_ms": 8
}