{
  "sum_of_pairs": 0.8788560009991258,
  "column_score": 0.6369426751592356,
  "time_ms": 30
}