{
  "sum_of_pairs": 0.8216748768472907,
  "column_score": 0.7019704433497537,
  "time_ms": 20
}