{
  "sum_of_pairs": 0.6953564034309376,
  "column_score": 0.5031055900621118,
  "time_ms": 24
}