{
  "sum_of_pairs": 0.6190476190476191,
  "column_score": 0.13043478260869565,
  "time_ms": 1
}