{
  "sum_of_pairs": 0.9379776601998824,
  "column_score": 0.845679012345679,
  "time_ms": 3
}