{
  "sum_of_pairs": 0.8979990724176771,
  "column_score": 0.6395348837209303,
  "time_ms": 190
}