{
  "sum_of_pairs": 0.8695713880215725,
  "column_score": 0.5498154981549815,
  "time_ms": 96
}