{
  "sum_of_pairs": 0.7493150684931507,
  "column_score": 0.589041095890411,
  "time_ms": 4
}