{
  "sum_of_pairs": 0.5807453416149069,
  "column_score": 0.13043478260869565,
  "time_ms": 1
}