{
  "sum_of_pairs": 0.4957661290322581,
  "column_score": 0.2903225806451613,
  "time_ms": 10
}