{
  "sum_of_pairs": 0.9135416666666667,
  "column_score": 0.8333333333333334,
  "time_ms": 0
}