{
  "sum_of_pairs": 0.30517241379310345,
  "column_score": 0.1103448275862069,
  "time_ms": 6
}