{
  "sum_of_pairs": 0.8876811594202898,
  "column_score": 0.7639751552795031,
  "time_ms": 25
}