{
  "sum_of_pairs": 0.7157258064516129,
  "column_score": 0.47580645161290325,
  "time_ms": 15
}