{
  "sum_of_pairs": 0.7070559610705596,
  "column_score": 0.3357664233576642,
  "time_ms": 3
}