{
  "sum_of_pairs": 0.8195727769498261,
  "column_score": 0.7049180327868853,
  "time_ms": 73
}