{
  "sum_of_pairs": 0.7712355212355212,
  "column_score": 0.6486486486486487,
  "time_ms": 0
}