{
  "sum_of_pairs": 0.8994322789943228,
  "column_score": 0.7518248175182481,
  "time_ms": 4
}