{
  "sum_of_pairs": 0.8519900497512438,
  "column_score": 0.7925373134328358,
  "time_ms": 25
}