{
  "sum_of_pairs": 0.6367127496159755,
  "column_score": 0.45622119815668205,
  "time_ms": 8
}