{
  "sum_of_pairs": 0.841919191919192,
  "column_score": 0.6833333333333333,
  "time_ms": 12
}