{
  "sum_of_pairs": 0.815526950925181,
  "column_score": 0.588495575221239,
  "time_ms": 37
}