{
  "sum_of_pairs": 0.812187448253022,
  "column_score": 0.6810730253353204,
  "time_ms": 244
}