{
  "sum_of_pairs": 0.7869302828319221,
  "column_score": 0.639344262295082,
  "time_ms": 46
}