{
  "sum_of_pairs": 0.7728174603174603,
  "column_score": 0.5714285714285714,
  "time_ms": 1
}