{
  "sum_of_pairs": 0.8743107769423559,
  "column_score": 0.5592105263157895,
  "time_ms": 17
}