{
  "sum_of_pairs": 0.8343373493975904,
  "column_score": 0.7409638554216867,
  "time_ms": 1
}