{
  "sum_of_pairs": 0.8772854596384008,
  "column_score": 0.7142857142857143,
  "time_ms": 300
}