{
  "sum_of_pairs": 0.8607660455486542,
  "column_score": 0.7184265010351967,
  "time_ms": 72
}