{
  "sum_of_pairs": 0.8374384236453202,
  "column_score": 0.7266009852216748,
  "time_ms": 11
}