{
  "sum_of_pairs": 0.8621890547263682,
  "column_score": 0.8044776119402985,
  "time_ms": 9
}