{
  "sum_of_pairs": 0.9005649717514125,
  "column_score": 0.8418079096045198,
  "time_ms": 17
}