{
  "sum_of_pairs": 0.8967984934086629,
  "column_score": 0.8305084745762712,
  "time_ms": 123
}