{
  "sum_of_pairs": 0.880672268907563,
  "column_score": 0.7285714285714285,
  "time_ms": 137
}