{
  "sum_of_pairs": 0.8728196161691852,
  "column_score": 0.6369426751592356,
  "time_ms": 87
}