{
  "sum_of_pairs": 0.515686274509804,
  "column_score": 0.27450980392156865,
  "time_ms": 3
}