{
  "sum_of_pairs": 0.9038627178162062,
  "column_score": 0.6511627906976745,
  "time_ms": 64
}