{
  "sum_of_pairs": 0.6912442396313364,
  "column_score": 0.543778801843318,
  "time_ms": 2
}