{
  "sum_of_pairs": 0.777067195099982,
  "column_score": 0.617906683480454,
  "time_ms": 108
}