{
  "sum_of_pairs": 0.908588701271628,
  "column_score": 0.7154471544715447,
  "time_ms": 142
}