{
  "sum_of_pairs": 0.8785599394455483,
  "column_score": 0.5793357933579336,
  "time_ms": 32
}