{
  "sum_of_pairs": 0.9094650205761317,
  "column_score": 0.8271604938271605,
  "time_ms": 5
}