{
  "sum_of_pairs": 0.7347931873479319,
  "column_score": 0.40145985401459855,
  "time_ms": 2
}