{
  "sum_of_pairs": 0.8054706355591311,
  "column_score": 0.5575221238938053,
  "time_ms": 151
}