{
  "sum_of_pairs": 0.6964285714285714,
  "column_score": 0.4880952380952381,
  "time_ms": 13
}