{
  "sum_of_pairs": 0.7585434173669467,
  "column_score": 0.5126050420168067,
  "time_ms": 16
}