{
  "sum_of_pairs": 0.8580808080808081,
  "column_score": 0.7666666666666667,
  "time_ms": 6
}