{
  "sum_of_pairs": 0.841862117981521,
  "column_score": 0.6044776119402985,
  "time_ms": 23
}