{
  "sum_of_pairs": 0.8590973702914001,
  "column_score": 0.6567164179104478,
  "time_ms": 9
}