{
  "sum_of_pairs": 0.3385057471264368,
  "column_score": 0.1103448275862069,
  "time_ms": 3
}