{
  "sum_of_pairs": 0.7520080321285141,
  "column_score": 0.6325301204819277,
  "time_ms": 2
}