{
  "sum_of_pairs": 0.7427719821162444,
  "column_score": 0.5286885245901639,
  "time_ms": 63
}