{
  "sum_of_pairs": 0.5053339741450465,
  "column_score": 0.30071115331797565,
  "time_ms": 13
}