{
  "sum_of_pairs": 0.6143410852713178,
  "column_score": 0.37209302325581395,
  "time_ms": 2
}