{
  "sum_of_pairs": 0.19610705596107056,
  "column_score": 0.043795620437956206,
  "time_ms": 3
}