{
  "sum_of_pairs": 0.5906275140788415,
  "column_score": 0.2588495575221239,
  "time_ms": 26
}