{
  "sum_of_pairs": 0.6940389294403893,
  "column_score": 0.38686131386861317,
  "time_ms": 6
}