{
  "sum_of_pairs": 0.6210131332082551,
  "column_score": 0.2845528455284553,
  "time_ms": 25
}