{
  "sum_of_pairs": 0.6832866479925304,
  "column_score": 0.40336134453781514,
  "time_ms": 16
}