{
  "sum_of_pairs": 0.6364871132312993,
  "column_score": 0.29069767441860467,
  "time_ms": 38
}