{
  "sum_of_pairs": 0.12471264367816091,
  "column_score": 0.05172413793103448,
  "time_ms": 6
}