{
  "sum_of_pairs": 0.43822393822393824,
  "column_score": 0.2972972972972973,
  "time_ms": 1
}