{
  "sum_of_pairs": 0.4491447064262598,
  "column_score": 0.06310679611650485,
  "time_ms": 8
}