{
  "sum_of_pairs": 0.68133796986256,
  "column_score": 0.4143070044709389,
  "time_ms": 42
}