{
  "sum_of_pairs": 0.47839861751152074,
  "column_score": 0.14516129032258066,
  "time_ms": 7
}