{
  "sum_of_pairs": 0.6990259025002322,
  "column_score": 0.024178884710943073,
  "time_ms": 333
}