{
  "sum_of_pairs": 0.8874718209902313,
  "column_score": 0.06779661016949153,
  "time_ms": 157
}