{
  "sum_of_pairs": 0.7590605207600282,
  "column_score": 0.08035714285714286,
  "time_ms": 118
}