{
  "sum_of_pairs": 0.8844490807934204,
  "column_score": 0.22916666666666666,
  "time_ms": 264
}