{
  "sum_of_pairs": 0.893269819406183,
  "column_score": 0.056818181818181816,
  "time_ms": 445
}