{
  "sum_of_pairs": 0.912613729741503,
  "column_score": 0.3194444444444444,
  "time_ms": 1856
}