{
  "sum_of_pairs": 0.714511146363864,
  "column_score": 0.0847457627118644,
  "time_ms": 581
}