{
  "sum_of_pairs": 0.58398168523604,
  "column_score": 0.19217401357743708,
  "time_ms": 220
}