{
  "sum_of_pairs": 0.58398168523604,
  "column_score": 0.1921740135774371,
  "time_ms": 239
}