{
  "sum_of_pairs": 0.7889129294518752,
  "column_score": 0.5447154471544715,
  "time_ms": 172
}