{
  "sum_of_pairs": 0.6188080139693043,
  "column_score": 0.1774193548387097,
  "time_ms": 282
}