{
  "sum_of_pairs": 0.8542399718508092,
  "column_score": 0.13690476190476192,
  "time_ms": 214
}