{
  "sum_of_pairs": 0.28175763482781024,
  "column_score": 0.11805555555555555,
  "time_ms": 106
}