{
  "sum_of_pairs": 0.8636297460982996,
  "column_score": 0.2916666666666667,
  "time_ms": 848
}