{
  "sum_of_pairs": 0.4758194186765615,
  "column_score": 0.14285714285714285,
  "time_ms": 77
}