{
  "sum_of_pairs": 0.665530303030303,
  "column_score": 0.2159090909090909,
  "time_ms": 103
}