{
  "sum_of_pairs": 0.821348404681738,
  "column_score": 0.4393939393939394,
  "time_ms": 304
}