{
  "sum_of_pairs": 0.8588744588744589,
  "column_score": 0.6457142857142857,
  "time_ms": 74
}