{
  "sum_of_pairs": 0.48641975308641977,
  "column_score": 0.2716049382716049,
  "time_ms": 29
}