{
  "sum_of_pairs": 0.40775969382447486,
  "column_score": 0.03344967684202,
  "time_ms": 2242
}