{
  "sum_of_pairs": 0.38011787531094726,
  "column_score": 0.01359012251319826,
  "time_ms": 931
}