{
  "sum_of_pairs": 0.4077596938244748,
  "column_score": 0.03344967684202,
  "time_ms": 1069
}