{
  "sum_of_pairs": 0.5744797930704977,
  "column_score": 0.0989010989010989,
  "time_ms": 4202
}