{
  "sum_of_pairs": 0.551804074638233,
  "column_score": 0.09900990099009901,
  "time_ms": 734
}