{
  "sum_of_pairs": 0.6075780654988576,
  "column_score": 0.21782178217821782,
  "time_ms": 363
}