{
  "sum_of_pairs": 0.7162802774521689,
  "column_score": 0.26587301587301587,
  "time_ms": 3892
}