{
  "sum_of_pairs": 0.34098972922502335,
  "column_score": 0.02262443438914027,
  "time_ms": 302
}