{
  "sum_of_pairs": 0.5692757534862798,
  "column_score": 0.04678362573099415,
  "time_ms": 682
}