{
  "sum_of_pairs": 0.3486173956762192,
  "column_score": 0.03619909502262444,
  "time_ms": 161
}