{
  "sum_of_pairs": 0.12645464485168176,
  "column_score": 0.01033009161851095,
  "time_ms": 9
}