{
  "sum_of_pairs": 0.18411552346570398,
  "column_score": 0.05054151624548736,
  "time_ms": 15
}