{
  "sum_of_pairs": 0.37858719646799116,
  "column_score": 0.1986754966887417,
  "time_ms": 1
}