{
  "sum_of_pairs": 0.7986515739899198,
  "column_score": 0.04048582995951417,
  "time_ms": 1348
}