{
  "sum_of_pairs": 0.5020255063765942,
  "column_score": 0.050387596899224806,
  "time_ms": 274
}