{
  "sum_of_pairs": 0.7935439271437589,
  "column_score": 0.4007936507936508,
  "time_ms": 4801
}