{
  "sum_of_pairs": 0.6561122448979592,
  "column_score": 0.12083333333333333,
  "time_ms": 798
}