{
  "sum_of_pairs": 0.5469109971719587,
  "column_score": 0.017391304347826087,
  "time_ms": 1131
}