{
  "sum_of_pairs": 0.4914295405454931,
  "column_score": 0.14622057158274665,
  "time_ms": 78
}