{
  "sum_of_pairs": 0.8202481908638625,
  "column_score": 0.184375,
  "time_ms": 808
}