{
  "sum_of_pairs": 0.5324512874750844,
  "column_score": 0.0673076923076923,
  "time_ms": 404
}