{
  "sum_of_pairs": 0.2994982078853047,
  "column_score": 0.07096774193548387,
  "time_ms": 14
}