{
  "sum_of_pairs": 0.7630310778914241,
  "column_score": 0.4959349593495935,
  "time_ms": 84
}