{
  "sum_of_pairs": 0.502182703795607,
  "column_score": 0.1693548387096774,
  "time_ms": 75
}