{
  "sum_of_pairs": 0.7933850398985756,
  "column_score": 0.660377358490566,
  "time_ms": 98
}