{
  "sum_of_pairs": 0.3867154517309316,
  "column_score": 0.15789473684210525,
  "time_ms": 58
}