{
  "sum_of_pairs": 0.7114852667132542,
  "column_score": 0.2916666666666667,
  "time_ms": 294
}