{
  "sum_of_pairs": 0.42912801484230056,
  "column_score": 0.004081632653061225,
  "time_ms": 12
}