{
  "sum_of_pairs": 0.7415112596762843,
  "column_score": 0.17261904761904762,
  "time_ms": 63
}