{
  "sum_of_pairs": 0.8287795992714025,
  "column_score": 0.6885245901639344,
  "time_ms": 2
}