{
  "sum_of_pairs": 0.7419617419617419,
  "column_score": 0.5185185185185185,
  "time_ms": 10
}