{
  "sum_of_pairs": 0.9182071158815345,
  "column_score": 0.7325581395348837,
  "time_ms": 65
}