{
  "sum_of_pairs": 0.5100189393939394,
  "column_score": 0.2215909090909091,
  "time_ms": 34
}