{
  "sum_of_pairs": 0.8227367781975176,
  "column_score": 0.6353211009174312,
  "time_ms": 63
}