{
  "sum_of_pairs": 0.6565285204991087,
  "column_score": 0.2932692307692308,
  "time_ms": 199
}