{
  "sum_of_pairs": 0.03332314718034421,
  "column_score": 0.0002658160552897395,
  "time_ms": 3
}