{
  "sum_of_pairs": 0.34977617079889806,
  "column_score": 0.15056818181818182,
  "time_ms": 41
}