{
  "sum_of_pairs": 0.5403487429034874,
  "column_score": 0.26277372262773724,
  "time_ms": 6
}