{
  "sum_of_pairs": 0.6801964947337746,
  "column_score": 0.1910828025477707,
  "time_ms": 20
}