{
  "sum_of_pairs": 0.48093322606596944,
  "column_score": 0.2013274336283186,
  "time_ms": 24
}