{
  "sum_of_pairs": 0.16008064516129034,
  "column_score": 0.09879032258064516,
  "time_ms": 11
}