{
  "sum_of_pairs": 0.3232931726907631,
  "column_score": 0.3313253012048193,
  "time_ms": 2
}