{
  "sum_of_pairs": 0.3919930875576037,
  "column_score": 0.13709677419354838,
  "time_ms": 7
}