{
  "sum_of_pairs": 0.6659133709981168,
  "column_score": 0.576271186440678,
  "time_ms": 15
}