{
  "sum_of_pairs": 0.3061784463998486,
  "column_score": 0.01845018450184502,
  "time_ms": 20
}