{
  "sum_of_pairs": 0.4845973698432715,
  "column_score": 0.35182849936948296,
  "time_ms": 30
}