{
  "sum_of_pairs": 0.6362068965517241,
  "column_score": 0.5098522167487685,
  "time_ms": 12
}