{
  "sum_of_pairs": 0.5033274179236912,
  "column_score": 0.39337474120082816,
  "time_ms": 20
}