{
  "sum_of_pairs": 0.5578125,
  "column_score": 0.109375,
  "time_ms": 1
}