{
  "sum_of_pairs": 0.7089355089355089,
  "column_score": 0.31794871794871793,
  "time_ms": 20
}