{
  "sum_of_pairs": 0.5305733393759179,
  "column_score": 0.16127680133206868,
  "time_ms": 287
}