{
  "sum_of_pairs": 0.530573339375918,
  "column_score": 0.16127680133206868,
  "time_ms": 259
}