{
  "sum_of_pairs": 0.5691487228838366,
  "column_score": 0.1656441717791411,
  "time_ms": 99
}