{
  "sum_of_pairs": 0.5058122205663189,
  "column_score": 0.17827868852459017,
  "time_ms": 77
}