{
  "sum_of_pairs": 0.7249002849002849,
  "column_score": 0.5061728395061729,
  "time_ms": 126
}