{
  "sum_of_pairs": 0.6501370956545883,
  "column_score": 0.09183673469387756,
  "time_ms": 793
}