{
  "sum_of_pairs": 0.7204490777866881,
  "column_score": 0.3953488372093023,
  "time_ms": 310
}