{
  "sum_of_pairs": 0.9174033997905228,
  "column_score": 0.6270383290574069,
  "time_ms": 33743
}