{
  "sum_of_pairs": 0.8779930686830498,
  "column_score": 0.717391304347826,
  "time_ms": 1283
}