{
  "sum_of_pairs": 0.8533697632058288,
  "column_score": 0.639344262295082,
  "time_ms": 348
}