{
  "sum_of_pairs": 0.8692419551552678,
  "column_score": 0.5131578947368421,
  "time_ms": 472
}