{
  "sum_of_pairs": 0.870604781997187,
  "column_score": 0.620253164556962,
  "time_ms": 912
}