{
  "sum_of_pairs": 0.8791631485129937,
  "column_score": 0.6578947368421053,
  "time_ms": 8722
}