{
  "sum_of_pairs": 0.9153399892066919,
  "column_score": 0.8142201834862385,
  "time_ms": 472
}