{
  "sum_of_pairs": 0.9764052039914108,
  "column_score": 0.9010989010989011,
  "time_ms": 650
}