{
  "sum_of_pairs": 0.8430631868131868,
  "column_score": 0.5096153846153846,
  "time_ms": 12299
}