{
  "sum_of_pairs": 0.7816503023603615,
  "column_score": 0.42011834319526625,
  "time_ms": 285
}