{
  "sum_of_pairs": 0.8563551144196305,
  "column_score": 0.7338709677419355,
  "time_ms": 77117
}