{
  "sum_of_pairs": 0.9030391056534848,
  "column_score": 0.4691358024691358,
  "time_ms": 35335
}