{
  "sum_of_pairs": 0.99037514209928,
  "column_score": 0.9010989010989011,
  "time_ms": 14320
}