{
  "sum_of_pairs": 0.8913720660678064,
  "column_score": 0.6911764705882353,
  "time_ms": 29446
}