{
  "sum_of_pairs": 0.9332714904143475,
  "column_score": 0.8285714285714286,
  "time_ms": 2432
}