{
  "sum_of_pairs": 0.8665755919854281,
  "column_score": 0.8032786885245902,
  "time_ms": 413
}