{
  "sum_of_pairs": 0.9978354978354979,
  "column_score": 0.9696969696969697,
  "time_ms": 5591
}