{
  "sum_of_pairs": 0.8552571688666363,
  "column_score": 0.5502958579881657,
  "time_ms": 2692
}