{
  "sum_of_pairs": 0.9263374485596708,
  "column_score": 0.8703703703703703,
  "time_ms": 492
}