{
  "sum_of_pairs": 0.9658119658119658,
  "column_score": 0.8518518518518519,
  "time_ms": 350
}