{
  "sum_of_pairs": 0.9596445221445221,
  "column_score": 0.7788461538461539,
  "time_ms": 51356
}