{
  "sum_of_pairs": 0.9861839040298159,
  "column_score": 0.8958333333333334,
  "time_ms": 184415
}