{
  "sum_of_pairs": 0.9392926761347814,
  "column_score": 0.8888888888888888,
  "time_ms": 374
}