{
  "sum_of_pairs": 0.9174068268895855,
  "column_score": 0.7959770114942529,
  "time_ms": 1483
}