{
  "sum_of_pairs": 0.9184848484848485,
  "column_score": 0.6590909090909091,
  "time_ms": 422
}