{
  "sum_of_pairs": 0.9316407730200834,
  "column_score": 0.8551724137931035,
  "time_ms": 288
}