{
  "sum_of_pairs": 0.9604947433518862,
  "column_score": 0.8114285714285714,
  "time_ms": 5399
}