{
  "sum_of_pairs": 0.9296296296296296,
  "column_score": 0.8833333333333333,
  "time_ms": 1690
}