{
  "sum_of_pairs": 0.37541368509891443,
  "column_score": 0.08593122039813497,
  "time_ms": 79
}