{
  "sum_of_pairs": 0.3389920424403183,
  "column_score": 0.2689655172413793,
  "time_ms": 15
}