{
  "sum_of_pairs": 0.4912744213979651,
  "column_score": 0.25563161031409304,
  "time_ms": 13
}