{
  "sum_of_pairs": 0.17298387096774193,
  "column_score": 0.13306451612903225,
  "time_ms": 12
}