{
  "sum_of_pairs": 0.5568475452196382,
  "column_score": 0.27906976744186046,
  "time_ms": 2
}