{
  "sum_of_pairs": 0.6685428392745466,
  "column_score": 0.008130081300813009,
  "time_ms": 26
}