{
  "sum_of_pairs": 0.5541834271922768,
  "column_score": 0.20575221238938052,
  "time_ms": 27
}