{
  "sum_of_pairs": 0.5407323304002271,
  "column_score": 0.17712177121771217,
  "time_ms": 22
}