{
  "sum_of_pairs": 0.7213659147869674,
  "column_score": 0.3815789473684211,
  "time_ms": 16
}