{
  "sum_of_pairs": 0.4777462121212121,
  "column_score": 0.2755681818181818,
  "time_ms": 45
}