{
  "sum_of_pairs": 0.2534245670081998,
  "column_score": 0.07480931530174358,
  "time_ms": 13
}