{
  "sum_of_pairs": 0.3775974025974026,
  "column_score": 0.07272727272727272,
  "time_ms": 20
}