{
  "sum_of_pairs": 0.5312169312169313,
  "column_score": 0.28888888888888886,
  "time_ms": 14
}