{
  "sum_of_pairs": 0.39730639730639733,
  "column_score": 0.22727272727272727,
  "time_ms": 1
}