{
  "sum_of_pairs": 0.4187725631768953,
  "column_score": 0.20577617328519857,
  "time_ms": 25
}