{
  "sum_of_pairs": 0.4081168831168831,
  "column_score": 0.10909090909090909,
  "time_ms": 11
}