{
  "sum_of_pairs": 0.3055555555555556,
  "column_score": 0.12121212121212122,
  "time_ms": 2
}