{
  "sum_of_pairs": 0.35807560137457045,
  "column_score": 0.08247422680412371,
  "time_ms": 21
}