{
  "sum_of_pairs": 0.23549257759784076,
  "column_score": 0.08502024291497975,
  "time_ms": 3
}