{
  "sum_of_pairs": 0.4807692307692308,
  "column_score": 0.3717948717948718,
  "time_ms": 3
}