{
  "sum_of_pairs": 0.40601503759398494,
  "column_score": 0.19736842105263158,
  "time_ms": 8
}