{
  "sum_of_pairs": 0.5674028941355674,
  "column_score": 0.31683168316831684,
  "time_ms": 78
}