{
  "sum_of_pairs": 0.5438247011952191,
  "column_score": 0.38645418326693226,
  "time_ms": 2
}