{
  "sum_of_pairs": 0.2323943661971831,
  "column_score": 0.09154929577464789,
  "time_ms": 20
}