{
  "sum_of_pairs": 0.5745838320095746,
  "column_score": 0.31683168316831684,
  "time_ms": 46
}