{
  "sum_of_pairs": 0.4448123620309051,
  "column_score": 0.26490066225165565,
  "time_ms": 2
}