{
  "sum_of_pairs": 0.4356203007518797,
  "column_score": 0.2236842105263158,
  "time_ms": 5
}