{
  "sum_of_pairs": 0.3979591836734694,
  "column_score": 0.16326530612244897,
  "time_ms": 1
}