{
  "sum_of_pairs": 0.14130434782608695,
  "column_score": 0.059782608695652176,
  "time_ms": 4
}