{
  "sum_of_pairs": 0.4465811965811966,
  "column_score": 0.34615384615384615,
  "time_ms": 13
}