{
  "sum_of_pairs": 0.47130242825607066,
  "column_score": 0.2781456953642384,
  "time_ms": 1
}