{
  "sum_of_pairs": 0.46613545816733065,
  "column_score": 0.2749003984063745,
  "time_ms": 9
}