{
  "sum_of_pairs": 0.4531889290012034,
  "column_score": 0.26353790613718414,
  "time_ms": 9
}