{
  "sum_of_pairs": 0.4523809523809524,
  "column_score": 0.30612244897959184,
  "time_ms": 1
}