{
  "sum_of_pairs": 0.6521834868578317,
  "column_score": 0.21857055101391734,
  "time_ms": 302
}