{
  "sum_of_pairs": 0.7194319988437635,
  "column_score": 0.16216216216216217,
  "time_ms": 195
}