{
  "sum_of_pairs": 0.7949409558896089,
  "column_score": 0.3465346534653465,
  "time_ms": 737
}