{
  "sum_of_pairs": 0.846842674077505,
  "column_score": 0.6141732283464567,
  "time_ms": 79
}