{
  "sum_of_pairs": 0.8390514369012911,
  "column_score": 0.3673469387755102,
  "time_ms": 463
}