{
  "sum_of_pairs": 0.829046924892406,
  "column_score": 0.32653061224489793,
  "time_ms": 812
}