{
  "sum_of_pairs": 0.6984872573107868,
  "column_score": 0.12837837837837837,
  "time_ms": 381
}