{
  "sum_of_pairs": 0.8573825503355704,
  "column_score": 0.6442953020134228,
  "time_ms": 13
}