{
  "sum_of_pairs": 0.7463114754098361,
  "column_score": 0.1864754098360656,
  "time_ms": 32
}