{
  "sum_of_pairs": 0.848746847820493,
  "column_score": 0.6141732283464567,
  "time_ms": 32
}