{
  "sum_of_pairs": 0.5331408637074462,
  "column_score": 0.024539877300613498,
  "time_ms": 105
}