{
  "sum_of_pairs": 0.8516999050332383,
  "column_score": 0.6790123456790124,
  "time_ms": 55
}