{
  "sum_of_pairs": 0.693692934400899,
  "column_score": 0.24778761061946902,
  "time_ms": 251
}