{
  "sum_of_pairs": 0.8490788224121557,
  "column_score": 0.6666666666666666,
  "time_ms": 107
}