{
  "sum_of_pairs": 0.721274217585693,
  "column_score": 0.1557377049180328,
  "time_ms": 63
}