{
  "sum_of_pairs": 0.5685071574642127,
  "column_score": 0.05521472392638037,
  "time_ms": 45
}