{
  "sum_of_pairs": 0.7828708901363272,
  "column_score": 0.44651162790697674,
  "time_ms": 363
}