{
  "sum_of_pairs": 0.8048419459886188,
  "column_score": 0.43564356435643564,
  "time_ms": 359
}