{
  "sum_of_pairs": 0.8085431702753274,
  "column_score": 0.4697674418604651,
  "time_ms": 186
}