{
  "sum_of_pairs": 0.5056410256410256,
  "column_score": 0.18518518518518517,
  "time_ms": 40
}