{
  "sum_of_pairs": 0.4203800298062593,
  "column_score": 0.1885245901639344,
  "time_ms": 34
}