{
  "sum_of_pairs": 0.5894573643410853,
  "column_score": 0.24651162790697675,
  "time_ms": 109
}