{
  "sum_of_pairs": 0.44341646668886214,
  "column_score": 0.10117679741893983,
  "time_ms": 304
}