{
  "sum_of_pairs": 0.7506561679790026,
  "column_score": 0.3858267716535433,
  "time_ms": 47
}