{
  "sum_of_pairs": 0.5462488129154796,
  "column_score": 0.2962962962962963,
  "time_ms": 80
}