{
  "sum_of_pairs": 0.8295115585384042,
  "column_score": 0.5067114093959731,
  "time_ms": 26
}