{
  "sum_of_pairs": 0.5030178837555886,
  "column_score": 0.17418032786885246,
  "time_ms": 79
}