{
  "sum_of_pairs": 0.8046290185137173,
  "column_score": 0.4968900530304516,
  "time_ms": 23141
}