{
  "sum_of_pairs": 0.806688319499579,
  "column_score": 0.3803680981595092,
  "time_ms": 11066
}