{
  "sum_of_pairs": 0.9305233904585456,
  "column_score": 0.889763779527559,
  "time_ms": 2283
}