{
  "sum_of_pairs": 0.7944539411206077,
  "column_score": 0.7654320987654321,
  "time_ms": 5692
}