{
  "sum_of_pairs": 0.8918791766907244,
  "column_score": 0.6883720930232559,
  "time_ms": 23420
}