{
  "sum_of_pairs": 0.8290018832391713,
  "column_score": 0.30864197530864196,
  "time_ms": 94429
}