{
  "sum_of_pairs": 0.7576473859844272,
  "column_score": 0.4827586206896552,
  "time_ms": 18578
}