{
  "sum_of_pairs": 0.6534344711335862,
  "column_score": 0.3185840707964602,
  "time_ms": 24550
}