{
  "sum_of_pairs": 0.9173621460506707,
  "column_score": 0.7233606557377049,
  "time_ms": 4702
}