{
  "sum_of_pairs": 0.8047385620915033,
  "column_score": 0.42424242424242425,
  "time_ms": 5765
}