{
  "sum_of_pairs": 0.7776894541600424,
  "column_score": 0.4864864864864865,
  "time_ms": 28930
}