{
  "sum_of_pairs": 0.8730390115229766,
  "column_score": 0.45918367346938777,
  "time_ms": 80819
}