{
  "sum_of_pairs": 0.4912026989224643,
  "column_score": 0.13158974356958397,
  "time_ms": 84
}