{
  "sum_of_pairs": 0.9347710859338766,
  "column_score": 0.6976744186046512,
  "time_ms": 70
}