{
  "sum_of_pairs": 0.799255144730891,
  "column_score": 0.140625,
  "time_ms": 827
}