{
  "sum_of_pairs": 0.8852459016393442,
  "column_score": 0.819672131147541,
  "time_ms": 3
}