{
  "sum_of_pairs": 0.7280817499413559,
  "column_score": 0.09523809523809523,
  "time_ms": 63
}