{
  "sum_of_pairs": 0.626585424379542,
  "column_score": 0.21153846153846154,
  "time_ms": 218
}