{
  "sum_of_pairs": 0.7821016771488469,
  "column_score": 0.34375,
  "time_ms": 315
}