{
  "sum_of_pairs": 0.7225118017309206,
  "column_score": 0.18699186991869918,
  "time_ms": 75
}