{
  "sum_of_pairs": 0.5591058861815076,
  "column_score": 0.0673076923076923,
  "time_ms": 450
}