{
  "sum_of_pairs": 0.4441076165214096,
  "column_score": 0.2620689655172414,
  "time_ms": 11
}