{
  "sum_of_pairs": 0.24679174788823913,
  "column_score": 0.16666666666666666,
  "time_ms": 39
}