{
  "sum_of_pairs": 0.7764561115668581,
  "column_score": 0.6446540880503144,
  "time_ms": 104
}