{
  "sum_of_pairs": 0.8177786022665947,
  "column_score": 0.6674311926605505,
  "time_ms": 62
}