{
  "sum_of_pairs": 0.5150208986415883,
  "column_score": 0.4367816091954023,
  "time_ms": 20
}