{
  "sum_of_pairs": 0.5220433500874994,
  "column_score": 0.16362242200273774,
  "time_ms": 133
}