{
  "sum_of_pairs": 0.6907518913077042,
  "column_score": 0.6614173228346457,
  "time_ms": 37
}