{
  "sum_of_pairs": 0.5979189281054351,
  "column_score": 0.15841584158415842,
  "time_ms": 276
}