{
  "sum_of_pairs": 0.5257451564828614,
  "column_score": 0.22336065573770492,
  "time_ms": 43
}