{
  "sum_of_pairs": 0.8078295143484949,
  "column_score": 0.12880685344739048,
  "time_ms": 719
}