{
  "sum_of_pairs": 0.8187922272312769,
  "column_score": 0.16139094637474463,
  "time_ms": 373
}