{
  "sum_of_pairs": 0.9242506470735576,
  "column_score": 0.09322033898305085,
  "time_ms": 105
}