{
  "sum_of_pairs": 0.9501508574836536,
  "column_score": 0.28054298642533937,
  "time_ms": 1197
}