{
  "sum_of_pairs": 0.8017406579367614,
  "column_score": 0.21287128712871287,
  "time_ms": 387
}