{
  "sum_of_pairs": 0.7181309216192937,
  "column_score": 0.37209302325581395,
  "time_ms": 252
}