{
  "sum_of_pairs": 0.7702252324893835,
  "column_score": 0.11320754716981132,
  "time_ms": 100
}