{
  "sum_of_pairs": 0.9646868533863989,
  "column_score": 0.5694444444444444,
  "time_ms": 1734
}