{
  "sum_of_pairs": 0.6649157478676929,
  "column_score": 0.11842105263157894,
  "time_ms": 118
}