{
  "sum_of_pairs": 0.8151707439258579,
  "column_score": 0.16271186440677965,
  "time_ms": 861
}