{
  "sum_of_pairs": 0.9779269472665699,
  "column_score": 0.7222222222222222,
  "time_ms": 335
}