{
  "sum_of_pairs": 0.7348960255937,
  "column_score": 0.46511627906976744,
  "time_ms": 131
}