{
  "sum_of_pairs": 0.8219518524433088,
  "column_score": 0.28217821782178215,
  "time_ms": 233
}