{
  "sum_of_pairs": 0.817451690821256,
  "column_score": 0.38405797101449274,
  "time_ms": 32
}