{
  "sum_of_pairs": 0.8451690821256038,
  "column_score": 0.463768115942029,
  "time_ms": 20
}