{
  "sum_of_pairs": 0.960960960960961,
  "column_score": 0.3918918918918919,
  "time_ms": 665
}