{
  "sum_of_pairs": 0.9206650641025641,
  "column_score": 0.23333333333333334,
  "time_ms": 798
}