{
  "sum_of_pairs": 0.7524592807611675,
  "column_score": 0.10377358490566038,
  "time_ms": 254
}