{
  "sum_of_pairs": 0.8681386347642506,
  "column_score": 0.38392857142857145,
  "time_ms": 211
}