{
  "sum_of_pairs": 0.9589935091114337,
  "column_score": 0.4305555555555556,
  "time_ms": 664
}