{
  "sum_of_pairs": 0.8416464891041162,
  "column_score": 0.09523809523809523,
  "time_ms": 241
}