{
  "sum_of_pairs": 0.8551186328189813,
  "column_score": 0.11428571428571428,
  "time_ms": 112
}