{
  "sum_of_pairs": 0.8263171077899307,
  "column_score": 0.1694915254237288,
  "time_ms": 449
}