{
  "sum_of_pairs": 0.9438267375414837,
  "column_score": 0.14479638009049775,
  "time_ms": 2184
}