{
  "sum_of_pairs": 0.8987678131361835,
  "column_score": 0.25136612021857924,
  "time_ms": 216
}