{
  "sum_of_pairs": 0.9472107438016529,
  "column_score": 0.32196969696969696,
  "time_ms": 1159
}