{
  "sum_of_pairs": 0.8343556631692225,
  "column_score": 0.09523809523809523,
  "time_ms": 511
}