{
  "sum_of_pairs": 0.9291895636653985,
  "column_score": 0.23841059602649006,
  "time_ms": 491
}