{
  "sum_of_pairs": 0.8817357762777243,
  "column_score": 0.25136612021857924,
  "time_ms": 392
}