{
  "sum_of_pairs": 0.7925423960345803,
  "column_score": 0.056451612903225805,
  "time_ms": 435
}