{
  "sum_of_pairs": 0.6275120453544558,
  "column_score": 0.386785588291662,
  "time_ms": 16
}