{
  "sum_of_pairs": 0.6888888888888889,
  "column_score": 0.4117647058823529,
  "time_ms": 18
}