{
  "sum_of_pairs": 0.5340478650137741,
  "column_score": 0.19602272727272727,
  "time_ms": 57
}