{
  "sum_of_pairs": 0.7963238946845504,
  "column_score": 0.669150521609538,
  "time_ms": 48
}