{
  "sum_of_pairs": 0.5838509316770186,
  "column_score": 0.3416149068322981,
  "time_ms": 11
}