{
  "sum_of_pairs": 0.681265206812652,
  "column_score": 0.41605839416058393,
  "time_ms": 4
}