{
  "sum_of_pairs": 0.7899749373433584,
  "column_score": 0.4407894736842105,
  "time_ms": 19
}