{
  "sum_of_pairs": 0.7215762273901809,
  "column_score": 0.4883720930232558,
  "time_ms": 2
}