{
  "sum_of_pairs": 0.8571666458515466,
  "column_score": 0.5796178343949044,
  "time_ms": 27
}