{
  "sum_of_pairs": 0.5030721966205837,
  "column_score": 0.31336405529953915,
  "time_ms": 3
}