{
  "sum_of_pairs": 0.552054794520548,
  "column_score": 0.4246575342465753,
  "time_ms": 8
}