{
  "sum_of_pairs": 0.642548435171386,
  "column_score": 0.3442622950819672,
  "time_ms": 23
}