{
  "sum_of_pairs": 0.807172251616696,
  "column_score": 0.6172839506172839,
  "time_ms": 5
}