{
  "sum_of_pairs": 0.6828478964401294,
  "column_score": 0.48058252427184467,
  "time_ms": 9
}