{
  "sum_of_pairs": 0.6916666666666667,
  "column_score": 0.5208333333333334,
  "time_ms": 2
}