{
  "sum_of_pairs": 0.683668543845535,
  "column_score": 0.37168141592920356,
  "time_ms": 31
}