{
  "sum_of_pairs": 0.6804199940845903,
  "column_score": 0.4906832298136646,
  "time_ms": 25
}