{
  "sum_of_pairs": 0.7152542372881356,
  "column_score": 0.6101694915254238,
  "time_ms": 18
}