{
  "sum_of_pairs": 0.7410786699107867,
  "column_score": 0.3722627737226277,
  "time_ms": 7
}