{
  "sum_of_pairs": 0.7689655172413793,
  "column_score": 0.6206896551724138,
  "time_ms": 15
}