{
  "sum_of_pairs": 0.7692665020858631,
  "column_score": 0.3937539450410729,
  "time_ms": 515
}