{
  "sum_of_pairs": 0.7463566323215446,
  "column_score": 0.4365079365079365,
  "time_ms": 97
}