{
  "sum_of_pairs": 0.9227097949271452,
  "column_score": 0.8188073394495413,
  "time_ms": 161
}