{
  "sum_of_pairs": 0.9140383426097711,
  "column_score": 0.6571428571428571,
  "time_ms": 63
}