{
  "sum_of_pairs": 0.8658473879062114,
  "column_score": 0.4807692307692308,
  "time_ms": 624
}