{
  "sum_of_pairs": 0.615268817204301,
  "column_score": 0.20967741935483872,
  "time_ms": 53
}