{
  "sum_of_pairs": 0.8933418568056648,
  "column_score": 0.6829268292682927,
  "time_ms": 153
}