{
  "sum_of_pairs": 0.7805813234384663,
  "column_score": 0.37142857142857144,
  "time_ms": 67
}