{
  "sum_of_pairs": 0.717948717948718,
  "column_score": 0.4838709677419355,
  "time_ms": 765
}