{
  "sum_of_pairs": 0.8294655414908579,
  "column_score": 0.4936708860759494,
  "time_ms": 17
}