{
  "sum_of_pairs": 0.7087800637496378,
  "column_score": 0.1323529411764706,
  "time_ms": 422
}