{
  "sum_of_pairs": 0.742597233825304,
  "column_score": 0.4126984126984127,
  "time_ms": 212
}