{
  "sum_of_pairs": 0.7960226615793733,
  "column_score": 0.3333333333333333,
  "time_ms": 267
}