{
  "sum_of_pairs": 0.9315916021581047,
  "column_score": 0.6904761904761905,
  "time_ms": 131
}