{
  "sum_of_pairs": 0.8290598290598291,
  "column_score": 0.7037037037037037,
  "time_ms": 24
}