{
  "sum_of_pairs": 0.8052943225357019,
  "column_score": 0.7040229885057471,
  "time_ms": 38
}