{
  "sum_of_pairs": 0.9082228116710875,
  "column_score": 0.7655172413793103,
  "time_ms": 22
}