{
  "sum_of_pairs": 0.8213783403656821,
  "column_score": 0.46835443037974683,
  "time_ms": 30
}