{
  "sum_of_pairs": 0.8950704750540681,
  "column_score": 0.7484276729559748,
  "time_ms": 523
}