{
  "sum_of_pairs": 0.7345201008752411,
  "column_score": 0.411214953271028,
  "time_ms": 536
}