{
  "sum_of_pairs": 0.8915060319958038,
  "column_score": 0.6585365853658537,
  "time_ms": 274
}