{
  "sum_of_pairs": 0.6812791951131872,
  "column_score": 0.36363636363636365,
  "time_ms": 43
}