{
  "sum_of_pairs": 0.8958680795671806,
  "column_score": 0.33653846153846156,
  "time_ms": 3835
}