{
  "sum_of_pairs": 0.8463514454893766,
  "column_score": 0.6063218390804598,
  "time_ms": 107
}