{
  "sum_of_pairs": 0.8238683127572016,
  "column_score": 0.7160493827160493,
  "time_ms": 38
}