{
  "sum_of_pairs": 0.6770636420919974,
  "column_score": 0.32608695652173914,
  "time_ms": 37
}