{
  "sum_of_pairs": 0.987012987012987,
  "column_score": 0.8181818181818182,
  "time_ms": 185
}