{
  "sum_of_pairs": 0.7919604205318491,
  "column_score": 0.4326530612244898,
  "time_ms": 36
}