{
  "sum_of_pairs": 0.750048309178744,
  "column_score": 0.4666666666666667,
  "time_ms": 210
}