{
  "sum_of_pairs": 0.5789063007997919,
  "column_score": 0.21301775147928995,
  "time_ms": 34
}