{
  "sum_of_pairs": 0.7925824175824175,
  "column_score": 0.47115384615384615,
  "time_ms": 132
}