{
  "sum_of_pairs": 0.8610654051830522,
  "column_score": 0.4567307692307692,
  "time_ms": 1079
}