{
  "sum_of_pairs": 0.8968443639913761,
  "column_score": 0.34615384615384615,
  "time_ms": 3148
}