{
  "sum_of_pairs": 0.8343939393939394,
  "column_score": 0.4715909090909091,
  "time_ms": 198
}