{
  "sum_of_pairs": 0.7121124311793683,
  "column_score": 0.1323529411764706,
  "time_ms": 226
}