{
  "sum_of_pairs": 0.8368181818181818,
  "column_score": 0.48295454545454547,
  "time_ms": 89
}