{
  "sum_of_pairs": 0.8986501603400701,
  "column_score": 0.7767295597484277,
  "time_ms": 287
}