{
  "sum_of_pairs": 0.942464477055672,
  "column_score": 0.6041666666666666,
  "time_ms": 1946
}