{
  "sum_of_pairs": 0.7960455620030088,
  "column_score": 0.49645390070921985,
  "time_ms": 135
}