{
  "sum_of_pairs": 0.8538401253918495,
  "column_score": 0.6206896551724138,
  "time_ms": 49
}