{
  "sum_of_pairs": 0.7979650826685166,
  "column_score": 0.3763440860215054,
  "time_ms": 124
}