{
  "sum_of_pairs": 0.49904306220095696,
  "column_score": 0.05263157894736842,
  "time_ms": 7
}