{
  "sum_of_pairs": 0.6852664067576348,
  "column_score": 0.4861111111111111,
  "time_ms": 171
}