{
  "sum_of_pairs": 0.7976314872866597,
  "column_score": 0.6810344827586207,
  "time_ms": 67
}