{
  "sum_of_pairs": 0.6679841897233202,
  "column_score": 0.36363636363636365,
  "time_ms": 72
}