{
  "sum_of_pairs": 0.5683074322127577,
  "column_score": 0.20710059171597633,
  "time_ms": 102
}