{
  "sum_of_pairs": 0.9182406907717215,
  "column_score": 0.7935779816513762,
  "time_ms": 295
}