{
  "sum_of_pairs": 0.7815934065934066,
  "column_score": 0.4519230769230769,
  "time_ms": 227
}