{
  "sum_of_pairs": 0.7888888888888889,
  "column_score": 0.48333333333333334,
  "time_ms": 12
}