{
  "sum_of_pairs": 0.9297003284072249,
  "column_score": 0.6666666666666666,
  "time_ms": 272
}