{
  "sum_of_pairs": 0.9966872059895315,
  "column_score": 0.9767441860465116,
  "time_ms": 151
}