{
  "sum_of_pairs": 0.7205679625034463,
  "column_score": 0.49193548387096775,
  "time_ms": 376
}