{
  "sum_of_pairs": 0.8063000828958276,
  "column_score": 0.624113475177305,
  "time_ms": 81
}