{
  "sum_of_pairs": 0.15792989946145616,
  "column_score": 0.03593266046085344,
  "time_ms": 4
}