{
  "sum_of_pairs": 0.10101010101010101,
  "column_score": 0.025252525252525252,
  "time_ms": 3
}