{
  "sum_of_pairs": 0.44554455445544555,
  "column_score": 0.19801980198019803,
  "time_ms": 22
}