{
  "sum_of_pairs": 0.37755102040816324,
  "column_score": 0.2653061224489796,
  "time_ms": 2
}