{
  "sum_of_pairs": 0.36702767749699156,
  "column_score": 0.22021660649819494,
  "time_ms": 6
}