{
  "sum_of_pairs": 0.27835051546391754,
  "column_score": 0.12371134020618557,
  "time_ms": 8
}