{
  "sum_of_pairs": 0.2204515272244356,
  "column_score": 0.0398406374501992,
  "time_ms": 2
}