{
  "sum_of_pairs": 0.3685185185185185,
  "column_score": 0.1111111111111111,
  "time_ms": 5
}