{
  "sum_of_pairs": 0.16733067729083664,
  "column_score": 0.01593625498007968,
  "time_ms": 3
}