{
  "sum_of_pairs": 0.4171472092264171,
  "column_score": 0.1485148514851485,
  "time_ms": 37
}