{
  "sum_of_pairs": 0.1893939393939394,
  "column_score": 0.0707070707070707,
  "time_ms": 2
}