{
  "sum_of_pairs": 0.2529209621993127,
  "column_score": 0.12371134020618557,
  "time_ms": 17
}