{
  "sum_of_pairs": 0.24671052631578946,
  "column_score": 0.11842105263157894,
  "time_ms": 15
}