{
  "sum_of_pairs": 0.19536423841059603,
  "column_score": 0.12582781456953643,
  "time_ms": 2
}