{
  "sum_of_pairs": 0.273164861612515,
  "column_score": 0.1299638989169675,
  "time_ms": 11
}