{
  "sum_of_pairs": 0.4121671435769108,
  "column_score": 0.04848315344195087,
  "time_ms": 267
}