{
  "sum_of_pairs": 0.4572784810126582,
  "column_score": 0.08860759493670886,
  "time_ms": 21
}