{
  "sum_of_pairs": 0.6528324154209284,
  "column_score": 0.22764227642276422,
  "time_ms": 162
}