{
  "sum_of_pairs": 0.29547325102880656,
  "column_score": 0.006172839506172839,
  "time_ms": 22
}