{
  "sum_of_pairs": 0.7249544626593807,
  "column_score": 0.4918032786885246,
  "time_ms": 3
}