{
  "sum_of_pairs": 0.4640394088669951,
  "column_score": 0.14482758620689656,
  "time_ms": 33
}