{
  "sum_of_pairs": 0.4089602925809822,
  "column_score": 0.04597701149425287,
  "time_ms": 44
}