{
  "sum_of_pairs": 0.5327412051549982,
  "column_score": 0.22988505747126436,
  "time_ms": 53
}