{
  "sum_of_pairs": 0.6194971996394489,
  "column_score": 0.016975431944878945,
  "time_ms": 1038
}