{
  "sum_of_pairs": 0.8535544842363024,
  "column_score": 0.05303030303030303,
  "time_ms": 1701
}