{
  "sum_of_pairs": 0.7720677774807687,
  "column_score": 0.06481481481481481,
  "time_ms": 3934
}