{
  "sum_of_pairs": 0.5583655876143561,
  "column_score": 0.20535714285714285,
  "time_ms": 307
}