{
  "sum_of_pairs": 0.7517512077294686,
  "column_score": 0.30434782608695654,
  "time_ms": 71
}