{
  "sum_of_pairs": 0.6849269271566096,
  "column_score": 0.03953042450672869,
  "time_ms": 617
}