{
  "sum_of_pairs": 0.6187519961673587,
  "column_score": 0.0594059405940594,
  "time_ms": 375
}