{
  "sum_of_pairs": 0.9557198708142104,
  "column_score": 0.35135135135135137,
  "time_ms": 562
}