{
  "sum_of_pairs": 0.865972356155577,
  "column_score": 0.12568306010928962,
  "time_ms": 369
}