{
  "sum_of_pairs": 0.68236620188695,
  "column_score": 0.24067796610169492,
  "time_ms": 879
}