{
  "sum_of_pairs": 0.4988077758788392,
  "column_score": 0.1191440391723606,
  "time_ms": 183
}