{
  "sum_of_pairs": 0.5565673878199261,
  "column_score": 0.16943295925624574,
  "time_ms": 270
}