{
  "sum_of_pairs": 0.556567387819926,
  "column_score": 0.16943295925624577,
  "time_ms": 221
}