{
  "sum_of_pairs": 0.5639300277373555,
  "column_score": 0.1814074174045915,
  "time_ms": 107
}