{
  "sum_of_pairs": 0.46485461441213655,
  "column_score": 0.05309734513274336,
  "time_ms": 190
}