{
  "sum_of_pairs": 0.652160953800298,
  "column_score": 0.2151639344262295,
  "time_ms": 64
}