{
  "sum_of_pairs": 0.5309874982441354,
  "column_score": 0.24778761061946902,
  "time_ms": 97
}