{
  "sum_of_pairs": 0.7712246307687247,
  "column_score": 0.27722772277227725,
  "time_ms": 1140
}