{
  "sum_of_pairs": 0.5095378564405113,
  "column_score": 0.24778761061946902,
  "time_ms": 473
}