{
  "sum_of_pairs": 0.7259128141052339,
  "column_score": 0.10204081632653061,
  "time_ms": 519
}