{
  "sum_of_pairs": 0.5396050670640835,
  "column_score": 0.11065573770491803,
  "time_ms": 55
}