{
  "sum_of_pairs": 0.7002298850574713,
  "column_score": 0.42790697674418604,
  "time_ms": 384
}