{
  "sum_of_pairs": 0.386783752355748,
  "column_score": 0.09202453987730061,
  "time_ms": 168
}