{
  "sum_of_pairs": 0.6598128842555466,
  "column_score": 0.33488372093023255,
  "time_ms": 259
}