{
  "sum_of_pairs": 0.5892058165548099,
  "column_score": 0.22483221476510068,
  "time_ms": 20
}