{
  "sum_of_pairs": 0.8105823962237957,
  "column_score": 0.29591836734693877,
  "time_ms": 286
}