{
  "sum_of_pairs": 0.3124022615181042,
  "column_score": 0.0736196319018405,
  "time_ms": 44
}