{
  "sum_of_pairs": 0.7399328859060402,
  "column_score": 0.3825503355704698,
  "time_ms": 11
}