{
  "sum_of_pairs": 0.7199872811201385,
  "column_score": 0.18811881188118812,
  "time_ms": 443
}