{
  "sum_of_pairs": 0.6461324687355257,
  "column_score": 0.33858267716535434,
  "time_ms": 70
}