{
  "sum_of_pairs": 0.7734884770234625,
  "column_score": 0.22448979591836735,
  "time_ms": 437
}