{
  "sum_of_pairs": 0.7115316760224539,
  "column_score": 0.42790697674418604,
  "time_ms": 119
}