{
  "sum_of_pairs": 0.16063928452936074,
  "column_score": 0.02790090161525919,
  "time_ms": 17
}