{
  "sum_of_pairs": 0.3487858719646799,
  "column_score": 0.2185430463576159,
  "time_ms": 19
}