{
  "sum_of_pairs": 0.3371841155234657,
  "column_score": 0.22382671480144403,
  "time_ms": 22
}