{
  "sum_of_pairs": 0.13804713804713806,
  "column_score": 0.030303030303030304,
  "time_ms": 10
}