{
  "sum_of_pairs": 0.3253652058432935,
  "column_score": 0.10358565737051793,
  "time_ms": 8
}