{
  "sum_of_pairs": 0.48639455782312924,
  "column_score": 0.3469387755102041,
  "time_ms": 7
}