{
  "sum_of_pairs": 0.3277777777777778,
  "column_score": 0.03333333333333333,
  "time_ms": 5
}