{
  "sum_of_pairs": 0.39482738864412303,
  "column_score": 0.1441538077292888,
  "time_ms": 44
}