{
  "sum_of_pairs": 0.44352617079889806,
  "column_score": 0.1534090909090909,
  "time_ms": 260
}