{
  "sum_of_pairs": 0.6547619047619048,
  "column_score": 0.5059523809523809,
  "time_ms": 2
}