{
  "sum_of_pairs": 0.44873949579831934,
  "column_score": 0.18487394957983194,
  "time_ms": 37
}