{
  "sum_of_pairs": 0.16623376623376623,
  "column_score": 0.17142857142857143,
  "time_ms": 4
}