{
  "sum_of_pairs": 0.43372423596304194,
  "column_score": 0.04477611940298507,
  "time_ms": 39
}