{
  "sum_of_pairs": 0.6640826873385013,
  "column_score": 0.37209302325581395,
  "time_ms": 2
}