{
  "sum_of_pairs": 0.49085365853658536,
  "column_score": 0.4024390243902439,
  "time_ms": 5
}