{
  "sum_of_pairs": 0.5579886455798865,
  "column_score": 0.2773722627737226,
  "time_ms": 10
}