{
  "sum_of_pairs": 0.19659367396593674,
  "column_score": 0.0948905109489051,
  "time_ms": 4
}