{
  "sum_of_pairs": 0.321285140562249,
  "column_score": 0.10240963855421686,
  "time_ms": 2
}