{
  "sum_of_pairs": 0.6562548562548562,
  "column_score": 0.2153846153846154,
  "time_ms": 60
}