{
  "sum_of_pairs": 0.21505376344086022,
  "column_score": 0.06451612903225806,
  "time_ms": 2
}