{
  "sum_of_pairs": 0.4524410016213295,
  "column_score": 0.09331651954602774,
  "time_ms": 102
}