{
  "sum_of_pairs": 0.521344593475741,
  "column_score": 0.2414307004470939,
  "time_ms": 146
}