{
  "sum_of_pairs": 0.7346488489238583,
  "column_score": 0.4140127388535032,
  "time_ms": 106
}