{
  "sum_of_pairs": 0.2815734989648033,
  "column_score": 0.10869565217391304,
  "time_ms": 1
}