{
  "sum_of_pairs": 0.17471264367816092,
  "column_score": 0.07931034482758621,
  "time_ms": 9
}