{
  "sum_of_pairs": 0.35360780533400415,
  "column_score": 0.07368568423175373,
  "time_ms": 113
}