{
  "sum_of_pairs": 0.46573493556252177,
  "column_score": 0.3017241379310345,
  "time_ms": 29
}