{
  "sum_of_pairs": 0.5071403692093347,
  "column_score": 0.1896551724137931,
  "time_ms": 33
}