{
  "sum_of_pairs": 0.7252840132249484,
  "column_score": 0.6194968553459119,
  "time_ms": 309
}