{
  "sum_of_pairs": 0.7076266395296246,
  "column_score": 0.178125,
  "time_ms": 741
}