{
  "sum_of_pairs": 0.4146212121212121,
  "column_score": 0.18181818181818182,
  "time_ms": 161
}