{
  "sum_of_pairs": 0.7893787101996762,
  "column_score": 0.6146788990825688,
  "time_ms": 201
}