{
  "sum_of_pairs": 0.5548985328397094,
  "column_score": 0.1971153846153846,
  "time_ms": 239
}