{
  "sum_of_pairs": 0.5988722790453711,
  "column_score": 0.11382113821138211,
  "time_ms": 77
}