{
  "sum_of_pairs": 0.4872740275507091,
  "column_score": 0.007706875389802219,
  "time_ms": 557
}