{
  "sum_of_pairs": 0.7250599656260034,
  "column_score": 0.12162162162162163,
  "time_ms": 459
}