{
  "sum_of_pairs": 0.483848891660974,
  "column_score": 0.06481481481481481,
  "time_ms": 2337
}