{
  "sum_of_pairs": 0.621147076828895,
  "column_score": 0.07954545454545454,
  "time_ms": 927
}