{
  "sum_of_pairs": 0.6706039848063106,
  "column_score": 0.2560344604758579,
  "time_ms": 1849
}