{
  "sum_of_pairs": 0.6764301416396755,
  "column_score": 0.2856639806085912,
  "time_ms": 870
}