{
  "sum_of_pairs": 0.5359389564760152,
  "column_score": 0.16279069767441862,
  "time_ms": 3331
}