{
  "sum_of_pairs": 0.5564593301435407,
  "column_score": 0.36363636363636365,
  "time_ms": 9
}