{
  "sum_of_pairs": 0.3574675324675325,
  "column_score": 0.13636363636363635,
  "time_ms": 61
}