{
  "sum_of_pairs": 0.6583175803402647,
  "column_score": 0.3695652173913043,
  "time_ms": 23
}