{
  "sum_of_pairs": 0.8911746513720198,
  "column_score": 0.6783625730994152,
  "time_ms": 575
}