{
  "sum_of_pairs": 0.8979148705176102,
  "column_score": 0.5684931506849316,
  "time_ms": 2096
}