{
  "sum_of_pairs": 0.5208133971291866,
  "column_score": 0.2727272727272727,
  "time_ms": 33
}