{
  "sum_of_pairs": 0.4089795918367347,
  "column_score": 0.17142857142857143,
  "time_ms": 35
}