{
  "sum_of_pairs": 0.8474310507775582,
  "column_score": 0.5922330097087378,
  "time_ms": 2690
}