{
  "sum_of_pairs": 0.42376417233560093,
  "column_score": 0.21904761904761905,
  "time_ms": 25
}