{
  "sum_of_pairs": 0.8503827156783185,
  "column_score": 0.6388888888888888,
  "time_ms": 5615
}