{
  "sum_of_pairs": 0.8546934501142422,
  "column_score": 0.5247524752475248,
  "time_ms": 1260
}