{
  "sum_of_pairs": 0.7652265881866047,
  "column_score": 0.22608695652173913,
  "time_ms": 630
}