{
  "sum_of_pairs": 0.8510497964526998,
  "column_score": 0.6468253968253969,
  "time_ms": 2756
}