{
  "sum_of_pairs": 0.8467053502387294,
  "column_score": 0.5728155339805825,
  "time_ms": 5865
}