{
  "sum_of_pairs": 0.7158189279940306,
  "column_score": 0.2823529411764706,
  "time_ms": 134
}