{
  "sum_of_pairs": 0.8585729246001523,
  "column_score": 0.6534653465346535,
  "time_ms": 668
}