{
  "sum_of_pairs": 0.7368650839415457,
  "column_score": 0.38461538461538464,
  "time_ms": 6009
}