{
  "sum_of_pairs": 0.8347074829931973,
  "column_score": 0.5416666666666666,
  "time_ms": 552
}