{
  "sum_of_pairs": 0.802819311933584,
  "column_score": 0.05319148936170213,
  "time_ms": 4580
}