{
  "sum_of_pairs": 0.7372654332174572,
  "column_score": 0.3956043956043956,
  "time_ms": 3061
}