{
  "sum_of_pairs": 0.6285444234404537,
  "column_score": 0.1956521739130435,
  "time_ms": 36
}