{
  "sum_of_pairs": 0.8809121705362307,
  "column_score": 0.3562753036437247,
  "time_ms": 1554
}