{
  "sum_of_pairs": 0.6879767291531997,
  "column_score": 0.3257918552036199,
  "time_ms": 321
}