{
  "sum_of_pairs": 0.37056277056277054,
  "column_score": 0.1590909090909091,
  "time_ms": 33
}