{
  "sum_of_pairs": 0.8839990085102867,
  "column_score": 0.38461538461538464,
  "time_ms": 748
}