{
  "sum_of_pairs": 0.9004830785652703,
  "column_score": 0.6917808219178082,
  "time_ms": 1221
}