{
  "sum_of_pairs": 0.8031561732553844,
  "column_score": 0.05319148936170213,
  "time_ms": 1883
}