{
  "sum_of_pairs": 0.5369212935299601,
  "column_score": 0.16279069767441862,
  "time_ms": 1841
}