{
  "sum_of_pairs": 0.8700753449527959,
  "column_score": 0.6764705882352942,
  "time_ms": 1121
}