{
  "sum_of_pairs": 0.6570059181462032,
  "column_score": 0.2868217054263566,
  "time_ms": 408
}