{
  "sum_of_pairs": 0.6701008585479703,
  "column_score": 0.2868217054263566,
  "time_ms": 187
}