{
  "sum_of_pairs": 0.8895720872694557,
  "column_score": 0.6608187134502924,
  "time_ms": 1172
}