{
  "sum_of_pairs": 0.7098370849396841,
  "column_score": 0.25882352941176473,
  "time_ms": 242
}