{
  "sum_of_pairs": 0.5130097945946959,
  "column_score": 0.0861510387684314,
  "time_ms": 613
}