{
  "sum_of_pairs": 0.6683333333333333,
  "column_score": 0.22916666666666666,
  "time_ms": 429
}