{
  "sum_of_pairs": 0.8175682764723861,
  "column_score": 0.273972602739726,
  "time_ms": 921
}