{
  "sum_of_pairs": 0.7370647331017638,
  "column_score": 0.22330097087378642,
  "time_ms": 1966
}