{
  "sum_of_pairs": 0.7999933900685781,
  "column_score": 0.11336032388663968,
  "time_ms": 536
}