{
  "sum_of_pairs": 0.7244235657225854,
  "column_score": 0.04411764705882353,
  "time_ms": 763
}