{
  "sum_of_pairs": 0.4954155205468034,
  "column_score": 0.031007751937984496,
  "time_ms": 115
}