{
  "sum_of_pairs": 0.601754617196896,
  "column_score": 0.16483516483516483,
  "time_ms": 2384
}