{
  "sum_of_pairs": 0.8165895224069009,
  "column_score": 0.45634920634920634,
  "time_ms": 2059
}