{
  "sum_of_pairs": 0.5683673234773412,
  "column_score": 0.10434782608695652,
  "time_ms": 366
}