{
  "sum_of_pairs": 0.37722527027339864,
  "column_score": 0.18181818181818182,
  "time_ms": 62
}