{
  "sum_of_pairs": 0.7199257425742575,
  "column_score": 0.18811881188118812,
  "time_ms": 439
}