{
  "sum_of_pairs": 0.3820640837705063,
  "column_score": 0.0846054159261835,
  "time_ms": 76
}