{
  "sum_of_pairs": 0.6168588873812755,
  "column_score": 0.065625,
  "time_ms": 656
}