{
  "sum_of_pairs": 0.2756338899196042,
  "column_score": 0.02040816326530612,
  "time_ms": 19
}