{
  "sum_of_pairs": 0.35842293906810035,
  "column_score": 0.12580645161290321,
  "time_ms": 22
}