{
  "sum_of_pairs": 0.5809271188581533,
  "column_score": 0.2857142857142857,
  "time_ms": 67
}