{
  "sum_of_pairs": 0.3812583200292972,
  "column_score": 0.08447375035672991,
  "time_ms": 176
}