{
  "sum_of_pairs": 0.3812583200292974,
  "column_score": 0.0844737503567299,
  "time_ms": 160
}