{
  "sum_of_pairs": 0.6159076775214835,
  "column_score": 0.065625,
  "time_ms": 1633
}