{
  "sum_of_pairs": 0.4907262277951933,
  "column_score": 0.1810344827586207,
  "time_ms": 50
}