{
  "sum_of_pairs": 0.35333333333333333,
  "column_score": 0.11935483870967742,
  "time_ms": 45
}