{
  "sum_of_pairs": 0.7798333783054506,
  "column_score": 0.6422018348623854,
  "time_ms": 124
}