{
  "sum_of_pairs": 0.8441330418074604,
  "column_score": 0.5581395348837209,
  "time_ms": 169
}