{
  "sum_of_pairs": 0.7503764225137295,
  "column_score": 0.04625212132552021,
  "time_ms": 454
}