{
  "sum_of_pairs": 0.8786756669881067,
  "column_score": 0.2459016393442623,
  "time_ms": 217
}