{
  "sum_of_pairs": 0.9407998950567782,
  "column_score": 0.5324074074074074,
  "time_ms": 2278
}