{
  "sum_of_pairs": 0.7680470902563247,
  "column_score": 0.13898305084745763,
  "time_ms": 425
}