{
  "sum_of_pairs": 0.5533328951248239,
  "column_score": 0.2019398396816805,
  "time_ms": 586
}