{
  "sum_of_pairs": 0.5544031777720457,
  "column_score": 0.2019398396816805,
  "time_ms": 108
}