{
  "sum_of_pairs": 0.49975280400813404,
  "column_score": 0.13912793336875123,
  "time_ms": 187
}