{
  "sum_of_pairs": 0.5536381454300743,
  "column_score": 0.20193983968168053,
  "time_ms": 227
}