{
  "sum_of_pairs": 0.553332895124824,
  "column_score": 0.2019398396816805,
  "time_ms": 223
}