{
  "sum_of_pairs": 0.4863323500491642,
  "column_score": 0.17699115044247787,
  "time_ms": 278
}