{
  "sum_of_pairs": 0.7652870991797166,
  "column_score": 0.5637583892617449,
  "time_ms": 20
}