{
  "sum_of_pairs": 0.7791887125220458,
  "column_score": 0.02666666666666667,
  "time_ms": 131
}