{
  "sum_of_pairs": 0.7669179363806469,
  "column_score": 0.4558139534883721,
  "time_ms": 279
}