{
  "sum_of_pairs": 0.6718130821882559,
  "column_score": 0.3858267716535433,
  "time_ms": 43
}