{
  "sum_of_pairs": 0.6705290611028316,
  "column_score": 0.26024590163934425,
  "time_ms": 29
}