{
  "sum_of_pairs": 0.6982680827433014,
  "column_score": 0.20408163265306123,
  "time_ms": 569
}