{
  "sum_of_pairs": 0.318657524359437,
  "column_score": 0.05521472392638037,
  "time_ms": 70
}