{
  "sum_of_pairs": 0.6686039886039886,
  "column_score": 0.37037037037037035,
  "time_ms": 105
}