{
  "sum_of_pairs": 0.5855812220566319,
  "column_score": 0.18237704918032788,
  "time_ms": 45
}