{
  "sum_of_pairs": 0.6967533962698595,
  "column_score": 0.21782178217821782,
  "time_ms": 1092
}