{
  "sum_of_pairs": 0.6600660066006601,
  "column_score": 0.15841584158415842,
  "time_ms": 457
}