{
  "sum_of_pairs": 0.7015078997478257,
  "column_score": 0.5196850393700787,
  "time_ms": 128
}