{
  "sum_of_pairs": 0.6905737704918032,
  "column_score": 0.26024590163934425,
  "time_ms": 131
}