{
  "sum_of_pairs": 0.4463548251158871,
  "column_score": 0.12389380530973451,
  "time_ms": 195
}