{
  "sum_of_pairs": 0.38329524038654317,
  "column_score": 0.08588957055214724,
  "time_ms": 65
}