{
  "sum_of_pairs": 0.4864166315493749,
  "column_score": 0.17699115044247787,
  "time_ms": 105
}