{
  "sum_of_pairs": 0.5262321144674086,
  "column_score": 0.08108108108108109,
  "time_ms": 312
}