{
  "sum_of_pairs": 0.48170496699908466,
  "column_score": 0.060810810810810814,
  "time_ms": 266
}