{
  "sum_of_pairs": 0.37952604354625286,
  "column_score": 0.08588957055214724,
  "time_ms": 30
}