{
  "sum_of_pairs": 0.5884179638121518,
  "column_score": 0.3442237563239075,
  "time_ms": 35
}