{
  "sum_of_pairs": 0.6118816458622284,
  "column_score": 0.2961165048543689,
  "time_ms": 15
}