{
  "sum_of_pairs": 0.4510416666666667,
  "column_score": 0.16666666666666666,
  "time_ms": 5
}