{
  "sum_of_pairs": 0.8430458430458431,
  "column_score": 0.6256410256410256,
  "time_ms": 46
}