{
  "sum_of_pairs": 0.6688969991889699,
  "column_score": 0.40875912408759124,
  "time_ms": 13
}