{
  "sum_of_pairs": 0.5050361570247934,
  "column_score": 0.2840909090909091,
  "time_ms": 101
}