{
  "sum_of_pairs": 0.6665015312556296,
  "column_score": 0.5245901639344263,
  "time_ms": 57
}