{
  "sum_of_pairs": 0.43597560975609756,
  "column_score": 0.3475609756097561,
  "time_ms": 11
}