{
  "sum_of_pairs": 0.47264123040520556,
  "column_score": 0.15527950310559005,
  "time_ms": 20
}