{
  "sum_of_pairs": 0.8329794762915782,
  "column_score": 0.6687898089171974,
  "time_ms": 62
}