{
  "sum_of_pairs": 0.32091097308488614,
  "column_score": 0.10869565217391304,
  "time_ms": 4
}