{
  "sum_of_pairs": 0.6727799227799228,
  "column_score": 0.4864864864864865,
  "time_ms": 3
}