{
  "sum_of_pairs": 0.6438455349959775,
  "column_score": 0.37831858407079644,
  "time_ms": 56
}