{
  "sum_of_pairs": 0.7407894736842106,
  "column_score": 0.46710526315789475,
  "time_ms": 32
}