{
  "sum_of_pairs": 0.6258503401360545,
  "column_score": 0.5134575569358178,
  "time_ms": 83
}