{
  "sum_of_pairs": 0.7615819209039548,
  "column_score": 0.559322033898305,
  "time_ms": 33
}