{
  "sum_of_pairs": 0.758635535684716,
  "column_score": 0.5827123695976155,
  "time_ms": 112
}