{
  "sum_of_pairs": 0.6377043354655295,
  "column_score": 0.31343283582089554,
  "time_ms": 22
}