{
  "sum_of_pairs": 0.7537600212018817,
  "column_score": 0.3372093023255814,
  "time_ms": 121
}