{
  "sum_of_pairs": 0.27376623376623377,
  "column_score": 0.2857142857142857,
  "time_ms": 21
}