{
  "sum_of_pairs": 0.8443086325439266,
  "column_score": 0.38571428571428573,
  "time_ms": 215
}