{
  "sum_of_pairs": 0.16834677419354838,
  "column_score": 0.0846774193548387,
  "time_ms": 26
}