{
  "sum_of_pairs": 0.5818181818181818,
  "column_score": 0.3483606557377049,
  "time_ms": 33
}