{
  "sum_of_pairs": 0.5863013698630137,
  "column_score": 0.4520547945205479,
  "time_ms": 37
}