{
  "sum_of_pairs": 0.6840094062316284,
  "column_score": 0.4382716049382716,
  "time_ms": 9
}