{
  "sum_of_pairs": 0.41816309256920114,
  "column_score": 0.09823681553337082,
  "time_ms": 358
}