{
  "sum_of_pairs": 0.5241058122205663,
  "column_score": 0.21106557377049182,
  "time_ms": 114
}