{
  "sum_of_pairs": 0.6258540497193263,
  "column_score": 0.30697674418604654,
  "time_ms": 406
}