{
  "sum_of_pairs": 0.7086799620132953,
  "column_score": 0.32098765432098764,
  "time_ms": 142
}