{
  "sum_of_pairs": 0.7573639075316928,
  "column_score": 0.31543624161073824,
  "time_ms": 36
}