{
  "sum_of_pairs": 0.775307498327415,
  "column_score": 0.41732283464566927,
  "time_ms": 95
}