{
  "sum_of_pairs": 0.12121211947843212,
  "column_score": 0.013928590683465943,
  "time_ms": 7
}