{
  "sum_of_pairs": 0.340072202166065,
  "column_score": 0.09386281588447654,
  "time_ms": 12
}