{
  "sum_of_pairs": 0.27719092331768386,
  "column_score": 0.09154929577464789,
  "time_ms": 15
}