{
  "sum_of_pairs": 0.27645502645502645,
  "column_score": 0.1037037037037037,
  "time_ms": 10
}