{
  "sum_of_pairs": 0.38936087017557697,
  "column_score": 0.08887430672308755,
  "time_ms": 77
}