{
  "sum_of_pairs": 0.7251922558014031,
  "column_score": 0.4380733944954128,
  "time_ms": 84
}