{
  "sum_of_pairs": 0.6916747458174858,
  "column_score": 0.49056603773584906,
  "time_ms": 110
}