{
  "sum_of_pairs": 0.4851116625310174,
  "column_score": 0.13709677419354838,
  "time_ms": 85
}