{
  "sum_of_pairs": 0.35884804850322094,
  "column_score": 0.2482758620689655,
  "time_ms": 17
}