{
  "sum_of_pairs": 0.527391975308642,
  "column_score": 0.07291666666666667,
  "time_ms": 254
}