{
  "sum_of_pairs": 0.5207813716614363,
  "column_score": 0.042215682799375084,
  "time_ms": 746
}