{
  "sum_of_pairs": 0.5632224917939204,
  "column_score": 0.02197802197802198,
  "time_ms": 491
}