{
  "sum_of_pairs": 0.5268498942917548,
  "column_score": 0.24705882352941178,
  "time_ms": 111
}