{
  "sum_of_pairs": 0.6124557823129252,
  "column_score": 0.029166666666666667,
  "time_ms": 386
}