{
  "sum_of_pairs": 0.6231085463149423,
  "column_score": 0.05952380952380952,
  "time_ms": 1992
}