{
  "sum_of_pairs": 0.5156599912629618,
  "column_score": 0.10434782608695652,
  "time_ms": 481
}