{
  "sum_of_pairs": 0.6924482681061629,
  "column_score": 0.023391812865497075,
  "time_ms": 484
}