{
  "sum_of_pairs": 0.5734899087840264,
  "column_score": 0.13574660633484162,
  "time_ms": 220
}