{
  "sum_of_pairs": 0.6132278559464687,
  "column_score": 0.17463901782097227,
  "time_ms": 2708
}