{
  "sum_of_pairs": 0.6204267796273056,
  "column_score": 0.16373644757428665,
  "time_ms": 1251
}