{
  "sum_of_pairs": 0.780177264818544,
  "column_score": 0.4365079365079365,
  "time_ms": 4573
}