{
  "sum_of_pairs": 0.8002392344497608,
  "column_score": 0.45454545454545453,
  "time_ms": 36
}