{
  "sum_of_pairs": 0.6636735979836169,
  "column_score": 0.34782608695652173,
  "time_ms": 35
}