{
  "sum_of_pairs": 0.6100535584604212,
  "column_score": 0.23529411764705882,
  "time_ms": 1635
}