{
  "sum_of_pairs": 0.6363760726277826,
  "column_score": 0.17647058823529413,
  "time_ms": 330
}