{
  "sum_of_pairs": 0.5771442860715179,
  "column_score": 0.16279069767441862,
  "time_ms": 539
}