{
  "sum_of_pairs": 0.6858722976370035,
  "column_score": 0.334841628959276,
  "time_ms": 674
}