{
  "sum_of_pairs": 0.6791044038420351,
  "column_score": 0.2087912087912088,
  "time_ms": 8564
}