{
  "sum_of_pairs": 0.8604147731967281,
  "column_score": 0.20242914979757085,
  "time_ms": 1152
}