{
  "sum_of_pairs": 0.7151462585034014,
  "column_score": 0.20833333333333334,
  "time_ms": 723
}