{
  "sum_of_pairs": 0.6186147186147186,
  "column_score": 0.3409090909090909,
  "time_ms": 74
}