{
  "sum_of_pairs": 0.6079384531590414,
  "column_score": 0.17647058823529413,
  "time_ms": 2935
}