{
  "sum_of_pairs": 0.7427823318234277,
  "column_score": 0.0273972602739726,
  "time_ms": 3103
}