{
  "sum_of_pairs": 0.8499148971329422,
  "column_score": 0.20242914979757085,
  "time_ms": 2643
}