{
  "sum_of_pairs": 0.6796728009621563,
  "column_score": 0.2087912087912088,
  "time_ms": 4993
}