{
  "sum_of_pairs": 0.6097251585623679,
  "column_score": 0.09411764705882353,
  "time_ms": 253
}