{
  "sum_of_pairs": 0.8442583732057416,
  "column_score": 0.6818181818181818,
  "time_ms": 8
}