{
  "sum_of_pairs": 0.6882761915745425,
  "column_score": 0.2087912087912088,
  "time_ms": 10525
}