{
  "sum_of_pairs": 0.6350671001083604,
  "column_score": 0.29457364341085274,
  "time_ms": 484
}