{
  "sum_of_pairs": 0.6110931476184555,
  "column_score": 0.09411764705882353,
  "time_ms": 136
}