{
  "sum_of_pairs": 0.651543793320731,
  "column_score": 0.34782608695652173,
  "time_ms": 42
}