{
  "sum_of_pairs": 0.7813995504927548,
  "column_score": 0.4365079365079365,
  "time_ms": 3499
}