{
  "sum_of_pairs": 0.6774691358024691,
  "column_score": 0.22058823529411764,
  "time_ms": 4372
}