{
  "sum_of_pairs": 0.7566383388301197,
  "column_score": 0.06164383561643835,
  "time_ms": 4135
}