{
  "sum_of_pairs": 0.7753588516746411,
  "column_score": 0.6363636363636364,
  "time_ms": 18
}