{
  "sum_of_pairs": 0.5145573380867499,
  "column_score": 0.22727272727272727,
  "time_ms": 28
}