{
  "sum_of_pairs": 0.7158061566408503,
  "column_score": 0.21359223300970873,
  "time_ms": 4028
}