{
  "sum_of_pairs": 0.5084670231729055,
  "column_score": 0.22727272727272727,
  "time_ms": 64
}