{
  "sum_of_pairs": 0.6962061050900298,
  "column_score": 0.20388349514563106,
  "time_ms": 8861
}