{
  "sum_of_pairs": 0.6891402714932127,
  "column_score": 0.3574660633484163,
  "time_ms": 808
}