{
  "sum_of_pairs": 0.48086672685603166,
  "column_score": 0.16883116883116883,
  "time_ms": 350
}