{
  "sum_of_pairs": 0.7595934978042443,
  "column_score": 0.45217391304347826,
  "time_ms": 2471
}