{
  "sum_of_pairs": 0.65705734089477,
  "column_score": 0.34782608695652173,
  "time_ms": 15
}