{
  "sum_of_pairs": 0.7435099147427915,
  "column_score": 0.06164383561643835,
  "time_ms": 2156
}