{
  "sum_of_pairs": 0.8147753236862147,
  "column_score": 0.40594059405940597,
  "time_ms": 2210
}