{
  "sum_of_pairs": 0.8576584317937701,
  "column_score": 0.1862348178137652,
  "time_ms": 2084
}