{
  "sum_of_pairs": 0.6533797670339067,
  "column_score": 0.012759628436229749,
  "time_ms": 1127
}