{
  "sum_of_pairs": 0.6533797670339067,
  "column_score": 0.01275962843622975,
  "time_ms": 1210
}