{
  "sum_of_pairs": 0.5927219738102842,
  "column_score": 0.034653465346534656,
  "time_ms": 735
}