{
  "sum_of_pairs": 0.8966560908407781,
  "column_score": 0.1016949152542373,
  "time_ms": 258
}