{
  "sum_of_pairs": 0.4173008996350721,
  "column_score": 0.016129032258064516,
  "time_ms": 1180
}