{
  "sum_of_pairs": 0.5191952883304946,
  "column_score": 0.1343208588270465,
  "time_ms": 351
}