{
  "sum_of_pairs": 0.8031755805770584,
  "column_score": 0.17857142857142858,
  "time_ms": 229
}