{
  "sum_of_pairs": 0.2541829109811566,
  "column_score": 0.09027777777777778,
  "time_ms": 107
}