{
  "sum_of_pairs": 0.5594093406593407,
  "column_score": 0.20192307692307693,
  "time_ms": 147
}