{
  "sum_of_pairs": 0.8309498111171074,
  "column_score": 0.5940366972477065,
  "time_ms": 233
}