{
  "sum_of_pairs": 0.602035233614181,
  "column_score": 0.2702702702702703,
  "time_ms": 397
}