{
  "sum_of_pairs": 0.7815839333080712,
  "column_score": 0.45517241379310347,
  "time_ms": 48
}