{
  "sum_of_pairs": 0.6582636711947056,
  "column_score": 0.15517241379310345,
  "time_ms": 77
}