{
  "sum_of_pairs": 0.64576802507837,
  "column_score": 0.3045977011494253,
  "time_ms": 69
}