{
  "sum_of_pairs": 0.5823045267489712,
  "column_score": 0.4012345679012346,
  "time_ms": 41
}