{
  "sum_of_pairs": 0.6244172494172494,
  "column_score": 0.2644230769230769,
  "time_ms": 796
}