{
  "sum_of_pairs": 0.7308648420215278,
  "column_score": 0.4716981132075472,
  "time_ms": 388
}