{
  "sum_of_pairs": 0.8010018214936248,
  "column_score": 0.4918032786885246,
  "time_ms": 10
}