{
  "sum_of_pairs": 0.6403914240755311,
  "column_score": 0.18699186991869918,
  "time_ms": 235
}