{
  "sum_of_pairs": 0.7538677918424754,
  "column_score": 0.4936708860759494,
  "time_ms": 37
}