{
  "sum_of_pairs": 0.524362162660035,
  "column_score": 0.1347517730496454,
  "time_ms": 137
}