{
  "sum_of_pairs": 0.5525378787878787,
  "column_score": 0.005681818181818182,
  "time_ms": 130
}