{
  "sum_of_pairs": 0.719423275507008,
  "column_score": 0.5205040782408898,
  "time_ms": 40
}