{
  "sum_of_pairs": 0.7478513437588596,
  "column_score": 0.5653884785310781,
  "time_ms": 19
}