{
  "sum_of_pairs": 0.6183127572016461,
  "column_score": 0.14814814814814814,
  "time_ms": 0
}