{
  "sum_of_pairs": 0.6091589861751152,
  "column_score": 0.23387096774193547,
  "time_ms": 15
}