{
  "sum_of_pairs": 0.9722222222222222,
  "column_score": 0.8333333333333334,
  "time_ms": 6
}