{
  "sum_of_pairs": 0.8775344687753447,
  "column_score": 0.7372262773722628,
  "time_ms": 4
}