{
  "sum_of_pairs": 0.32298850574712645,
  "column_score": 0.20689655172413793,
  "time_ms": 5
}