{
  "sum_of_pairs": 0.8852779434174783,
  "column_score": 0.6627906976744186,
  "time_ms": 65
}