{
  "sum_of_pairs": 0.9621600621600621,
  "column_score": 0.8974358974358975,
  "time_ms": 32
}