{
  "sum_of_pairs": 0.933083176985616,
  "column_score": 0.8130081300813008,
  "time_ms": 36
}