{
  "sum_of_pairs": 0.8347117794486215,
  "column_score": 0.5131578947368421,
  "time_ms": 28
}