{
  "sum_of_pairs": 0.834257975034674,
  "column_score": 0.6116504854368932,
  "time_ms": 10
}