{
  "sum_of_pairs": 0.8497512437810946,
  "column_score": 0.7791044776119403,
  "time_ms": 9
}