{
  "sum_of_pairs": 0.7331349206349206,
  "column_score": 0.5595238095238095,
  "time_ms": 1
}