{
  "sum_of_pairs": 0.8700764256319812,
  "column_score": 0.7283950617283951,
  "time_ms": 9
}