{
  "sum_of_pairs": 0.7639902676399026,
  "column_score": 0.45255474452554745,
  "time_ms": 3
}