{
  "sum_of_pairs": 0.956060606060606,
  "column_score": 0.7666666666666667,
  "time_ms": 11
}