{
  "sum_of_pairs": 0.837775408670931,
  "column_score": 0.5895522388059702,
  "time_ms": 16
}