{
  "sum_of_pairs": 0.6666666666666666,
  "column_score": 0.3416149068322981,
  "time_ms": 9
}