{
  "sum_of_pairs": 0.6521739130434783,
  "column_score": 0.32298136645962733,
  "time_ms": 18
}