{
  "sum_of_pairs": 0.9010416666666666,
  "column_score": 0.8229166666666666,
  "time_ms": 0
}