{
  "sum_of_pairs": 0.7720032180209171,
  "column_score": 0.5951327433628318,
  "time_ms": 71
}