{
  "sum_of_pairs": 0.8756088422630198,
  "column_score": 0.6942675159235668,
  "time_ms": 120
}