{
  "sum_of_pairs": 0.9576534576534577,
  "column_score": 0.8564102564102564,
  "time_ms": 70
}