{
  "sum_of_pairs": 0.7604321907600596,
  "column_score": 0.5942622950819673,
  "time_ms": 22
}