{
  "sum_of_pairs": 0.647945205479452,
  "column_score": 0.3561643835616438,
  "time_ms": 4
}