{
  "sum_of_pairs": 0.7509687034277198,
  "column_score": 0.5819672131147541,
  "time_ms": 49
}