{
  "sum_of_pairs": 0.8612511671335201,
  "column_score": 0.7394957983193278,
  "time_ms": 16
}