{
  "sum_of_pairs": 0.9124044679600235,
  "column_score": 0.7716049382716049,
  "time_ms": 3
}