{
  "sum_of_pairs": 0.6737451737451737,
  "column_score": 0.7297297297297297,
  "time_ms": 0
}