{
  "sum_of_pairs": 0.8794587945879458,
  "column_score": 0.6309963099630996,
  "time_ms": 31
}