{
  "sum_of_pairs": 0.6850464876033058,
  "column_score": 0.4090909090909091,
  "time_ms": 87
}