{
  "sum_of_pairs": 0.8193078324225865,
  "column_score": 0.6795827123695977,
  "time_ms": 72
}