{
  "sum_of_pairs": 0.8680102185637241,
  "column_score": 0.6014760147601476,
  "time_ms": 54
}