{
  "sum_of_pairs": 0.8154228855721393,
  "column_score": 0.7343283582089553,
  "time_ms": 20
}