{
  "sum_of_pairs": 0.28735632183908044,
  "column_score": 0.14482758620689656,
  "time_ms": 7
}