{
  "sum_of_pairs": 0.8293103448275863,
  "column_score": 0.7167487684729064,
  "time_ms": 11
}