{
  "sum_of_pairs": 0.920471127788201,
  "column_score": 0.7642276422764228,
  "time_ms": 106
}