{
  "sum_of_pairs": 0.49382716049382713,
  "column_score": 0.1111111111111111,
  "time_ms": 2
}