{
  "sum_of_pairs": 0.7809854080345884,
  "column_score": 0.6279949558638083,
  "time_ms": 55
}