{
  "sum_of_pairs": 0.5691056910569106,
  "column_score": 0.42073170731707316,
  "time_ms": 2
}