{
  "sum_of_pairs": 0.8511671335200747,
  "column_score": 0.7058823529411765,
  "time_ms": 32
}