{
  "sum_of_pairs": 0.8789836347975882,
  "column_score": 0.6046511627906976,
  "time_ms": 128
}