{
  "sum_of_pairs": 0.4798387096774194,
  "column_score": 0.2056451612903226,
  "time_ms": 10
}