{
  "sum_of_pairs": 0.8466165413533835,
  "column_score": 0.5460526315789473,
  "time_ms": 17
}