{
  "sum_of_pairs": 0.8104984268918695,
  "column_score": 0.6602086438152012,
  "time_ms": 141
}