{
  "sum_of_pairs": 0.6713584710743802,
  "column_score": 0.39204545454545453,
  "time_ms": 159
}