{
  "sum_of_pairs": 0.6927803379416283,
  "column_score": 0.5253456221198156,
  "time_ms": 2
}