{
  "sum_of_pairs": 0.8528784648187633,
  "column_score": 0.6082089552238806,
  "time_ms": 9
}