{
  "sum_of_pairs": 0.6221198156682027,
  "column_score": 0.24193548387096775,
  "time_ms": 6
}