{
  "sum_of_pairs": 0.7877312952534191,
  "column_score": 0.6084070796460177,
  "time_ms": 37
}