{
  "sum_of_pairs": 0.903004838298956,
  "column_score": 0.6714285714285714,
  "time_ms": 285
}