{
  "sum_of_pairs": 0.8887902987281869,
  "column_score": 0.7846790890269151,
  "time_ms": 28
}