{
  "sum_of_pairs": 0.7995073891625616,
  "column_score": 0.6674876847290641,
  "time_ms": 28
}