{
  "sum_of_pairs": 0.7333333333333333,
  "column_score": 0.6153846153846154,
  "time_ms": 1
}