{
  "sum_of_pairs": 0.8529281277728483,
  "column_score": 0.6997929606625258,
  "time_ms": 49
}