{
  "sum_of_pairs": 0.8573740175681923,
  "column_score": 0.6456310679611651,
  "time_ms": 5
}