{
  "sum_of_pairs": 0.6164605969776445,
  "column_score": 0.12101910828025478,
  "time_ms": 43
}