{
  "sum_of_pairs": 0.5136449724517906,
  "column_score": 0.14772727272727273,
  "time_ms": 94
}