{
  "sum_of_pairs": 0.6245954692556634,
  "column_score": 0.32038834951456313,
  "time_ms": 10
}