{
  "sum_of_pairs": 0.6425631981187536,
  "column_score": 0.46296296296296297,
  "time_ms": 6
}