{
  "sum_of_pairs": 0.6504708097928437,
  "column_score": 0.4293785310734463,
  "time_ms": 22
}