{
  "sum_of_pairs": 0.4242511520737327,
  "column_score": 0.056451612903225805,
  "time_ms": 12
}