{
  "sum_of_pairs": 0.5020325203252033,
  "column_score": 0.29878048780487804,
  "time_ms": 3
}