{
  "sum_of_pairs": 0.6163754278508377,
  "column_score": 0.3316519546027743,
  "time_ms": 55
}