{
  "sum_of_pairs": 0.7952149229521492,
  "column_score": 0.5182481751824818,
  "time_ms": 8
}