{
  "sum_of_pairs": 0.4246178600160901,
  "column_score": 0.09292035398230089,
  "time_ms": 48
}