{
  "sum_of_pairs": 0.6994047619047619,
  "column_score": 0.5297619047619048,
  "time_ms": 2
}