{
  "sum_of_pairs": 0.6686746987951807,
  "column_score": 0.6807228915662651,
  "time_ms": 1
}