{
  "sum_of_pairs": 0.5499533146591971,
  "column_score": 0.226890756302521,
  "time_ms": 27
}