{
  "sum_of_pairs": 0.36853002070393376,
  "column_score": 0.07453416149068323,
  "time_ms": 14
}