{
  "sum_of_pairs": 0.7681077694235589,
  "column_score": 0.3223684210526316,
  "time_ms": 28
}