{
  "sum_of_pairs": 0.6345498783454988,
  "column_score": 0.40145985401459855,
  "time_ms": 3
}