{
  "sum_of_pairs": 0.7966588966588967,
  "column_score": 0.3333333333333333,
  "time_ms": 38
}