{
  "sum_of_pairs": 0.7339901477832512,
  "column_score": 0.5985221674876847,
  "time_ms": 16
}