{
  "sum_of_pairs": 0.33725490196078434,
  "column_score": 0.0784313725490196,
  "time_ms": 2
}