{
  "sum_of_pairs": 0.0831478714820613,
  "column_score": 0.00010484378276368212,
  "time_ms": 13
}