{
  "sum_of_pairs": 0.5395235277305668,
  "column_score": 0.14296320074473434,
  "time_ms": 249
}