{
  "sum_of_pairs": 0.7889634601043997,
  "column_score": 0.5302013422818792,
  "time_ms": 46
}