{
  "sum_of_pairs": 0.8620702754036087,
  "column_score": 0.6666666666666666,
  "time_ms": 107
}