{
  "sum_of_pairs": 0.6222060252672498,
  "column_score": 0.11224489795918367,
  "time_ms": 689
}