{
  "sum_of_pairs": 0.49544889530454306,
  "column_score": 0.24539877300613497,
  "time_ms": 90
}