{
  "sum_of_pairs": 0.36896423248882265,
  "column_score": 0.05122950819672131,
  "time_ms": 104
}