{
  "sum_of_pairs": 0.7164287623630046,
  "column_score": 0.413953488372093,
  "time_ms": 297
}