{
  "sum_of_pairs": 0.1720409102045731,
  "column_score": 0.02934195505104455,
  "time_ms": 10
}