{
  "sum_of_pairs": 0.18874172185430463,
  "column_score": 0.013245033112582781,
  "time_ms": 3
}