{
  "sum_of_pairs": 0.37250996015936255,
  "column_score": 0.2350597609561753,
  "time_ms": 5
}