{
  "sum_of_pairs": 0.3003610108303249,
  "column_score": 0.061371841155234655,
  "time_ms": 14
}