{
  "sum_of_pairs": 0.26666666666666666,
  "column_score": 0.17142857142857143,
  "time_ms": 9
}