{
  "sum_of_pairs": 0.3502645502645503,
  "column_score": 0.037037037037037035,
  "time_ms": 13
}