{
  "sum_of_pairs": 0.17142857142857143,
  "column_score": 0.12315270935960591,
  "time_ms": 10
}