{
  "sum_of_pairs": 0.6446013503767292,
  "column_score": 0.21948639724015787,
  "time_ms": 122
}