{
  "sum_of_pairs": 0.5323094755143437,
  "column_score": 0.04411764705882353,
  "time_ms": 99
}