{
  "sum_of_pairs": 0.8134767025089605,
  "column_score": 0.5645161290322581,
  "time_ms": 28
}