{
  "sum_of_pairs": 0.5206611570247934,
  "column_score": 0.21212121212121213,
  "time_ms": 31
}