{
  "sum_of_pairs": 0.8036377415687761,
  "column_score": 0.6344827586206897,
  "time_ms": 19
}