{
  "sum_of_pairs": 0.9532233485721858,
  "column_score": 0.6395348837209303,
  "time_ms": 105
}