{
  "sum_of_pairs": 0.8509831705073707,
  "column_score": 0.6823899371069182,
  "time_ms": 128
}