{
  "sum_of_pairs": 0.8493148439548912,
  "column_score": 0.5203252032520326,
  "time_ms": 103
}