{
  "sum_of_pairs": 0.7440439462498286,
  "column_score": 0.4326923076923077,
  "time_ms": 237
}