{
  "sum_of_pairs": 0.3946940633331166,
  "column_score": 0.1834319526627219,
  "time_ms": 24
}