{
  "sum_of_pairs": 0.842687533729088,
  "column_score": 0.6009174311926605,
  "time_ms": 84
}