{
  "sum_of_pairs": 0.7959090909090909,
  "column_score": 0.3181818181818182,
  "time_ms": 63
}