{
  "sum_of_pairs": 0.8491774891774891,
  "column_score": 0.49142857142857144,
  "time_ms": 45
}