{
  "sum_of_pairs": 0.8381077566711895,
  "column_score": 0.196875,
  "time_ms": 960
}