{
  "sum_of_pairs": 0.8927368927368927,
  "column_score": 0.3181818181818182,
  "time_ms": 91
}