{
  "sum_of_pairs": 0.02527624273332236,
  "column_score": 0.0002658160552897395,
  "time_ms": 6
}