{
  "sum_of_pairs": 0.9268985015062094,
  "column_score": 0.4863976341211111,
  "time_ms": 15228
}