{
  "sum_of_pairs": 0.9840249401155418,
  "column_score": 0.7748344370860927,
  "time_ms": 70567
}