{
  "sum_of_pairs": 0.90311004784689,
  "column_score": 0.5526315789473685,
  "time_ms": 4739
}