{
  "sum_of_pairs": 0.9841636057545149,
  "column_score": 0.7196969696969697,
  "time_ms": 14933
}