{
  "sum_of_pairs": 0.942211193824097,
  "column_score": 0.44871794871794873,
  "time_ms": 1157
}