{
  "sum_of_pairs": 0.9185310734463277,
  "column_score": 0.1523809523809524,
  "time_ms": 5816
}