{
  "sum_of_pairs": 0.8926161769402746,
  "column_score": 0.4900990099009901,
  "time_ms": 23808
}