{
  "sum_of_pairs": 0.9922300607485792,
  "column_score": 0.7619047619047619,
  "time_ms": 23562
}