{
  "sum_of_pairs": 0.9755579046473486,
  "column_score": 0.48868778280542985,
  "time_ms": 22928
}