{
  "sum_of_pairs": 0.988091865450356,
  "column_score": 0.7972972972972973,
  "time_ms": 9112
}