{
  "sum_of_pairs": 0.8311025103477934,
  "column_score": 0.5094339622641509,
  "time_ms": 4476
}