{
  "sum_of_pairs": 0.9630750605326877,
  "column_score": 0.4642857142857143,
  "time_ms": 18086
}