{
  "sum_of_pairs": 0.9796464159434265,
  "column_score": 0.6994535519125683,
  "time_ms": 4181
}