{
  "sum_of_pairs": 0.7333052117566363,
  "column_score": 0.28987628041597324,
  "time_ms": 340
}