{
  "sum_of_pairs": 0.7283926848270685,
  "column_score": 0.2757812542273714,
  "time_ms": 550
}