{
  "sum_of_pairs": 0.7174706283331328,
  "column_score": 0.17791411042944785,
  "time_ms": 192
}