{
  "sum_of_pairs": 0.7301633183986125,
  "column_score": 0.02702702702702703,
  "time_ms": 369
}