{
  "sum_of_pairs": 0.8676396685378241,
  "column_score": 0.5069767441860465,
  "time_ms": 586
}