{
  "sum_of_pairs": 0.8736554989449848,
  "column_score": 0.6771653543307087,
  "time_ms": 34
}