{
  "sum_of_pairs": 0.7447466467958271,
  "column_score": 0.16393442622950818,
  "time_ms": 96
}