{
  "sum_of_pairs": 0.8759796845763165,
  "column_score": 0.5255813953488372,
  "time_ms": 322
}