{
  "sum_of_pairs": 0.8551566951566951,
  "column_score": 0.7037037037037037,
  "time_ms": 156
}