{
  "sum_of_pairs": 0.721196797302992,
  "column_score": 0.336283185840708,
  "time_ms": 612
}