{
  "sum_of_pairs": 0.8787484381507705,
  "column_score": 0.3673469387755102,
  "time_ms": 1998
}