{
  "sum_of_pairs": 0.8287117748319682,
  "column_score": 0.5445544554455446,
  "time_ms": 716
}