{
  "sum_of_pairs": 0.7268391386038445,
  "column_score": 0.02702702702702703,
  "time_ms": 675
}