{
  "sum_of_pairs": 0.72354263239219,
  "column_score": 0.35398230088495575,
  "time_ms": 269
}