{
  "sum_of_pairs": 0.9263609246830723,
  "column_score": 0.8456375838926175,
  "time_ms": 16
}