{
  "sum_of_pairs": 0.8717513252019968,
  "column_score": 0.6692913385826772,
  "time_ms": 61
}