{
  "sum_of_pairs": 0.8655379188712522,
  "column_score": 0.22666666666666666,
  "time_ms": 166
}