{
  "sum_of_pairs": 0.5029666944910436,
  "column_score": 0.004203564198261971,
  "time_ms": 539
}