{
  "sum_of_pairs": 0.6551614631160085,
  "column_score": 0.015151515151515152,
  "time_ms": 882
}