{
  "sum_of_pairs": 0.5192288653261655,
  "column_score": 0.041666666666666664,
  "time_ms": 2270
}