{
  "sum_of_pairs": 0.7579890492782478,
  "column_score": 0.02857142857142857,
  "time_ms": 67
}