{
  "sum_of_pairs": 0.93716818251791,
  "column_score": 0.8515182536863729,
  "time_ms": 1276
}