{
  "sum_of_pairs": 0.8900522074907158,
  "column_score": 0.7632832085238533,
  "time_ms": 277
}