{
  "sum_of_pairs": 0.9339477726574501,
  "column_score": 0.8940092165898618,
  "time_ms": 279
}