{
  "sum_of_pairs": 0.8722967378705083,
  "column_score": 0.7585692995529061,
  "time_ms": 2754
}