{
  "sum_of_pairs": 0.9819580005915409,
  "column_score": 0.9523809523809523,
  "time_ms": 1077
}