{
  "sum_of_pairs": 0.84375,
  "column_score": 0.609375,
  "time_ms": 293
}