{
  "sum_of_pairs": 0.9082191780821918,
  "column_score": 0.8082191780821918,
  "time_ms": 645
}