{
  "sum_of_pairs": 0.9921568627450981,
  "column_score": 0.9803921568627451,
  "time_ms": 343
}