{
  "sum_of_pairs": 0.9792207792207792,
  "column_score": 0.8857142857142857,
  "time_ms": 361
}