{
  "sum_of_pairs": 0.9192708333333334,
  "column_score": 0.859375,
  "time_ms": 306
}