{
  "sum_of_pairs": 0.7184959349593496,
  "column_score": 0.6097560975609756,
  "time_ms": 233
}