{
  "sum_of_pairs": 0.8095890410958904,
  "column_score": 0.6712328767123288,
  "time_ms": 250
}