{
  "sum_of_pairs": 0.9919191919191919,
  "column_score": 0.9833333333333333,
  "time_ms": 947
}