{
  "sum_of_pairs": 0.9662162162162162,
  "column_score": 0.918918918918919,
  "time_ms": 228
}