{
  "sum_of_pairs": 0.9776601998824221,
  "column_score": 0.9567901234567902,
  "time_ms": 329
}