{
  "sum_of_pairs": 0.9751984126984127,
  "column_score": 0.9523809523809523,
  "time_ms": 284
}