{
  "sum_of_pairs": 0.9862470862470862,
  "column_score": 0.9692307692307692,
  "time_ms": 1854
}