{
  "sum_of_pairs": 0.9515409570154095,
  "column_score": 0.7883211678832117,
  "time_ms": 427
}