{
  "sum_of_pairs": 0.8642335766423358,
  "column_score": 0.7372262773722628,
  "time_ms": 223
}