{
  "sum_of_pairs": 0.9631336405529954,
  "column_score": 0.9274193548387096,
  "time_ms": 635
}