{
  "sum_of_pairs": 0.9565217391304348,
  "column_score": 0.927536231884058,
  "time_ms": 249
}