{
  "sum_of_pairs": 0.9842373312961549,
  "column_score": 0.8142857142857143,
  "time_ms": 6785
}