{
  "sum_of_pairs": 0.9615819209039548,
  "column_score": 0.9152542372881356,
  "time_ms": 1915
}