{
  "sum_of_pairs": 0.9581699346405229,
  "column_score": 0.8823529411764706,
  "time_ms": 2148
}