{
  "sum_of_pairs": 0.9731081926203877,
  "column_score": 0.8943089430894309,
  "time_ms": 1920
}