{
  "sum_of_pairs": 0.8984312148028962,
  "column_score": 0.8119469026548672,
  "time_ms": 1794
}