{
  "sum_of_pairs": 0.8488612836438924,
  "column_score": 0.5869565217391305,
  "time_ms": 279
}