{
  "sum_of_pairs": 0.9214285714285714,
  "column_score": 0.8522167487684729,
  "time_ms": 718
}