{
  "sum_of_pairs": 0.9046228710462287,
  "column_score": 0.7299270072992701,
  "time_ms": 299
}