{
  "sum_of_pairs": 0.9467871485943775,
  "column_score": 0.9578313253012049,
  "time_ms": 258
}