{
  "sum_of_pairs": 0.8400912534435262,
  "column_score": 0.5880681818181818,
  "time_ms": 5732
}