{
  "sum_of_pairs": 0.9662505779010634,
  "column_score": 0.8883495145631068,
  "time_ms": 553
}