{
  "sum_of_pairs": 0.8913043478260869,
  "column_score": 0.7391304347826086,
  "time_ms": 223
}