{
  "sum_of_pairs": 0.24015114805476862,
  "column_score": 0.0785732382135522,
  "time_ms": 13
}