{
  "sum_of_pairs": 0.1888770433546553,
  "column_score": 0.011194029850746268,
  "time_ms": 12
}