{
  "sum_of_pairs": 0.18326612903225806,
  "column_score": 0.05443548387096774,
  "time_ms": 12
}