{
  "sum_of_pairs": 0.5205519287046633,
  "column_score": 0.10691246605673267,
  "time_ms": 259
}