{
  "sum_of_pairs": 0.5418924272054677,
  "column_score": 0.12934212741809853,
  "time_ms": 151
}