{
  "sum_of_pairs": 0.8013609246830723,
  "column_score": 0.4697986577181208,
  "time_ms": 13
}