{
  "sum_of_pairs": 0.7255483826183534,
  "column_score": 0.09183673469387756,
  "time_ms": 600
}