{
  "sum_of_pairs": 0.5101980615254952,
  "column_score": 0.19469026548672566,
  "time_ms": 220
}