{
  "sum_of_pairs": 0.5932383665716999,
  "column_score": 0.2839506172839506,
  "time_ms": 55
}