{
  "sum_of_pairs": 0.6711624441132638,
  "column_score": 0.11270491803278689,
  "time_ms": 34
}