{
  "sum_of_pairs": 0.6925016725850445,
  "column_score": 0.25984251968503935,
  "time_ms": 49
}