{
  "sum_of_pairs": 0.6530815872284903,
  "column_score": 0.039603960396039604,
  "time_ms": 674
}