{
  "sum_of_pairs": 0.4054693452022936,
  "column_score": 0.05521472392638037,
  "time_ms": 38
}