{
  "sum_of_pairs": 0.37888447812662895,
  "column_score": 0.05521472392638037,
  "time_ms": 58
}