{
  "sum_of_pairs": 0.6222358722358723,
  "column_score": 0.02702702702702703,
  "time_ms": 181
}