{
  "sum_of_pairs": 0.6805025394279605,
  "column_score": 0.3674418604651163,
  "time_ms": 176
}