{
  "sum_of_pairs": 0.6553881565181,
  "column_score": 0.1111111111111111,
  "time_ms": 754
}