{
  "sum_of_pairs": 0.7411321671525753,
  "column_score": 0.09183673469387756,
  "time_ms": 407
}