{
  "sum_of_pairs": 0.649922480620155,
  "column_score": 0.3023255813953488,
  "time_ms": 307
}