{
  "sum_of_pairs": 0.6628948609146629,
  "column_score": 0.06930693069306931,
  "time_ms": 370
}