{
  "sum_of_pairs": 0.6386552277324405,
  "column_score": 0.04938271604938271,
  "time_ms": 1296
}