{
  "sum_of_pairs": 0.6331309009930137,
  "column_score": 0.23100970800871465,
  "time_ms": 361
}