{
  "sum_of_pairs": 0.6398504506185059,
  "column_score": 0.22735583249874006,
  "time_ms": 157
}