{
  "sum_of_pairs": 0.703551912568306,
  "column_score": 0.4426229508196721,
  "time_ms": 6
}