{
  "sum_of_pairs": 0.6845611285266457,
  "column_score": 0.49137931034482757,
  "time_ms": 56
}