{
  "sum_of_pairs": 0.7159526297457331,
  "column_score": 0.5431034482758621,
  "time_ms": 28
}