{
  "sum_of_pairs": 0.5102659245516389,
  "column_score": 0.15510204081632653,
  "time_ms": 40
}