{
  "sum_of_pairs": 0.7554259950248756,
  "column_score": 0.084375,
  "time_ms": 2906
}