{
  "sum_of_pairs": 0.9085857592446892,
  "column_score": 0.6747967479674797,
  "time_ms": 211
}