{
  "sum_of_pairs": 0.7805797101449276,
  "column_score": 0.36666666666666664,
  "time_ms": 119
}