{
  "sum_of_pairs": 0.7851576994434137,
  "column_score": 0.5314285714285715,
  "time_ms": 87
}