{
  "sum_of_pairs": 0.6024691358024692,
  "column_score": 0.35185185185185186,
  "time_ms": 23
}