{
  "sum_of_pairs": 0.7139917695473251,
  "column_score": 0.5370370370370371,
  "time_ms": 49
}