{
  "sum_of_pairs": 0.7756008359456635,
  "column_score": 0.514367816091954,
  "time_ms": 35
}