{
  "sum_of_pairs": 0.5066833751044277,
  "column_score": 0.023809523809523808,
  "time_ms": 57
}