{
  "sum_of_pairs": 0.6174193548387097,
  "column_score": 0.3225806451612903,
  "time_ms": 114
}