{
  "sum_of_pairs": 0.7924893733717263,
  "column_score": 0.3798076923076923,
  "time_ms": 695
}