{
  "sum_of_pairs": 0.7463080168776371,
  "column_score": 0.44936708860759494,
  "time_ms": 27
}