{
  "sum_of_pairs": 0.7309388783868935,
  "column_score": 0.21739130434782608,
  "time_ms": 38
}