{
  "sum_of_pairs": 0.7640539129900832,
  "column_score": 0.2198581560283688,
  "time_ms": 122
}