{
  "sum_of_pairs": 0.4936415111853708,
  "column_score": 0.023809523809523808,
  "time_ms": 119
}