{
  "sum_of_pairs": 0.7809653916211293,
  "column_score": 0.5737704918032787,
  "time_ms": 4
}