{
  "sum_of_pairs": 0.5617204301075269,
  "column_score": 0.24516129032258063,
  "time_ms": 78
}