{
  "sum_of_pairs": 0.38276246170983014,
  "column_score": 0.007936507936507936,
  "time_ms": 158
}