{
  "sum_of_pairs": 0.7550231795567617,
  "column_score": 0.084375,
  "time_ms": 3369
}