{
  "sum_of_pairs": 0.8322849564228875,
  "column_score": 0.6137931034482759,
  "time_ms": 63
}