{
  "sum_of_pairs": 0.8950013491635186,
  "column_score": 0.7270642201834863,
  "time_ms": 89
}