{
  "sum_of_pairs": 0.7505656108597285,
  "column_score": 0.41346153846153844,
  "time_ms": 1087
}