{
  "sum_of_pairs": 0.811898446381205,
  "column_score": 0.5241379310344828,
  "time_ms": 38
}