{
  "sum_of_pairs": 0.9124949124949125,
  "column_score": 0.7037037037037037,
  "time_ms": 26
}