{
  "sum_of_pairs": 0.5609771181199753,
  "column_score": 0.20816326530612245,
  "time_ms": 23
}