{
  "sum_of_pairs": 0.6062461348175634,
  "column_score": 0.22857142857142856,
  "time_ms": 66
}