{
  "sum_of_pairs": 0.9126835824809861,
  "column_score": 0.7723577235772358,
  "time_ms": 508
}