{
  "sum_of_pairs": 0.8088922571681192,
  "column_score": 0.0989010989010989,
  "time_ms": 105
}