{
  "sum_of_pairs": 0.5755980861244019,
  "column_score": 0.18421052631578946,
  "time_ms": 5
}