{
  "sum_of_pairs": 0.41167153996101363,
  "column_score": 0.11805555555555555,
  "time_ms": 152
}