{
  "sum_of_pairs": 0.5521531100478468,
  "column_score": 0.15789473684210525,
  "time_ms": 13
}