{
  "sum_of_pairs": 0.6180645161290322,
  "column_score": 0.3225806451612903,
  "time_ms": 23
}