{
  "sum_of_pairs": 0.4965995772447385,
  "column_score": 0.1693548387096774,
  "time_ms": 301
}