{
  "sum_of_pairs": 0.7804415422885572,
  "column_score": 0.11875,
  "time_ms": 2239
}