{
  "sum_of_pairs": 0.7194092827004219,
  "column_score": 0.44936708860759494,
  "time_ms": 22
}