{
  "sum_of_pairs": 0.7983940079528314,
  "column_score": 0.41346153846153844,
  "time_ms": 310
}