{
  "sum_of_pairs": 0.5643782740556934,
  "column_score": 0.1774193548387097,
  "time_ms": 416
}