{
  "sum_of_pairs": 0.9549339040298159,
  "column_score": 0.8020833333333334,
  "time_ms": 1794
}