{
  "sum_of_pairs": 0.7433837429111532,
  "column_score": 0.21739130434782608,
  "time_ms": 47
}