{
  "sum_of_pairs": 0.8807508094981111,
  "column_score": 0.6605504587155964,
  "time_ms": 150
}