{
  "sum_of_pairs": 0.8523006935640242,
  "column_score": 0.6886792452830188,
  "time_ms": 327
}