{
  "sum_of_pairs": 0.879469696969697,
  "column_score": 0.4431818181818182,
  "time_ms": 65
}