{
  "sum_of_pairs": 0.8043703423013768,
  "column_score": 0.0989010989010989,
  "time_ms": 630
}