{
  "sum_of_pairs": 0.6473835125448029,
  "column_score": 0.3225806451612903,
  "time_ms": 52
}