{
  "sum_of_pairs": 0.8053432282003711,
  "column_score": 0.5942857142857143,
  "time_ms": 177
}