{
  "sum_of_pairs": 0.3562832841188359,
  "column_score": 0.05124668740555283,
  "time_ms": 180
}