{
  "sum_of_pairs": 0.5066286799620133,
  "column_score": 0.2839506172839506,
  "time_ms": 113
}