{
  "sum_of_pairs": 0.32369597615499257,
  "column_score": 0.018442622950819672,
  "time_ms": 67
}