{
  "sum_of_pairs": 0.5860737995985796,
  "column_score": 0.2204724409448819,
  "time_ms": 73
}