{
  "sum_of_pairs": 0.6774268745478472,
  "column_score": 0.4661847580170086,
  "time_ms": 75
}