{
  "sum_of_pairs": 0.614181425555539,
  "column_score": 0.3765645534511821,
  "time_ms": 29
}