{
  "sum_of_pairs": 0.6912442396313364,
  "column_score": 0.4435483870967742,
  "time_ms": 6
}