{
  "sum_of_pairs": 0.7883239171374764,
  "column_score": 0.6892655367231638,
  "time_ms": 13
}