{
  "sum_of_pairs": 0.9113063407181055,
  "column_score": 0.5714285714285714,
  "time_ms": 218
}