{
  "sum_of_pairs": 0.695084485407066,
  "column_score": 0.5207373271889401,
  "time_ms": 3
}