{
  "sum_of_pairs": 0.8407643312101911,
  "column_score": 0.6751592356687898,
  "time_ms": 54
}