{
  "sum_of_pairs": 0.8243243243243243,
  "column_score": 0.7297297297297297,
  "time_ms": 3
}