{
  "sum_of_pairs": 0.7047979797979798,
  "column_score": 0.13333333333333333,
  "time_ms": 17
}