{
  "sum_of_pairs": 0.6810699588477366,
  "column_score": 0.25925925925925924,
  "time_ms": 3
}