{
  "sum_of_pairs": 0.6528315946348733,
  "column_score": 0.44672131147540983,
  "time_ms": 38
}