{
  "sum_of_pairs": 0.818359504406016,
  "column_score": 0.5813953488372093,
  "time_ms": 51
}