{
  "sum_of_pairs": 0.9257703081232493,
  "column_score": 0.6571428571428571,
  "time_ms": 190
}