{
  "sum_of_pairs": 0.5930182506887053,
  "column_score": 0.38636363636363635,
  "time_ms": 93
}