{
  "sum_of_pairs": 0.7411504424778761,
  "column_score": 0.5464601769911505,
  "time_ms": 67
}