{
  "sum_of_pairs": 0.7537671799966882,
  "column_score": 0.6110283159463488,
  "time_ms": 49
}