{
  "sum_of_pairs": 0.6909937888198758,
  "column_score": 0.5196687370600414,
  "time_ms": 56
}