{
  "sum_of_pairs": 0.7615914786967418,
  "column_score": 0.5197368421052632,
  "time_ms": 39
}