{
  "sum_of_pairs": 0.6057162534435262,
  "column_score": 0.38920454545454547,
  "time_ms": 107
}