{
  "sum_of_pairs": 0.7412935323383084,
  "column_score": 0.6567164179104478,
  "time_ms": 16
}