{
  "sum_of_pairs": 0.7107277967933706,
  "column_score": 0.501891551071879,
  "time_ms": 210
}