{
  "sum_of_pairs": 0.7814274128142741,
  "column_score": 0.44525547445255476,
  "time_ms": 8
}