{
  "sum_of_pairs": 0.755952972346415,
  "column_score": 0.6110283159463488,
  "time_ms": 99
}