{
  "sum_of_pairs": 0.2346774193548387,
  "column_score": 0.04233870967741935,
  "time_ms": 16
}