{
  "sum_of_pairs": 0.32116788321167883,
  "column_score": 0.1386861313868613,
  "time_ms": 5
}