{
  "sum_of_pairs": 0.23218390804597702,
  "column_score": 0.09310344827586207,
  "time_ms": 15
}