{
  "sum_of_pairs": 0.7559154096421177,
  "column_score": 0.6438923395445134,
  "time_ms": 51
}