{
  "sum_of_pairs": 0.692026825633383,
  "column_score": 0.5450819672131147,
  "time_ms": 19
}