{
  "sum_of_pairs": 0.8948412698412699,
  "column_score": 0.8452380952380952,
  "time_ms": 4
}