{
  "sum_of_pairs": 0.6234939759036144,
  "column_score": 0.5180722891566265,
  "time_ms": 2
}