{
  "sum_of_pairs": 0.7347290640394089,
  "column_score": 0.5492610837438424,
  "time_ms": 20
}