{
  "sum_of_pairs": 0.7070798054404612,
  "column_score": 0.4968474148802018,
  "time_ms": 33
}