{
  "sum_of_pairs": 0.615530303030303,
  "column_score": 0.39488636363636365,
  "time_ms": 56
}