{
  "sum_of_pairs": 0.7679292929292929,
  "column_score": 0.3333333333333333,
  "time_ms": 7
}