{
  "sum_of_pairs": 0.909013209013209,
  "column_score": 0.7282051282051282,
  "time_ms": 65
}