{
  "sum_of_pairs": 0.7624557014800917,
  "column_score": 0.4065040650406504,
  "time_ms": 83
}