{
  "sum_of_pairs": 0.8604970650680654,
  "column_score": 0.7388535031847133,
  "time_ms": 27
}