{
  "sum_of_pairs": 0.7393822393822393,
  "column_score": 0.43243243243243246,
  "time_ms": 2
}