{
  "sum_of_pairs": 0.6366732898098212,
  "column_score": 0.22509225092250923,
  "time_ms": 40
}