{
  "sum_of_pairs": 0.5767123287671233,
  "column_score": 0.3698630136986301,
  "time_ms": 8
}