{
  "sum_of_pairs": 0.6734186211798152,
  "column_score": 0.31343283582089554,
  "time_ms": 20
}