{
  "sum_of_pairs": 0.5235294117647059,
  "column_score": 0.35294117647058826,
  "time_ms": 4
}