{
  "sum_of_pairs": 0.6187518485655131,
  "column_score": 0.36645962732919257,
  "time_ms": 14
}