{
  "sum_of_pairs": 0.6840796019900498,
  "column_score": 0.3208955223880597,
  "time_ms": 9
}