{
  "sum_of_pairs": 0.9537684537684538,
  "column_score": 0.9025641025641026,
  "time_ms": 23
}