{
  "sum_of_pairs": 0.9483294483294483,
  "column_score": 0.8358974358974359,
  "time_ms": 126
}