{
  "sum_of_pairs": 0.5701219512195121,
  "column_score": 0.4451219512195122,
  "time_ms": 6
}