{
  "sum_of_pairs": 0.22126436781609196,
  "column_score": 0.10344827586206896,
  "time_ms": 4
}