{
  "sum_of_pairs": 0.7109589041095891,
  "column_score": 0.547945205479452,
  "time_ms": 15
}