{
  "sum_of_pairs": 0.6634304207119741,
  "column_score": 0.22815533980582525,
  "time_ms": 12
}