{
  "sum_of_pairs": 0.7972691265374192,
  "column_score": 0.3983739837398374,
  "time_ms": 129
}