{
  "sum_of_pairs": 0.4976958525345622,
  "column_score": 0.271889400921659,
  "time_ms": 3
}