{
  "sum_of_pairs": 0.8105461393596987,
  "column_score": 0.7062146892655368,
  "time_ms": 81
}