{
  "sum_of_pairs": 0.9272981920040744,
  "column_score": 0.6571428571428571,
  "time_ms": 107
}