{
  "sum_of_pairs": 0.7610441767068273,
  "column_score": 0.6987951807228916,
  "time_ms": 4
}