{
  "sum_of_pairs": 0.6535138248847926,
  "column_score": 0.3629032258064516,
  "time_ms": 24
}