{
  "sum_of_pairs": 0.6642947216717708,
  "column_score": 0.45901639344262296,
  "time_ms": 61
}