{
  "sum_of_pairs": 0.4024330900243309,
  "column_score": 0.1897810218978102,
  "time_ms": 5
}