{
  "sum_of_pairs": 0.5172764227642277,
  "column_score": 0.3719512195121951,
  "time_ms": 4
}