{
  "sum_of_pairs": 0.1867816091954023,
  "column_score": 0.09310344827586207,
  "time_ms": 7
}