{
  "sum_of_pairs": 0.6731391585760518,
  "column_score": 0.25728155339805825,
  "time_ms": 6
}