{
  "sum_of_pairs": 0.5764705882352941,
  "column_score": 0.4117647058823529,
  "time_ms": 4
}