{
  "sum_of_pairs": 0.9263050674815381,
  "column_score": 0.6571428571428571,
  "time_ms": 361
}