{
  "sum_of_pairs": 0.7023099850968704,
  "column_score": 0.5450819672131147,
  "time_ms": 42
}