{
  "sum_of_pairs": 0.6856372409877944,
  "column_score": 0.2988929889298893,
  "time_ms": 24
}