{
  "sum_of_pairs": 0.7410699919549477,
  "column_score": 0.5508849557522124,
  "time_ms": 29
}