{
  "sum_of_pairs": 0.27076612903225805,
  "column_score": 0.04435483870967742,
  "time_ms": 10
}