{
  "sum_of_pairs": 0.8041144901610018,
  "column_score": 0.5348837209302325,
  "time_ms": 117
}