{
  "sum_of_pairs": 0.6239583333333333,
  "column_score": 0.3958333333333333,
  "time_ms": 10
}