{
  "sum_of_pairs": 0.8382819794584501,
  "column_score": 0.6302521008403361,
  "time_ms": 53
}