{
  "sum_of_pairs": 0.7050125313283208,
  "column_score": 0.40789473684210525,
  "time_ms": 28
}