{
  "sum_of_pairs": 0.8204134366925064,
  "column_score": 0.5813953488372093,
  "time_ms": 3
}