{
  "sum_of_pairs": 0.7471901804199941,
  "column_score": 0.6231884057971014,
  "time_ms": 20
}