{
  "sum_of_pairs": 0.6249111584932481,
  "column_score": 0.23507462686567165,
  "time_ms": 24
}