{
  "sum_of_pairs": 0.6410256410256411,
  "column_score": 0.41025641025641024,
  "time_ms": 0
}