{
  "sum_of_pairs": 0.7172048352376221,
  "column_score": 0.5275707898658718,
  "time_ms": 77
}