{
  "sum_of_pairs": 0.8257470350493606,
  "column_score": 0.627906976744186,
  "time_ms": 215
}