{
  "sum_of_pairs": 0.8570001248907206,
  "column_score": 0.732484076433121,
  "time_ms": 66
}