{
  "sum_of_pairs": 0.7311507936507936,
  "column_score": 0.6130952380952381,
  "time_ms": 3
}