{
  "sum_of_pairs": 0.8211442786069652,
  "column_score": 0.7567164179104477,
  "time_ms": 9
}