{
  "sum_of_pairs": 0.42373247836389416,
  "column_score": 0.017799682293193467,
  "time_ms": 2205
}