{
  "sum_of_pairs": 0.4237324783638942,
  "column_score": 0.017799682293193467,
  "time_ms": 1232
}