{
  "sum_of_pairs": 0.3947307766612985,
  "column_score": 0.008842788096573243,
  "time_ms": 981
}