{
  "sum_of_pairs": 0.4292596650837712,
  "column_score": 0.017799682293193467,
  "time_ms": 489
}