{
  "sum_of_pairs": 0.7890246427486065,
  "column_score": 0.3134920634920635,
  "time_ms": 1641
}