{
  "sum_of_pairs": 0.5769708552317248,
  "column_score": 0.08791208791208792,
  "time_ms": 4747
}