{
  "sum_of_pairs": 0.7419589542877214,
  "column_score": 0.0958904109589041,
  "time_ms": 782
}