{
  "sum_of_pairs": 0.546030139451192,
  "column_score": 0.011695906432748537,
  "time_ms": 738
}