{
  "sum_of_pairs": 0.7415552484045634,
  "column_score": 0.0958904109589041,
  "time_ms": 3809
}