{
  "sum_of_pairs": 0.8076596245817347,
  "column_score": 0.14197842716091089,
  "time_ms": 497
}