{
  "sum_of_pairs": 0.8058136669750458,
  "column_score": 0.12957410595354735,
  "time_ms": 2005
}