{
  "sum_of_pairs": 0.9472018693344606,
  "column_score": 0.37748344370860926,
  "time_ms": 1592
}