{
  "sum_of_pairs": 0.9425148200718043,
  "column_score": 0.211864406779661,
  "time_ms": 477
}