{
  "sum_of_pairs": 0.9479015481373972,
  "column_score": 0.2569444444444444,
  "time_ms": 900
}