{
  "sum_of_pairs": 0.754004329004329,
  "column_score": 0.29545454545454547,
  "time_ms": 31
}