{
  "sum_of_pairs": 0.8495238095238096,
  "column_score": 0.12380952380952381,
  "time_ms": 290
}