{
  "sum_of_pairs": 0.7629481099857541,
  "column_score": 0.0967741935483871,
  "time_ms": 2118
}