{
  "sum_of_pairs": 0.9512679406547331,
  "column_score": 0.2986111111111111,
  "time_ms": 401
}