{
  "sum_of_pairs": 0.9359062850729517,
  "column_score": 0.09166666666666666,
  "time_ms": 3457
}