{
  "sum_of_pairs": 0.9670000188868113,
  "column_score": 0.40540540540540543,
  "time_ms": 1015
}