{
  "sum_of_pairs": 0.944477713587901,
  "column_score": 0.3443708609271523,
  "time_ms": 1069
}