{
  "sum_of_pairs": 0.850212536992198,
  "column_score": 0.12380952380952381,
  "time_ms": 770
}