{
  "sum_of_pairs": 0.9273905723905724,
  "column_score": 0.09166666666666666,
  "time_ms": 1309
}