{
  "sum_of_pairs": 0.805533375918237,
  "column_score": 0.11386138613861387,
  "time_ms": 603
}