{
  "sum_of_pairs": 0.8450035186488388,
  "column_score": 0.30357142857142855,
  "time_ms": 310
}