{
  "sum_of_pairs": 0.8454613935969868,
  "column_score": 0.11428571428571428,
  "time_ms": 654
}