{
  "sum_of_pairs": 0.919764927017143,
  "column_score": 0.19004524886877827,
  "time_ms": 6322
}