{
  "sum_of_pairs": 0.7861471861471861,
  "column_score": 0.3409090909090909,
  "time_ms": 16
}