{
  "sum_of_pairs": 0.926638608305275,
  "column_score": 0.08333333333333333,
  "time_ms": 2270
}