{
  "sum_of_pairs": 0.9181583492622977,
  "column_score": 0.19004524886877827,
  "time_ms": 1490
}