{
  "sum_of_pairs": 0.7550201978806862,
  "column_score": 0.03225806451612903,
  "time_ms": 950
}