{
  "sum_of_pairs": 0.9787502351322186,
  "column_score": 0.5277777777777778,
  "time_ms": 3693
}