{
  "sum_of_pairs": 0.9029567307692308,
  "column_score": 0.21666666666666667,
  "time_ms": 1020
}