{
  "sum_of_pairs": 0.8531843771991555,
  "column_score": 0.30357142857142855,
  "time_ms": 762
}