{
  "sum_of_pairs": 0.838498789346247,
  "column_score": 0.31186440677966104,
  "time_ms": 601
}