{
  "sum_of_pairs": 0.9202943103023683,
  "column_score": 0.19004524886877827,
  "time_ms": 3585
}