{
  "sum_of_pairs": 0.8707236297400232,
  "column_score": 0.030303030303030304,
  "time_ms": 157
}