{
  "sum_of_pairs": 0.9252295684113866,
  "column_score": 0.07954545454545454,
  "time_ms": 724
}