{
  "sum_of_pairs": 0.7609234432019983,
  "column_score": 0.04032258064516129,
  "time_ms": 521
}