{
  "sum_of_pairs": 0.9050080360012858,
  "column_score": 0.3114754098360656,
  "time_ms": 648
}