{
  "sum_of_pairs": 0.8698294419605895,
  "column_score": 0.030303030303030304,
  "time_ms": 336
}