{
  "sum_of_pairs": 0.9748903541338719,
  "column_score": 0.5138888888888888,
  "time_ms": 4087
}