{
  "sum_of_pairs": 0.7953463203463204,
  "column_score": 0.3409090909090909,
  "time_ms": 36
}