{
  "sum_of_pairs": 0.8161130629191952,
  "column_score": 0.12376237623762376,
  "time_ms": 277
}