{
  "sum_of_pairs": 0.9393696581196581,
  "column_score": 0.2638888888888889,
  "time_ms": 1286
}