{
  "sum_of_pairs": 0.8963762991535412,
  "column_score": 0.26229508196721313,
  "time_ms": 583
}