{
  "sum_of_pairs": 0.8397595391166403,
  "column_score": 0.3423728813559322,
  "time_ms": 2187
}