{
  "sum_of_pairs": 0.9289530446324872,
  "column_score": 0.17142857142857143,
  "time_ms": 241
}