{
  "sum_of_pairs": 0.9413459129999165,
  "column_score": 0.19491525423728814,
  "time_ms": 205
}