{
  "sum_of_pairs": 0.9261631466176921,
  "column_score": 0.08333333333333333,
  "time_ms": 1812
}