{
  "sum_of_pairs": 0.8071547599849487,
  "column_score": 0.46226415094339623,
  "time_ms": 114
}