{
  "sum_of_pairs": 0.8533212560386474,
  "column_score": 0.5362318840579711,
  "time_ms": 57
}