{
  "sum_of_pairs": 0.25451540293640396,
  "column_score": 0.08327539576936,
  "time_ms": 11
}