{
  "sum_of_pairs": 0.24971198156682028,
  "column_score": 0.12096774193548387,
  "time_ms": 7
}