{
  "sum_of_pairs": 0.3704819277108434,
  "column_score": 0.4397590361445783,
  "time_ms": 2
}