{
  "sum_of_pairs": 0.07688136401812276,
  "column_score": 0.002457573727211816,
  "time_ms": 6
}