{
  "sum_of_pairs": 0.11215403128760529,
  "column_score": 0.01444043321299639,
  "time_ms": 10
}