{
  "sum_of_pairs": 0.7182803415276773,
  "column_score": 0.3498190368596614,
  "time_ms": 1069
}