{
  "sum_of_pairs": 0.7155792166767221,
  "column_score": 0.33865177470202357,
  "time_ms": 1876
}