{
  "sum_of_pairs": 0.7114687779448584,
  "column_score": 0.33799222778154375,
  "time_ms": 2140
}