{
  "sum_of_pairs": 0.8696723067037909,
  "column_score": 0.5384615384615384,
  "time_ms": 3943
}