{
  "sum_of_pairs": 0.6402257872846108,
  "column_score": 0.11363636363636363,
  "time_ms": 57
}