{
  "sum_of_pairs": 0.3463945578231293,
  "column_score": 0.05714285714285714,
  "time_ms": 24
}