{
  "sum_of_pairs": 0.8319064984855012,
  "column_score": 0.5674603174603174,
  "time_ms": 3142
}