{
  "sum_of_pairs": 0.8789080350342726,
  "column_score": 0.7326732673267327,
  "time_ms": 795
}