{
  "sum_of_pairs": 0.34805194805194806,
  "column_score": 0.09090909090909091,
  "time_ms": 95
}