{
  "sum_of_pairs": 0.9478939724037764,
  "column_score": 0.8088235294117647,
  "time_ms": 1408
}