{
  "sum_of_pairs": 0.6859082094376212,
  "column_score": 0.27601809954751133,
  "time_ms": 411
}