{
  "sum_of_pairs": 0.8995753119061389,
  "column_score": 0.38866396761133604,
  "time_ms": 2109
}