{
  "sum_of_pairs": 0.8775752094440213,
  "column_score": 0.6732673267326733,
  "time_ms": 1458
}