{
  "sum_of_pairs": 0.8123246616397302,
  "column_score": 0.11643835616438356,
  "time_ms": 3229
}