{
  "sum_of_pairs": 0.3358730158730159,
  "column_score": 0.09523809523809523,
  "time_ms": 50
}