{
  "sum_of_pairs": 0.6564171122994652,
  "column_score": 0.11363636363636363,
  "time_ms": 63
}