{
  "sum_of_pairs": 0.8460937558681919,
  "column_score": 0.4065934065934066,
  "time_ms": 1589
}