{
  "sum_of_pairs": 0.7785723168760105,
  "column_score": 0.36470588235294116,
  "time_ms": 340
}