{
  "sum_of_pairs": 0.8316401671125003,
  "column_score": 0.5674603174603174,
  "time_ms": 4764
}