{
  "sum_of_pairs": 0.8237629037629037,
  "column_score": 0.17142857142857143,
  "time_ms": 361
}