{
  "sum_of_pairs": 0.7797300738477209,
  "column_score": 0.44155844155844154,
  "time_ms": 304
}