{
  "sum_of_pairs": 0.8742011413244289,
  "column_score": 0.4589041095890411,
  "time_ms": 2830
}