{
  "sum_of_pairs": 0.7753084704956362,
  "column_score": 0.45454545454545453,
  "time_ms": 247
}