{
  "sum_of_pairs": 0.7586748349491464,
  "column_score": 0.4260869565217391,
  "time_ms": 2594
}