{
  "sum_of_pairs": 0.7551323380717302,
  "column_score": 0.4260869565217391,
  "time_ms": 5583
}