{
  "sum_of_pairs": 0.9704810182514453,
  "column_score": 0.6504854368932039,
  "time_ms": 5640
}