{
  "sum_of_pairs": 0.656222388930566,
  "column_score": 0.41472868217054265,
  "time_ms": 410
}