{
  "sum_of_pairs": 0.5090109995103367,
  "column_score": 0.03225806451612903,
  "time_ms": 183
}