{
  "sum_of_pairs": 0.8243533442163107,
  "column_score": 0.5478260869565217,
  "time_ms": 1720
}