{
  "sum_of_pairs": 0.887304836252856,
  "column_score": 0.8514851485148515,
  "time_ms": 1680
}