{
  "sum_of_pairs": 0.40606060606060607,
  "column_score": 0.11363636363636363,
  "time_ms": 37
}