{
  "sum_of_pairs": 0.8692439494538445,
  "column_score": 0.5384615384615384,
  "time_ms": 7052
}