{
  "sum_of_pairs": 0.9727517091551803,
  "column_score": 0.6504854368932039,
  "time_ms": 5401
}