{
  "sum_of_pairs": 0.8747987172644707,
  "column_score": 0.4794520547945205,
  "time_ms": 1477
}