{
  "sum_of_pairs": 0.672810333963453,
  "column_score": 0.391304347826087,
  "time_ms": 21
}