{
  "sum_of_pairs": 0.5490430622009569,
  "column_score": 0.2727272727272727,
  "time_ms": 17
}