{
  "sum_of_pairs": 0.779542345479418,
  "column_score": 0.3176470588235294,
  "time_ms": 276
}