{
  "sum_of_pairs": 0.7584369238089573,
  "column_score": 0.4260869565217391,
  "time_ms": 4887
}