{
  "sum_of_pairs": 0.8812108843537415,
  "column_score": 0.6708333333333333,
  "time_ms": 1119
}