{
  "sum_of_pairs": 0.7771836007130125,
  "column_score": 0.4805194805194805,
  "time_ms": 132
}