{
  "sum_of_pairs": 0.8399382572314903,
  "column_score": 0.37362637362637363,
  "time_ms": 771
}