{
  "sum_of_pairs": 0.8217874140666314,
  "column_score": 0.5478260869565217,
  "time_ms": 1504
}