{
  "sum_of_pairs": 0.6847231200172377,
  "column_score": 0.27601809954751133,
  "time_ms": 712
}