{
  "sum_of_pairs": 0.9734221766720264,
  "column_score": 0.6504854368932039,
  "time_ms": 3649
}