{
  "sum_of_pairs": 0.8592335700281727,
  "column_score": 0.5164835164835165,
  "time_ms": 8120
}