{
  "sum_of_pairs": 0.8347668473378551,
  "column_score": 0.5674603174603174,
  "time_ms": 6570
}