{
  "sum_of_pairs": 0.8393110648749746,
  "column_score": 0.3626373626373626,
  "time_ms": 1484
}