{
  "sum_of_pairs": 0.4661293109183665,
  "column_score": 0.11449105717280936,
  "time_ms": 113
}