{
  "sum_of_pairs": 0.48025003511729175,
  "column_score": 0.13274336283185842,
  "time_ms": 117
}