{
  "sum_of_pairs": 0.710042690545606,
  "column_score": 0.21428571428571427,
  "time_ms": 290
}