{
  "sum_of_pairs": 0.6048657718120806,
  "column_score": 0.2214765100671141,
  "time_ms": 16
}