{
  "sum_of_pairs": 0.5156855439642325,
  "column_score": 0.2028688524590164,
  "time_ms": 42
}