{
  "sum_of_pairs": 0.6740403574484919,
  "column_score": 0.24869185183760759,
  "time_ms": 1496
}