{
  "sum_of_pairs": 0.5620151055235546,
  "column_score": 0.16279069767441862,
  "time_ms": 1525
}