{
  "sum_of_pairs": 0.8597541888396462,
  "column_score": 0.42857142857142855,
  "time_ms": 5758
}