{
  "sum_of_pairs": 0.7021378621378621,
  "column_score": 0.14285714285714285,
  "time_ms": 266
}