{
  "sum_of_pairs": 0.6370092523130783,
  "column_score": 0.313953488372093,
  "time_ms": 162
}