{
  "sum_of_pairs": 0.8436690784463061,
  "column_score": 0.44554455445544555,
  "time_ms": 1226
}