{
  "sum_of_pairs": 0.812921768707483,
  "column_score": 0.5583333333333333,
  "time_ms": 480
}