{
  "sum_of_pairs": 0.751939570570392,
  "column_score": 0.41739130434782606,
  "time_ms": 2100
}