{
  "sum_of_pairs": 0.6329598506069094,
  "column_score": 0.18099547511312217,
  "time_ms": 532
}