{
  "sum_of_pairs": 0.6913211565617983,
  "column_score": 0.2857142857142857,
  "time_ms": 179
}