{
  "sum_of_pairs": 0.3770521541950113,
  "column_score": 0.12380952380952381,
  "time_ms": 21
}