{
  "sum_of_pairs": 0.8450243622240255,
  "column_score": 0.5317460317460317,
  "time_ms": 3600
}