{
  "sum_of_pairs": 0.6208552138034509,
  "column_score": 0.29069767441860467,
  "time_ms": 303
}