{
  "sum_of_pairs": 0.9380484945933009,
  "column_score": 0.5631067961165048,
  "time_ms": 5143
}