{
  "sum_of_pairs": 0.7498768809849521,
  "column_score": 0.33043478260869563,
  "time_ms": 4007
}