{
  "sum_of_pairs": 0.5819047619047619,
  "column_score": 0.26666666666666666,
  "time_ms": 158
}