{
  "sum_of_pairs": 0.5605643060302589,
  "column_score": 0.16279069767441862,
  "time_ms": 2643
}