{
  "sum_of_pairs": 0.8789771871963653,
  "column_score": 0.5205479452054794,
  "time_ms": 1192
}