{
  "sum_of_pairs": 0.8462823686214775,
  "column_score": 0.5148514851485149,
  "time_ms": 631
}