{
  "sum_of_pairs": 0.891332727422953,
  "column_score": 0.2631578947368421,
  "time_ms": 713
}