{
  "sum_of_pairs": 0.9416816000392768,
  "column_score": 0.6116504854368932,
  "time_ms": 2662
}