{
  "sum_of_pairs": 0.5682802488691011,
  "column_score": 0.17857142857142858,
  "time_ms": 3290
}