{
  "sum_of_pairs": 0.5640225787284611,
  "column_score": 0.06818181818181818,
  "time_ms": 22
}