{
  "sum_of_pairs": 0.8464353340747197,
  "column_score": 0.5396825396825397,
  "time_ms": 2404
}