{
  "sum_of_pairs": 0.5662681764344935,
  "column_score": 0.10714285714285714,
  "time_ms": 5616
}