{
  "sum_of_pairs": 0.7296484491757295,
  "column_score": 0.28695652173913044,
  "time_ms": 953
}