{
  "sum_of_pairs": 0.9227901484480432,
  "column_score": 0.7660818713450293,
  "time_ms": 968
}