{
  "sum_of_pairs": 0.8616191904047976,
  "column_score": 0.4945054945054945,
  "time_ms": 2858
}