{
  "sum_of_pairs": 0.767938828089204,
  "column_score": 0.10989010989010989,
  "time_ms": 1085
}