{
  "sum_of_pairs": 0.7760247271525467,
  "column_score": 0.10989010989010989,
  "time_ms": 589
}