{
  "sum_of_pairs": 0.7035897435897436,
  "column_score": 0.17142857142857143,
  "time_ms": 145
}