{
  "sum_of_pairs": 0.6980848153214775,
  "column_score": 0.25882352941176473,
  "time_ms": 118
}