{
  "sum_of_pairs": 0.7692356572258533,
  "column_score": 0.16176470588235295,
  "time_ms": 1035
}