{
  "sum_of_pairs": 0.888754854168388,
  "column_score": 0.2591093117408907,
  "time_ms": 1392
}