{
  "sum_of_pairs": 0.923158457040036,
  "column_score": 0.7777777777777778,
  "time_ms": 540
}