{
  "sum_of_pairs": 0.32186147186147185,
  "column_score": 0.13636363636363635,
  "time_ms": 33
}