{
  "sum_of_pairs": 0.7489848798585658,
  "column_score": 0.05916235588939481,
  "time_ms": 416
}