{
  "sum_of_pairs": 0.7259330383234532,
  "column_score": 0.15593220338983052,
  "time_ms": 435
}