{
  "sum_of_pairs": 0.9443686868686869,
  "column_score": 0.24166666666666667,
  "time_ms": 802
}