{
  "sum_of_pairs": 0.9385028624415417,
  "column_score": 0.13194444444444445,
  "time_ms": 396
}