{
  "sum_of_pairs": 0.8440420835094641,
  "column_score": 0.09933774834437085,
  "time_ms": 488
}