{
  "sum_of_pairs": 0.8743007430909243,
  "column_score": 0.06779661016949153,
  "time_ms": 110
}