{
  "sum_of_pairs": 0.9615162810498282,
  "column_score": 0.4166666666666667,
  "time_ms": 1803
}