{
  "sum_of_pairs": 0.7632345895879911,
  "column_score": 0.0297029702970297,
  "time_ms": 207
}