{
  "sum_of_pairs": 0.8138285024154589,
  "column_score": 0.32608695652173914,
  "time_ms": 25
}