{
  "sum_of_pairs": 0.8988063859423551,
  "column_score": 0.2459016393442623,
  "time_ms": 244
}