{
  "sum_of_pairs": 0.8062385929981749,
  "column_score": 0.11428571428571428,
  "time_ms": 79
}