{
  "sum_of_pairs": 0.9316804407713498,
  "column_score": 0.23484848484848486,
  "time_ms": 756
}