{
  "sum_of_pairs": 0.9441233686516706,
  "column_score": 0.23648648648648649,
  "time_ms": 400
}