{
  "sum_of_pairs": 0.384174913340528,
  "column_score": 0.07076852604911359,
  "time_ms": 167
}