{
  "sum_of_pairs": 0.5740066876475216,
  "column_score": 0.12195121951219512,
  "time_ms": 160
}