{
  "sum_of_pairs": 0.4784047370254267,
  "column_score": 0.27586206896551724,
  "time_ms": 76
}