{
  "sum_of_pairs": 0.5737526840975117,
  "column_score": 0.08791208791208792,
  "time_ms": 131
}