{
  "sum_of_pairs": 0.21934156378600822,
  "column_score": 0.08024691358024691,
  "time_ms": 56
}