{
  "sum_of_pairs": 0.46491590846429554,
  "column_score": 0.13709677419354838,
  "time_ms": 186
}