{
  "sum_of_pairs": 0.3243010752688172,
  "column_score": 0.08064516129032258,
  "time_ms": 48
}