{
  "sum_of_pairs": 0.6305291723202171,
  "column_score": 0.065625,
  "time_ms": 2304
}