{
  "sum_of_pairs": 0.47821396020794144,
  "column_score": 0.12879011985142977,
  "time_ms": 249
}