{
  "sum_of_pairs": 0.3728395061728395,
  "column_score": 0.17901234567901234,
  "time_ms": 27
}