{
  "sum_of_pairs": 0.7079196665403562,
  "column_score": 0.4206896551724138,
  "time_ms": 33
}