{
  "sum_of_pairs": 0.6282745825602969,
  "column_score": 0.13142857142857142,
  "time_ms": 93
}