{
  "sum_of_pairs": 0.8688464851255548,
  "column_score": 0.38372093023255816,
  "time_ms": 189
}