{
  "sum_of_pairs": 0.5807005494505495,
  "column_score": 0.07692307692307693,
  "time_ms": 103
}