{
  "sum_of_pairs": 0.34829931972789113,
  "column_score": 0.024489795918367346,
  "time_ms": 41
}