{
  "sum_of_pairs": 0.8332130832130832,
  "column_score": 0.09090909090909091,
  "time_ms": 270
}