{
  "sum_of_pairs": 0.6529535864978903,
  "column_score": 0.4873417721518987,
  "time_ms": 29
}