{
  "sum_of_pairs": 0.6302410901467506,
  "column_score": 0.22916666666666666,
  "time_ms": 1066
}