{
  "sum_of_pairs": 0.7411645825438928,
  "column_score": 0.37362637362637363,
  "time_ms": 173
}