{
  "sum_of_pairs": 0.3406855987501149,
  "column_score": 0.04838709677419355,
  "time_ms": 345
}