{
  "sum_of_pairs": 0.6293181818181818,
  "column_score": 0.23295454545454544,
  "time_ms": 109
}