{
  "sum_of_pairs": 0.6312695924764891,
  "column_score": 0.3563218390804598,
  "time_ms": 50
}