{
  "sum_of_pairs": 0.7902725310307609,
  "column_score": 0.45642201834862384,
  "time_ms": 150
}