{
  "sum_of_pairs": 0.7603067088904527,
  "column_score": 0.06547619047619048,
  "time_ms": 226
}