{
  "sum_of_pairs": 0.5600716845878136,
  "column_score": 0.035483870967741936,
  "time_ms": 45
}