{
  "sum_of_pairs": 0.6530315459765829,
  "column_score": 0.39308176100628933,
  "time_ms": 356
}