{
  "sum_of_pairs": 0.3499155643118491,
  "column_score": 0.10526315789473684,
  "time_ms": 183
}