{
  "sum_of_pairs": 0.3269544577955793,
  "column_score": 0.028037383177570093,
  "time_ms": 442
}