{
  "sum_of_pairs": 0.4224431818181818,
  "column_score": 0.01875,
  "time_ms": 2041
}