{
  "sum_of_pairs": 0.7122180697613427,
  "column_score": 0.35772357723577236,
  "time_ms": 186
}