{
  "sum_of_pairs": 0.7641165755919854,
  "column_score": 0.5573770491803278,
  "time_ms": 8
}