{
  "sum_of_pairs": 0.6332358292099862,
  "column_score": 0.18117231555852292,
  "time_ms": 309
}