{
  "sum_of_pairs": 0.6441847742661686,
  "column_score": 0.1894251993026509,
  "time_ms": 180
}