{
  "sum_of_pairs": 0.5272865792533783,
  "column_score": 0.09202453987730061,
  "time_ms": 88
}