{
  "sum_of_pairs": 0.5489795100044108,
  "column_score": 0.09202453987730061,
  "time_ms": 50
}