{
  "sum_of_pairs": 0.5373788453434472,
  "column_score": 0.18584070796460178,
  "time_ms": 276
}