{
  "sum_of_pairs": 0.7115884345909674,
  "column_score": 0.18811881188118812,
  "time_ms": 701
}