{
  "sum_of_pairs": 0.8238494377342774,
  "column_score": 0.21428571428571427,
  "time_ms": 503
}