{
  "sum_of_pairs": 0.7254516286531353,
  "column_score": 0.2222222222222222,
  "time_ms": 1295
}