{
  "sum_of_pairs": 0.7966136585867943,
  "column_score": 0.4566929133858268,
  "time_ms": 36
}