{
  "sum_of_pairs": 0.7233424339111652,
  "column_score": 0.22772277227722773,
  "time_ms": 393
}