{
  "sum_of_pairs": 0.7965107302763625,
  "column_score": 0.4566929133858268,
  "time_ms": 58
}