{
  "sum_of_pairs": 0.7638064688585939,
  "column_score": 0.3674418604651163,
  "time_ms": 206
}