{
  "sum_of_pairs": 0.6939269746646796,
  "column_score": 0.09836065573770492,
  "time_ms": 56
}