{
  "sum_of_pairs": 0.8543997017151379,
  "column_score": 0.5469798657718121,
  "time_ms": 14
}