{
  "sum_of_pairs": 0.7549852980486501,
  "column_score": 0.34418604651162793,
  "time_ms": 356
}