{
  "sum_of_pairs": 0.828392990305742,
  "column_score": 0.5167785234899329,
  "time_ms": 54
}