{
  "sum_of_pairs": 0.7772079772079772,
  "column_score": 0.5925925925925926,
  "time_ms": 64
}