{
  "sum_of_pairs": 0.5445146790279534,
  "column_score": 0.18584070796460178,
  "time_ms": 155
}