{
  "sum_of_pairs": 0.4778918927793007,
  "column_score": 0.1105409393852787,
  "time_ms": 96
}