{
  "sum_of_pairs": 0.6417094017094017,
  "column_score": 0.4074074074074074,
  "time_ms": 40
}