{
  "sum_of_pairs": 0.2833714262801235,
  "column_score": 0.08588957055214724,
  "time_ms": 26
}