{
  "sum_of_pairs": 0.48218850962213794,
  "column_score": 0.13274336283185842,
  "time_ms": 87
}