{
  "sum_of_pairs": 0.6248263084761464,
  "column_score": 0.2755905511811024,
  "time_ms": 25
}