{
  "sum_of_pairs": 0.7096695821185617,
  "column_score": 0.21428571428571427,
  "time_ms": 262
}