{
  "sum_of_pairs": 0.6952309985096871,
  "column_score": 0.14754098360655737,
  "time_ms": 26
}