{
  "sum_of_pairs": 0.7164618723208237,
  "column_score": 0.3089410737948942,
  "time_ms": 251
}