{
  "sum_of_pairs": 0.7054148294550869,
  "column_score": 0.30525315548693466,
  "time_ms": 531
}