{
  "sum_of_pairs": 0.7613421550094518,
  "column_score": 0.45652173913043476,
  "time_ms": 58
}