{
  "sum_of_pairs": 0.8716635745207174,
  "column_score": 0.6285714285714286,
  "time_ms": 109
}