{
  "sum_of_pairs": 0.8639705882352942,
  "column_score": 0.49038461538461536,
  "time_ms": 834
}