{
  "sum_of_pairs": 0.9344729344729344,
  "column_score": 0.7407407407407407,
  "time_ms": 18
}