{
  "sum_of_pairs": 0.9605244001863499,
  "column_score": 0.71875,
  "time_ms": 1445
}