{
  "sum_of_pairs": 0.8732962275819419,
  "column_score": 0.6457142857142857,
  "time_ms": 145
}