{
  "sum_of_pairs": 0.8795155993431856,
  "column_score": 0.07142857142857142,
  "time_ms": 209
}