{
  "sum_of_pairs": 0.9945887445887446,
  "column_score": 0.9242424242424242,
  "time_ms": 271
}