{
  "sum_of_pairs": 0.8634996395455788,
  "column_score": 0.7232704402515723,
  "time_ms": 385
}