{
  "sum_of_pairs": 0.6482080870625763,
  "column_score": 0.32894736842105265,
  "time_ms": 150
}