{
  "sum_of_pairs": 0.518765175164759,
  "column_score": 0.08602150537634409,
  "time_ms": 227
}