{
  "sum_of_pairs": 0.7161692263112142,
  "column_score": 0.20588235294117646,
  "time_ms": 184
}