{
  "sum_of_pairs": 0.8526892109500805,
  "column_score": 0.3333333333333333,
  "time_ms": 402
}