{
  "sum_of_pairs": 0.8745886466474702,
  "column_score": 0.5048076923076923,
  "time_ms": 1033
}