{
  "sum_of_pairs": 0.629004329004329,
  "column_score": 0.19183673469387755,
  "time_ms": 52
}