{
  "sum_of_pairs": 0.6415470494417863,
  "column_score": 0.32894736842105265,
  "time_ms": 361
}