{
  "sum_of_pairs": 0.6291898577612863,
  "column_score": 0.1673469387755102,
  "time_ms": 55
}