{
  "sum_of_pairs": 0.9336589336589337,
  "column_score": 0.7037037037037037,
  "time_ms": 42
}