{
  "sum_of_pairs": 0.5621345029239766,
  "column_score": 0.18055555555555555,
  "time_ms": 73
}