{
  "sum_of_pairs": 0.9915192473332008,
  "column_score": 0.9069767441860465,
  "time_ms": 234
}