{
  "sum_of_pairs": 0.7127281947261663,
  "column_score": 0.20588235294117646,
  "time_ms": 410
}