{
  "sum_of_pairs": 0.8813186813186813,
  "column_score": 0.7034482758620689,
  "time_ms": 40
}