{
  "sum_of_pairs": 0.7032348804500703,
  "column_score": 0.4810126582278481,
  "time_ms": 25
}