{
  "sum_of_pairs": 0.5915586802683577,
  "column_score": 0.1774193548387097,
  "time_ms": 649
}