{
  "sum_of_pairs": 0.5874408242829295,
  "column_score": 0.18253968253968253,
  "time_ms": 76
}