{
  "sum_of_pairs": 0.5901341788438562,
  "column_score": 0.1774193548387097,
  "time_ms": 634
}