{
  "sum_of_pairs": 0.7660658307210031,
  "column_score": 0.5919540229885057,
  "time_ms": 64
}