{
  "sum_of_pairs": 0.7206399437412095,
  "column_score": 0.5443037974683544,
  "time_ms": 30
}