{
  "sum_of_pairs": 0.6466600994464772,
  "column_score": 0.32894736842105265,
  "time_ms": 285
}