{
  "sum_of_pairs": 0.5165888130315007,
  "column_score": 0.21212121212121213,
  "time_ms": 69
}