{
  "sum_of_pairs": 0.9109511178476696,
  "column_score": 0.7862068965517242,
  "time_ms": 33
}