{
  "sum_of_pairs": 0.7133801796580701,
  "column_score": 0.19117647058823528,
  "time_ms": 314
}