{
  "sum_of_pairs": 0.47623382534625136,
  "column_score": 0.1952662721893491,
  "time_ms": 47
}