{
  "sum_of_pairs": 0.8791142145292421,
  "column_score": 0.5772357723577236,
  "time_ms": 242
}