{
  "sum_of_pairs": 0.6370370370370371,
  "column_score": 0.3950617283950617,
  "time_ms": 41
}