{
  "sum_of_pairs": 0.766805990943922,
  "column_score": 0.5660919540229885,
  "time_ms": 71
}