{
  "sum_of_pairs": 0.8854986431478968,
  "column_score": 0.44375,
  "time_ms": 1683
}