{
  "sum_of_pairs": 0.7820010449320794,
  "column_score": 0.5919540229885057,
  "time_ms": 50
}