{
  "sum_of_pairs": 0.8664081338404555,
  "column_score": 0.7327044025157232,
  "time_ms": 219
}