{
  "sum_of_pairs": 0.8979152005629838,
  "column_score": 0.14285714285714285,
  "time_ms": 250
}