{
  "sum_of_pairs": 0.8771799628942486,
  "column_score": 0.6457142857142857,
  "time_ms": 54
}