{
  "sum_of_pairs": 0.7885754092650644,
  "column_score": 0.5344827586206896,
  "time_ms": 74
}