{
  "sum_of_pairs": 0.7247244481287034,
  "column_score": 0.07092198581560284,
  "time_ms": 168
}