{
  "sum_of_pairs": 0.694238683127572,
  "column_score": 0.43209876543209874,
  "time_ms": 35
}