{
  "sum_of_pairs": 0.8849417684305744,
  "column_score": 0.434375,
  "time_ms": 3492
}