{
  "sum_of_pairs": 0.4917094739579947,
  "column_score": 0.21301775147928995,
  "time_ms": 27
}