{
  "sum_of_pairs": 0.7171296296296297,
  "column_score": 0.21666666666666667,
  "time_ms": 6
}