{
  "sum_of_pairs": 0.750945179584121,
  "column_score": 0.45652173913043476,
  "time_ms": 44
}