{
  "sum_of_pairs": 0.7847439916405433,
  "column_score": 0.49712643678160917,
  "time_ms": 102
}