{
  "sum_of_pairs": 0.8833714520290875,
  "column_score": 0.07738095238095238,
  "time_ms": 100
}