{
  "sum_of_pairs": 0.886771451699946,
  "column_score": 0.6926605504587156,
  "time_ms": 237
}