{
  "sum_of_pairs": 0.891594711279007,
  "column_score": 0.7018348623853211,
  "time_ms": 309
}