{
  "sum_of_pairs": 0.5930061575222866,
  "column_score": 0.1774193548387097,
  "time_ms": 306
}