{
  "sum_of_pairs": 0.8800976921059533,
  "column_score": 0.5772357723577236,
  "time_ms": 129
}