{
  "sum_of_pairs": 0.8664901275195392,
  "column_score": 0.5048076923076923,
  "time_ms": 472
}