{
  "sum_of_pairs": 0.7598566308243727,
  "column_score": 0.25806451612903225,
  "time_ms": 105
}