{
  "sum_of_pairs": 0.7349726775956285,
  "column_score": 0.4262295081967213,
  "time_ms": 4
}