{
  "sum_of_pairs": 0.9274578810492989,
  "column_score": 0.484375,
  "time_ms": 3814
}