{
  "sum_of_pairs": 0.5836814257866889,
  "column_score": 0.23809523809523808,
  "time_ms": 161
}