{
  "sum_of_pairs": 0.7339043934788616,
  "column_score": 0.16312056737588654,
  "time_ms": 64
}