{
  "sum_of_pairs": 0.7543531044051336,
  "column_score": 0.25806451612903225,
  "time_ms": 204
}