{
  "sum_of_pairs": 0.7280709833901323,
  "column_score": 0.12056737588652482,
  "time_ms": 120
}