{
  "sum_of_pairs": 0.8044670846394985,
  "column_score": 0.5431034482758621,
  "time_ms": 40
}