{
  "sum_of_pairs": 0.583170890188434,
  "column_score": 0.18253968253968253,
  "time_ms": 214
}