{
  "sum_of_pairs": 0.6474893681724246,
  "column_score": 0.19191990906851453,
  "time_ms": 279
}