{
  "sum_of_pairs": 0.6474893681724248,
  "column_score": 0.19191990906851458,
  "time_ms": 286
}