{
  "sum_of_pairs": 0.8466844306529951,
  "column_score": 0.536697247706422,
  "time_ms": 210
}