{
  "sum_of_pairs": 0.7160033593857124,
  "column_score": 0.27403846153846156,
  "time_ms": 614
}