{
  "sum_of_pairs": 0.7133742911153119,
  "column_score": 0.2608695652173913,
  "time_ms": 52
}