{
  "sum_of_pairs": 0.797726411519515,
  "column_score": 0.6137931034482759,
  "time_ms": 36
}