{
  "sum_of_pairs": 0.6913257575757575,
  "column_score": 0.09090909090909091,
  "time_ms": 126
}