{
  "sum_of_pairs": 0.9860862651560326,
  "column_score": 0.9302325581395349,
  "time_ms": 208
}