{
  "sum_of_pairs": 0.8471348019931813,
  "column_score": 0.5447154471544715,
  "time_ms": 224
}