{
  "sum_of_pairs": 0.6927968551277605,
  "column_score": 0.03225806451612903,
  "time_ms": 149
}