{
  "sum_of_pairs": 0.706287008011146,
  "column_score": 0.5057471264367817,
  "time_ms": 80
}