{
  "sum_of_pairs": 0.6614718614718614,
  "column_score": 0.2897959183673469,
  "time_ms": 55
}