{
  "sum_of_pairs": 0.7046760710553814,
  "column_score": 0.27011494252873564,
  "time_ms": 66
}