{
  "sum_of_pairs": 0.8760420531849104,
  "column_score": 0.7028571428571428,
  "time_ms": 98
}