{
  "sum_of_pairs": 0.7229254571026723,
  "column_score": 0.5189873417721519,
  "time_ms": 52
}