{
  "sum_of_pairs": 0.8796035655641566,
  "column_score": 0.32142857142857145,
  "time_ms": 289
}