{
  "sum_of_pairs": 0.8309386004161708,
  "column_score": 0.4847095814957141,
  "time_ms": 22494
}