{
  "sum_of_pairs": 0.8103964546652294,
  "column_score": 0.45454545454545453,
  "time_ms": 4680
}