{
  "sum_of_pairs": 0.9902998236331569,
  "column_score": 0.8787878787878788,
  "time_ms": 19121
}