{
  "sum_of_pairs": 0.8224587912087912,
  "column_score": 0.49038461538461536,
  "time_ms": 14438
}