{
  "sum_of_pairs": 0.7022563235580987,
  "column_score": 0.378698224852071,
  "time_ms": 2891
}