{
  "sum_of_pairs": 0.8665232974910394,
  "column_score": 0.5870967741935483,
  "time_ms": 2826
}