{
  "sum_of_pairs": 0.8414315569487983,
  "column_score": 0.632183908045977,
  "time_ms": 4262
}