{
  "sum_of_pairs": 0.9280209809332041,
  "column_score": 0.7452830188679245,
  "time_ms": 24978
}