{
  "sum_of_pairs": 0.9451970443349754,
  "column_score": 0.7083333333333334,
  "time_ms": 8596
}