{
  "sum_of_pairs": 0.8997986413375096,
  "column_score": 0.3942307692307692,
  "time_ms": 163991
}