{
  "sum_of_pairs": 0.8266022544283413,
  "column_score": 0.5666666666666667,
  "time_ms": 14478
}