{
  "sum_of_pairs": 0.7014354066985646,
  "column_score": 0.34210526315789475,
  "time_ms": 455
}