{
  "sum_of_pairs": 0.8748674242424243,
  "column_score": 0.6193181818181818,
  "time_ms": 7183
}