{
  "sum_of_pairs": 0.9051155740810913,
  "column_score": 0.8206896551724138,
  "time_ms": 1892
}