{
  "sum_of_pairs": 0.4799333526514054,
  "column_score": 0.19117647058823528,
  "time_ms": 18823
}