{
  "sum_of_pairs": 0.8414750957854407,
  "column_score": 0.7155172413793104,
  "time_ms": 3054
}