{
  "sum_of_pairs": 0.8846109376806567,
  "column_score": 0.4838709677419355,
  "time_ms": 10533
}