{
  "sum_of_pairs": 0.917299965059399,
  "column_score": 0.8020833333333334,
  "time_ms": 55487
}