{
  "sum_of_pairs": 0.8632692843219159,
  "column_score": 0.8095238095238095,
  "time_ms": 7723
}