{
  "sum_of_pairs": 0.9183924716675661,
  "column_score": 0.7912844036697247,
  "time_ms": 13030
}