{
  "sum_of_pairs": 0.7780620532813515,
  "column_score": 0.4930555555555556,
  "time_ms": 8138
}