{
  "sum_of_pairs": 0.9691358024691358,
  "column_score": 0.9197530864197531,
  "time_ms": 1964
}