{
  "sum_of_pairs": 0.694084810957876,
  "column_score": 0.32894736842105265,
  "time_ms": 15643
}