{
  "sum_of_pairs": 0.8642756680731364,
  "column_score": 0.5949367088607594,
  "time_ms": 1979
}