{
  "sum_of_pairs": 0.7717104287197745,
  "column_score": 0.5327102803738317,
  "time_ms": 41949
}