{
  "sum_of_pairs": 0.9398236092265942,
  "column_score": 0.53125,
  "time_ms": 128040
}