{
  "sum_of_pairs": 0.8365209471766849,
  "column_score": 0.5409836065573771,
  "time_ms": 136
}