{
  "sum_of_pairs": 0.8851739277271192,
  "column_score": 0.6382978723404256,
  "time_ms": 5420
}