{
  "sum_of_pairs": 0.9958258795468098,
  "column_score": 0.9651162790697675,
  "time_ms": 13326
}