{
  "sum_of_pairs": 0.2466463928181649,
  "column_score": 0.07161016109386847,
  "time_ms": 15
}