{
  "sum_of_pairs": 0.13133680622664945,
  "column_score": 0.03078995506604699,
  "time_ms": 17
}