{
  "sum_of_pairs": 0.24664639281816497,
  "column_score": 0.07161016109386846,
  "time_ms": 15
}