{
  "sum_of_pairs": 0.24742076965100945,
  "column_score": 0.0728931522962145,
  "time_ms": 7
}