{
  "sum_of_pairs": 0.35696517412935325,
  "column_score": 0.2656716417910448,
  "time_ms": 12
}