{
  "sum_of_pairs": 0.333065164923572,
  "column_score": 0.16150442477876106,
  "time_ms": 43
}