{
  "sum_of_pairs": 0.14167406092871931,
  "column_score": 0.037267080745341616,
  "time_ms": 6
}