{
  "sum_of_pairs": 0.2579858030168589,
  "column_score": 0.10559006211180125,
  "time_ms": 21
}