{
  "sum_of_pairs": 0.5746305418719212,
  "column_score": 0.5320197044334976,
  "time_ms": 26
}