{
  "sum_of_pairs": 0.4219905353445726,
  "column_score": 0.22153209109730848,
  "time_ms": 21
}