{
  "sum_of_pairs": 0.16056910569105692,
  "column_score": 0.0975609756097561,
  "time_ms": 4
}