{
  "sum_of_pairs": 0.5383084577114428,
  "column_score": 0.36716417910447763,
  "time_ms": 12
}