{
  "sum_of_pairs": 0.37037037037037035,
  "column_score": 0.12345679012345678,
  "time_ms": 7
}