{
  "sum_of_pairs": 0.24247883264276707,
  "column_score": 0.1273644388398487,
  "time_ms": 33
}