{
  "sum_of_pairs": 0.19886363636363635,
  "column_score": 0.08238636363636363,
  "time_ms": 48
}