{
  "sum_of_pairs": 0.2088897827835881,
  "column_score": 0.05309734513274336,
  "time_ms": 34
}