{
  "sum_of_pairs": 0.27656896837224704,
  "column_score": 0.14456035767511177,
  "time_ms": 39
}