{
  "sum_of_pairs": 0.10987903225806452,
  "column_score": 0.024193548387096774,
  "time_ms": 18
}