{
  "sum_of_pairs": 0.25502008032128515,
  "column_score": 0.1746987951807229,
  "time_ms": 20
}