{
  "sum_of_pairs": 0.3767436540704401,
  "column_score": 0.016044226333746,
  "time_ms": 1289
}