{
  "sum_of_pairs": 0.6804858299595141,
  "column_score": 0.0728744939271255,
  "time_ms": 1264
}