{
  "sum_of_pairs": 0.4393837156995052,
  "column_score": 0.05847953216374269,
  "time_ms": 759
}