{
  "sum_of_pairs": 0.5280702589489719,
  "column_score": 0.13861386138613863,
  "time_ms": 1017
}