{
  "sum_of_pairs": 0.3694762164124909,
  "column_score": 0.11764705882352941,
  "time_ms": 1627
}