{
  "sum_of_pairs": 0.46259421785405375,
  "column_score": 0.027777777777777776,
  "time_ms": 3644
}