{
  "sum_of_pairs": 0.5158934573143354,
  "column_score": 0.12528368371820453,
  "time_ms": 342
}