{
  "sum_of_pairs": 0.5536520217371281,
  "column_score": 0.11347517730496454,
  "time_ms": 106
}