{
  "sum_of_pairs": 0.8543132770349519,
  "column_score": 0.15476190476190477,
  "time_ms": 191
}