{
  "sum_of_pairs": 0.9633936261843239,
  "column_score": 0.7906976744186046,
  "time_ms": 216
}