{
  "sum_of_pairs": 0.3687049993898222,
  "column_score": 0.057692307692307696,
  "time_ms": 1994
}