{
  "sum_of_pairs": 0.19724658869395711,
  "column_score": 0.10416666666666667,
  "time_ms": 119
}