{
  "sum_of_pairs": 0.4488805970149254,
  "column_score": 0.028125,
  "time_ms": 2603
}