{
  "sum_of_pairs": 0.6132009752699408,
  "column_score": 0.35344827586206895,
  "time_ms": 95
}