{
  "sum_of_pairs": 0.7474706043204813,
  "column_score": 0.5345911949685535,
  "time_ms": 367
}