{
  "sum_of_pairs": 0.6818930041152264,
  "column_score": 0.4567901234567901,
  "time_ms": 53
}