{
  "sum_of_pairs": 0.6481729055258467,
  "column_score": 0.23076923076923078,
  "time_ms": 727
}