{
  "sum_of_pairs": 0.7309205350118018,
  "column_score": 0.37398373983739835,
  "time_ms": 225
}