{
  "sum_of_pairs": 0.5901639344262295,
  "column_score": 0.03278688524590164,
  "time_ms": 9
}