{
  "sum_of_pairs": 0.4358061940929053,
  "column_score": 0.01585833972292446,
  "time_ms": 1351
}