{
  "sum_of_pairs": 0.5031171442936149,
  "column_score": 0.013574660633484163,
  "time_ms": 403
}