{
  "sum_of_pairs": 0.43073593073593075,
  "column_score": 0.2727272727272727,
  "time_ms": 46
}