{
  "sum_of_pairs": 0.5534741633521352,
  "column_score": 0.05555555555555555,
  "time_ms": 3305
}