{
  "sum_of_pairs": 0.7286982423968725,
  "column_score": 0.0410958904109589,
  "time_ms": 794
}