{
  "sum_of_pairs": 0.5683999607231843,
  "column_score": 0.10679611650485436,
  "time_ms": 1501
}