{
  "sum_of_pairs": 0.734426175328431,
  "column_score": 0.02834008097165992,
  "time_ms": 481
}