{
  "sum_of_pairs": 0.5785856935366739,
  "column_score": 0.14705882352941177,
  "time_ms": 530
}