{
  "sum_of_pairs": 0.632409034456387,
  "column_score": 0.4210003642843372,
  "time_ms": 16
}