{
  "sum_of_pairs": 0.7968671679197995,
  "column_score": 0.4144736842105263,
  "time_ms": 20
}