{
  "sum_of_pairs": 0.20772946859903382,
  "column_score": 0.21739130434782608,
  "time_ms": 1
}