{
  "sum_of_pairs": 0.925097125097125,
  "column_score": 0.8153846153846154,
  "time_ms": 26
}