{
  "sum_of_pairs": 0.7318181818181818,
  "column_score": 0.5333333333333333,
  "time_ms": 8
}