{
  "sum_of_pairs": 0.44753086419753085,
  "column_score": 0.07407407407407407,
  "time_ms": 1
}