{
  "sum_of_pairs": 0.8084577114427861,
  "column_score": 0.7417910447761195,
  "time_ms": 13
}