{
  "sum_of_pairs": 0.8589743589743589,
  "column_score": 0.6178861788617886,
  "time_ms": 32
}