{
  "sum_of_pairs": 0.6428571428571429,
  "column_score": 0.5299539170506913,
  "time_ms": 3
}