{
  "sum_of_pairs": 0.7644934737957993,
  "column_score": 0.22093023255813954,
  "time_ms": 51
}