{
  "sum_of_pairs": 0.7724137931034483,
  "column_score": 0.6305418719211823,
  "time_ms": 17
}