{
  "sum_of_pairs": 0.5485096870342772,
  "column_score": 0.26229508196721313,
  "time_ms": 22
}