{
  "sum_of_pairs": 0.7045769764216366,
  "column_score": 0.45145631067961167,
  "time_ms": 9
}