{
  "sum_of_pairs": 0.7219757468204673,
  "column_score": 0.5217391304347826,
  "time_ms": 12
}