{
  "sum_of_pairs": 0.8496732026143791,
  "column_score": 0.5732484076433121,
  "time_ms": 30
}