{
  "sum_of_pairs": 0.7184691077680008,
  "column_score": 0.34317343173431736,
  "time_ms": 27
}