{
  "sum_of_pairs": 0.3849148418491484,
  "column_score": 0.10218978102189781,
  "time_ms": 4
}