{
  "sum_of_pairs": 0.15866935483870967,
  "column_score": 0.12298387096774194,
  "time_ms": 13
}