{
  "sum_of_pairs": 0.7078841512469831,
  "column_score": 0.4026548672566372,
  "time_ms": 32
}