{
  "sum_of_pairs": 0.657516339869281,
  "column_score": 0.453781512605042,
  "time_ms": 18
}