{
  "sum_of_pairs": 0.296551724137931,
  "column_score": 0.1896551724137931,
  "time_ms": 6
}