{
  "sum_of_pairs": 0.7903487429034874,
  "column_score": 0.6423357664233577,
  "time_ms": 7
}