{
  "sum_of_pairs": 0.7077103224644208,
  "column_score": 0.5397225725094578,
  "time_ms": 38
}