{
  "sum_of_pairs": 0.7940056300712038,
  "column_score": 0.6482861400894188,
  "time_ms": 49
}