{
  "sum_of_pairs": 0.6862614611061816,
  "column_score": 0.5196687370600414,
  "time_ms": 25
}