{
  "sum_of_pairs": 0.07650884180349526,
  "column_score": 0.002457573727211816,
  "time_ms": 3
}