{
  "sum_of_pairs": 0.07631250257998524,
  "column_score": 0.0020775623268698058,
  "time_ms": 6
}