{
  "sum_of_pairs": 0.2175751879699248,
  "column_score": 0.07894736842105263,
  "time_ms": 3
}