{
  "sum_of_pairs": 0.12497078510840998,
  "column_score": 0.01523631070111863,
  "time_ms": 7
}