{
  "sum_of_pairs": 0.3300132802124834,
  "column_score": 0.23107569721115537,
  "time_ms": 4
}