{
  "sum_of_pairs": 0.27557160048134777,
  "column_score": 0.07942238267148015,
  "time_ms": 11
}