{
  "sum_of_pairs": 0.30502645502645503,
  "column_score": 0.0962962962962963,
  "time_ms": 10
}