{
  "sum_of_pairs": 0.5021267062665948,
  "column_score": 0.05972338197139705,
  "time_ms": 609
}