{
  "sum_of_pairs": 0.8032401388565772,
  "column_score": 0.1095890410958904,
  "time_ms": 981
}