{
  "sum_of_pairs": 0.7984156651381131,
  "column_score": 0.031914893617021274,
  "time_ms": 1607
}