{
  "sum_of_pairs": 0.5155956130871635,
  "column_score": 0.0782608695652174,
  "time_ms": 379
}