{
  "sum_of_pairs": 0.1493877551020408,
  "column_score": 0.02857142857142857,
  "time_ms": 18
}