{
  "sum_of_pairs": 0.7947294774561764,
  "column_score": 0.5158730158730159,
  "time_ms": 1701
}