{
  "sum_of_pairs": 0.6045372917936636,
  "column_score": 0.0989010989010989,
  "time_ms": 2329
}