{
  "sum_of_pairs": 0.6421394557823129,
  "column_score": 0.17916666666666667,
  "time_ms": 369
}