{
  "sum_of_pairs": 0.40384748940898674,
  "column_score": 0.18181818181818182,
  "time_ms": 73
}