{
  "sum_of_pairs": 0.741784087980067,
  "column_score": 0.2524271844660194,
  "time_ms": 2108
}