{
  "sum_of_pairs": 0.4448469131671407,
  "column_score": 0.12790697674418605,
  "time_ms": 1183
}