{
  "sum_of_pairs": 0.4581644074120134,
  "column_score": 0.023529411764705882,
  "time_ms": 84
}