{
  "sum_of_pairs": 0.7552406657669816,
  "column_score": 0.16374269005847952,
  "time_ms": 419
}