{
  "sum_of_pairs": 0.7062328354327483,
  "column_score": 0.269571505847895,
  "time_ms": 408
}