{
  "sum_of_pairs": 0.7128911573313929,
  "column_score": 0.28163143092267207,
  "time_ms": 237
}