{
  "sum_of_pairs": 0.7285568072464638,
  "column_score": 0.2807575288209183,
  "time_ms": 439
}