{
  "sum_of_pairs": 0.7429300958712723,
  "column_score": 0.02702702702702703,
  "time_ms": 266
}