{
  "sum_of_pairs": 0.9257084265473527,
  "column_score": 0.8288590604026845,
  "time_ms": 17
}