{
  "sum_of_pairs": 0.8538271604938271,
  "column_score": 0.6790123456790124,
  "time_ms": 77
}