{
  "sum_of_pairs": 0.8808090165199938,
  "column_score": 0.7165354330708661,
  "time_ms": 65
}