{
  "sum_of_pairs": 0.6966999478728096,
  "column_score": 0.147239263803681,
  "time_ms": 144
}