{
  "sum_of_pairs": 0.85329534662868,
  "column_score": 0.6790123456790124,
  "time_ms": 135
}