{
  "sum_of_pairs": 0.8965324384787472,
  "column_score": 0.7416107382550335,
  "time_ms": 41
}