{
  "sum_of_pairs": 0.7146236817835518,
  "column_score": 0.15950920245398773,
  "time_ms": 70
}