{
  "sum_of_pairs": 0.8635124298315958,
  "column_score": 0.5767441860465117,
  "time_ms": 524
}