{
  "sum_of_pairs": 0.8596097300187115,
  "column_score": 0.5395348837209303,
  "time_ms": 255
}