{
  "sum_of_pairs": 0.5334202682563338,
  "column_score": 0.1680327868852459,
  "time_ms": 45
}