{
  "sum_of_pairs": 0.874661599333611,
  "column_score": 0.3673469387755102,
  "time_ms": 1124
}