{
  "sum_of_pairs": 0.7363058245411187,
  "column_score": 0.02702702702702703,
  "time_ms": 490
}