{
  "sum_of_pairs": 0.7147439752997313,
  "column_score": 0.15950920245398773,
  "time_ms": 138
}