{
  "sum_of_pairs": 0.8588359788359788,
  "column_score": 0.13333333333333333,
  "time_ms": 275
}