{
  "sum_of_pairs": 0.8247518395113147,
  "column_score": 0.3469387755102041,
  "time_ms": 1116
}