{
  "sum_of_pairs": 0.7533532041728763,
  "column_score": 0.1680327868852459,
  "time_ms": 89
}