{
  "sum_of_pairs": 0.8134052607918599,
  "column_score": 0.5148514851485149,
  "time_ms": 1053
}