{
  "sum_of_pairs": 0.5284649776453055,
  "column_score": 0.16393442622950818,
  "time_ms": 75
}