{
  "sum_of_pairs": 0.8513338679497461,
  "column_score": 0.5162790697674419,
  "time_ms": 480
}