{
  "sum_of_pairs": 0.8550427350427351,
  "column_score": 0.691358024691358,
  "time_ms": 136
}