{
  "sum_of_pairs": 0.7387869152575035,
  "column_score": 0.02702702702702703,
  "time_ms": 627
}