{
  "sum_of_pairs": 0.7266048602331788,
  "column_score": 0.336283185840708,
  "time_ms": 416
}