{
  "sum_of_pairs": 0.8827131902629818,
  "column_score": 0.7244094488188977,
  "time_ms": 80
}