{
  "sum_of_pairs": 0.7299480264082034,
  "column_score": 0.35398230088495575,
  "time_ms": 204
}