{
  "sum_of_pairs": 0.8230650307555673,
  "column_score": 0.5148514851485149,
  "time_ms": 496
}