{
  "sum_of_pairs": 0.8204225738188436,
  "column_score": 0.504950495049505,
  "time_ms": 976
}