{
  "sum_of_pairs": 0.6018912780911344,
  "column_score": 0.20039035288487608,
  "time_ms": 259
}