{
  "sum_of_pairs": 0.7589393939393939,
  "column_score": 0.4318181818181818,
  "time_ms": 120
}