{
  "sum_of_pairs": 0.5959160571229537,
  "column_score": 0.3936781609195402,
  "time_ms": 52
}