{
  "sum_of_pairs": 0.5999283154121864,
  "column_score": 0.2161290322580645,
  "time_ms": 45
}