{
  "sum_of_pairs": 0.7138627655869035,
  "column_score": 0.3793103448275862,
  "time_ms": 67
}