{
  "sum_of_pairs": 0.7099787467434526,
  "column_score": 0.3173076923076923,
  "time_ms": 521
}