{
  "sum_of_pairs": 0.743690791966654,
  "column_score": 0.4413793103448276,
  "time_ms": 33
}