{
  "sum_of_pairs": 0.864662034538586,
  "column_score": 0.7041284403669725,
  "time_ms": 152
}