{
  "sum_of_pairs": 0.8591672320217096,
  "column_score": 0.253125,
  "time_ms": 2207
}