{
  "sum_of_pairs": 0.8280267295597484,
  "column_score": 0.3333333333333333,
  "time_ms": 671
}