{
  "sum_of_pairs": 0.5452434562341683,
  "column_score": 0.18421052631578946,
  "time_ms": 246
}