{
  "sum_of_pairs": 0.9895978268071292,
  "column_score": 0.9418604651162791,
  "time_ms": 177
}