{
  "sum_of_pairs": 0.43228441474055507,
  "column_score": 0.06349206349206349,
  "time_ms": 105
}