{
  "sum_of_pairs": 0.8107117110398488,
  "column_score": 0.6226415094339622,
  "time_ms": 245
}