{
  "sum_of_pairs": 0.9530222863556197,
  "column_score": 0.7121212121212122,
  "time_ms": 233
}