{
  "sum_of_pairs": 0.2102818815103166,
  "column_score": 0.059853174260178055,
  "time_ms": 5
}