{
  "sum_of_pairs": 0.21300605448014065,
  "column_score": 0.05949573738059828,
  "time_ms": 17
}