{
  "sum_of_pairs": 0.21301959605276857,
  "column_score": 0.059495737380598296,
  "time_ms": 32
}