{
  "sum_of_pairs": 0.13832658569500675,
  "column_score": 0.04048582995951417,
  "time_ms": 14
}