{
  "sum_of_pairs": 0.17438423645320197,
  "column_score": 0.04926108374384237,
  "time_ms": 11
}