{
  "sum_of_pairs": 0.21768707482993196,
  "column_score": 0.16326530612244897,
  "time_ms": 1
}