{
  "sum_of_pairs": 0.5750551876379691,
  "column_score": 0.423841059602649,
  "time_ms": 2
}