{
  "sum_of_pairs": 0.3100929614873838,
  "column_score": 0.14741035856573706,
  "time_ms": 5
}