{
  "sum_of_pairs": 0.18602693602693604,
  "column_score": 0.045454545454545456,
  "time_ms": 3
}