{
  "sum_of_pairs": 0.37755102040816324,
  "column_score": 0.1836734693877551,
  "time_ms": 6
}