{
  "sum_of_pairs": 0.1802536231884058,
  "column_score": 0.04891304347826087,
  "time_ms": 3
}