{
  "sum_of_pairs": 0.29183673469387755,
  "column_score": 0.24285714285714285,
  "time_ms": 3
}