{
  "sum_of_pairs": 0.30612244897959184,
  "column_score": 0.24285714285714285,
  "time_ms": 15
}