{
  "sum_of_pairs": 0.32876052948255113,
  "column_score": 0.1371841155234657,
  "time_ms": 8
}