{
  "sum_of_pairs": 0.28703703703703703,
  "column_score": 0.06060606060606061,
  "time_ms": 2
}