{
  "sum_of_pairs": 0.22038946162657502,
  "column_score": 0.05154639175257732,
  "time_ms": 10
}