{
  "sum_of_pairs": 0.28760529482551145,
  "column_score": 0.10469314079422383,
  "time_ms": 14
}