{
  "sum_of_pairs": 0.15369458128078817,
  "column_score": 0.07389162561576355,
  "time_ms": 5
}