{
  "sum_of_pairs": 0.27346938775510204,
  "column_score": 0.24285714285714285,
  "time_ms": 7
}