{
  "sum_of_pairs": 0.2009163802978236,
  "column_score": 0.05154639175257732,
  "time_ms": 18
}