{
  "sum_of_pairs": 0.3234657039711191,
  "column_score": 0.1371841155234657,
  "time_ms": 17
}