{
  "sum_of_pairs": 0.42804232804232806,
  "column_score": 0.2074074074074074,
  "time_ms": 12
}