{
  "sum_of_pairs": 0.5408163265306123,
  "column_score": 0.4489795918367347,
  "time_ms": 2
}