{
  "sum_of_pairs": 0.3055555555555556,
  "column_score": 0.09595959595959595,
  "time_ms": 8
}