{
  "sum_of_pairs": 0.1379111004085968,
  "column_score": 0.02202797243762883,
  "time_ms": 10
}