{
  "sum_of_pairs": 0.13791110040859683,
  "column_score": 0.02202797243762883,
  "time_ms": 18
}