{
  "sum_of_pairs": 0.13645010725301124,
  "column_score": 0.018893284026115557,
  "time_ms": 4
}