{
  "sum_of_pairs": 0.16770186335403728,
  "column_score": 0.014492753623188406,
  "time_ms": 9
}