{
  "sum_of_pairs": 0.14010624169986718,
  "column_score": 0.043824701195219126,
  "time_ms": 3
}