{
  "sum_of_pairs": 0.3436823104693141,
  "column_score": 0.20577617328519857,
  "time_ms": 6
}