{
  "sum_of_pairs": 0.3037037037037037,
  "column_score": 0.08888888888888889,
  "time_ms": 15
}