{
  "sum_of_pairs": 0.11695906432748537,
  "column_score": 0.05263157894736842,
  "time_ms": 0
}