{
  "sum_of_pairs": 0.2858719646799117,
  "column_score": 0.09271523178807947,
  "time_ms": 1
}