{
  "sum_of_pairs": 0.2387218045112782,
  "column_score": 0.02631578947368421,
  "time_ms": 6
}