{
  "sum_of_pairs": 0.19783393501805055,
  "column_score": 0.039711191335740074,
  "time_ms": 9
}