{
  "sum_of_pairs": 0.30396825396825394,
  "column_score": 0.08888888888888889,
  "time_ms": 5
}