{
  "sum_of_pairs": 0.6162405925369375,
  "column_score": 0.1979053737425486,
  "time_ms": 237
}