{
  "sum_of_pairs": 0.8996745249824067,
  "column_score": 0.30357142857142855,
  "time_ms": 176
}