{
  "sum_of_pairs": 0.8692047629701445,
  "column_score": 0.710691823899371,
  "time_ms": 338
}