{
  "sum_of_pairs": 0.9768766978069303,
  "column_score": 0.8488372093023255,
  "time_ms": 219
}