{
  "sum_of_pairs": 0.7855820649938297,
  "column_score": 0.42788461538461536,
  "time_ms": 521
}