{
  "sum_of_pairs": 0.3471410006497726,
  "column_score": 0.10416666666666667,
  "time_ms": 109
}