{
  "sum_of_pairs": 0.6582278481012658,
  "column_score": 0.44936708860759494,
  "time_ms": 30
}