{
  "sum_of_pairs": 0.8881464011180993,
  "column_score": 0.23958333333333334,
  "time_ms": 868
}