{
  "sum_of_pairs": 0.6767741935483871,
  "column_score": 0.2129032258064516,
  "time_ms": 82
}