{
  "sum_of_pairs": 0.7083768721699756,
  "column_score": 0.5747126436781609,
  "time_ms": 59
}