{
  "sum_of_pairs": 0.47773642128480837,
  "column_score": 0.024193548387096774,
  "time_ms": 246
}