{
  "sum_of_pairs": 0.6355039759295078,
  "column_score": 0.2127659574468085,
  "time_ms": 105
}