{
  "sum_of_pairs": 0.8216450216450216,
  "column_score": 0.5542857142857143,
  "time_ms": 84
}