{
  "sum_of_pairs": 0.7308901515151515,
  "column_score": 0.32954545454545453,
  "time_ms": 194
}