{
  "sum_of_pairs": 0.8575036075036075,
  "column_score": 0.4090909090909091,
  "time_ms": 176
}