{
  "sum_of_pairs": 0.8169398907103825,
  "column_score": 0.47540983606557374,
  "time_ms": 12
}