{
  "sum_of_pairs": 0.49115646258503404,
  "column_score": 0.0163265306122449,
  "time_ms": 74
}