{
  "sum_of_pairs": 0.7901586677157094,
  "column_score": 0.2926829268292683,
  "time_ms": 191
}