{
  "sum_of_pairs": 0.525514403292181,
  "column_score": 0.2839506172839506,
  "time_ms": 31
}