{
  "sum_of_pairs": 0.8705814894765246,
  "column_score": 0.6192660550458715,
  "time_ms": 148
}