{
  "sum_of_pairs": 0.9487179487179487,
  "column_score": 0.7777777777777778,
  "time_ms": 35
}