{
  "sum_of_pairs": 0.6599072529797014,
  "column_score": 0.1346153846153846,
  "time_ms": 1410
}