{
  "sum_of_pairs": 0.6763322884012539,
  "column_score": 0.3563218390804598,
  "time_ms": 65
}