{
  "sum_of_pairs": 0.7577189666036547,
  "column_score": 0.391304347826087,
  "time_ms": 69
}