{
  "sum_of_pairs": 0.6131604678097109,
  "column_score": 0.19547917048888697,
  "time_ms": 227
}