{
  "sum_of_pairs": 0.6155244675968181,
  "column_score": 0.19547917048888697,
  "time_ms": 602
}