{
  "sum_of_pairs": 0.5690874760668516,
  "column_score": 0.14830168586230208,
  "time_ms": 188
}