{
  "sum_of_pairs": 0.6456060606060606,
  "column_score": 0.14772727272727273,
  "time_ms": 71
}