{
  "sum_of_pairs": 0.6510041682455475,
  "column_score": 0.25517241379310346,
  "time_ms": 21
}