{
  "sum_of_pairs": 0.6420236851271334,
  "column_score": 0.2988505747126437,
  "time_ms": 46
}