{
  "sum_of_pairs": 0.6832575757575757,
  "column_score": 0.14772727272727273,
  "time_ms": 182
}