{
  "sum_of_pairs": 0.4020408163265306,
  "column_score": 0.08163265306122448,
  "time_ms": 30
}