{
  "sum_of_pairs": 0.8147724607084214,
  "column_score": 0.05952380952380952,
  "time_ms": 284
}