{
  "sum_of_pairs": 0.7404371584699454,
  "column_score": 0.4426229508196721,
  "time_ms": 4
}