{
  "sum_of_pairs": 0.7566137566137566,
  "column_score": 0.4444444444444444,
  "time_ms": 16
}