{
  "sum_of_pairs": 0.5522090202941267,
  "column_score": 0.07092198581560284,
  "time_ms": 92
}