{
  "sum_of_pairs": 0.607159268449591,
  "column_score": 0.1935483870967742,
  "time_ms": 164
}