{
  "sum_of_pairs": 0.7880441909257803,
  "column_score": 0.3089430894308943,
  "time_ms": 149
}