{
  "sum_of_pairs": 0.5281708945260347,
  "column_score": 0.14953271028037382,
  "time_ms": 358
}