{
  "sum_of_pairs": 0.7043577112542629,
  "column_score": 0.31724137931034485,
  "time_ms": 13
}