{
  "sum_of_pairs": 0.8394983468814478,
  "column_score": 0.7327044025157232,
  "time_ms": 643
}