{
  "sum_of_pairs": 0.8140687309406521,
  "column_score": 0.05952380952380952,
  "time_ms": 78
}