{
  "sum_of_pairs": 0.6318811212428234,
  "column_score": 0.23404255319148937,
  "time_ms": 220
}