{
  "sum_of_pairs": 0.4954029458673421,
  "column_score": 0.19736842105263158,
  "time_ms": 220
}