{
  "sum_of_pairs": 0.8680012142471668,
  "column_score": 0.676605504587156,
  "time_ms": 333
}