{
  "sum_of_pairs": 0.639367816091954,
  "column_score": 0.45689655172413796,
  "time_ms": 40
}