{
  "sum_of_pairs": 0.9740939508381369,
  "column_score": 0.8372093023255814,
  "time_ms": 137
}