{
  "sum_of_pairs": 0.7963388991960421,
  "column_score": 0.4228571428571429,
  "time_ms": 125
}