{
  "sum_of_pairs": 0.5381893860561915,
  "column_score": 0.08602150537634409,
  "time_ms": 139
}