{
  "sum_of_pairs": 0.7637105751391465,
  "column_score": 0.37142857142857144,
  "time_ms": 57
}