{
  "sum_of_pairs": 0.5758881922675027,
  "column_score": 0.3103448275862069,
  "time_ms": 57
}