{
  "sum_of_pairs": 0.6694796061884669,
  "column_score": 0.41139240506329117,
  "time_ms": 19
}