{
  "sum_of_pairs": 0.7980442176870748,
  "column_score": 0.02976190476190476,
  "time_ms": 130
}