{
  "sum_of_pairs": 0.6955636955636956,
  "column_score": 0.2962962962962963,
  "time_ms": 25
}