{
  "sum_of_pairs": 0.5684601113172542,
  "column_score": 0.14285714285714285,
  "time_ms": 61
}