{
  "sum_of_pairs": 0.6287795239408143,
  "column_score": 0.21774193548387097,
  "time_ms": 109
}