{
  "sum_of_pairs": 0.718411490470314,
  "column_score": 0.2692307692307692,
  "time_ms": 357
}