{
  "sum_of_pairs": 0.8670567997841339,
  "column_score": 0.6743119266055045,
  "time_ms": 108
}