{
  "sum_of_pairs": 0.6768273471959673,
  "column_score": 0.30434782608695654,
  "time_ms": 31
}