{
  "sum_of_pairs": 0.8424682946573124,
  "column_score": 0.6055045871559633,
  "time_ms": 205
}