{
  "sum_of_pairs": 0.7960633364520197,
  "column_score": 0.0673076923076923,
  "time_ms": 1104
}