{
  "sum_of_pairs": 0.5899725274725275,
  "column_score": 0.16346153846153846,
  "time_ms": 247
}