{
  "sum_of_pairs": 0.5724587912087912,
  "column_score": 0.14423076923076922,
  "time_ms": 64
}