{
  "sum_of_pairs": 0.8031241804353527,
  "column_score": 0.42276422764227645,
  "time_ms": 206
}