{
  "sum_of_pairs": 0.8189275859497352,
  "column_score": 0.6509433962264151,
  "time_ms": 270
}