{
  "sum_of_pairs": 0.433398310591293,
  "column_score": 0.03968253968253968,
  "time_ms": 75
}