{
  "sum_of_pairs": 0.4303651266766021,
  "column_score": 0.2151639344262295,
  "time_ms": 34
}