{
  "sum_of_pairs": 0.5238095238095238,
  "column_score": 0.21604938271604937,
  "time_ms": 8
}