{
  "sum_of_pairs": 0.18699186991869918,
  "column_score": 0.10365853658536585,
  "time_ms": 12
}