{
  "sum_of_pairs": 0.6020100859739258,
  "column_score": 0.3176547997782038,
  "time_ms": 44
}