{
  "sum_of_pairs": 0.5458365164247517,
  "column_score": 0.21428571428571427,
  "time_ms": 227
}