{
  "sum_of_pairs": 0.6064222662583318,
  "column_score": 0.45397225725094575,
  "time_ms": 85
}