{
  "sum_of_pairs": 0.6788908765652951,
  "column_score": 0.2558139534883721,
  "time_ms": 144
}