{
  "sum_of_pairs": 0.638468720821662,
  "column_score": 0.4369747899159664,
  "time_ms": 46
}