{
  "sum_of_pairs": 0.8953379953379953,
  "column_score": 0.6871794871794872,
  "time_ms": 112
}