{
  "sum_of_pairs": 0.14233870967741935,
  "column_score": 0.10483870967741936,
  "time_ms": 25
}