{
  "sum_of_pairs": 0.8204633204633205,
  "column_score": 0.7837837837837838,
  "time_ms": 3
}