{
  "sum_of_pairs": 0.6705069124423964,
  "column_score": 0.5391705069124424,
  "time_ms": 20
}