{
  "sum_of_pairs": 0.7584613463219683,
  "column_score": 0.2802547770700637,
  "time_ms": 87
}