{
  "sum_of_pairs": 0.7655172413793103,
  "column_score": 0.5960591133004927,
  "time_ms": 30
}