{
  "sum_of_pairs": 0.6231697506033789,
  "column_score": 0.18805309734513273,
  "time_ms": 99
}