{
  "sum_of_pairs": 0.5810730253353205,
  "column_score": 0.18442622950819673,
  "time_ms": 51
}