{
  "sum_of_pairs": 0.8532338308457711,
  "column_score": 0.8014925373134328,
  "time_ms": 28
}