{
  "sum_of_pairs": 0.6668145519077197,
  "column_score": 0.5031055900621118,
  "time_ms": 52
}