{
  "sum_of_pairs": 0.8031954887218045,
  "column_score": 0.3881578947368421,
  "time_ms": 46
}