{
  "sum_of_pairs": 0.4127637430220456,
  "column_score": 0.04428044280442804,
  "time_ms": 62
}