{
  "sum_of_pairs": 0.8194444444444444,
  "column_score": 0.7083333333333334,
  "time_ms": 6
}