{
  "sum_of_pairs": 0.5219602404068423,
  "column_score": 0.10194174757281553,
  "time_ms": 18
}