{
  "sum_of_pairs": 0.7982905982905983,
  "column_score": 0.5384615384615384,
  "time_ms": 3
}