{
  "sum_of_pairs": 0.5335365853658537,
  "column_score": 0.3902439024390244,
  "time_ms": 10
}