{
  "sum_of_pairs": 0.528060263653484,
  "column_score": 0.01694915254237288,
  "time_ms": 80
}