{
  "sum_of_pairs": 0.6917670682730924,
  "column_score": 0.6626506024096386,
  "time_ms": 13
}