{
  "sum_of_pairs": 0.8239583333333333,
  "column_score": 0.6979166666666666,
  "time_ms": 4
}