{
  "sum_of_pairs": 0.4462287104622871,
  "column_score": 0.16058394160583941,
  "time_ms": 8
}