{
  "sum_of_pairs": 0.4763681592039801,
  "column_score": 0.27611940298507465,
  "time_ms": 27
}