{
  "sum_of_pairs": 0.6954793840039741,
  "column_score": 0.5216095380029806,
  "time_ms": 135
}