{
  "sum_of_pairs": 0.8406326034063261,
  "column_score": 0.5912408759124088,
  "time_ms": 17
}