{
  "sum_of_pairs": 0.5456965394853593,
  "column_score": 0.3105590062111801,
  "time_ms": 25
}