{
  "sum_of_pairs": 0.5509803921568628,
  "column_score": 0.1568627450980392,
  "time_ms": 9
}