{
  "sum_of_pairs": 0.4243285123966942,
  "column_score": 0.13636363636363635,
  "time_ms": 147
}