{
  "sum_of_pairs": 0.47132708225248454,
  "column_score": 0.005828167413533268,
  "time_ms": 1234
}