{
  "sum_of_pairs": 0.6423821548821549,
  "column_score": 0.07954545454545454,
  "time_ms": 1989
}