{
  "sum_of_pairs": 0.7578333050031163,
  "column_score": 0.0945945945945946,
  "time_ms": 1206
}