{
  "sum_of_pairs": 0.4505442692090647,
  "column_score": 0.06481481481481481,
  "time_ms": 4245
}