{
  "sum_of_pairs": 0.563840352262232,
  "column_score": 0.0008267879288962381,
  "time_ms": 514
}