{
  "sum_of_pairs": 0.6063777117348859,
  "column_score": 0.0023976849937990905,
  "time_ms": 1111
}