{
  "sum_of_pairs": 0.5883777239709443,
  "column_score": 0.03389830508474576,
  "time_ms": 853
}