{
  "sum_of_pairs": 0.16052681204699226,
  "column_score": 0.030975710697736924,
  "time_ms": 10
}