{
  "sum_of_pairs": 0.24435590969455512,
  "column_score": 0.05179282868525897,
  "time_ms": 3
}