{
  "sum_of_pairs": 0.3309265944645006,
  "column_score": 0.23465703971119134,
  "time_ms": 16
}