{
  "sum_of_pairs": 0.32339955849889623,
  "column_score": 0.1456953642384106,
  "time_ms": 2
}