{
  "sum_of_pairs": 0.4027777777777778,
  "column_score": 0.21666666666666667,
  "time_ms": 1
}