{
  "sum_of_pairs": 0.7309941520467836,
  "column_score": 0.49122807017543857,
  "time_ms": 0
}