{
  "sum_of_pairs": 0.7892007215154725,
  "column_score": 0.40430840370451454,
  "time_ms": 270
}