{
  "sum_of_pairs": 0.7821158727940126,
  "column_score": 0.38720227077217834,
  "time_ms": 544
}