{
  "sum_of_pairs": 0.8726775675305087,
  "column_score": 0.4951923076923077,
  "time_ms": 1003
}