{
  "sum_of_pairs": 0.8292897327707455,
  "column_score": 0.5759493670886076,
  "time_ms": 27
}