{
  "sum_of_pairs": 0.838660157809094,
  "column_score": 0.3404255319148936,
  "time_ms": 69
}