{
  "sum_of_pairs": 0.7810858923008456,
  "column_score": 0.48598130841121495,
  "time_ms": 869
}