{
  "sum_of_pairs": 0.8199074074074074,
  "column_score": 0.5666666666666667,
  "time_ms": 7
}