{
  "sum_of_pairs": 0.8221003134796239,
  "column_score": 0.6666666666666666,
  "time_ms": 33
}