{
  "sum_of_pairs": 0.9352869352869353,
  "column_score": 0.7407407407407407,
  "time_ms": 36
}