{
  "sum_of_pairs": 0.9115034093889326,
  "column_score": 0.6422764227642277,
  "time_ms": 139
}