{
  "sum_of_pairs": 0.5846209126841538,
  "column_score": 0.21212121212121213,
  "time_ms": 70
}