{
  "sum_of_pairs": 0.8220751769138865,
  "column_score": 0.5241935483870968,
  "time_ms": 650
}