{
  "sum_of_pairs": 0.7067878875688206,
  "column_score": 0.3088235294117647,
  "time_ms": 211
}