{
  "sum_of_pairs": 0.6634642160957951,
  "column_score": 0.5158730158730159,
  "time_ms": 166
}