{
  "sum_of_pairs": 0.9422376752600633,
  "column_score": 0.521875,
  "time_ms": 4044
}