{
  "sum_of_pairs": 0.9447865353037767,
  "column_score": 0.6011904761904762,
  "time_ms": 108
}