{
  "sum_of_pairs": 0.7345467032967034,
  "column_score": 0.3076923076923077,
  "time_ms": 209
}