{
  "sum_of_pairs": 0.7181205328135153,
  "column_score": 0.4652777777777778,
  "time_ms": 152
}