{
  "sum_of_pairs": 0.9892665474060823,
  "column_score": 0.9302325581395349,
  "time_ms": 129
}