{
  "sum_of_pairs": 0.751717032967033,
  "column_score": 0.3557692307692308,
  "time_ms": 110
}