{
  "sum_of_pairs": 0.7504676393565283,
  "column_score": 0.08641975308641975,
  "time_ms": 733
}