{
  "sum_of_pairs": 0.8061728395061728,
  "column_score": 0.7098765432098766,
  "time_ms": 18
}