{
  "sum_of_pairs": 0.9884052209633605,
  "column_score": 0.9186046511627907,
  "time_ms": 249
}