{
  "sum_of_pairs": 0.8648225337880511,
  "column_score": 0.08791208791208792,
  "time_ms": 151
}