{
  "sum_of_pairs": 0.7054839177050131,
  "column_score": 0.3088235294117647,
  "time_ms": 407
}