{
  "sum_of_pairs": 0.7517660262758302,
  "column_score": 0.08641975308641975,
  "time_ms": 358
}