{
  "sum_of_pairs": 0.9429528493894166,
  "column_score": 0.540625,
  "time_ms": 1809
}