{
  "sum_of_pairs": 0.8108672936259144,
  "column_score": 0.5919540229885057,
  "time_ms": 79
}