{
  "sum_of_pairs": 0.8144756619262342,
  "column_score": 0.11827956989247312,
  "time_ms": 422
}