{
  "sum_of_pairs": 0.5897712300874356,
  "column_score": 0.21212121212121213,
  "time_ms": 35
}