{
  "sum_of_pairs": 0.9360177765122238,
  "column_score": 0.40384615384615385,
  "time_ms": 2755
}