{
  "sum_of_pairs": 0.8158399815007515,
  "column_score": 0.13978494623655913,
  "time_ms": 114
}