{
  "sum_of_pairs": 0.8839712012125805,
  "column_score": 0.7517241379310344,
  "time_ms": 32
}