{
  "sum_of_pairs": 0.8944297082228116,
  "column_score": 0.8068965517241379,
  "time_ms": 18
}