{
  "sum_of_pairs": 0.8860869565217391,
  "column_score": 0.3333333333333333,
  "time_ms": 394
}