{
  "sum_of_pairs": 0.7814715917519656,
  "column_score": 0.48598130841121495,
  "time_ms": 432
}