{
  "sum_of_pairs": 0.7732356647763075,
  "column_score": 0.45652173913043476,
  "time_ms": 23
}