{
  "sum_of_pairs": 0.8335091420534458,
  "column_score": 0.5949367088607594,
  "time_ms": 16
}