{
  "sum_of_pairs": 0.9160141198697392,
  "column_score": 0.7641509433962265,
  "time_ms": 235
}