{
  "sum_of_pairs": 0.7998144712430427,
  "column_score": 0.45714285714285713,
  "time_ms": 29
}