{
  "sum_of_pairs": 0.9458689458689459,
  "column_score": 0.8148148148148148,
  "time_ms": 19
}