{
  "sum_of_pairs": 0.9334651995281292,
  "column_score": 0.38461538461538464,
  "time_ms": 4425
}