{
  "sum_of_pairs": 0.9563824831120429,
  "column_score": 0.59375,
  "time_ms": 2445
}