{
  "sum_of_pairs": 0.875231386260798,
  "column_score": 0.5048076923076923,
  "time_ms": 517
}