{
  "sum_of_pairs": 0.9112784945434659,
  "column_score": 0.7484276729559748,
  "time_ms": 466
}