{
  "sum_of_pairs": 0.8127830024381748,
  "column_score": 0.6091954022988506,
  "time_ms": 80
}