{
  "sum_of_pairs": 0.8199233716475096,
  "column_score": 0.6264367816091954,
  "time_ms": 43
}