{
  "sum_of_pairs": 0.9429392446633826,
  "column_score": 0.5714285714285714,
  "time_ms": 199
}