{
  "sum_of_pairs": 0.7650205761316873,
  "column_score": 0.6111111111111112,
  "time_ms": 50
}