{
  "sum_of_pairs": 0.7691398865784499,
  "column_score": 0.45652173913043476,
  "time_ms": 49
}