{
  "sum_of_pairs": 0.957103133007221,
  "column_score": 0.6041666666666666,
  "time_ms": 1018
}