{
  "sum_of_pairs": 0.5290991012788789,
  "column_score": 0.1598291249629774,
  "time_ms": 258
}