{
  "sum_of_pairs": 0.5648392271744438,
  "column_score": 0.1111111111111111,
  "time_ms": 1168
}