{
  "sum_of_pairs": 0.7025886470073593,
  "column_score": 0.5748031496062992,
  "time_ms": 79
}