{
  "sum_of_pairs": 0.5353204172876304,
  "column_score": 0.22336065573770492,
  "time_ms": 121
}