{
  "sum_of_pairs": 0.7168294902579959,
  "column_score": 0.1485148514851485,
  "time_ms": 530
}