{
  "sum_of_pairs": 0.36342975811834793,
  "column_score": 0.04607269282797907,
  "time_ms": 92
}