{
  "sum_of_pairs": 0.37727272727272726,
  "column_score": 0.0860655737704918,
  "time_ms": 35
}