{
  "sum_of_pairs": 0.5074365704286964,
  "column_score": 0.09448818897637795,
  "time_ms": 29
}