{
  "sum_of_pairs": 0.3756323168087874,
  "column_score": 0.05405405405405406,
  "time_ms": 116
}