{
  "sum_of_pairs": 0.8100850051756667,
  "column_score": 0.14021632457046815,
  "time_ms": 1514
}