{
  "sum_of_pairs": 0.8086564029345147,
  "column_score": 0.13719650571864694,
  "time_ms": 349
}