{
  "sum_of_pairs": 0.7933434620600857,
  "column_score": 0.10372325303552181,
  "time_ms": 719
}