{
  "sum_of_pairs": 0.756159420289855,
  "column_score": 0.10144927536231885,
  "time_ms": 36
}