{
  "sum_of_pairs": 0.9265945512820513,
  "column_score": 0.16666666666666666,
  "time_ms": 1861
}