{
  "sum_of_pairs": 0.6228535248114442,
  "column_score": 0.08333333333333333,
  "time_ms": 485
}