{
  "sum_of_pairs": 0.9321778389960208,
  "column_score": 0.16666666666666666,
  "time_ms": 1350
}