{
  "sum_of_pairs": 0.8990301066178198,
  "column_score": 0.19205298013245034,
  "time_ms": 668
}