{
  "sum_of_pairs": 0.8792971177542055,
  "column_score": 0.32786885245901637,
  "time_ms": 439
}