{
  "sum_of_pairs": 0.9538431301403,
  "column_score": 0.4722222222222222,
  "time_ms": 745
}