{
  "sum_of_pairs": 0.7306509166974283,
  "column_score": 0.4186046511627907,
  "time_ms": 577
}