{
  "sum_of_pairs": 0.7545013573938039,
  "column_score": 0.17326732673267325,
  "time_ms": 364
}