{
  "sum_of_pairs": 0.9337704918032786,
  "column_score": 0.4644808743169399,
  "time_ms": 204
}