{
  "sum_of_pairs": 0.6493245106148332,
  "column_score": 0.11538461538461539,
  "time_ms": 144
}