{
  "sum_of_pairs": 0.7996493278784337,
  "column_score": 0.14576271186440679,
  "time_ms": 692
}