{
  "sum_of_pairs": 0.9357311320754716,
  "column_score": 0.2916666666666667,
  "time_ms": 624
}