{
  "sum_of_pairs": 0.942201719963263,
  "column_score": 0.2627118644067797,
  "time_ms": 95
}