{
  "sum_of_pairs": 0.8169157551974618,
  "column_score": 0.1694915254237288,
  "time_ms": 401
}