{
  "sum_of_pairs": 0.9256650641025641,
  "column_score": 0.16666666666666666,
  "time_ms": 743
}