{
  "sum_of_pairs": 0.6257513096222773,
  "column_score": 0.10256410256410256,
  "time_ms": 161
}