{
  "sum_of_pairs": 0.9603406199570327,
  "column_score": 0.5509259259259259,
  "time_ms": 2786
}