{
  "sum_of_pairs": 0.586904514250052,
  "column_score": 0.039473684210526314,
  "time_ms": 244
}