{
  "sum_of_pairs": 0.93178592301912,
  "column_score": 0.15254237288135594,
  "time_ms": 160
}