{
  "sum_of_pairs": 0.7916799744490578,
  "column_score": 0.22772277227722773,
  "time_ms": 500
}