{
  "sum_of_pairs": 0.5786093197420429,
  "column_score": 0.039473684210526314,
  "time_ms": 48
}