{
  "sum_of_pairs": 0.9061457893006435,
  "column_score": 0.1986754966887417,
  "time_ms": 454
}