{
  "sum_of_pairs": 0.903149190710767,
  "column_score": 0.49107142857142855,
  "time_ms": 556
}