{
  "sum_of_pairs": 0.7001968746154793,
  "column_score": 0.27906976744186046,
  "time_ms": 209
}