{
  "sum_of_pairs": 0.7505952032472728,
  "column_score": 0.008064516129032258,
  "time_ms": 1095
}