{
  "sum_of_pairs": 0.9305687017209983,
  "column_score": 0.09049773755656108,
  "time_ms": 4706
}