{
  "sum_of_pairs": 0.9389141414141414,
  "column_score": 0.15416666666666667,
  "time_ms": 2058
}