{
  "sum_of_pairs": 0.645174083660349,
  "column_score": 0.09523809523809523,
  "time_ms": 282
}