{
  "sum_of_pairs": 0.9285165038589697,
  "column_score": 0.058823529411764705,
  "time_ms": 1070
}