{
  "sum_of_pairs": 0.9532891284762443,
  "column_score": 0.37037037037037035,
  "time_ms": 2326
}