{
  "sum_of_pairs": 0.8780487804878049,
  "column_score": 0.02857142857142857,
  "time_ms": 166
}