{
  "sum_of_pairs": 0.9336762027215257,
  "column_score": 0.4644808743169399,
  "time_ms": 574
}