{
  "sum_of_pairs": 0.7842552276514541,
  "column_score": 0.07547169811320754,
  "time_ms": 275
}