{
  "sum_of_pairs": 0.5274599542334096,
  "column_score": 0.006578947368421052,
  "time_ms": 90
}