{
  "sum_of_pairs": 0.9520983247398341,
  "column_score": 0.2635135135135135,
  "time_ms": 694
}