{
  "sum_of_pairs": 0.92739898989899,
  "column_score": 0.10416666666666667,
  "time_ms": 1525
}