{
  "sum_of_pairs": 0.9083457526080477,
  "column_score": 0.09090909090909091,
  "time_ms": 598
}