{
  "sum_of_pairs": 0.8998178506375227,
  "column_score": 0.06060606060606061,
  "time_ms": 224
}