{
  "sum_of_pairs": 0.7660460941006576,
  "column_score": 0.07258064516129033,
  "time_ms": 943
}