{
  "sum_of_pairs": 0.4992844877424217,
  "column_score": 0.01676167274173033,
  "time_ms": 785
}