{
  "sum_of_pairs": 0.6834498834498834,
  "column_score": 0.02857142857142857,
  "time_ms": 167
}