{
  "sum_of_pairs": 0.6839237516869096,
  "column_score": 0.023391812865497075,
  "time_ms": 511
}