{
  "sum_of_pairs": 0.5614590109606864,
  "column_score": 0.13592233009708737,
  "time_ms": 2626
}