{
  "sum_of_pairs": 0.44666340017686845,
  "column_score": 0.16279069767441862,
  "time_ms": 1787
}