{
  "sum_of_pairs": 0.4313957151858853,
  "column_score": 0.15217391304347827,
  "time_ms": 19
}