{
  "sum_of_pairs": 0.38178691959084526,
  "column_score": 0.002930402930402931,
  "time_ms": 1256
}