{
  "sum_of_pairs": 0.3534460713033192,
  "column_score": 0.059568314775553785,
  "time_ms": 394
}