{
  "sum_of_pairs": 0.3179043036621224,
  "column_score": 0.04186046511627907,
  "time_ms": 397
}