{
  "sum_of_pairs": 0.5988077496274218,
  "column_score": 0.1762295081967213,
  "time_ms": 72
}