{
  "sum_of_pairs": 0.6434563326642994,
  "column_score": 0.06299212598425197,
  "time_ms": 70
}