{
  "sum_of_pairs": 0.15511075901706792,
  "column_score": 0.022057888987732824,
  "time_ms": 11
}