{
  "sum_of_pairs": 0.14965986394557823,
  "column_score": 0.10204081632653061,
  "time_ms": 0
}