{
  "sum_of_pairs": 0.3682539682539683,
  "column_score": 0.0962962962962963,
  "time_ms": 16
}