{
  "sum_of_pairs": 0.1214574898785425,
  "column_score": 0.020242914979757085,
  "time_ms": 6
}