{
  "sum_of_pairs": 0.48055555555555557,
  "column_score": 0.4166666666666667,
  "time_ms": 1
}