{
  "sum_of_pairs": 0.260233918128655,
  "column_score": 0.17543859649122806,
  "time_ms": 0
}