{
  "sum_of_pairs": 0.2618531889290012,
  "column_score": 0.0036101083032490976,
  "time_ms": 16
}