{
  "sum_of_pairs": 0.23107569721115537,
  "column_score": 0.02390438247011952,
  "time_ms": 4
}