{
  "sum_of_pairs": 0.7460914918173354,
  "column_score": 0.047562221248980636,
  "time_ms": 386
}