{
  "sum_of_pairs": 0.7808716707021792,
  "column_score": 0.15254237288135594,
  "time_ms": 420
}