{
  "sum_of_pairs": 0.6865983462350458,
  "column_score": 0.15178571428571427,
  "time_ms": 170
}