{
  "sum_of_pairs": 0.9466980011286347,
  "column_score": 0.2037037037037037,
  "time_ms": 1711
}