{
  "sum_of_pairs": 0.8958619950712525,
  "column_score": 0.3224043715846995,
  "time_ms": 280
}