{
  "sum_of_pairs": 0.8967803764721524,
  "column_score": 0.17557251908396945,
  "time_ms": 816
}