{
  "sum_of_pairs": 0.9062514677563289,
  "column_score": 0.08609271523178808,
  "time_ms": 464
}