{
  "sum_of_pairs": 0.925325221916131,
  "column_score": 0.03787878787878788,
  "time_ms": 640
}