{
  "sum_of_pairs": 0.7523550724637681,
  "column_score": 0.10144927536231885,
  "time_ms": 25
}