{
  "sum_of_pairs": 0.8746308279409325,
  "column_score": 0.14285714285714285,
  "time_ms": 69
}