{
  "sum_of_pairs": 0.3676991150442478,
  "column_score": 0.14823008849557523,
  "time_ms": 26
}