{
  "sum_of_pairs": 0.12237903225806451,
  "column_score": 0.10080645161290322,
  "time_ms": 11
}