{
  "sum_of_pairs": 0.14067664070496655,
  "column_score": 0.024556901241283607,
  "time_ms": 7
}