{
  "sum_of_pairs": 0.30502645502645503,
  "column_score": 0.1111111111111111,
  "time_ms": 10
}