{
  "sum_of_pairs": 0.35980746089049337,
  "column_score": 0.22021660649819494,
  "time_ms": 16
}