{
  "sum_of_pairs": 0.33002207505518766,
  "column_score": 0.152317880794702,
  "time_ms": 3
}