{
  "sum_of_pairs": 0.3500450676749634,
  "column_score": 0.07542193229997557,
  "time_ms": 84
}