{
  "sum_of_pairs": 0.48999897161661865,
  "column_score": 0.21153846153846154,
  "time_ms": 181
}