{
  "sum_of_pairs": 0.8048266324878576,
  "column_score": 0.6284403669724771,
  "time_ms": 78
}