{
  "sum_of_pairs": 0.31297348484848486,
  "column_score": 0.14772727272727273,
  "time_ms": 45
}