{
  "sum_of_pairs": 0.6828881162369969,
  "column_score": 0.059375,
  "time_ms": 753
}