{
  "sum_of_pairs": 0.5995238562433897,
  "column_score": 0.33120917549591283,
  "time_ms": 15
}