{
  "sum_of_pairs": 0.6055579475536441,
  "column_score": 0.3443009374786037,
  "time_ms": 78
}