{
  "sum_of_pairs": 0.549160186435595,
  "column_score": 0.28490695718835246,
  "time_ms": 31
}