{
  "sum_of_pairs": 0.7268796992481203,
  "column_score": 0.46710526315789475,
  "time_ms": 97
}