{
  "sum_of_pairs": 0.6248697102355639,
  "column_score": 0.08130081300813008,
  "time_ms": 191
}