{
  "sum_of_pairs": 0.660270078180526,
  "column_score": 0.4141791044776119,
  "time_ms": 8
}