{
  "sum_of_pairs": 0.19770114942528735,
  "column_score": 0.05862068965517241,
  "time_ms": 5
}