{
  "sum_of_pairs": 0.6937679530410891,
  "column_score": 0.31210191082802546,
  "time_ms": 26
}