{
  "sum_of_pairs": 0.6883458646616541,
  "column_score": 0.4342105263157895,
  "time_ms": 28
}