{
  "sum_of_pairs": 0.5335478680611424,
  "column_score": 0.21460176991150443,
  "time_ms": 48
}