{
  "sum_of_pairs": 0.47710055096418735,
  "column_score": 0.21022727272727273,
  "time_ms": 137
}