{
  "sum_of_pairs": 0.3878345498783455,
  "column_score": 0.08029197080291971,
  "time_ms": 1
}