{
  "sum_of_pairs": 0.5913978494623656,
  "column_score": 0.43317972350230416,
  "time_ms": 7
}