{
  "sum_of_pairs": 0.34415322580645163,
  "column_score": 0.13306451612903225,
  "time_ms": 44
}