{
  "sum_of_pairs": 0.6671634376552409,
  "column_score": 0.4426229508196721,
  "time_ms": 109
}