{
  "sum_of_pairs": 0.6150684931506849,
  "column_score": 0.3698630136986301,
  "time_ms": 3
}