{
  "sum_of_pairs": 0.6587301587301587,
  "column_score": 0.4880952380952381,
  "time_ms": 2
}