{
  "sum_of_pairs": 0.24655172413793103,
  "column_score": 0.07241379310344828,
  "time_ms": 2
}