{
  "sum_of_pairs": 0.7108433734939759,
  "column_score": 0.5783132530120482,
  "time_ms": 20
}