{
  "sum_of_pairs": 0.5071138211382114,
  "column_score": 0.3719512195121951,
  "time_ms": 7
}