{
  "sum_of_pairs": 0.7686274509803922,
  "column_score": 0.6470588235294118,
  "time_ms": 1
}