{
  "sum_of_pairs": 0.5798062593144561,
  "column_score": 0.3729508196721312,
  "time_ms": 19
}