{
  "sum_of_pairs": 0.4988479262672811,
  "column_score": 0.1774193548387097,
  "time_ms": 7
}