{
  "sum_of_pairs": 0.8488158899923606,
  "column_score": 0.5714285714285714,
  "time_ms": 120
}