{
  "sum_of_pairs": 0.5641821946169773,
  "column_score": 0.15217391304347827,
  "time_ms": 4
}