{
  "sum_of_pairs": 0.6621621621621622,
  "column_score": 0.2702702702702703,
  "time_ms": 1
}