{
  "sum_of_pairs": 0.6952806756085445,
  "column_score": 0.5305514157973175,
  "time_ms": 221
}