{
  "sum_of_pairs": 0.7266313932980599,
  "column_score": 0.41358024691358025,
  "time_ms": 6
}