{
  "sum_of_pairs": 0.8381207028265851,
  "column_score": 0.5285714285714286,
  "time_ms": 159
}