{
  "sum_of_pairs": 0.512611914600551,
  "column_score": 0.23579545454545456,
  "time_ms": 261
}