{
  "sum_of_pairs": 0.6916256157635468,
  "column_score": 0.5172413793103449,
  "time_ms": 16
}