{
  "sum_of_pairs": 0.5578241430700447,
  "column_score": 0.32786885245901637,
  "time_ms": 36
}