{
  "sum_of_pairs": 0.4056451612903226,
  "column_score": 0.14112903225806453,
  "time_ms": 28
}