{
  "sum_of_pairs": 0.694980694980695,
  "column_score": 0.2972972972972973,
  "time_ms": 0
}