{
  "sum_of_pairs": 0.525879917184265,
  "column_score": 0.13043478260869565,
  "time_ms": 1
}