{
  "sum_of_pairs": 0.7739018087855297,
  "column_score": 0.37209302325581395,
  "time_ms": 1
}