{
  "sum_of_pairs": 0.7288515406162465,
  "column_score": 0.5042016806722689,
  "time_ms": 26
}