{
  "sum_of_pairs": 0.5576131687242798,
  "column_score": 0.14814814814814814,
  "time_ms": 5
}