{
  "sum_of_pairs": 0.3433895297249335,
  "column_score": 0.06832298136645963,
  "time_ms": 24
}