{
  "sum_of_pairs": 0.8897435897435897,
  "column_score": 0.6358974358974359,
  "time_ms": 41
}