{
  "sum_of_pairs": 0.8578813343519226,
  "column_score": 0.5714285714285714,
  "time_ms": 477
}