{
  "sum_of_pairs": 0.7555555555555555,
  "column_score": 0.46153846153846156,
  "time_ms": 1
}