{
  "sum_of_pairs": 0.49857954545454547,
  "column_score": 0.23863636363636365,
  "time_ms": 73
}