{
  "sum_of_pairs": 0.5522088353413654,
  "column_score": 0.3313253012048193,
  "time_ms": 2
}