{
  "sum_of_pairs": 0.7189922480620154,
  "column_score": 0.37209302325581395,
  "time_ms": 2
}