{
  "sum_of_pairs": 0.500768049155146,
  "column_score": 0.3271889400921659,
  "time_ms": 7
}