{
  "sum_of_pairs": 0.7016949152542373,
  "column_score": 0.4689265536723164,
  "time_ms": 38
}