{
  "sum_of_pairs": 0.3221411192214112,
  "column_score": 0.072992700729927,
  "time_ms": 3
}