{
  "sum_of_pairs": 0.39854014598540144,
  "column_score": 0.08029197080291971,
  "time_ms": 3
}