{
  "sum_of_pairs": 0.6576514100785945,
  "column_score": 0.24757281553398058,
  "time_ms": 5
}