{
  "sum_of_pairs": 0.7655801173972774,
  "column_score": 0.5605095541401274,
  "time_ms": 222
}