{
  "sum_of_pairs": 0.7443185582720466,
  "column_score": 0.16279069767441862,
  "time_ms": 100
}