{
  "sum_of_pairs": 0.7626865671641792,
  "column_score": 0.6746268656716418,
  "time_ms": 75
}