{
  "sum_of_pairs": 0.6531452087007642,
  "column_score": 0.37037037037037035,
  "time_ms": 4
}