{
  "sum_of_pairs": 0.7710550887021476,
  "column_score": 0.5714285714285714,
  "time_ms": 48
}