{
  "sum_of_pairs": 0.754356324123766,
  "column_score": 0.19767441860465115,
  "time_ms": 54
}