{
  "sum_of_pairs": 0.5232876712328767,
  "column_score": 0.3287671232876712,
  "time_ms": 11
}