{
  "sum_of_pairs": 0.37710736468500444,
  "column_score": 0.11801242236024845,
  "time_ms": 7
}