{
  "sum_of_pairs": 0.7160401002506266,
  "column_score": 0.46710526315789475,
  "time_ms": 15
}