{
  "sum_of_pairs": 0.5582059533386967,
  "column_score": 0.22787610619469026,
  "time_ms": 31
}