{
  "sum_of_pairs": 0.24022988505747125,
  "column_score": 0.07586206896551724,
  "time_ms": 12
}