{
  "sum_of_pairs": 0.390625,
  "column_score": 0.16666666666666666,
  "time_ms": 1
}