{
  "sum_of_pairs": 0.7688492063492064,
  "column_score": 0.5833333333333334,
  "time_ms": 1
}