{
  "sum_of_pairs": 0.7448275862068966,
  "column_score": 0.5886699507389163,
  "time_ms": 68
}