{
  "sum_of_pairs": 0.6423948220064725,
  "column_score": 0.28640776699029125,
  "time_ms": 18
}