{
  "sum_of_pairs": 0.6447688564476886,
  "column_score": 0.30656934306569344,
  "time_ms": 6
}