{
  "sum_of_pairs": 0.6592724046140195,
  "column_score": 0.4886128364389234,
  "time_ms": 151
}