{
  "sum_of_pairs": 0.5465004022526146,
  "column_score": 0.22787610619469026,
  "time_ms": 144
}