{
  "sum_of_pairs": 0.6974995860241762,
  "column_score": 0.5275707898658718,
  "time_ms": 64
}