{
  "sum_of_pairs": 0.665955934612651,
  "column_score": 0.44776119402985076,
  "time_ms": 53
}