{
  "sum_of_pairs": 0.7588235294117647,
  "column_score": 0.6470588235294118,
  "time_ms": 2
}