{
  "sum_of_pairs": 0.593079007713154,
  "column_score": 0.056910569105691054,
  "time_ms": 30
}