{
  "sum_of_pairs": 0.4711693548387097,
  "column_score": 0.17137096774193547,
  "time_ms": 8
}