{
  "sum_of_pairs": 0.5721220527045769,
  "column_score": 0.19902912621359223,
  "time_ms": 8
}