{
  "sum_of_pairs": 0.5979880774962743,
  "column_score": 0.36475409836065575,
  "time_ms": 166
}