{
  "sum_of_pairs": 0.6105188343994314,
  "column_score": 0.31343283582089554,
  "time_ms": 13
}