{
  "sum_of_pairs": 0.6074130787245542,
  "column_score": 0.4728877679697352,
  "time_ms": 103
}