{
  "sum_of_pairs": 0.6644483880508725,
  "column_score": 0.4927536231884058,
  "time_ms": 21
}