{
  "sum_of_pairs": 0.6200828157349897,
  "column_score": 0.41821946169772256,
  "time_ms": 66
}