{
  "sum_of_pairs": 0.7073446327683616,
  "column_score": 0.4858757062146893,
  "time_ms": 13
}