{
  "sum_of_pairs": 0.6810945273631841,
  "column_score": 0.591044776119403,
  "time_ms": 14
}