{
  "sum_of_pairs": 0.8358066934401006,
  "column_score": 0.17308905595813037,
  "time_ms": 1013
}