{
  "sum_of_pairs": 0.8429490996372317,
  "column_score": 0.19574072015330826,
  "time_ms": 1000
}