{
  "sum_of_pairs": 0.8402157531783667,
  "column_score": 0.18640859374310564,
  "time_ms": 507
}