{
  "sum_of_pairs": 0.8315615168074184,
  "column_score": 0.15151515151515152,
  "time_ms": 301
}