{
  "sum_of_pairs": 0.9693932103715585,
  "column_score": 0.5555555555555556,
  "time_ms": 2727
}