{
  "sum_of_pairs": 0.9020935960591133,
  "column_score": 0.48214285714285715,
  "time_ms": 349
}