{
  "sum_of_pairs": 0.7907058001397624,
  "column_score": 0.1509433962264151,
  "time_ms": 247
}