{
  "sum_of_pairs": 0.9491745338405899,
  "column_score": 0.33774834437086093,
  "time_ms": 1059
}