{
  "sum_of_pairs": 0.7255824838776784,
  "column_score": 0.19736842105263158,
  "time_ms": 155
}