{
  "sum_of_pairs": 0.7401705845641773,
  "column_score": 0.23684210526315788,
  "time_ms": 76
}