{
  "sum_of_pairs": 0.8469806763285024,
  "column_score": 0.45652173913043476,
  "time_ms": 69
}