{
  "sum_of_pairs": 0.9546874712064075,
  "column_score": 0.17194570135746606,
  "time_ms": 1649
}