{
  "sum_of_pairs": 0.7307052215519034,
  "column_score": 0.2631578947368421,
  "time_ms": 164
}