{
  "sum_of_pairs": 0.9459924381193932,
  "column_score": 0.31125827814569534,
  "time_ms": 747
}