{
  "sum_of_pairs": 0.8009105450965917,
  "column_score": 0.5116279069767442,
  "time_ms": 376
}