{
  "sum_of_pairs": 0.9445951340942182,
  "column_score": 0.31125827814569534,
  "time_ms": 1320
}