{
  "sum_of_pairs": 0.899652533427164,
  "column_score": 0.4732142857142857,
  "time_ms": 161
}