{
  "sum_of_pairs": 0.9525711662075298,
  "column_score": 0.38636363636363635,
  "time_ms": 1839
}