{
  "sum_of_pairs": 0.799279686072139,
  "column_score": 0.16037735849056603,
  "time_ms": 140
}