{
  "sum_of_pairs": 0.8298694455828113,
  "column_score": 0.14516129032258066,
  "time_ms": 575
}