{
  "sum_of_pairs": 0.836231884057971,
  "column_score": 0.391304347826087,
  "time_ms": 45
}