{
  "sum_of_pairs": 0.9045451623272259,
  "column_score": 0.2896174863387978,
  "time_ms": 879
}