{
  "sum_of_pairs": 0.9584708193041527,
  "column_score": 0.30416666666666664,
  "time_ms": 2471
}