{
  "sum_of_pairs": 0.9736131269150137,
  "column_score": 0.5972222222222222,
  "time_ms": 919
}