{
  "sum_of_pairs": 0.8449976045991696,
  "column_score": 0.3316831683168317,
  "time_ms": 617
}