{
  "sum_of_pairs": 0.9621734397677794,
  "column_score": 0.5486111111111112,
  "time_ms": 830
}