{
  "sum_of_pairs": 0.9107210971820422,
  "column_score": 0.31693989071038253,
  "time_ms": 579
}