{
  "sum_of_pairs": 0.8661864547110448,
  "column_score": 0.48484848484848486,
  "time_ms": 426
}