{
  "sum_of_pairs": 0.9689031453265615,
  "column_score": 0.5648148148148148,
  "time_ms": 3149
}