{
  "sum_of_pairs": 0.9381971153846154,
  "column_score": 0.36666666666666664,
  "time_ms": 2574
}