{
  "sum_of_pairs": 0.7972638821695426,
  "column_score": 0.24528301886792453,
  "time_ms": 306
}