{
  "sum_of_pairs": 0.8504227053140097,
  "column_score": 0.463768115942029,
  "time_ms": 27
}