{
  "sum_of_pairs": 0.9560759106213652,
  "column_score": 0.4356060606060606,
  "time_ms": 1835
}