{
  "sum_of_pairs": 0.8145994832041343,
  "column_score": 0.5232558139534884,
  "time_ms": 170
}