{
  "sum_of_pairs": 0.840166879591185,
  "column_score": 0.2871287128712871,
  "time_ms": 670
}