{
  "sum_of_pairs": 0.954640563826704,
  "column_score": 0.18099547511312217,
  "time_ms": 3327
}