{
  "sum_of_pairs": 0.8104466592838686,
  "column_score": 0.4883720930232558,
  "time_ms": 507
}