{
  "sum_of_pairs": 0.8440095017566273,
  "column_score": 0.3217821782178218,
  "time_ms": 290
}