{
  "sum_of_pairs": 0.9461538461538461,
  "column_score": 0.38333333333333336,
  "time_ms": 2380
}