{
  "sum_of_pairs": 0.9322242631710779,
  "column_score": 0.1016949152542373,
  "time_ms": 314
}