{
  "sum_of_pairs": 0.9666586034510563,
  "column_score": 0.5972222222222222,
  "time_ms": 445
}