{
  "sum_of_pairs": 0.8525841195624948,
  "column_score": 0.30847457627118646,
  "time_ms": 641
}