{
  "sum_of_pairs": 0.8778496764559482,
  "column_score": 0.17142857142857143,
  "time_ms": 119
}