{
  "sum_of_pairs": 0.9580693296602387,
  "column_score": 0.4696969696969697,
  "time_ms": 781
}