{
  "sum_of_pairs": 0.8264250726928556,
  "column_score": 0.12096774193548387,
  "time_ms": 1355
}