{
  "sum_of_pairs": 0.7349346754066775,
  "column_score": 0.04313049712372197,
  "time_ms": 662
}