{
  "sum_of_pairs": 0.7511678578919407,
  "column_score": 0.06644055177756023,
  "time_ms": 352
}