{
  "sum_of_pairs": 0.666686181527233,
  "column_score": 0.024193548387096774,
  "time_ms": 435
}