{
  "sum_of_pairs": 0.71446822101565,
  "column_score": 0.13366336633663367,
  "time_ms": 186
}