{
  "sum_of_pairs": 0.8261567558057706,
  "column_score": 0.11607142857142858,
  "time_ms": 101
}