{
  "sum_of_pairs": 0.8722641022028087,
  "column_score": 0.039735099337748346,
  "time_ms": 848
}