{
  "sum_of_pairs": 0.9205908319526369,
  "column_score": 0.11312217194570136,
  "time_ms": 1008
}