{
  "sum_of_pairs": 0.9011400525155386,
  "column_score": 0.183206106870229,
  "time_ms": 765
}