{
  "sum_of_pairs": 0.9492423792410427,
  "column_score": 0.4351851851851852,
  "time_ms": 2539
}