{
  "sum_of_pairs": 0.6274758454106281,
  "column_score": 0.14492753623188406,
  "time_ms": 37
}