{
  "sum_of_pairs": 0.771879435584871,
  "column_score": 0.2983050847457627,
  "time_ms": 477
}