{
  "sum_of_pairs": 0.7447941888619855,
  "column_score": 0.15593220338983052,
  "time_ms": 839
}