{
  "sum_of_pairs": 0.7505569007263923,
  "column_score": 0.10476190476190476,
  "time_ms": 515
}