{
  "sum_of_pairs": 0.8287753134040502,
  "column_score": 0.15846994535519127,
  "time_ms": 453
}