{
  "sum_of_pairs": 0.9253198653198653,
  "column_score": 0.06666666666666667,
  "time_ms": 1561
}