{
  "sum_of_pairs": 0.8000967628430683,
  "column_score": 0.09821428571428571,
  "time_ms": 169
}