{
  "sum_of_pairs": 0.5801435406698564,
  "column_score": 0.13157894736842105,
  "time_ms": 47
}