{
  "sum_of_pairs": 0.6820704247844139,
  "column_score": 0.07920792079207921,
  "time_ms": 313
}