{
  "sum_of_pairs": 0.7688297013720743,
  "column_score": 0.10476190476190476,
  "time_ms": 230
}