{
  "sum_of_pairs": 0.9154946802005626,
  "column_score": 0.04524886877828054,
  "time_ms": 2125
}