{
  "sum_of_pairs": 0.9216750841750841,
  "column_score": 0.13636363636363635,
  "time_ms": 1055
}