{
  "sum_of_pairs": 0.9352540557086012,
  "column_score": 0.3371212121212121,
  "time_ms": 527
}