{
  "sum_of_pairs": 0.941465049955616,
  "column_score": 0.11486486486486487,
  "time_ms": 604
}