{
  "sum_of_pairs": 0.6876796667798123,
  "column_score": 0.02246390260413723,
  "time_ms": 320
}