{
  "sum_of_pairs": 0.7792047853624209,
  "column_score": 0.15178571428571427,
  "time_ms": 91
}