{
  "sum_of_pairs": 0.7158303414878517,
  "column_score": 0.10847457627118644,
  "time_ms": 412
}