{
  "sum_of_pairs": 0.9028619528619528,
  "column_score": 0.13636363636363635,
  "time_ms": 519
}