{
  "sum_of_pairs": 0.9359351332085895,
  "column_score": 0.2175925925925926,
  "time_ms": 1435
}