{
  "sum_of_pairs": 0.7083572910508064,
  "column_score": 0.30349588272981226,
  "time_ms": 1228
}