{
  "sum_of_pairs": 0.7120206324262359,
  "column_score": 0.30432929382820195,
  "time_ms": 167
}