{
  "sum_of_pairs": 0.7088095238795159,
  "column_score": 0.3054845814351008,
  "time_ms": 373
}