{
  "sum_of_pairs": 0.6992112610787364,
  "column_score": 0.28124927005675726,
  "time_ms": 374
}