{
  "sum_of_pairs": 0.743120863810519,
  "column_score": 0.5287356321839081,
  "time_ms": 57
}