{
  "sum_of_pairs": 0.8883834240684118,
  "column_score": 0.7264150943396226,
  "time_ms": 520
}