{
  "sum_of_pairs": 0.6163570691434469,
  "column_score": 0.3026315789473684,
  "time_ms": 343
}