{
  "sum_of_pairs": 0.8747557204700062,
  "column_score": 0.6285714285714286,
  "time_ms": 49
}