{
  "sum_of_pairs": 0.410429806879511,
  "column_score": 0.14201183431952663,
  "time_ms": 44
}