{
  "sum_of_pairs": 0.8756890687309407,
  "column_score": 0.07142857142857142,
  "time_ms": 232
}