{
  "sum_of_pairs": 0.6220160791589363,
  "column_score": 0.1836734693877551,
  "time_ms": 25
}