{
  "sum_of_pairs": 0.5396767381416504,
  "column_score": 0.1736111111111111,
  "time_ms": 144
}