{
  "sum_of_pairs": 0.6216903688287664,
  "column_score": 0.0967741935483871,
  "time_ms": 198
}