{
  "sum_of_pairs": 0.882081038552321,
  "column_score": 0.5853658536585366,
  "time_ms": 267
}