{
  "sum_of_pairs": 0.5985157699443414,
  "column_score": 0.15510204081632653,
  "time_ms": 48
}