{
  "sum_of_pairs": 0.88347749886929,
  "column_score": 0.428125,
  "time_ms": 1228
}