{
  "sum_of_pairs": 0.6196641335960221,
  "column_score": 0.3026315789473684,
  "time_ms": 119
}