{
  "sum_of_pairs": 0.762843956809474,
  "column_score": 0.46839080459770116,
  "time_ms": 139
}