{
  "sum_of_pairs": 0.6144572661600526,
  "column_score": 0.3026315789473684,
  "time_ms": 614
}