{
  "sum_of_pairs": 0.8645437144206627,
  "column_score": 0.7264150943396226,
  "time_ms": 152
}