{
  "sum_of_pairs": 0.9225788670284939,
  "column_score": 0.428125,
  "time_ms": 3625
}