{
  "sum_of_pairs": 0.8717696097006442,
  "column_score": 0.6896551724137931,
  "time_ms": 48
}