{
  "sum_of_pairs": 0.9849687349687349,
  "column_score": 0.8333333333333334,
  "time_ms": 241
}