{
  "sum_of_pairs": 0.9967532467532467,
  "column_score": 0.9545454545454546,
  "time_ms": 110
}