{
  "sum_of_pairs": 0.8614339092280269,
  "column_score": 0.5096153846153846,
  "time_ms": 326
}