{
  "sum_of_pairs": 0.8801325757575758,
  "column_score": 0.6079545454545454,
  "time_ms": 233
}