{
  "sum_of_pairs": 0.7799982584465343,
  "column_score": 0.48563218390804597,
  "time_ms": 36
}