{
  "sum_of_pairs": 0.7308743169398907,
  "column_score": 0.4262295081967213,
  "time_ms": 23
}