{
  "sum_of_pairs": 0.4493906810035842,
  "column_score": 0.04516129032258064,
  "time_ms": 54
}