{
  "sum_of_pairs": 0.6269016697588126,
  "column_score": 0.1836734693877551,
  "time_ms": 111
}