{
  "sum_of_pairs": 0.7675925925925926,
  "column_score": 0.4166666666666667,
  "time_ms": 7
}