{
  "sum_of_pairs": 0.9628683321686466,
  "column_score": 0.78125,
  "time_ms": 656
}