{
  "sum_of_pairs": 0.5950510063413289,
  "column_score": 0.1774193548387097,
  "time_ms": 428
}