{
  "sum_of_pairs": 0.7386831275720165,
  "column_score": 0.5864197530864198,
  "time_ms": 15
}