{
  "sum_of_pairs": 0.46856102477404254,
  "column_score": 0.1952662721893491,
  "time_ms": 124
}