{
  "sum_of_pairs": 0.8549436392914653,
  "column_score": 0.3333333333333333,
  "time_ms": 323
}