{
  "sum_of_pairs": 0.7079303675048356,
  "column_score": 0.12056737588652482,
  "time_ms": 115
}