{
  "sum_of_pairs": 0.739803094233474,
  "column_score": 0.5506329113924051,
  "time_ms": 15
}