{
  "sum_of_pairs": 0.8796534348004936,
  "column_score": 0.5144230769230769,
  "time_ms": 1045
}