{
  "sum_of_pairs": 0.564327485380117,
  "column_score": 0.19444444444444445,
  "time_ms": 315
}