{
  "sum_of_pairs": 0.9610266713254134,
  "column_score": 0.7604166666666666,
  "time_ms": 1314
}