{
  "sum_of_pairs": 0.8881037506745818,
  "column_score": 0.7018348623853211,
  "time_ms": 93
}