{
  "sum_of_pairs": 0.4657347670250896,
  "column_score": 0.03870967741935484,
  "time_ms": 68
}