{
  "sum_of_pairs": 0.8914429303831625,
  "column_score": 0.7018348623853211,
  "time_ms": 232
}