{
  "sum_of_pairs": 0.8708212560386474,
  "column_score": 0.3333333333333333,
  "time_ms": 596
}