{
  "sum_of_pairs": 0.5919892323401096,
  "column_score": 0.3253968253968254,
  "time_ms": 62
}