{
  "sum_of_pairs": 0.6365360157243612,
  "column_score": 0.0967741935483871,
  "time_ms": 82
}