{
  "sum_of_pairs": 0.7706809474050853,
  "column_score": 0.5977011494252874,
  "time_ms": 30
}