{
  "sum_of_pairs": 0.689981164879745,
  "column_score": 0.19117647058823528,
  "time_ms": 130
}