{
  "sum_of_pairs": 0.5927318295739349,
  "column_score": 0.30158730158730157,
  "time_ms": 327
}