{
  "sum_of_pairs": 0.8816414496833216,
  "column_score": 0.07738095238095238,
  "time_ms": 101
}