{
  "sum_of_pairs": 0.49304659498207887,
  "column_score": 0.04516129032258064,
  "time_ms": 24
}