{
  "sum_of_pairs": 0.7701149425287356,
  "column_score": 0.6091954022988506,
  "time_ms": 64
}