{
  "sum_of_pairs": 0.8676006441223832,
  "column_score": 0.3333333333333333,
  "time_ms": 127
}