{
  "sum_of_pairs": 0.8848183844741673,
  "column_score": 0.5934959349593496,
  "time_ms": 114
}