{
  "sum_of_pairs": 0.5807110368513877,
  "column_score": 0.25396825396825395,
  "time_ms": 199
}