{
  "sum_of_pairs": 0.8939420595824537,
  "column_score": 0.14285714285714285,
  "time_ms": 328
}