{
  "sum_of_pairs": 0.4444372195851486,
  "column_score": 0.1952662721893491,
  "time_ms": 26
}