{
  "sum_of_pairs": 0.8793004587155964,
  "column_score": 0.6720183486238532,
  "time_ms": 231
}