{
  "sum_of_pairs": 0.6609053497942387,
  "column_score": 0.4691358024691358,
  "time_ms": 47
}