{
  "sum_of_pairs": 0.9583042161658514,
  "column_score": 0.7708333333333334,
  "time_ms": 1807
}