{
  "sum_of_pairs": 0.7195357833655706,
  "column_score": 0.16312056737588654,
  "time_ms": 219
}