{
  "sum_of_pairs": 0.6858157055925819,
  "column_score": 0.17647058823529413,
  "time_ms": 258
}