{
  "sum_of_pairs": 0.7175094409136963,
  "column_score": 0.16312056737588654,
  "time_ms": 56
}