{
  "sum_of_pairs": 0.7859744990892532,
  "column_score": 0.5245901639344263,
  "time_ms": 4
}