{
  "sum_of_pairs": 0.8558549293843412,
  "column_score": 0.47115384615384615,
  "time_ms": 777
}