{
  "sum_of_pairs": 0.8656524427953,
  "column_score": 0.6114285714285714,
  "time_ms": 104
}