{
  "sum_of_pairs": 0.8803228177295341,
  "column_score": 0.384375,
  "time_ms": 2733
}