{
  "sum_of_pairs": 0.8723674242424242,
  "column_score": 0.5681818181818182,
  "time_ms": 176
}