{
  "sum_of_pairs": 0.8706988249845393,
  "column_score": 0.6285714285714286,
  "time_ms": 113
}