{
  "sum_of_pairs": 0.7614209199747952,
  "column_score": 0.41304347826086957,
  "time_ms": 49
}