{
  "sum_of_pairs": 0.9434269434269434,
  "column_score": 0.7407407407407407,
  "time_ms": 33
}