{
  "sum_of_pairs": 0.3676656997047701,
  "column_score": 0.019474658617881124,
  "time_ms": 1441
}