{
  "sum_of_pairs": 0.36766569970477003,
  "column_score": 0.019474658617881124,
  "time_ms": 1494
}