{
  "sum_of_pairs": 0.44168486882946684,
  "column_score": 0.06956521739130435,
  "time_ms": 822
}