{
  "sum_of_pairs": 0.35134384332245294,
  "column_score": 0.1038961038961039,
  "time_ms": 194
}