{
  "sum_of_pairs": 0.3425267542914602,
  "column_score": 0.01809954751131222,
  "time_ms": 445
}