{
  "sum_of_pairs": 0.4496934267079439,
  "column_score": 0.05952380952380952,
  "time_ms": 3372
}