{
  "sum_of_pairs": 0.4027857231687601,
  "column_score": 0.10588235294117647,
  "time_ms": 224
}