{
  "sum_of_pairs": 0.44013666072489604,
  "column_score": 0.22727272727272727,
  "time_ms": 45
}