{
  "sum_of_pairs": 0.4827722749080741,
  "column_score": 0.04820009438399712,
  "time_ms": 574
}