{
  "sum_of_pairs": 0.6163563908880033,
  "column_score": 0.12173913043478261,
  "time_ms": 1305
}