{
  "sum_of_pairs": 0.7565280407695725,
  "column_score": 0.32936507936507936,
  "time_ms": 1624
}