{
  "sum_of_pairs": 0.7386948942869995,
  "column_score": 0.2573099415204678,
  "time_ms": 397
}