{
  "sum_of_pairs": 0.46505874508541606,
  "column_score": 0.11304347826086956,
  "time_ms": 364
}