{
  "sum_of_pairs": 0.47784960137901317,
  "column_score": 0.13122171945701358,
  "time_ms": 207
}