{
  "sum_of_pairs": 0.466484268125855,
  "column_score": 0.10588235294117647,
  "time_ms": 77
}