{
  "sum_of_pairs": 0.6476843910806175,
  "column_score": 0.1509433962264151,
  "time_ms": 2050
}