{
  "sum_of_pairs": 0.8584484822108585,
  "column_score": 0.6138613861386139,
  "time_ms": 5901
}