{
  "sum_of_pairs": 0.810054773082942,
  "column_score": 0.6267605633802817,
  "time_ms": 1203
}