{
  "sum_of_pairs": 0.855595667870036,
  "column_score": 0.7942238267148014,
  "time_ms": 1039
}