{
  "sum_of_pairs": 0.9276228419654714,
  "column_score": 0.8844621513944223,
  "time_ms": 508
}