{
  "sum_of_pairs": 0.7802978235967927,
  "column_score": 0.422680412371134,
  "time_ms": 1102
}