{
  "sum_of_pairs": 0.38275862068965516,
  "column_score": 0.28078817733990147,
  "time_ms": 229
}