{
  "sum_of_pairs": 0.5715579710144928,
  "column_score": 0.41847826086956524,
  "time_ms": 385
}