{
  "sum_of_pairs": 0.8526455026455027,
  "column_score": 0.762962962962963,
  "time_ms": 1172
}