{
  "sum_of_pairs": 0.7228260869565217,
  "column_score": 0.32608695652173914,
  "time_ms": 1362
}