{
  "sum_of_pairs": 0.8929359823399559,
  "column_score": 0.8344370860927153,
  "time_ms": 326
}