{
  "sum_of_pairs": 0.6243243243243243,
  "column_score": 0.4864864864864865,
  "time_ms": 237
}