{
  "sum_of_pairs": 0.8093645484949833,
  "column_score": 0.4782608695652174,
  "time_ms": 1212
}