{
  "sum_of_pairs": 0.606018981018981,
  "column_score": 0.3977272727272727,
  "time_ms": 3120
}