{
  "sum_of_pairs": 0.45652173913043476,
  "column_score": 0.30434782608695654,
  "time_ms": 211
}