{
  "sum_of_pairs": 0.7925170068027211,
  "column_score": 0.7142857142857143,
  "time_ms": 552
}