{
  "sum_of_pairs": 0.38235294117647056,
  "column_score": 0.27450980392156865,
  "time_ms": 276
}