{
  "sum_of_pairs": 0.893796992481203,
  "column_score": 0.7368421052631579,
  "time_ms": 697
}