{
  "sum_of_pairs": 0.6353535353535353,
  "column_score": 0.2777777777777778,
  "time_ms": 644
}