{
  "sum_of_pairs": 0.6704889313584965,
  "column_score": 0.2753623188405797,
  "time_ms": 249
}