{
  "sum_of_pairs": 0.6410256410256411,
  "column_score": 0.48717948717948717,
  "time_ms": 567
}