{
  "sum_of_pairs": 0.6542793948079973,
  "column_score": 0.2261121899595911,
  "time_ms": 209
}