{
  "sum_of_pairs": 0.6573724405700176,
  "column_score": 0.22624340664469617,
  "time_ms": 468
}