{
  "sum_of_pairs": 0.7614008941877795,
  "column_score": 0.25614754098360654,
  "time_ms": 41
}