{
  "sum_of_pairs": 0.8356909917134456,
  "column_score": 0.5069767441860465,
  "time_ms": 211
}