{
  "sum_of_pairs": 0.8461968680089486,
  "column_score": 0.587248322147651,
  "time_ms": 42
}