{
  "sum_of_pairs": 0.6500260635951722,
  "column_score": 0.2883435582822086,
  "time_ms": 61
}