{
  "sum_of_pairs": 0.8444373162256081,
  "column_score": 0.5069767441860465,
  "time_ms": 630
}