{
  "sum_of_pairs": 0.6435703115602069,
  "column_score": 0.26993865030674846,
  "time_ms": 149
}