{
  "sum_of_pairs": 0.8524522669960373,
  "column_score": 0.6141732283464567,
  "time_ms": 109
}