{
  "sum_of_pairs": 0.5918527883129653,
  "column_score": 0.2743362831858407,
  "time_ms": 196
}