{
  "sum_of_pairs": 0.7829819563152897,
  "column_score": 0.5679012345679012,
  "time_ms": 131
}