{
  "sum_of_pairs": 0.743070044709389,
  "column_score": 0.23770491803278687,
  "time_ms": 69
}