{
  "sum_of_pairs": 0.6388387665904808,
  "column_score": 0.26380368098159507,
  "time_ms": 388
}