{
  "sum_of_pairs": 0.5841129372102823,
  "column_score": 0.26548672566371684,
  "time_ms": 446
}