{
  "sum_of_pairs": 0.8444484936831875,
  "column_score": 0.42857142857142855,
  "time_ms": 1249
}