{
  "sum_of_pairs": 0.7399403874813711,
  "column_score": 0.2827868852459016,
  "time_ms": 116
}