{
  "sum_of_pairs": 0.7832858499525166,
  "column_score": 0.5555555555555556,
  "time_ms": 140
}