{
  "sum_of_pairs": 0.7543233905232761,
  "column_score": 0.053661224332981074,
  "time_ms": 389
}