{
  "sum_of_pairs": 0.9507431960262149,
  "column_score": 0.0945945945945946,
  "time_ms": 421
}