{
  "sum_of_pairs": 0.9270584634220997,
  "column_score": 0.19696969696969696,
  "time_ms": 582
}