{
  "sum_of_pairs": 0.8038794726930321,
  "column_score": 0.0380952380952381,
  "time_ms": 264
}