{
  "sum_of_pairs": 0.7943236714975845,
  "column_score": 0.32608695652173914,
  "time_ms": 24
}