{
  "sum_of_pairs": 0.9560599760412645,
  "column_score": 0.08796296296296297,
  "time_ms": 1773
}