{
  "sum_of_pairs": 0.474958897377444,
  "column_score": 0.0557696201189173,
  "time_ms": 643
}