{
  "sum_of_pairs": 0.8008603238866396,
  "column_score": 0.32748538011695905,
  "time_ms": 427
}