{
  "sum_of_pairs": 0.8008179035576296,
  "column_score": 0.04794520547945205,
  "time_ms": 1016
}