{
  "sum_of_pairs": 0.7460999349477742,
  "column_score": 0.22330097087378642,
  "time_ms": 2156
}