{
  "sum_of_pairs": 0.3949116836817372,
  "column_score": 0.18181818181818182,
  "time_ms": 76
}