{
  "sum_of_pairs": 0.80879244186629,
  "column_score": 0.5515873015873016,
  "time_ms": 1751
}