{
  "sum_of_pairs": 0.7293099854075464,
  "column_score": 0.24390243902439024,
  "time_ms": 36
}