{
  "sum_of_pairs": 0.7863222387812552,
  "column_score": 0.6154992548435171,
  "time_ms": 52
}