{
  "sum_of_pairs": 0.513536866359447,
  "column_score": 0.3064516129032258,
  "time_ms": 8
}