{
  "sum_of_pairs": 0.7604998521147589,
  "column_score": 0.639751552795031,
  "time_ms": 27
}