{
  "sum_of_pairs": 0.7945812807881774,
  "column_score": 0.6921182266009852,
  "time_ms": 16
}