{
  "sum_of_pairs": 0.7080048270313757,
  "column_score": 0.3606194690265487,
  "time_ms": 34
}