{
  "sum_of_pairs": 0.1338709677419355,
  "column_score": 0.10483870967741936,
  "time_ms": 13
}