{
  "sum_of_pairs": 0.5521235521235521,
  "column_score": 0.4864864864864865,
  "time_ms": 1
}