{
  "sum_of_pairs": 0.4309375924282757,
  "column_score": 0.22981366459627328,
  "time_ms": 12
}