{
  "sum_of_pairs": 0.5532846715328467,
  "column_score": 0.06569343065693431,
  "time_ms": 4
}