{
  "sum_of_pairs": 0.7829457364341085,
  "column_score": 0.4418604651162791,
  "time_ms": 2
}