{
  "sum_of_pairs": 0.9549339549339549,
  "column_score": 0.8564102564102564,
  "time_ms": 27
}