{
  "sum_of_pairs": 0.8279838474667999,
  "column_score": 0.445859872611465,
  "time_ms": 28
}