{
  "sum_of_pairs": 0.7301587301587301,
  "column_score": 0.5892857142857143,
  "time_ms": 3
}