{
  "sum_of_pairs": 0.6922141119221411,
  "column_score": 0.291970802919708,
  "time_ms": 7
}