{
  "sum_of_pairs": 0.15862068965517243,
  "column_score": 0.07586206896551724,
  "time_ms": 7
}