{
  "sum_of_pairs": 0.6855899328224051,
  "column_score": 0.014760147601476014,
  "time_ms": 28
}