{
  "sum_of_pairs": 0.6623737373737374,
  "column_score": 0.48333333333333334,
  "time_ms": 9
}