{
  "sum_of_pairs": 0.735593220338983,
  "column_score": 0.6101694915254238,
  "time_ms": 19
}