{
  "sum_of_pairs": 0.5685856432125089,
  "column_score": 0.1791044776119403,
  "time_ms": 13
}