{
  "sum_of_pairs": 0.7836566725455615,
  "column_score": 0.5679012345679012,
  "time_ms": 5
}