{
  "sum_of_pairs": 0.6503725782414307,
  "column_score": 0.27459016393442626,
  "time_ms": 23
}