{
  "sum_of_pairs": 0.5641943228705109,
  "column_score": 0.3173282150050234,
  "time_ms": 25
}