{
  "sum_of_pairs": 0.6294492222693372,
  "column_score": 0.3962878836201267,
  "time_ms": 17
}