{
  "sum_of_pairs": 0.673765158237208,
  "column_score": 0.5341614906832298,
  "time_ms": 28
}