{
  "sum_of_pairs": 0.9264180264180264,
  "column_score": 0.8102564102564103,
  "time_ms": 29
}