{
  "sum_of_pairs": 0.7477272727272727,
  "column_score": 0.5166666666666667,
  "time_ms": 9
}