{
  "sum_of_pairs": 0.441025641025641,
  "column_score": 0.05128205128205128,
  "time_ms": 1
}