{
  "sum_of_pairs": 0.5305614783226723,
  "column_score": 0.31343283582089554,
  "time_ms": 20
}