{
  "sum_of_pairs": 0.6506488240064883,
  "column_score": 0.29927007299270075,
  "time_ms": 16
}