{
  "sum_of_pairs": 0.831592039800995,
  "column_score": 0.7567164179104477,
  "time_ms": 8
}