{
  "sum_of_pairs": 0.8071535022354694,
  "column_score": 0.6363636363636364,
  "time_ms": 61
}