{
  "sum_of_pairs": 0.4324116743471582,
  "column_score": 0.2672811059907834,
  "time_ms": 3
}