{
  "sum_of_pairs": 0.8165024630541872,
  "column_score": 0.7241379310344828,
  "time_ms": 14
}