{
  "sum_of_pairs": 0.6983426409655917,
  "column_score": 0.5220680958385876,
  "time_ms": 42
}