{
  "sum_of_pairs": 0.6180048661800487,
  "column_score": 0.3722627737226277,
  "time_ms": 4
}