{
  "sum_of_pairs": 0.5971606033717834,
  "column_score": 0.4161490683229814,
  "time_ms": 13
}