{
  "sum_of_pairs": 0.8156641604010025,
  "column_score": 0.45394736842105265,
  "time_ms": 22
}