{
  "sum_of_pairs": 0.8741934140959994,
  "column_score": 0.643312101910828,
  "time_ms": 37
}