{
  "sum_of_pairs": 0.43902439024390244,
  "column_score": 0.3231707317073171,
  "time_ms": 4
}