{
  "sum_of_pairs": 0.5999423963133641,
  "column_score": 0.3387096774193548,
  "time_ms": 9
}