{
  "sum_of_pairs": 0.5588412534435262,
  "column_score": 0.23579545454545456,
  "time_ms": 78
}