{
  "sum_of_pairs": 0.5619639160011831,
  "column_score": 0.391304347826087,
  "time_ms": 12
}