{
  "sum_of_pairs": 0.7432835820895523,
  "column_score": 0.6537313432835821,
  "time_ms": 12
}