{
  "sum_of_pairs": 0.5673418621179815,
  "column_score": 0.3246268656716418,
  "time_ms": 9
}