{
  "sum_of_pairs": 0.4869791666666667,
  "column_score": 0.28125,
  "time_ms": 2
}