{
  "sum_of_pairs": 0.6913113435237329,
  "column_score": 0.3827433628318584,
  "time_ms": 37
}