{
  "sum_of_pairs": 0.5643835616438356,
  "column_score": 0.273972602739726,
  "time_ms": 6
}