{
  "sum_of_pairs": 0.6041666666666666,
  "column_score": 0.4107142857142857,
  "time_ms": 3
}