{
  "sum_of_pairs": 0.6593144560357675,
  "column_score": 0.4344262295081967,
  "time_ms": 24
}