{
  "sum_of_pairs": 0.5288825757575758,
  "column_score": 0.22443181818181818,
  "time_ms": 95
}