{
  "sum_of_pairs": 0.8478096319424733,
  "column_score": 0.5793357933579336,
  "time_ms": 32
}