{
  "sum_of_pairs": 0.721928277483833,
  "column_score": 0.5061728395061729,
  "time_ms": 5
}