{
  "sum_of_pairs": 0.6718954248366014,
  "column_score": 0.4957983193277311,
  "time_ms": 12
}