{
  "sum_of_pairs": 0.7408311150547175,
  "column_score": 0.5962732919254659,
  "time_ms": 29
}