{
  "sum_of_pairs": 0.1724137931034483,
  "column_score": 0.03793103448275862,
  "time_ms": 18
}