{
  "sum_of_pairs": 0.29879032258064514,
  "column_score": 0.10887096774193548,
  "time_ms": 14
}