{
  "sum_of_pairs": 0.8236397748592871,
  "column_score": 0.4959349593495935,
  "time_ms": 59
}