{
  "sum_of_pairs": 0.7684729064039408,
  "column_score": 0.6305418719211823,
  "time_ms": 16
}