{
  "sum_of_pairs": 0.8422205245734657,
  "column_score": 0.2714285714285714,
  "time_ms": 100
}