{
  "sum_of_pairs": 0.25967741935483873,
  "column_score": 0.08064516129032258,
  "time_ms": 17
}