{
  "sum_of_pairs": 0.6475409836065574,
  "column_score": 0.46279949558638084,
  "time_ms": 49
}