{
  "sum_of_pairs": 0.7088402270884022,
  "column_score": 0.5036496350364964,
  "time_ms": 7
}