{
  "sum_of_pairs": 0.5823293172690763,
  "column_score": 0.463855421686747,
  "time_ms": 3
}