{
  "sum_of_pairs": 0.37703252032520324,
  "column_score": 0.27439024390243905,
  "time_ms": 4
}