{
  "sum_of_pairs": 0.8034886681945506,
  "column_score": 0.12857142857142856,
  "time_ms": 186
}