{
  "sum_of_pairs": 0.4986301369863014,
  "column_score": 0.2054794520547945,
  "time_ms": 8
}