{
  "sum_of_pairs": 0.7973634651600753,
  "column_score": 0.5310734463276836,
  "time_ms": 19
}