{
  "sum_of_pairs": 0.7840225563909774,
  "column_score": 0.45394736842105265,
  "time_ms": 51
}