{
  "sum_of_pairs": 0.8260783144504075,
  "column_score": 0.38372093023255816,
  "time_ms": 65
}