{
  "sum_of_pairs": 0.6128062875635691,
  "column_score": 0.24757281553398058,
  "time_ms": 9
}