{
  "sum_of_pairs": 0.6907630522088354,
  "column_score": 0.6325301204819277,
  "time_ms": 2
}