{
  "sum_of_pairs": 0.6514976958525346,
  "column_score": 0.3387096774193548,
  "time_ms": 8
}