{
  "sum_of_pairs": 0.28286852589641437,
  "column_score": 0.1593625498007968,
  "time_ms": 4
}