{
  "sum_of_pairs": 0.6825667425328213,
  "column_score": 0.035174059902806615,
  "time_ms": 279
}