{
  "sum_of_pairs": 0.8787932505345727,
  "column_score": 0.11450381679389313,
  "time_ms": 608
}