{
  "sum_of_pairs": 0.889520202020202,
  "column_score": 0.09848484848484848,
  "time_ms": 458
}