{
  "sum_of_pairs": 0.8156263209806961,
  "column_score": 0.16556291390728478,
  "time_ms": 334
}