{
  "sum_of_pairs": 0.4548309178743961,
  "column_score": 0.10869565217391304,
  "time_ms": 20
}