{
  "sum_of_pairs": 0.692452200050096,
  "column_score": 0.1152542372881356,
  "time_ms": 352
}