{
  "sum_of_pairs": 0.9147658083103152,
  "column_score": 0.4212962962962963,
  "time_ms": 1198
}