{
  "sum_of_pairs": 0.8886198547215496,
  "column_score": 0.059322033898305086,
  "time_ms": 86
}