{
  "sum_of_pairs": 0.7150736247711059,
  "column_score": 0.3439634993009317,
  "time_ms": 1309
}