{
  "sum_of_pairs": 0.7136243359270016,
  "column_score": 0.33756108113276145,
  "time_ms": 2400
}