{
  "sum_of_pairs": 0.42793650793650795,
  "column_score": 0.1619047619047619,
  "time_ms": 26
}