{
  "sum_of_pairs": 0.903855242501859,
  "column_score": 0.39271255060728744,
  "time_ms": 2256
}