{
  "sum_of_pairs": 0.9048202924894654,
  "column_score": 0.4008097165991903,
  "time_ms": 1230
}