{
  "sum_of_pairs": 0.6699958365550467,
  "column_score": 0.11304347826086956,
  "time_ms": 3491
}