{
  "sum_of_pairs": 0.8816371681415929,
  "column_score": 0.6116504854368932,
  "time_ms": 4341
}