{
  "sum_of_pairs": 0.834343537414966,
  "column_score": 0.6166666666666667,
  "time_ms": 1602
}