{
  "sum_of_pairs": 0.9539417453891138,
  "column_score": 0.7543859649122807,
  "time_ms": 768
}