{
  "sum_of_pairs": 0.8110285436488645,
  "column_score": 0.5064935064935064,
  "time_ms": 307
}