{
  "sum_of_pairs": 0.9335738925199709,
  "column_score": 0.8235294117647058,
  "time_ms": 3275
}