{
  "sum_of_pairs": 0.8492034281507965,
  "column_score": 0.45054945054945056,
  "time_ms": 1651
}