{
  "sum_of_pairs": 0.7421424137217483,
  "column_score": 0.2782608695652174,
  "time_ms": 1055
}