{
  "sum_of_pairs": 0.5947465283587083,
  "column_score": 0.1744186046511628,
  "time_ms": 2142
}