{
  "sum_of_pairs": 0.7415630101395627,
  "column_score": 0.2608695652173913,
  "time_ms": 1633
}