{
  "sum_of_pairs": 0.8815696611147251,
  "column_score": 0.6116504854368932,
  "time_ms": 8576
}