{
  "sum_of_pairs": 0.7560110054862679,
  "column_score": 0.34065934065934067,
  "time_ms": 9278
}