{
  "sum_of_pairs": 0.9533878767431399,
  "column_score": 0.7368421052631579,
  "time_ms": 1458
}