{
  "sum_of_pairs": 0.7457466918714556,
  "column_score": 0.5869565217391305,
  "time_ms": 59
}