{
  "sum_of_pairs": 0.6698174031999048,
  "column_score": 0.11304347826086956,
  "time_ms": 6948
}