{
  "sum_of_pairs": 0.8827589489718203,
  "column_score": 0.7623762376237624,
  "time_ms": 1036
}