{
  "sum_of_pairs": 0.7714090287277702,
  "column_score": 0.4823529411764706,
  "time_ms": 292
}