{
  "sum_of_pairs": 0.9337645243282499,
  "column_score": 0.8235294117647058,
  "time_ms": 1754
}