{
  "sum_of_pairs": 0.8332632021880917,
  "column_score": 0.5873015873015873,
  "time_ms": 3945
}