{
  "sum_of_pairs": 0.8112137416950251,
  "column_score": 0.5064935064935064,
  "time_ms": 168
}