{
  "sum_of_pairs": 0.8379611256323585,
  "column_score": 0.2945205479452055,
  "time_ms": 1763
}