{
  "sum_of_pairs": 0.4234013605442177,
  "column_score": 0.1619047619047619,
  "time_ms": 49
}