{
  "sum_of_pairs": 0.6107360173376678,
  "column_score": 0.15503875968992248,
  "time_ms": 500
}