{
  "sum_of_pairs": 0.580798621516332,
  "column_score": 0.17857142857142858,
  "time_ms": 5367
}