{
  "sum_of_pairs": 0.8178666898485211,
  "column_score": 0.0425531914893617,
  "time_ms": 5104
}