{
  "sum_of_pairs": 0.774132570575799,
  "column_score": 0.5294117647058824,
  "time_ms": 150
}