{
  "sum_of_pairs": 0.5942302636296278,
  "column_score": 0.1744186046511628,
  "time_ms": 3816
}