{
  "sum_of_pairs": 0.756244954445854,
  "column_score": 0.34065934065934067,
  "time_ms": 4851
}