{
  "sum_of_pairs": 0.8818592916984006,
  "column_score": 0.7425742574257426,
  "time_ms": 2095
}