{
  "sum_of_pairs": 0.8331187654246774,
  "column_score": 0.5873015873015873,
  "time_ms": 5795
}