{
  "sum_of_pairs": 0.580793270259857,
  "column_score": 0.17857142857142858,
  "time_ms": 9407
}