{
  "sum_of_pairs": 0.5992275698158052,
  "column_score": 0.3181818181818182,
  "time_ms": 29
}