{
  "sum_of_pairs": 0.749043062200957,
  "column_score": 0.3181818181818182,
  "time_ms": 26
}