{
  "sum_of_pairs": 0.7529930686830498,
  "column_score": 0.5869565217391305,
  "time_ms": 18
}