{
  "sum_of_pairs": 0.7035792017612497,
  "column_score": 0.31349301616490954,
  "time_ms": 1822
}