{
  "sum_of_pairs": 0.8369943460938621,
  "column_score": 0.5714285714285714,
  "time_ms": 4560
}