{
  "sum_of_pairs": 0.8795797022512709,
  "column_score": 0.5588235294117647,
  "time_ms": 1322
}