{
  "sum_of_pairs": 0.4266233766233766,
  "column_score": 0.13636363636363635,
  "time_ms": 67
}