{
  "sum_of_pairs": 0.8781756589275386,
  "column_score": 0.2874493927125506,
  "time_ms": 1766
}