{
  "sum_of_pairs": 0.8143856143856144,
  "column_score": 0.3142857142857143,
  "time_ms": 327
}