{
  "sum_of_pairs": 0.8114685121743729,
  "column_score": 0.45217391304347826,
  "time_ms": 1377
}