{
  "sum_of_pairs": 0.738292987569143,
  "column_score": 0.43478260869565216,
  "time_ms": 4437
}