{
  "sum_of_pairs": 0.880340411468231,
  "column_score": 0.3117408906882591,
  "time_ms": 2028
}