{
  "sum_of_pairs": 0.7180995475113122,
  "column_score": 0.3755656108597285,
  "time_ms": 350
}