{
  "sum_of_pairs": 0.8342380952380952,
  "column_score": 0.5583333333333333,
  "time_ms": 1363
}