{
  "sum_of_pairs": 0.8383418659560044,
  "column_score": 0.626984126984127,
  "time_ms": 2862
}