{
  "sum_of_pairs": 0.8100099543949811,
  "column_score": 0.5324675324675324,
  "time_ms": 259
}