{
  "sum_of_pairs": 0.43011337868480726,
  "column_score": 0.26666666666666666,
  "time_ms": 39
}