{
  "sum_of_pairs": 0.881717501815541,
  "column_score": 0.5588235294117647,
  "time_ms": 2950
}