{
  "sum_of_pairs": 0.5463873419536796,
  "column_score": 0.16279069767441862,
  "time_ms": 4335
}