{
  "sum_of_pairs": 0.7167205343675932,
  "column_score": 0.3755656108597285,
  "time_ms": 688
}