{
  "sum_of_pairs": 0.7380907630999821,
  "column_score": 0.43478260869565216,
  "time_ms": 5450
}