{
  "sum_of_pairs": 0.6059764941235308,
  "column_score": 0.23255813953488372,
  "time_ms": 419
}