{
  "sum_of_pairs": 0.625222816399287,
  "column_score": 0.1590909090909091,
  "time_ms": 59
}