{
  "sum_of_pairs": 0.9508564186908547,
  "column_score": 0.6213592233009708,
  "time_ms": 5134
}