{
  "sum_of_pairs": 0.6273024361259656,
  "column_score": 0.1590909090909091,
  "time_ms": 28
}