{
  "sum_of_pairs": 0.8765517897943641,
  "column_score": 0.5544554455445545,
  "time_ms": 1753
}