{
  "sum_of_pairs": 0.7757747499876435,
  "column_score": 0.45054945054945056,
  "time_ms": 3737
}