{
  "sum_of_pairs": 0.5806553245116572,
  "column_score": 0.2608695652173913,
  "time_ms": 39
}