{
  "sum_of_pairs": 0.43625541125541123,
  "column_score": 0.13636363636363635,
  "time_ms": 35
}