{
  "sum_of_pairs": 0.44099773242630386,
  "column_score": 0.2761904761904762,
  "time_ms": 23
}