{
  "sum_of_pairs": 0.7761596816316378,
  "column_score": 0.38823529411764707,
  "time_ms": 252
}