{
  "sum_of_pairs": 0.9393688503277544,
  "column_score": 0.678082191780822,
  "time_ms": 3052
}