{
  "sum_of_pairs": 0.5806553245116572,
  "column_score": 0.32608695652173914,
  "time_ms": 20
}