{
  "sum_of_pairs": 0.6619958988380041,
  "column_score": 0.08791208791208792,
  "time_ms": 1249
}