{
  "sum_of_pairs": 0.7770177838577291,
  "column_score": 0.38823529411764707,
  "time_ms": 133
}