{
  "sum_of_pairs": 0.7906479293620197,
  "column_score": 0.38823529411764707,
  "time_ms": 312
}