{
  "sum_of_pairs": 0.8321904761904761,
  "column_score": 0.5333333333333333,
  "time_ms": 1123
}