{
  "sum_of_pairs": 0.8803304965710981,
  "column_score": 0.3076923076923077,
  "time_ms": 915
}