{
  "sum_of_pairs": 0.809247465109328,
  "column_score": 0.46956521739130436,
  "time_ms": 1624
}