{
  "sum_of_pairs": 0.7303827751196172,
  "column_score": 0.2727272727272727,
  "time_ms": 37
}