{
  "sum_of_pairs": 0.9510144465037497,
  "column_score": 0.6213592233009708,
  "time_ms": 3336
}