{
  "sum_of_pairs": 0.8930808591992803,
  "column_score": 0.6432748538011696,
  "time_ms": 626
}