{
  "sum_of_pairs": 0.9504084175125501,
  "column_score": 0.5631067961165048,
  "time_ms": 7811
}