{
  "sum_of_pairs": 0.8125564275296896,
  "column_score": 0.5324675324675324,
  "time_ms": 134
}