{
  "sum_of_pairs": 0.8137447405329593,
  "column_score": 0.4782608695652174,
  "time_ms": 716
}