{
  "sum_of_pairs": 0.9436864505357656,
  "column_score": 0.7465753424657534,
  "time_ms": 3329
}