{
  "sum_of_pairs": 0.891860661268556,
  "column_score": 0.631578947368421,
  "time_ms": 1333
}