{
  "sum_of_pairs": 0.8653941355674029,
  "column_score": 0.504950495049505,
  "time_ms": 766
}