{
  "sum_of_pairs": 0.8152514152514152,
  "column_score": 0.3142857142857143,
  "time_ms": 166
}