{
  "sum_of_pairs": 0.6110444277736101,
  "column_score": 0.2596899224806202,
  "time_ms": 457
}