{
  "sum_of_pairs": 0.8628760472201066,
  "column_score": 0.4752475247524752,
  "time_ms": 1469
}