{
  "sum_of_pairs": 0.3261220381826513,
  "column_score": 0.03809073402404979,
  "time_ms": 160
}