{
  "sum_of_pairs": 0.37831536181259323,
  "column_score": 0.05562242828110306,
  "time_ms": 92
}