{
  "sum_of_pairs": 0.4781020019556379,
  "column_score": 0.10236220472440945,
  "time_ms": 64
}