{
  "sum_of_pairs": 0.5079512119808554,
  "column_score": 0.13385826771653545,
  "time_ms": 24
}