{
  "sum_of_pairs": 0.5196681580909769,
  "column_score": 0.016778523489932886,
  "time_ms": 11
}