{
  "sum_of_pairs": 0.5387654320987655,
  "column_score": 0.25925925925925924,
  "time_ms": 34
}