{
  "sum_of_pairs": 0.3193576089416816,
  "column_score": 0.11570689056314326,
  "time_ms": 16
}