{
  "sum_of_pairs": 0.538893818396924,
  "column_score": 0.37267080745341613,
  "time_ms": 22
}