{
  "sum_of_pairs": 0.2250384024577573,
  "column_score": 0.05069124423963134,
  "time_ms": 3
}