{
  "sum_of_pairs": 0.46830249396621076,
  "column_score": 0.18584070796460178,
  "time_ms": 44
}