{
  "sum_of_pairs": 0.20766129032258066,
  "column_score": 0.14919354838709678,
  "time_ms": 12
}