{
  "sum_of_pairs": 0.6766009852216749,
  "column_score": 0.5467980295566502,
  "time_ms": 44
}