{
  "sum_of_pairs": 0.2597926267281106,
  "column_score": 0.1693548387096774,
  "time_ms": 8
}