{
  "sum_of_pairs": 0.3643681129476584,
  "column_score": 0.08238636363636363,
  "time_ms": 45
}