{
  "sum_of_pairs": 0.3284649776453055,
  "column_score": 0.06147540983606557,
  "time_ms": 19
}