{
  "sum_of_pairs": 0.5828779599271403,
  "column_score": 0.30700447093889716,
  "time_ms": 39
}