{
  "sum_of_pairs": 0.4965275459682424,
  "column_score": 0.023986198986198984,
  "time_ms": 1907
}