{
  "sum_of_pairs": 0.7687609162467147,
  "column_score": 0.3134920634920635,
  "time_ms": 5424
}