{
  "sum_of_pairs": 0.34794372294372294,
  "column_score": 0.09090909090909091,
  "time_ms": 73
}