{
  "sum_of_pairs": 0.6248803827751196,
  "column_score": 0.22727272727272727,
  "time_ms": 21
}