{
  "sum_of_pairs": 0.4818301727574755,
  "column_score": 0.05870039737789034,
  "time_ms": 632
}