{
  "sum_of_pairs": 0.8159341301567264,
  "column_score": 0.45634920634920634,
  "time_ms": 1881
}