{
  "sum_of_pairs": 0.40759774984373914,
  "column_score": 0.19480519480519481,
  "time_ms": 78
}