{
  "sum_of_pairs": 0.4870134200216721,
  "column_score": 0.031007751937984496,
  "time_ms": 134
}