{
  "sum_of_pairs": 0.7973236808853247,
  "column_score": 0.11643835616438356,
  "time_ms": 1048
}