{
  "sum_of_pairs": 0.5226028873087697,
  "column_score": 0.18552036199095023,
  "time_ms": 224
}