{
  "sum_of_pairs": 0.5680730232451199,
  "column_score": 0.1391304347826087,
  "time_ms": 390
}