{
  "sum_of_pairs": 0.5959719104045912,
  "column_score": 0.1206970239087904,
  "time_ms": 1312
}