{
  "sum_of_pairs": 0.6109969455960237,
  "column_score": 0.1802670080537938,
  "time_ms": 730
}