{
  "sum_of_pairs": 0.6108113493832333,
  "column_score": 0.1810680958769185,
  "time_ms": 1833
}