{
  "sum_of_pairs": 0.2984126984126984,
  "column_score": 0.12380952380952381,
  "time_ms": 97
}