{
  "sum_of_pairs": 0.8240144089713777,
  "column_score": 0.0851063829787234,
  "time_ms": 1741
}