{
  "sum_of_pairs": 0.8483631810468392,
  "column_score": 0.4725274725274725,
  "time_ms": 2632
}