{
  "sum_of_pairs": 0.7008325008325008,
  "column_score": 0.02857142857142857,
  "time_ms": 231
}