{
  "sum_of_pairs": 0.8474526976782616,
  "column_score": 0.1862348178137652,
  "time_ms": 1561
}