{
  "sum_of_pairs": 0.7068398268398268,
  "column_score": 0.14285714285714285,
  "time_ms": 127
}