{
  "sum_of_pairs": 0.8347976224688554,
  "column_score": 0.22602739726027396,
  "time_ms": 2498
}