{
  "sum_of_pairs": 0.5226946787105612,
  "column_score": 0.10714285714285714,
  "time_ms": 2906
}