{
  "sum_of_pairs": 0.6541747457324689,
  "column_score": 0.1565217391304348,
  "time_ms": 1779
}