{
  "sum_of_pairs": 0.39809863339275103,
  "column_score": 0.11363636363636363,
  "time_ms": 110
}