{
  "sum_of_pairs": 0.8271765587986004,
  "column_score": 0.0851063829787234,
  "time_ms": 4771
}