{
  "sum_of_pairs": 0.8341557045007497,
  "column_score": 0.5476190476190477,
  "time_ms": 2229
}