{
  "sum_of_pairs": 0.6158372926564974,
  "column_score": 0.20930232558139536,
  "time_ms": 791
}