{
  "sum_of_pairs": 0.8259406758654879,
  "column_score": 0.08502024291497975,
  "time_ms": 1086
}