{
  "sum_of_pairs": 0.8423235304947652,
  "column_score": 0.3106796116504854,
  "time_ms": 3988
}