{
  "sum_of_pairs": 0.6464045678938917,
  "column_score": 0.034782608695652174,
  "time_ms": 3308
}