{
  "sum_of_pairs": 0.8273680115148662,
  "column_score": 0.5198412698412699,
  "time_ms": 3796
}