{
  "sum_of_pairs": 0.26430839002267575,
  "column_score": 0.05714285714285714,
  "time_ms": 25
}