{
  "sum_of_pairs": 0.8824814439946019,
  "column_score": 0.38596491228070173,
  "time_ms": 1386
}