{
  "sum_of_pairs": 0.4835057990138204,
  "column_score": 0.18181818181818182,
  "time_ms": 190
}