{
  "sum_of_pairs": 0.6424837923035747,
  "column_score": 0.13043478260869565,
  "time_ms": 4540
}