{
  "sum_of_pairs": 0.5244831377422978,
  "column_score": 0.13953488372093023,
  "time_ms": 5632
}