{
  "sum_of_pairs": 0.8333904476333261,
  "column_score": 0.08791208791208792,
  "time_ms": 4945
}