{
  "sum_of_pairs": 0.8505346227984909,
  "column_score": 0.4725274725274725,
  "time_ms": 7091
}