{
  "sum_of_pairs": 0.822180688066416,
  "column_score": 0.0851063829787234,
  "time_ms": 3255
}