{
  "sum_of_pairs": 0.42856017643352234,
  "column_score": 0.13043478260869565,
  "time_ms": 14
}