{
  "sum_of_pairs": 0.5149567618476818,
  "column_score": 0.07142857142857142,
  "time_ms": 5232
}