{
  "sum_of_pairs": 0.7463809523809524,
  "column_score": 0.38333333333333336,
  "time_ms": 1110
}