{
  "sum_of_pairs": 0.7855388423457731,
  "column_score": 0.1485148514851485,
  "time_ms": 980
}