{
  "sum_of_pairs": 0.8348021841172526,
  "column_score": 0.1917808219178082,
  "time_ms": 1059
}