{
  "sum_of_pairs": 0.3957939508506616,
  "column_score": 0.13043478260869565,
  "time_ms": 40
}