{
  "sum_of_pairs": 0.8315679754035918,
  "column_score": 0.17123287671232876,
  "time_ms": 1887
}