{
  "sum_of_pairs": 0.6153214774281806,
  "column_score": 0.16470588235294117,
  "time_ms": 192
}