{
  "sum_of_pairs": 0.6462189317821259,
  "column_score": 0.1565217391304348,
  "time_ms": 1114
}