{
  "sum_of_pairs": 0.7379130355846042,
  "column_score": 0.1323529411764706,
  "time_ms": 1605
}