{
  "sum_of_pairs": 0.611470229117288,
  "column_score": 0.16289592760180996,
  "time_ms": 546
}