{
  "sum_of_pairs": 0.8093440594059406,
  "column_score": 0.2871287128712871,
  "time_ms": 1270
}