{
  "sum_of_pairs": 0.6371875934058354,
  "column_score": 0.1391304347826087,
  "time_ms": 890
}