{
  "sum_of_pairs": 0.7270340136054422,
  "column_score": 0.23333333333333334,
  "time_ms": 830
}