{
  "sum_of_pairs": 0.8316126155911555,
  "column_score": 0.5634920634920635,
  "time_ms": 4683
}