{
  "sum_of_pairs": 0.7519789397240377,
  "column_score": 0.1323529411764706,
  "time_ms": 937
}