{
  "sum_of_pairs": 0.6008850183349498,
  "column_score": 0.1977247968665504,
  "time_ms": 110
}