{
  "sum_of_pairs": 0.6253561253561254,
  "column_score": 0.12096774193548387,
  "time_ms": 118
}