{
  "sum_of_pairs": 0.8512084464043419,
  "column_score": 0.253125,
  "time_ms": 902
}