{
  "sum_of_pairs": 0.7136886102403344,
  "column_score": 0.3793103448275862,
  "time_ms": 36
}