{
  "sum_of_pairs": 0.5462585034013605,
  "column_score": 0.08979591836734693,
  "time_ms": 24
}