{
  "sum_of_pairs": 0.7778815892997639,
  "column_score": 0.4634146341463415,
  "time_ms": 92
}