{
  "sum_of_pairs": 0.6921589310829818,
  "column_score": 0.4936708860759494,
  "time_ms": 16
}