{
  "sum_of_pairs": 0.8204902650715459,
  "column_score": 0.1488095238095238,
  "time_ms": 93
}