{
  "sum_of_pairs": 0.8284562077801072,
  "column_score": 0.3333333333333333,
  "time_ms": 423
}