{
  "sum_of_pairs": 0.8648644090663788,
  "column_score": 0.7041284403669725,
  "time_ms": 83
}