{
  "sum_of_pairs": 0.6022222222222222,
  "column_score": 0.2161290322580645,
  "time_ms": 26
}