{
  "sum_of_pairs": 0.5030202209210091,
  "column_score": 0.27402853318426373,
  "time_ms": 36
}