{
  "sum_of_pairs": 0.9210567210567211,
  "column_score": 0.7435897435897436,
  "time_ms": 80
}