{
  "sum_of_pairs": 0.7164179104477612,
  "column_score": 0.6432835820895523,
  "time_ms": 21
}