{
  "sum_of_pairs": 0.2682291666666667,
  "column_score": 0.21875,
  "time_ms": 4
}