{
  "sum_of_pairs": 0.709448499594485,
  "column_score": 0.5693430656934306,
  "time_ms": 12
}