{
  "sum_of_pairs": 0.6223653395784543,
  "column_score": 0.47162673392181587,
  "time_ms": 64
}