{
  "sum_of_pairs": 0.4125799573560768,
  "column_score": 0.12313432835820895,
  "time_ms": 43
}