{
  "sum_of_pairs": 0.46741563360881544,
  "column_score": 0.20170454545454544,
  "time_ms": 89
}