{
  "sum_of_pairs": 0.5678804855275443,
  "column_score": 0.2605042016806723,
  "time_ms": 30
}