{
  "sum_of_pairs": 0.5685543964232489,
  "column_score": 0.27459016393442626,
  "time_ms": 35
}