{
  "sum_of_pairs": 0.44986690328305234,
  "column_score": 0.2422360248447205,
  "time_ms": 18
}