{
  "sum_of_pairs": 0.3938223938223938,
  "column_score": 0.10810810810810811,
  "time_ms": 11
}