{
  "sum_of_pairs": 0.4804147465437788,
  "column_score": 0.1693548387096774,
  "time_ms": 18
}