{
  "sum_of_pairs": 0.5866607512570245,
  "column_score": 0.42650103519668736,
  "time_ms": 38
}