{
  "sum_of_pairs": 0.5435639581657281,
  "column_score": 0.26548672566371684,
  "time_ms": 38
}