{
  "sum_of_pairs": 0.7339598997493735,
  "column_score": 0.3881578947368421,
  "time_ms": 63
}