{
  "sum_of_pairs": 0.2252919477385595,
  "column_score": 0.07781794049724002,
  "time_ms": 18
}