{
  "sum_of_pairs": 0.12283400739221761,
  "column_score": 0.03246581411418722,
  "time_ms": 14
}