{
  "sum_of_pairs": 0.22529194773855946,
  "column_score": 0.07781794049724,
  "time_ms": 16
}