{
  "sum_of_pairs": 0.18388429752066116,
  "column_score": 0.03409090909090909,
  "time_ms": 55
}