{
  "sum_of_pairs": 0.303828197945845,
  "column_score": 0.23529411764705882,
  "time_ms": 31
}