{
  "sum_of_pairs": 0.5657635467980295,
  "column_score": 0.3694581280788177,
  "time_ms": 7
}