{
  "sum_of_pairs": 0.433022533022533,
  "column_score": 0.06153846153846154,
  "time_ms": 37
}