{
  "sum_of_pairs": 0.3246232820003312,
  "column_score": 0.12667660208643816,
  "time_ms": 35
}