{
  "sum_of_pairs": 0.22964330751215997,
  "column_score": 0.1235813366960908,
  "time_ms": 28
}