{
  "sum_of_pairs": 0.13922764227642276,
  "column_score": 0.09146341463414634,
  "time_ms": 3
}