{
  "sum_of_pairs": 0.1597542242703533,
  "column_score": 0.07373271889400922,
  "time_ms": 3
}