{
  "sum_of_pairs": 0.2572463768115942,
  "column_score": 0.15527950310559005,
  "time_ms": 20
}