{
  "sum_of_pairs": 0.42167487684729066,
  "column_score": 0.26108374384236455,
  "time_ms": 13
}