{
  "sum_of_pairs": 0.13629032258064516,
  "column_score": 0.07258064516129033,
  "time_ms": 10
}