{
  "sum_of_pairs": 0.36666666666666664,
  "column_score": 0.24776119402985075,
  "time_ms": 10
}