{
  "sum_of_pairs": 0.16686942416869424,
  "column_score": 0.014598540145985401,
  "time_ms": 5
}