{
  "sum_of_pairs": 0.2266260162601626,
  "column_score": 0.18902439024390244,
  "time_ms": 6
}