{
  "sum_of_pairs": 0.2247983870967742,
  "column_score": 0.11088709677419355,
  "time_ms": 12
}