{
  "sum_of_pairs": 0.4023217982845312,
  "column_score": 0.3416149068322981,
  "time_ms": 23
}