{
  "sum_of_pairs": 0.22228479485116653,
  "column_score": 0.08628318584070796,
  "time_ms": 36
}