{
  "sum_of_pairs": 0.3545307151864529,
  "column_score": 0.27112232030264816,
  "time_ms": 26
}