{
  "sum_of_pairs": 0.1865546218487395,
  "column_score": 0.10084033613445378,
  "time_ms": 19
}