{
  "sum_of_pairs": 0.5211790031462162,
  "column_score": 0.338301043219076,
  "time_ms": 34
}