{
  "sum_of_pairs": 0.5534825870646766,
  "column_score": 0.39552238805970147,
  "time_ms": 51
}