{
  "sum_of_pairs": 0.5277110159900888,
  "column_score": 0.12570807070395057,
  "time_ms": 154
}