{
  "sum_of_pairs": 0.814317673378076,
  "column_score": 0.46308724832214765,
  "time_ms": 19
}