{
  "sum_of_pairs": 0.7778157644824312,
  "column_score": 0.5555555555555556,
  "time_ms": 68
}