{
  "sum_of_pairs": 0.665308740978348,
  "column_score": 0.2186046511627907,
  "time_ms": 171
}