{
  "sum_of_pairs": 0.54623695976155,
  "column_score": 0.305327868852459,
  "time_ms": 49
}