{
  "sum_of_pairs": 0.43630458318296644,
  "column_score": 0.012269938650306749,
  "time_ms": 58
}