{
  "sum_of_pairs": 0.46302651023241087,
  "column_score": 0.10762772231544687,
  "time_ms": 96
}