{
  "sum_of_pairs": 0.5531375815632376,
  "column_score": 0.030612244897959183,
  "time_ms": 230
}