{
  "sum_of_pairs": 0.41765697429414245,
  "column_score": 0.12389380530973451,
  "time_ms": 93
}