{
  "sum_of_pairs": 0.5464977645305514,
  "column_score": 0.2889344262295082,
  "time_ms": 36
}