{
  "sum_of_pairs": 0.5487061449396666,
  "column_score": 0.08641975308641975,
  "time_ms": 398
}