{
  "sum_of_pairs": 0.642598235765838,
  "column_score": 0.34418604651162793,
  "time_ms": 119
}