{
  "sum_of_pairs": 0.5807484402925343,
  "column_score": 0.04950495049504951,
  "time_ms": 215
}