{
  "sum_of_pairs": 0.6055833556388054,
  "column_score": 0.011461347664324101,
  "time_ms": 540
}