{
  "sum_of_pairs": 0.5314560150425434,
  "column_score": 0.00264151087838562,
  "time_ms": 447
}