{
  "sum_of_pairs": 0.6047158994161663,
  "column_score": 0.011461347664324101,
  "time_ms": 232
}