{
  "sum_of_pairs": 0.6465809468147282,
  "column_score": 0.09491525423728814,
  "time_ms": 341
}