{
  "sum_of_pairs": 0.8067609175601691,
  "column_score": 0.08796296296296297,
  "time_ms": 1452
}