{
  "sum_of_pairs": 0.557401686565918,
  "column_score": 0.020338983050847456,
  "time_ms": 638
}