{
  "sum_of_pairs": 0.5355584585551767,
  "column_score": 0.10329740720642029,
  "time_ms": 278
}