{
  "sum_of_pairs": 0.6449506375976964,
  "column_score": 0.22596153846153846,
  "time_ms": 529
}