{
  "sum_of_pairs": 0.6599298452661946,
  "column_score": 0.18699186991869918,
  "time_ms": 152
}