{
  "sum_of_pairs": 0.6566091954022989,
  "column_score": 0.4482758620689655,
  "time_ms": 48
}