{
  "sum_of_pairs": 0.3705328135152697,
  "column_score": 0.19444444444444445,
  "time_ms": 87
}