{
  "sum_of_pairs": 0.6652651515151515,
  "column_score": 0.19318181818181818,
  "time_ms": 99
}