{
  "sum_of_pairs": 0.7680181887078439,
  "column_score": 0.43448275862068964,
  "time_ms": 27
}