{
  "sum_of_pairs": 0.8465391621129326,
  "column_score": 0.5081967213114754,
  "time_ms": 5
}