{
  "sum_of_pairs": 0.6640107976314873,
  "column_score": 0.28735632183908044,
  "time_ms": 60
}