{
  "sum_of_pairs": 0.6299226441631505,
  "column_score": 0.25316455696202533,
  "time_ms": 25
}