{
  "sum_of_pairs": 0.6581377405565284,
  "column_score": 0.020233376650795283,
  "time_ms": 574
}