{
  "sum_of_pairs": 0.6437148135116115,
  "column_score": 0.25892857142857145,
  "time_ms": 204
}