{
  "sum_of_pairs": 0.7692028985507247,
  "column_score": 0.3188405797101449,
  "time_ms": 31
}