{
  "sum_of_pairs": 0.7963098682095789,
  "column_score": 0.09836065573770492,
  "time_ms": 316
}