{
  "sum_of_pairs": 0.8767829813284359,
  "column_score": 0.03787878787878788,
  "time_ms": 1013
}