{
  "sum_of_pairs": 0.7081161053966465,
  "column_score": 0.013245033112582781,
  "time_ms": 871
}