{
  "sum_of_pairs": 0.5612718815180612,
  "column_score": 0.34140916235737323,
  "time_ms": 26
}