{
  "sum_of_pairs": 0.6455422903012414,
  "column_score": 0.4531036468100511,
  "time_ms": 12
}