{
  "sum_of_pairs": 0.43125,
  "column_score": 0.13541666666666666,
  "time_ms": 7
}