{
  "sum_of_pairs": 0.8129137005120519,
  "column_score": 0.535031847133758,
  "time_ms": 36
}