{
  "sum_of_pairs": 0.5728305785123967,
  "column_score": 0.29545454545454547,
  "time_ms": 43
}