{
  "sum_of_pairs": 0.8426601784266018,
  "column_score": 0.8248175182481752,
  "time_ms": 4
}