{
  "sum_of_pairs": 0.8149732620320855,
  "column_score": 0.45714285714285713,
  "time_ms": 207
}