{
  "sum_of_pairs": 0.5918367346938775,
  "column_score": 0.4472049689440994,
  "time_ms": 7
}