{
  "sum_of_pairs": 0.7571783407848982,
  "column_score": 0.5737704918032787,
  "time_ms": 71
}