{
  "sum_of_pairs": 0.5545634920634921,
  "column_score": 0.38095238095238093,
  "time_ms": 3
}