{
  "sum_of_pairs": 0.42276422764227645,
  "column_score": 0.3353658536585366,
  "time_ms": 2
}