{
  "sum_of_pairs": 0.4906832298136646,
  "column_score": 0.2732919254658385,
  "time_ms": 11
}