{
  "sum_of_pairs": 0.7682266009852217,
  "column_score": 0.6428571428571429,
  "time_ms": 30
}