{
  "sum_of_pairs": 0.6314177625653036,
  "column_score": 0.47162673392181587,
  "time_ms": 60
}