{
  "sum_of_pairs": 0.6591970121381886,
  "column_score": 0.42016806722689076,
  "time_ms": 17
}