{
  "sum_of_pairs": 0.3978494623655914,
  "column_score": 0.2119815668202765,
  "time_ms": 3
}