{
  "sum_of_pairs": 0.707936507936508,
  "column_score": 0.4957983193277311,
  "time_ms": 11
}