{
  "sum_of_pairs": 0.7214111922141119,
  "column_score": 0.5328467153284672,
  "time_ms": 17
}