{
  "sum_of_pairs": 0.5842771982116245,
  "column_score": 0.3442622950819672,
  "time_ms": 24
}