{
  "sum_of_pairs": 0.3629032258064516,
  "column_score": 0.17338709677419356,
  "time_ms": 14
}