{
  "sum_of_pairs": 0.6957671957671958,
  "column_score": 0.43209876543209874,
  "time_ms": 7
}