{
  "sum_of_pairs": 0.11724137931034483,
  "column_score": 0.04482758620689655,
  "time_ms": 10
}