{
  "sum_of_pairs": 0.683969239869861,
  "column_score": 0.4927536231884058,
  "time_ms": 26
}