{
  "sum_of_pairs": 0.5395752895752896,
  "column_score": 0.4594594594594595,
  "time_ms": 2
}