{
  "sum_of_pairs": 0.6299121590383726,
  "column_score": 0.33495145631067963,
  "time_ms": 22
}