{
  "sum_of_pairs": 0.6421758569299553,
  "column_score": 0.45901639344262296,
  "time_ms": 22
}