{
  "sum_of_pairs": 0.7049751243781095,
  "column_score": 0.5985074626865672,
  "time_ms": 29
}