{
  "sum_of_pairs": 0.6656746031746031,
  "column_score": 0.43452380952380953,
  "time_ms": 2
}