{
  "sum_of_pairs": 0.7283834586466166,
  "column_score": 0.4868421052631579,
  "time_ms": 32
}