{
  "sum_of_pairs": 0.3362530413625304,
  "column_score": 0.08759124087591241,
  "time_ms": 5
}