{
  "sum_of_pairs": 0.7181818181818181,
  "column_score": 0.5166666666666667,
  "time_ms": 6
}