{
  "sum_of_pairs": 0.641321044546851,
  "column_score": 0.5391705069124424,
  "time_ms": 2
}