{
  "sum_of_pairs": 0.3821917808219178,
  "column_score": 0.1232876712328767,
  "time_ms": 7
}