{
  "sum_of_pairs": 0.8248768472906404,
  "column_score": 0.7389162561576355,
  "time_ms": 9
}