{
  "sum_of_pairs": 0.5712328767123288,
  "column_score": 0.2191780821917808,
  "time_ms": 4
}