{
  "sum_of_pairs": 0.6666666666666666,
  "column_score": 0.5520833333333334,
  "time_ms": 1
}