{
  "sum_of_pairs": 0.6998288596649253,
  "column_score": 0.5573770491803278,
  "time_ms": 26
}