{
  "sum_of_pairs": 0.6467043314500942,
  "column_score": 0.3559322033898305,
  "time_ms": 19
}