{
  "sum_of_pairs": 0.896969696969697,
  "column_score": 0.6512820512820513,
  "time_ms": 34
}