{
  "sum_of_pairs": 0.8500478747762374,
  "column_score": 0.6050955414012739,
  "time_ms": 24
}