{
  "sum_of_pairs": 0.8801431127012522,
  "column_score": 0.5697674418604651,
  "time_ms": 43
}