{
  "sum_of_pairs": 0.7126177024482109,
  "column_score": 0.4293785310734463,
  "time_ms": 12
}