{
  "sum_of_pairs": 0.792664892043774,
  "column_score": 0.6853002070393375,
  "time_ms": 16
}