{
  "sum_of_pairs": 0.7300080450522929,
  "column_score": 0.38495575221238937,
  "time_ms": 23
}