{
  "sum_of_pairs": 0.5118087557603687,
  "column_score": 0.1693548387096774,
  "time_ms": 8
}