{
  "sum_of_pairs": 0.4372549019607843,
  "column_score": 0.21568627450980393,
  "time_ms": 7
}