{
  "sum_of_pairs": 0.4547008547008547,
  "column_score": 0.41025641025641024,
  "time_ms": 4
}