{
  "sum_of_pairs": 0.5202307162534435,
  "column_score": 0.2784090909090909,
  "time_ms": 120
}