{
  "sum_of_pairs": 0.9422688422688422,
  "column_score": 0.8256410256410256,
  "time_ms": 18
}