{
  "sum_of_pairs": 0.31573498964803315,
  "column_score": 0.043478260869565216,
  "time_ms": 5
}