{
  "sum_of_pairs": 0.8381970970206264,
  "column_score": 0.5571428571428572,
  "time_ms": 86
}