{
  "sum_of_pairs": 0.4090725806451613,
  "column_score": 0.1935483870967742,
  "time_ms": 14
}