{
  "sum_of_pairs": 0.8691890765061496,
  "column_score": 0.7154471544715447,
  "time_ms": 22
}