{
  "sum_of_pairs": 0.5982587064676617,
  "column_score": 0.21641791044776118,
  "time_ms": 25
}