{
  "sum_of_pairs": 0.7960199004975125,
  "column_score": 0.7074626865671642,
  "time_ms": 8
}