{
  "sum_of_pairs": 0.692929292929293,
  "column_score": 0.4166666666666667,
  "time_ms": 9
}