{
  "sum_of_pairs": 0.6025345622119815,
  "column_score": 0.3387096774193548,
  "time_ms": 5
}