{
  "sum_of_pairs": 0.6549342416501088,
  "column_score": 0.2066420664206642,
  "time_ms": 40
}