{
  "sum_of_pairs": 0.698797965788257,
  "column_score": 0.46601941747572817,
  "time_ms": 5
}