{
  "sum_of_pairs": 0.5180722891566265,
  "column_score": 0.4397590361445783,
  "time_ms": 2
}