{
  "sum_of_pairs": 0.8537401444378189,
  "column_score": 0.5232558139534884,
  "time_ms": 117
}