{
  "sum_of_pairs": 0.8044709388971684,
  "column_score": 0.676602086438152,
  "time_ms": 35
}