{
  "sum_of_pairs": 0.6870876910699919,
  "column_score": 0.35398230088495575,
  "time_ms": 37
}