{
  "sum_of_pairs": 0.34886128364389235,
  "column_score": 0.043478260869565216,
  "time_ms": 1
}