{
  "sum_of_pairs": 0.6767945984363894,
  "column_score": 0.2947761194029851,
  "time_ms": 8
}