{
  "sum_of_pairs": 0.7760651629072681,
  "column_score": 0.5131578947368421,
  "time_ms": 14
}