{
  "sum_of_pairs": 0.7204087425489639,
  "column_score": 0.31365313653136534,
  "time_ms": 19
}