{
  "sum_of_pairs": 0.023093065311462758,
  "column_score": 0.0002658160552897395,
  "time_ms": 3
}