{
  "sum_of_pairs": 0.7557178667993202,
  "column_score": 0.03378404246096151,
  "time_ms": 359
}