{
  "sum_of_pairs": 0.7408837440723882,
  "column_score": 0.028259954268715543,
  "time_ms": 663
}