{
  "sum_of_pairs": 0.8992551604579907,
  "column_score": 0.041666666666666664,
  "time_ms": 706
}