{
  "sum_of_pairs": 0.6554615138933249,
  "column_score": 0.07920792079207921,
  "time_ms": 415
}