{
  "sum_of_pairs": 0.8936698605044385,
  "column_score": 0.052980132450331126,
  "time_ms": 810
}