{
  "sum_of_pairs": 0.7675461300826584,
  "column_score": 0.18305084745762712,
  "time_ms": 921
}