{
  "sum_of_pairs": 0.5800724637681159,
  "column_score": 0.07246376811594203,
  "time_ms": 55
}