{
  "sum_of_pairs": 0.9411228924727989,
  "column_score": 0.3055555555555556,
  "time_ms": 2216
}