{
  "sum_of_pairs": 0.9445310721039136,
  "column_score": 0.37037037037037035,
  "time_ms": 1729
}