{
  "sum_of_pairs": 0.6004830917874396,
  "column_score": 0.07246376811594203,
  "time_ms": 18
}