{
  "sum_of_pairs": 0.9210056845670053,
  "column_score": 0.041666666666666664,
  "time_ms": 333
}