{
  "sum_of_pairs": 0.9031339533136067,
  "column_score": 0.052980132450331126,
  "time_ms": 457
}