{
  "sum_of_pairs": 0.9093089990817264,
  "column_score": 0.08712121212121213,
  "time_ms": 967
}