{
  "sum_of_pairs": 0.03979186141545926,
  "column_score": 0.00039872408293460925,
  "time_ms": 6
}