{
  "sum_of_pairs": 0.10642104652290883,
  "column_score": 0.025571111986851868,
  "time_ms": 15
}