{
  "sum_of_pairs": 0.25393463898686675,
  "column_score": 0.08525535515544803,
  "time_ms": 16
}