{
  "sum_of_pairs": 0.22868217054263565,
  "column_score": 0.10465116279069768,
  "time_ms": 15
}