{
  "sum_of_pairs": 0.5388059701492537,
  "column_score": 0.3716417910447761,
  "time_ms": 23
}