{
  "sum_of_pairs": 0.192090395480226,
  "column_score": 0.05084745762711865,
  "time_ms": 25
}