{
  "sum_of_pairs": 0.20582329317269077,
  "column_score": 0.23493975903614459,
  "time_ms": 1
}