{
  "sum_of_pairs": 0.6140044128054619,
  "column_score": 0.18471337579617833,
  "time_ms": 20
}