{
  "sum_of_pairs": 0.3391952309985097,
  "column_score": 0.1680327868852459,
  "time_ms": 20
}