{
  "sum_of_pairs": 0.5672316384180791,
  "column_score": 0.24293785310734464,
  "time_ms": 10
}