{
  "sum_of_pairs": 0.10569105691056911,
  "column_score": 0.054878048780487805,
  "time_ms": 4
}