{
  "sum_of_pairs": 0.216256157635468,
  "column_score": 0.11576354679802955,
  "time_ms": 15
}