{
  "sum_of_pairs": 0.22354312354312356,
  "column_score": 0.015384615384615385,
  "time_ms": 39
}