{
  "sum_of_pairs": 0.1399034593724859,
  "column_score": 0.01991150442477876,
  "time_ms": 20
}