{
  "sum_of_pairs": 0.42595182595182596,
  "column_score": 0.05641025641025641,
  "time_ms": 18
}