{
  "sum_of_pairs": 0.2086106971352873,
  "column_score": 0.06855439642324888,
  "time_ms": 41
}