{
  "sum_of_pairs": 0.4450606329488317,
  "column_score": 0.2981366459627329,
  "time_ms": 33
}