{
  "sum_of_pairs": 0.5706896551724138,
  "column_score": 0.3645320197044335,
  "time_ms": 6
}