{
  "sum_of_pairs": 0.49657228017883753,
  "column_score": 0.28763040238450077,
  "time_ms": 81
}