{
  "sum_of_pairs": 0.15285126396237508,
  "column_score": 0.06172839506172839,
  "time_ms": 4
}