{
  "sum_of_pairs": 0.04618473895582329,
  "column_score": 0.018072289156626505,
  "time_ms": 2
}