{
  "sum_of_pairs": 0.28870571583198035,
  "column_score": 0.10191082802547771,
  "time_ms": 38
}