{
  "sum_of_pairs": 0.3308467741935484,
  "column_score": 0.17540322580645162,
  "time_ms": 11
}