{
  "sum_of_pairs": 0.17580997813555954,
  "column_score": 0.06976744186046512,
  "time_ms": 25
}