{
  "sum_of_pairs": 0.23681592039800994,
  "column_score": 0.1701492537313433,
  "time_ms": 20
}