{
  "sum_of_pairs": 0.16610709366391185,
  "column_score": 0.05113636363636364,
  "time_ms": 49
}