{
  "sum_of_pairs": 0.189145223306714,
  "column_score": 0.06625258799171843,
  "time_ms": 18
}