{
  "sum_of_pairs": 0.1686182669789227,
  "column_score": 0.07440100882723834,
  "time_ms": 24
}