{
  "sum_of_pairs": 0.3294809407948094,
  "column_score": 0.1897810218978102,
  "time_ms": 5
}