{
  "sum_of_pairs": 0.41106256388494455,
  "column_score": 0.022960862025507334,
  "time_ms": 504
}