{
  "sum_of_pairs": 0.7796738233830597,
  "column_score": 0.3888888888888889,
  "time_ms": 1434
}