{
  "sum_of_pairs": 0.6948979376185151,
  "column_score": 0.024164714107333226,
  "time_ms": 297
}