{
  "sum_of_pairs": 0.9057659932659933,
  "column_score": 0.0946969696969697,
  "time_ms": 448
}