{
  "sum_of_pairs": 0.9118742985409652,
  "column_score": 0.07916666666666666,
  "time_ms": 666
}