{
  "sum_of_pairs": 0.9129648516440969,
  "column_score": 0.12162162162162163,
  "time_ms": 298
}