{
  "sum_of_pairs": 0.5309178743961352,
  "column_score": 0.18115942028985507,
  "time_ms": 15
}