{
  "sum_of_pairs": 0.7091174751607248,
  "column_score": 0.09830508474576272,
  "time_ms": 421
}