{
  "sum_of_pairs": 0.9324477511459602,
  "column_score": 0.35648148148148145,
  "time_ms": 1417
}