{
  "sum_of_pairs": 0.5306460134564239,
  "column_score": 0.13268020168352454,
  "time_ms": 119
}