{
  "sum_of_pairs": 0.5703497615262321,
  "column_score": 0.07432432432432433,
  "time_ms": 149
}