{
  "sum_of_pairs": 0.4634780165753617,
  "column_score": 0.17699115044247787,
  "time_ms": 120
}