{
  "sum_of_pairs": 0.701320502539428,
  "column_score": 0.42790697674418604,
  "time_ms": 138
}