{
  "sum_of_pairs": 0.34172876304023847,
  "column_score": 0.12090163934426229,
  "time_ms": 39
}