{
  "sum_of_pairs": 0.6295877798702657,
  "column_score": 0.012345679012345678,
  "time_ms": 526
}