{
  "sum_of_pairs": 0.7502374169040835,
  "column_score": 0.48148148148148145,
  "time_ms": 49
}