{
  "sum_of_pairs": 0.02376868009667396,
  "column_score": 0.0002658160552897395,
  "time_ms": 17
}