{
  "sum_of_pairs": 0.4929573847729442,
  "column_score": 0.13724822454275568,
  "time_ms": 304
}