{
  "sum_of_pairs": 0.732849570274304,
  "column_score": 0.6377952755905512,
  "time_ms": 100
}