{
  "sum_of_pairs": 0.7823452647278151,
  "column_score": 0.5469798657718121,
  "time_ms": 44
}