{
  "sum_of_pairs": 0.6783747661053194,
  "column_score": 0.35348837209302325,
  "time_ms": 297
}