{
  "sum_of_pairs": 0.4382638010956595,
  "column_score": 0.1415929203539823,
  "time_ms": 329
}