{
  "sum_of_pairs": 0.32131147540983607,
  "column_score": 0.08401639344262295,
  "time_ms": 103
}