{
  "sum_of_pairs": 0.5608635000348748,
  "column_score": 0.037037037037037035,
  "time_ms": 986
}