{
  "sum_of_pairs": 0.5700820318021854,
  "column_score": 0.10204923553092261,
  "time_ms": 1258
}