{
  "sum_of_pairs": 0.5925327576803168,
  "column_score": 0.14231154158303974,
  "time_ms": 1403
}