{
  "sum_of_pairs": 0.5927145686532646,
  "column_score": 0.13806306365305498,
  "time_ms": 630
}