{
  "sum_of_pairs": 0.8337139552177146,
  "column_score": 0.12550607287449392,
  "time_ms": 1413
}