{
  "sum_of_pairs": 0.6536768707482993,
  "column_score": 0.13333333333333333,
  "time_ms": 797
}