{
  "sum_of_pairs": 0.7994881830498269,
  "column_score": 0.0547945205479452,
  "time_ms": 955
}