{
  "sum_of_pairs": 0.5121196965908144,
  "column_score": 0.046511627906976744,
  "time_ms": 274
}