{
  "sum_of_pairs": 0.5658191481720893,
  "column_score": 0.08597285067873303,
  "time_ms": 368
}