{
  "sum_of_pairs": 0.7328163931609245,
  "column_score": 0.23300970873786409,
  "time_ms": 2003
}