{
  "sum_of_pairs": 0.5191950094409522,
  "column_score": 0.16279069767441862,
  "time_ms": 3191
}