{
  "sum_of_pairs": 0.5027659238185554,
  "column_score": 0.1111111111111111,
  "time_ms": 104
}