{
  "sum_of_pairs": 0.5623181196368611,
  "column_score": 0.1411764705882353,
  "time_ms": 193
}