{
  "sum_of_pairs": 0.5674931129476584,
  "column_score": 0.24675324675324675,
  "time_ms": 75
}