{
  "sum_of_pairs": 0.7034600419770967,
  "column_score": 0.23300970873786409,
  "time_ms": 4535
}