{
  "sum_of_pairs": 0.7401962438146649,
  "column_score": 0.14619883040935672,
  "time_ms": 782
}