{
  "sum_of_pairs": 0.46675002083854294,
  "column_score": 0.01937984496124031,
  "time_ms": 224
}