{
  "sum_of_pairs": 0.4420241412722616,
  "column_score": 0.06593406593406594,
  "time_ms": 789
}