{
  "sum_of_pairs": 0.7672718585762064,
  "column_score": 0.0989010989010989,
  "time_ms": 4981
}