{
  "sum_of_pairs": 0.6877823129251701,
  "column_score": 0.18333333333333332,
  "time_ms": 2267
}