{
  "sum_of_pairs": 0.7682495501574449,
  "column_score": 0.18128654970760233,
  "time_ms": 1115
}