{
  "sum_of_pairs": 0.5341702717560172,
  "column_score": 0.16279069767441862,
  "time_ms": 3097
}