{
  "sum_of_pairs": 0.8360064592941305,
  "column_score": 0.1780821917808219,
  "time_ms": 2392
}