{
  "sum_of_pairs": 0.6192076885935668,
  "column_score": 0.1826086956521739,
  "time_ms": 866
}