{
  "sum_of_pairs": 0.6744353741496598,
  "column_score": 0.17916666666666667,
  "time_ms": 409
}