{
  "sum_of_pairs": 0.5974008207934337,
  "column_score": 0.24705882352941178,
  "time_ms": 89
}