{
  "sum_of_pairs": 0.8515477487291213,
  "column_score": 0.2647058823529412,
  "time_ms": 1462
}