{
  "sum_of_pairs": 0.46929761967355954,
  "column_score": 0.08791208791208792,
  "time_ms": 400
}