{
  "sum_of_pairs": 0.5744810744810744,
  "column_score": 0.08597285067873303,
  "time_ms": 198
}