{
  "sum_of_pairs": 0.715919691186037,
  "column_score": 0.1262135922330097,
  "time_ms": 3177
}