{
  "sum_of_pairs": 0.5343806018308277,
  "column_score": 0.16279069767441862,
  "time_ms": 1294
}