{
  "sum_of_pairs": 0.8644698620188817,
  "column_score": 0.2647058823529412,
  "time_ms": 798
}