{
  "sum_of_pairs": 0.8099975212757168,
  "column_score": 0.08097165991902834,
  "time_ms": 1034
}