{
  "sum_of_pairs": 0.8174619872494899,
  "column_score": 0.5079365079365079,
  "time_ms": 7899
}