{
  "sum_of_pairs": 0.6863569856658538,
  "column_score": 0.14782608695652175,
  "time_ms": 3239
}