{
  "sum_of_pairs": 0.4741650913673598,
  "column_score": 0.2391304347826087,
  "time_ms": 11
}