{
  "sum_of_pairs": 0.8175880563320075,
  "column_score": 0.5079365079365079,
  "time_ms": 1887
}