{
  "sum_of_pairs": 0.7304428904428905,
  "column_score": 0.17142857142857143,
  "time_ms": 275
}