{
  "sum_of_pairs": 0.8075292463573549,
  "column_score": 0.376984126984127,
  "time_ms": 3641
}