{
  "sum_of_pairs": 0.8171970694253898,
  "column_score": 0.13091144643880026,
  "time_ms": 381
}