{
  "sum_of_pairs": 0.8085311759762293,
  "column_score": 0.11062006843871729,
  "time_ms": 730
}