{
  "sum_of_pairs": 0.7723429951690821,
  "column_score": 0.30434782608695654,
  "time_ms": 20
}