{
  "sum_of_pairs": 0.9532532398744642,
  "column_score": 0.5138888888888888,
  "time_ms": 2731
}