{
  "sum_of_pairs": 0.7237012987012987,
  "column_score": 0.1590909090909091,
  "time_ms": 24
}