{
  "sum_of_pairs": 0.9175179653374665,
  "column_score": 0.0728476821192053,
  "time_ms": 939
}