{
  "sum_of_pairs": 0.8240355125100888,
  "column_score": 0.11428571428571428,
  "time_ms": 244
}