{
  "sum_of_pairs": 0.9235977564102564,
  "column_score": 0.016666666666666666,
  "time_ms": 1541
}