{
  "sum_of_pairs": 0.8949019607843137,
  "column_score": 0.25136612021857924,
  "time_ms": 469
}