{
  "sum_of_pairs": 0.9112332288192867,
  "column_score": 0.22900763358778625,
  "time_ms": 820
}