{
  "sum_of_pairs": 0.9347490052035506,
  "column_score": 0.20075757575757575,
  "time_ms": 1210
}