{
  "sum_of_pairs": 0.9428642485460668,
  "column_score": 0.30303030303030304,
  "time_ms": 568
}