{
  "sum_of_pairs": 0.9064259324419423,
  "column_score": 0.5178571428571429,
  "time_ms": 215
}