{
  "sum_of_pairs": 0.9430555555555555,
  "column_score": 0.06666666666666667,
  "time_ms": 1544
}