{
  "sum_of_pairs": 0.8540899286543886,
  "column_score": 0.05714285714285714,
  "time_ms": 124
}