{
  "sum_of_pairs": 0.8163146029890623,
  "column_score": 0.23389830508474577,
  "time_ms": 912
}