{
  "sum_of_pairs": 0.9022779384978035,
  "column_score": 0.25136612021857924,
  "time_ms": 219
}