{
  "sum_of_pairs": 0.7438311688311688,
  "column_score": 0.1590909090909091,
  "time_ms": 14
}