{
  "sum_of_pairs": 0.9112055307503961,
  "column_score": 0.22900763358778625,
  "time_ms": 1777
}