{
  "sum_of_pairs": 0.7543989171896148,
  "column_score": 0.5116279069767442,
  "time_ms": 130
}