{
  "sum_of_pairs": 0.7205117536925317,
  "column_score": 0.07236842105263158,
  "time_ms": 56
}