{
  "sum_of_pairs": 0.9535256410256411,
  "column_score": 0.3888888888888889,
  "time_ms": 347
}