{
  "sum_of_pairs": 0.8668989547038327,
  "column_score": 0.05714285714285714,
  "time_ms": 58
}