{
  "sum_of_pairs": 0.9561045274089914,
  "column_score": 0.5648148148148148,
  "time_ms": 1809
}