{
  "sum_of_pairs": 0.9605973898426728,
  "column_score": 0.32432432432432434,
  "time_ms": 704
}