{
  "sum_of_pairs": 0.9611120554516781,
  "column_score": 0.3310810810810811,
  "time_ms": 348
}