{
  "sum_of_pairs": 0.6933118369045143,
  "column_score": 0.02631578947368421,
  "time_ms": 124
}