{
  "sum_of_pairs": 0.8093260938997126,
  "column_score": 0.11386138613861387,
  "time_ms": 374
}