{
  "sum_of_pairs": 0.9218918791977831,
  "column_score": 0.09271523178807947,
  "time_ms": 508
}