{
  "sum_of_pairs": 0.9462637074665377,
  "column_score": 0.2847222222222222,
  "time_ms": 736
}