{
  "sum_of_pairs": 0.7611330228377824,
  "column_score": 0.05263605873604313,
  "time_ms": 339
}