{
  "sum_of_pairs": 0.9240836603490022,
  "column_score": 0.059322033898305086,
  "time_ms": 96
}