{
  "sum_of_pairs": 0.8355512696882031,
  "column_score": 0.17486338797814208,
  "time_ms": 211
}