{
  "sum_of_pairs": 0.9419371924718088,
  "column_score": 0.38425925925925924,
  "time_ms": 1556
}