{
  "sum_of_pairs": 0.9253213957759412,
  "column_score": 0.16287878787878787,
  "time_ms": 522
}