{
  "sum_of_pairs": 0.6777991149703598,
  "column_score": 0.14285714285714285,
  "time_ms": 255
}