{
  "sum_of_pairs": 0.9375554346073214,
  "column_score": 0.2361111111111111,
  "time_ms": 305
}