{
  "sum_of_pairs": 0.5427501560224672,
  "column_score": 0.11842105263157894,
  "time_ms": 53
}