{
  "sum_of_pairs": 0.6141436668619378,
  "column_score": 0.3574312000105334,
  "time_ms": 25
}