{
  "sum_of_pairs": 0.7451982212129814,
  "column_score": 0.3062730627306273,
  "time_ms": 41
}