{
  "sum_of_pairs": 0.7862560026494453,
  "column_score": 0.5856929955290611,
  "time_ms": 93
}