{
  "sum_of_pairs": 0.49139118457300274,
  "column_score": 0.16477272727272727,
  "time_ms": 100
}