{
  "sum_of_pairs": 0.7222572509457755,
  "column_score": 0.562421185372005,
  "time_ms": 60
}