{
  "sum_of_pairs": 0.7424979724249797,
  "column_score": 0.291970802919708,
  "time_ms": 9
}