{
  "sum_of_pairs": 0.5062189054726368,
  "column_score": 0.21641791044776118,
  "time_ms": 16
}