{
  "sum_of_pairs": 0.7812807881773399,
  "column_score": 0.6231527093596059,
  "time_ms": 19
}