{
  "sum_of_pairs": 0.8524875621890547,
  "column_score": 0.7940298507462686,
  "time_ms": 17
}