{
  "sum_of_pairs": 0.565668202764977,
  "column_score": 0.1774193548387097,
  "time_ms": 10
}