{
  "sum_of_pairs": 0.6833102172907998,
  "column_score": 0.2524271844660194,
  "time_ms": 11
}