{
  "sum_of_pairs": 0.7996154983732624,
  "column_score": 0.6004140786749482,
  "time_ms": 37
}