{
  "sum_of_pairs": 0.6022598870056497,
  "column_score": 0.2824858757062147,
  "time_ms": 26
}