{
  "sum_of_pairs": 0.800705467372134,
  "column_score": 0.691358024691358,
  "time_ms": 6
}