{
  "sum_of_pairs": 0.7857142857142857,
  "column_score": 0.6845238095238095,
  "time_ms": 3
}