{
  "sum_of_pairs": 0.8340618625369468,
  "column_score": 0.4267515923566879,
  "time_ms": 41
}