{
  "sum_of_pairs": 0.7116251005631536,
  "column_score": 0.33185840707964603,
  "time_ms": 50
}