{
  "sum_of_pairs": 0.7988795518207283,
  "column_score": 0.5294117647058824,
  "time_ms": 25
}