{
  "sum_of_pairs": 0.39315068493150684,
  "column_score": 0.0684931506849315,
  "time_ms": 9
}