{
  "sum_of_pairs": 0.6172131147540983,
  "column_score": 0.22540983606557377,
  "time_ms": 32
}