{
  "sum_of_pairs": 0.2526041666666667,
  "column_score": 0.046875,
  "time_ms": 2
}