{
  "sum_of_pairs": 0.24310344827586206,
  "column_score": 0.10689655172413794,
  "time_ms": 8
}