{
  "sum_of_pairs": 0.3355844155844156,
  "column_score": 0.42857142857142855,
  "time_ms": 5
}