{
  "sum_of_pairs": 0.8389319552110249,
  "column_score": 0.4069767441860465,
  "time_ms": 73
}