{
  "sum_of_pairs": 0.45426829268292684,
  "column_score": 0.3902439024390244,
  "time_ms": 5
}