{
  "sum_of_pairs": 0.7821285140562249,
  "column_score": 0.6506024096385542,
  "time_ms": 3
}