{
  "sum_of_pairs": 0.7868686868686868,
  "column_score": 0.31794871794871793,
  "time_ms": 38
}