{
  "sum_of_pairs": 0.6915768564442182,
  "column_score": 0.018759582542901197,
  "time_ms": 317
}