{
  "sum_of_pairs": 0.7018702513150205,
  "column_score": 0.17288135593220338,
  "time_ms": 480
}