{
  "sum_of_pairs": 0.9472388052313206,
  "column_score": 0.3333333333333333,
  "time_ms": 1462
}