{
  "sum_of_pairs": 0.6837344776709208,
  "column_score": 0.02966003318920093,
  "time_ms": 284
}