{
  "sum_of_pairs": 0.9284492658924629,
  "column_score": 0.4027777777777778,
  "time_ms": 1313
}