{
  "sum_of_pairs": 0.9281404045554988,
  "column_score": 0.08783783783783784,
  "time_ms": 292
}