{
  "sum_of_pairs": 0.9036042240587695,
  "column_score": 0.04924242424242424,
  "time_ms": 486
}