{
  "sum_of_pairs": 0.8701620706337687,
  "column_score": 0.24305555555555555,
  "time_ms": 249
}