{
  "sum_of_pairs": 0.3667762685184197,
  "column_score": 0.13721344082044284,
  "time_ms": 15
}