{
  "sum_of_pairs": 0.6621890547263681,
  "column_score": 0.5223880597014925,
  "time_ms": 13
}