{
  "sum_of_pairs": 0.5139012126589766,
  "column_score": 0.4140786749482402,
  "time_ms": 26
}