{
  "sum_of_pairs": 0.5935969868173258,
  "column_score": 0.2542372881355932,
  "time_ms": 18
}