{
  "sum_of_pairs": 0.3412816691505216,
  "column_score": 0.06557377049180328,
  "time_ms": 22
}