{
  "sum_of_pairs": 0.15504032258064515,
  "column_score": 0.06048387096774194,
  "time_ms": 15
}