{
  "sum_of_pairs": 0.45637385388938184,
  "column_score": 0.2795031055900621,
  "time_ms": 12
}