{
  "sum_of_pairs": 0.4799585660241398,
  "column_score": 0.31273644388398486,
  "time_ms": 35
}