{
  "sum_of_pairs": 0.695959595959596,
  "column_score": 0.3128205128205128,
  "time_ms": 24
}