{
  "sum_of_pairs": 0.3881183541377716,
  "column_score": 0.05825242718446602,
  "time_ms": 8
}