{
  "sum_of_pairs": 0.480852775543041,
  "column_score": 0.2013274336283186,
  "time_ms": 26
}