{
  "sum_of_pairs": 0.36727078891257997,
  "column_score": 0.0708955223880597,
  "time_ms": 13
}