{
  "sum_of_pairs": 0.49574721898269913,
  "column_score": 0.08345961763214567,
  "time_ms": 646
}