{
  "sum_of_pairs": 0.5299001651942828,
  "column_score": 0.2850678733031674,
  "time_ms": 255
}