{
  "sum_of_pairs": 0.7932341630971768,
  "column_score": 0.1643835616438356,
  "time_ms": 980
}