{
  "sum_of_pairs": 0.5093003471823052,
  "column_score": 0.10434782608695652,
  "time_ms": 359
}