{
  "sum_of_pairs": 0.35472370766488415,
  "column_score": 0.16883116883116883,
  "time_ms": 62
}