{
  "sum_of_pairs": 0.6921648895658796,
  "column_score": 0.24752475247524752,
  "time_ms": 481
}