{
  "sum_of_pairs": 0.7686722300256135,
  "column_score": 0.12955465587044535,
  "time_ms": 559
}