{
  "sum_of_pairs": 0.8019104057921647,
  "column_score": 0.5317460317460317,
  "time_ms": 2152
}