{
  "sum_of_pairs": 0.6054931972789116,
  "column_score": 0.14166666666666666,
  "time_ms": 440
}