{
  "sum_of_pairs": 0.7705420814257484,
  "column_score": 0.2621359223300971,
  "time_ms": 2085
}