{
  "sum_of_pairs": 0.6469076005961252,
  "column_score": 0.1168032786885246,
  "time_ms": 29
}