{
  "sum_of_pairs": 0.5329270248596631,
  "column_score": 0.24186046511627907,
  "time_ms": 140
}