{
  "sum_of_pairs": 0.39025143980896193,
  "column_score": 0.17699115044247787,
  "time_ms": 98
}