{
  "sum_of_pairs": 0.5277134475837579,
  "column_score": 0.06299212598425197,
  "time_ms": 26
}