{
  "sum_of_pairs": 0.6093620291257698,
  "column_score": 0.31653033209876463,
  "time_ms": 25
}