{
  "sum_of_pairs": 0.7723795330352707,
  "column_score": 0.5543964232488823,
  "time_ms": 95
}