{
  "sum_of_pairs": 0.5910682183744914,
  "column_score": 0.06642066420664207,
  "time_ms": 41
}