{
  "sum_of_pairs": 0.8208236208236208,
  "column_score": 0.41025641025641024,
  "time_ms": 40
}