{
  "sum_of_pairs": 0.8197674418604651,
  "column_score": 0.6511627906976745,
  "time_ms": 3
}