{
  "sum_of_pairs": 0.5362318840579711,
  "column_score": 0.4927536231884058,
  "time_ms": 1
}