{
  "sum_of_pairs": 0.7364960909737029,
  "column_score": 0.4552238805970149,
  "time_ms": 17
}