{
  "sum_of_pairs": 0.7075630252100841,
  "column_score": 0.5798319327731093,
  "time_ms": 26
}