{
  "sum_of_pairs": 0.5370370370370371,
  "column_score": 0.25925925925925924,
  "time_ms": 2
}