{
  "sum_of_pairs": 0.5777649769585254,
  "column_score": 0.18548387096774194,
  "time_ms": 10
}