{
  "sum_of_pairs": 0.8069748580697486,
  "column_score": 0.45985401459854014,
  "time_ms": 9
}