{
  "sum_of_pairs": 0.7584973166368515,
  "column_score": 0.22093023255813954,
  "time_ms": 71
}