{
  "sum_of_pairs": 0.7696299275945294,
  "column_score": 0.504424778761062,
  "time_ms": 53
}