{
  "sum_of_pairs": 0.4146825396825397,
  "column_score": 0.1130952380952381,
  "time_ms": 3
}