{
  "sum_of_pairs": 0.8330845771144278,
  "column_score": 0.7492537313432835,
  "time_ms": 18
}