{
  "sum_of_pairs": 0.24717741935483872,
  "column_score": 0.1431451612903226,
  "time_ms": 18
}