{
  "sum_of_pairs": 0.7877846790890269,
  "column_score": 0.6004140786749482,
  "time_ms": 38
}