{
  "sum_of_pairs": 0.7338767789587461,
  "column_score": 0.5762925598991173,
  "time_ms": 62
}