{
  "sum_of_pairs": 0.850062656641604,
  "column_score": 0.5197368421052632,
  "time_ms": 26
}