{
  "sum_of_pairs": 0.6729508196721311,
  "column_score": 0.36475409836065575,
  "time_ms": 32
}