{
  "sum_of_pairs": 0.7195767195767195,
  "column_score": 0.4074074074074074,
  "time_ms": 6
}