{
  "sum_of_pairs": 0.4808453856749311,
  "column_score": 0.2556818181818182,
  "time_ms": 102
}