{
  "sum_of_pairs": 0.6897590361445783,
  "column_score": 0.6506024096385542,
  "time_ms": 3
}