{
  "sum_of_pairs": 0.6435202531118605,
  "column_score": 0.08917197452229299,
  "time_ms": 42
}