{
  "sum_of_pairs": 0.7804143126177024,
  "column_score": 0.5988700564971752,
  "time_ms": 26
}