{
  "sum_of_pairs": 0.41023365868086364,
  "column_score": 0.11180124223602485,
  "time_ms": 16
}