{
  "sum_of_pairs": 0.2237583988806699,
  "column_score": 0.07128162730778345,
  "time_ms": 13
}