{
  "sum_of_pairs": 0.1971365141438817,
  "column_score": 0.06141224864383404,
  "time_ms": 16
}