{
  "sum_of_pairs": 0.2526918671248568,
  "column_score": 0.07216494845360824,
  "time_ms": 19
}