{
  "sum_of_pairs": 0.41434262948207173,
  "column_score": 0.28286852589641437,
  "time_ms": 6
}