{
  "sum_of_pairs": 0.1717171717171717,
  "column_score": 0.025252525252525252,
  "time_ms": 9
}