{
  "sum_of_pairs": 0.3945578231292517,
  "column_score": 0.30612244897959184,
  "time_ms": 13
}