{
  "sum_of_pairs": 0.38986697965571204,
  "column_score": 0.21830985915492956,
  "time_ms": 22
}