{
  "sum_of_pairs": 0.5292133608965293,
  "column_score": 0.3069306930693069,
  "time_ms": 87
}