{
  "sum_of_pairs": 0.28110709987966304,
  "column_score": 0.10469314079422383,
  "time_ms": 15
}