{
  "sum_of_pairs": 0.45219123505976094,
  "column_score": 0.32669322709163345,
  "time_ms": 4
}