{
  "sum_of_pairs": 0.5263157894736842,
  "column_score": 0.42105263157894735,
  "time_ms": 3
}