{
  "sum_of_pairs": 0.3698308270676692,
  "column_score": 0.19736842105263158,
  "time_ms": 10
}