{
  "sum_of_pairs": 0.13022941970310392,
  "column_score": 0.020242914979757085,
  "time_ms": 28
}