{
  "sum_of_pairs": 0.24380264741275573,
  "column_score": 0.07581227436823104,
  "time_ms": 15
}