{
  "sum_of_pairs": 0.254421768707483,
  "column_score": 0.05714285714285714,
  "time_ms": 4
}