{
  "sum_of_pairs": 0.4602649006622517,
  "column_score": 0.2913907284768212,
  "time_ms": 3
}