{
  "sum_of_pairs": 0.5103174603174603,
  "column_score": 0.2518518518518518,
  "time_ms": 12
}