{
  "sum_of_pairs": 0.3806390977443609,
  "column_score": 0.2236842105263158,
  "time_ms": 10
}