{
  "sum_of_pairs": 0.27835051546391754,
  "column_score": 0.07216494845360824,
  "time_ms": 10
}