{
  "sum_of_pairs": 0.41156462585034015,
  "column_score": 0.30612244897959184,
  "time_ms": 3
}