{
  "sum_of_pairs": 0.3343114241001565,
  "column_score": 0.09154929577464789,
  "time_ms": 18
}