{
  "sum_of_pairs": 0.5282341420955282,
  "column_score": 0.3069306930693069,
  "time_ms": 43
}