{
  "sum_of_pairs": 0.4642857142857143,
  "column_score": 0.1925925925925926,
  "time_ms": 14
}