{
  "sum_of_pairs": 0.5093025786095093,
  "column_score": 0.2871287128712871,
  "time_ms": 117
}