{
  "sum_of_pairs": 0.42387218045112784,
  "column_score": 0.23684210526315788,
  "time_ms": 9
}