{
  "sum_of_pairs": 0.2996870109546166,
  "column_score": 0.056338028169014086,
  "time_ms": 28
}