{
  "sum_of_pairs": 0.6023391812865497,
  "column_score": 0.42105263157894735,
  "time_ms": 1
}