{
  "sum_of_pairs": 0.18488529014844804,
  "column_score": 0.03643724696356275,
  "time_ms": 6
}