{
  "sum_of_pairs": 0.3922077922077922,
  "column_score": 0.06363636363636363,
  "time_ms": 16
}