{
  "sum_of_pairs": 0.22643097643097643,
  "column_score": 0.045454545454545456,
  "time_ms": 3
}