{
  "sum_of_pairs": 0.1947463768115942,
  "column_score": 0.04891304347826087,
  "time_ms": 6
}