{
  "sum_of_pairs": 0.5573879034770542,
  "column_score": 0.14501011875180347,
  "time_ms": 201
}