{
  "sum_of_pairs": 0.7410787741670095,
  "column_score": 0.21634615384615385,
  "time_ms": 271
}