{
  "sum_of_pairs": 0.8535807050092764,
  "column_score": 0.6114285714285714,
  "time_ms": 35
}