{
  "sum_of_pairs": 0.9004310832202623,
  "column_score": 0.428125,
  "time_ms": 972
}