{
  "sum_of_pairs": 0.6386742424242424,
  "column_score": 0.30113636363636365,
  "time_ms": 121
}