{
  "sum_of_pairs": 0.7530254647520644,
  "column_score": 0.14423076923076922,
  "time_ms": 716
}