{
  "sum_of_pairs": 0.8654883971937399,
  "column_score": 0.6559633027522935,
  "time_ms": 139
}