{
  "sum_of_pairs": 0.7345675873571167,
  "column_score": 0.14423076923076922,
  "time_ms": 1007
}