{
  "sum_of_pairs": 0.8512506012506013,
  "column_score": 0.045454545454545456,
  "time_ms": 151
}