{
  "sum_of_pairs": 0.4069896964633807,
  "column_score": 0.07936507936507936,
  "time_ms": 82
}