{
  "sum_of_pairs": 0.4280420302092129,
  "column_score": 0.14473684210526316,
  "time_ms": 159
}