{
  "sum_of_pairs": 0.5943486590038314,
  "column_score": 0.4367816091954023,
  "time_ms": 24
}