{
  "sum_of_pairs": 0.745279307631786,
  "column_score": 0.42276422764227645,
  "time_ms": 84
}