{
  "sum_of_pairs": 0.8695114139296529,
  "column_score": 0.3541666666666667,
  "time_ms": 442
}