{
  "sum_of_pairs": 0.8888795196977873,
  "column_score": 0.7454128440366973,
  "time_ms": 73
}