{
  "sum_of_pairs": 0.6653023470921494,
  "column_score": 0.08602150537634409,
  "time_ms": 57
}