{
  "sum_of_pairs": 0.6341866945315221,
  "column_score": 0.3160919540229885,
  "time_ms": 49
}