{
  "sum_of_pairs": 0.8808175033921303,
  "column_score": 0.290625,
  "time_ms": 1779
}