{
  "sum_of_pairs": 0.4590237166991553,
  "column_score": 0.18055555555555555,
  "time_ms": 37
}