{
  "sum_of_pairs": 0.9031184864518198,
  "column_score": 0.3484848484848485,
  "time_ms": 90
}