{
  "sum_of_pairs": 0.5734075448361162,
  "column_score": 0.06938775510204082,
  "time_ms": 18
}