{
  "sum_of_pairs": 0.656648451730419,
  "column_score": 0.11475409836065574,
  "time_ms": 4
}