{
  "sum_of_pairs": 0.69234404536862,
  "column_score": 0.21739130434782608,
  "time_ms": 18
}