{
  "sum_of_pairs": 0.986152521036242,
  "column_score": 0.9069767441860465,
  "time_ms": 89
}