{
  "sum_of_pairs": 0.43962848297213625,
  "column_score": 0.18421052631578946,
  "time_ms": 83
}