{
  "sum_of_pairs": 0.37154808317089016,
  "column_score": 0.13194444444444445,
  "time_ms": 60
}