{
  "sum_of_pairs": 0.6868304977945809,
  "column_score": 0.21739130434782608,
  "time_ms": 32
}