{
  "sum_of_pairs": 0.6129807692307693,
  "column_score": 0.18269230769230768,
  "time_ms": 73
}