{
  "sum_of_pairs": 0.47149041434755723,
  "column_score": 0.061224489795918366,
  "time_ms": 36
}