{
  "sum_of_pairs": 0.831133318417978,
  "column_score": 0.6163522012578616,
  "time_ms": 316
}