{
  "sum_of_pairs": 0.42286271233639655,
  "column_score": 0.07936507936507936,
  "time_ms": 48
}