{
  "sum_of_pairs": 0.694836293974225,
  "column_score": 0.41954022988505746,
  "time_ms": 28
}