{
  "sum_of_pairs": 0.9835685417080766,
  "column_score": 0.872093023255814,
  "time_ms": 171
}