{
  "sum_of_pairs": 0.6819507575757576,
  "column_score": 0.3352272727272727,
  "time_ms": 47
}