{
  "sum_of_pairs": 0.8419469510527755,
  "column_score": 0.6477987421383647,
  "time_ms": 126
}