{
  "sum_of_pairs": 0.4353909465020576,
  "column_score": 0.15432098765432098,
  "time_ms": 20
}