{
  "sum_of_pairs": 0.6211443728685108,
  "column_score": 0.32413793103448274,
  "time_ms": 25
}