{
  "sum_of_pairs": 0.6693318628802499,
  "column_score": 0.25806451612903225,
  "time_ms": 122
}