{
  "sum_of_pairs": 0.7995052566481138,
  "column_score": 0.4228571428571429,
  "time_ms": 66
}