{
  "sum_of_pairs": 0.7312155782848151,
  "column_score": 0.3333333333333333,
  "time_ms": 162
}