{
  "sum_of_pairs": 0.5666579588993382,
  "column_score": 0.3505747126436782,
  "time_ms": 39
}