{
  "sum_of_pairs": 0.03336347264639462,
  "column_score": 0.0002658160552897395,
  "time_ms": 4
}