{
  "sum_of_pairs": 0.631285356427417,
  "column_score": 0.3614964869635868,
  "time_ms": 24
}