{
  "sum_of_pairs": 0.8013317431922083,
  "column_score": 0.3023255813953488,
  "time_ms": 74
}