{
  "sum_of_pairs": 0.6302083333333334,
  "column_score": 0.515625,
  "time_ms": 2
}