{
  "sum_of_pairs": 0.8365671641791045,
  "column_score": 0.755223880597015,
  "time_ms": 17
}