{
  "sum_of_pairs": 0.765391621129326,
  "column_score": 0.5484351713859911,
  "time_ms": 89
}