{
  "sum_of_pairs": 0.6801494938026303,
  "column_score": 0.09225092250922509,
  "time_ms": 40
}