{
  "sum_of_pairs": 0.7895833333333333,
  "column_score": 0.5833333333333334,
  "time_ms": 2
}