{
  "sum_of_pairs": 0.848210922787194,
  "column_score": 0.6949152542372882,
  "time_ms": 24
}