{
  "sum_of_pairs": 0.515322076297686,
  "column_score": 0.008130081300813009,
  "time_ms": 48
}