{
  "sum_of_pairs": 0.51440329218107,
  "column_score": 0.3333333333333333,
  "time_ms": 2
}