{
  "sum_of_pairs": 0.6498015873015873,
  "column_score": 0.5238095238095238,
  "time_ms": 3
}