{
  "sum_of_pairs": 0.7340909090909091,
  "column_score": 0.3333333333333333,
  "time_ms": 11
}