{
  "sum_of_pairs": 0.8221556138378918,
  "column_score": 0.46496815286624205,
  "time_ms": 41
}