{
  "sum_of_pairs": 0.8618492618492618,
  "column_score": 0.37948717948717947,
  "time_ms": 38
}