{
  "sum_of_pairs": 0.4681947405828003,
  "column_score": 0.1417910447761194,
  "time_ms": 16
}