{
  "sum_of_pairs": 0.8278325123152709,
  "column_score": 0.7142857142857143,
  "time_ms": 21
}