{
  "sum_of_pairs": 0.8042071197411004,
  "column_score": 0.4563106796116505,
  "time_ms": 11
}