{
  "sum_of_pairs": 0.5881823094937849,
  "column_score": 0.3656998738965952,
  "time_ms": 56
}