{
  "sum_of_pairs": 0.8268665490887713,
  "column_score": 0.654320987654321,
  "time_ms": 6
}