{
  "sum_of_pairs": 0.7994676131322094,
  "column_score": 0.587991718426501,
  "time_ms": 37
}