{
  "sum_of_pairs": 0.764102564102564,
  "column_score": 0.8205128205128205,
  "time_ms": 1
}