{
  "sum_of_pairs": 0.6853177795655672,
  "column_score": 0.18805309734513273,
  "time_ms": 48
}