{
  "sum_of_pairs": 0.8118410381184104,
  "column_score": 0.6204379562043796,
  "time_ms": 9
}