{
  "sum_of_pairs": 0.5558943089430894,
  "column_score": 0.4024390243902439,
  "time_ms": 5
}