{
  "sum_of_pairs": 0.5176470588235295,
  "column_score": 0.11764705882352941,
  "time_ms": 4
}