{
  "sum_of_pairs": 0.6258640552995391,
  "column_score": 0.25806451612903225,
  "time_ms": 10
}