{
  "sum_of_pairs": 0.7073308270676691,
  "column_score": 0.16447368421052633,
  "time_ms": 25
}