{
  "sum_of_pairs": 0.5613723750369713,
  "column_score": 0.18633540372670807,
  "time_ms": 16
}