{
  "sum_of_pairs": 0.17963709677419354,
  "column_score": 0.15120967741935484,
  "time_ms": 16
}