{
  "sum_of_pairs": 0.7645191409897292,
  "column_score": 0.5294117647058824,
  "time_ms": 26
}