{
  "sum_of_pairs": 0.5985401459854015,
  "column_score": 0.29927007299270075,
  "time_ms": 5
}