{
  "sum_of_pairs": 0.5652996662498775,
  "column_score": 0.32364746570438246,
  "time_ms": 25
}