{
  "sum_of_pairs": 0.5620437956204379,
  "column_score": 0.40145985401459855,
  "time_ms": 2
}