{
  "sum_of_pairs": 0.6087768440709617,
  "column_score": 0.40336134453781514,
  "time_ms": 21
}