{
  "sum_of_pairs": 0.7591478696741855,
  "column_score": 0.4407894736842105,
  "time_ms": 24
}