{
  "sum_of_pairs": 0.36789554531490015,
  "column_score": 0.24423963133640553,
  "time_ms": 10
}