{
  "sum_of_pairs": 0.6986323411102172,
  "column_score": 0.41814159292035397,
  "time_ms": 39
}