{
  "sum_of_pairs": 0.6336405529953917,
  "column_score": 0.4032258064516129,
  "time_ms": 5
}