{
  "sum_of_pairs": 0.7506838294448914,
  "column_score": 0.48672566371681414,
  "time_ms": 23
}