{
  "sum_of_pairs": 0.8639940052454103,
  "column_score": 0.5159235668789809,
  "time_ms": 75
}