{
  "sum_of_pairs": 0.7724747474747474,
  "column_score": 0.4666666666666667,
  "time_ms": 6
}