{
  "sum_of_pairs": 0.7648910090770555,
  "column_score": 0.32558139534883723,
  "time_ms": 78
}