{
  "sum_of_pairs": 0.7171374764595103,
  "column_score": 0.4576271186440678,
  "time_ms": 12
}