{
  "sum_of_pairs": 0.7738367279350886,
  "column_score": 0.61698956780924,
  "time_ms": 58
}