{
  "sum_of_pairs": 0.38150851581508516,
  "column_score": 0.1897810218978102,
  "time_ms": 3
}