{
  "sum_of_pairs": 0.6216216216216216,
  "column_score": 0.40540540540540543,
  "time_ms": 1
}