{
  "sum_of_pairs": 0.8101050241271643,
  "column_score": 0.45387453874538747,
  "time_ms": 20
}