{
  "sum_of_pairs": 0.5552995391705069,
  "column_score": 0.45622119815668205,
  "time_ms": 2
}