{
  "sum_of_pairs": 0.6573590344082147,
  "column_score": 0.49810844892812106,
  "time_ms": 45
}