{
  "sum_of_pairs": 0.8674309229864785,
  "column_score": 0.7530864197530864,
  "time_ms": 3
}