{
  "sum_of_pairs": 0.6390461997019374,
  "column_score": 0.319672131147541,
  "time_ms": 32
}