{
  "sum_of_pairs": 0.751937984496124,
  "column_score": 0.46511627906976744,
  "time_ms": 2
}