{
  "sum_of_pairs": 0.1724137931034483,
  "column_score": 0.027586206896551724,
  "time_ms": 4
}