{
  "sum_of_pairs": 0.6992610837438423,
  "column_score": 0.5172413793103449,
  "time_ms": 17
}