{
  "sum_of_pairs": 0.7709257616089914,
  "column_score": 0.6563146997929606,
  "time_ms": 17
}