{
  "sum_of_pairs": 0.38870967741935486,
  "column_score": 0.14717741935483872,
  "time_ms": 9
}