{
  "sum_of_pairs": 0.34274193548387094,
  "column_score": 0.12903225806451613,
  "time_ms": 24
}