{
  "sum_of_pairs": 0.6405472636815921,
  "column_score": 0.39552238805970147,
  "time_ms": 14
}