{
  "sum_of_pairs": 0.7897700920956735,
  "column_score": 0.36046511627906974,
  "time_ms": 44
}