{
  "sum_of_pairs": 0.8537627683969148,
  "column_score": 0.6260162601626016,
  "time_ms": 87
}