{
  "sum_of_pairs": 0.2845528455284553,
  "column_score": 0.1951219512195122,
  "time_ms": 9
}