{
  "sum_of_pairs": 0.8062261963901308,
  "column_score": 0.7004470938897168,
  "time_ms": 36
}