{
  "sum_of_pairs": 0.9069153069153069,
  "column_score": 0.676923076923077,
  "time_ms": 49
}