{
  "sum_of_pairs": 0.3137254901960784,
  "column_score": 0.19607843137254902,
  "time_ms": 8
}