{
  "sum_of_pairs": 0.7883597883597884,
  "column_score": 0.6419753086419753,
  "time_ms": 7
}