{
  "sum_of_pairs": 0.5167441460055097,
  "column_score": 0.28125,
  "time_ms": 87
}