{
  "sum_of_pairs": 0.7104166666666667,
  "column_score": 0.6666666666666666,
  "time_ms": 1
}