{
  "sum_of_pairs": 0.7777777777777778,
  "column_score": 0.5813953488372093,
  "time_ms": 1
}