{
  "sum_of_pairs": 0.7263222632226323,
  "column_score": 0.2952029520295203,
  "time_ms": 34
}