{
  "sum_of_pairs": 0.4939759036144578,
  "column_score": 0.39156626506024095,
  "time_ms": 3
}