{
  "sum_of_pairs": 0.6944444444444444,
  "column_score": 0.6011904761904762,
  "time_ms": 1
}