{
  "sum_of_pairs": 0.7240582800284293,
  "column_score": 0.503731343283582,
  "time_ms": 8
}