{
  "sum_of_pairs": 0.8560224089635854,
  "column_score": 0.44285714285714284,
  "time_ms": 89
}