{
  "sum_of_pairs": 0.38493150684931504,
  "column_score": 0.136986301369863,
  "time_ms": 8
}