{
  "sum_of_pairs": 0.7994728304947283,
  "column_score": 0.6277372262773723,
  "time_ms": 5
}