{
  "sum_of_pairs": 0.7037119195504289,
  "column_score": 0.5341614906832298,
  "time_ms": 30
}