{
  "sum_of_pairs": 0.34901960784313724,
  "column_score": 0.19607843137254902,
  "time_ms": 2
}