{
  "sum_of_pairs": 0.7840225563909774,
  "column_score": 0.4473684210526316,
  "time_ms": 14
}