{
  "sum_of_pairs": 0.9413364413364413,
  "column_score": 0.8358974358974359,
  "time_ms": 19
}