{
  "sum_of_pairs": 0.5628512274475007,
  "column_score": 0.32919254658385094,
  "time_ms": 8
}