{
  "sum_of_pairs": 0.908588701271628,
  "column_score": 0.7804878048780488,
  "time_ms": 23
}