{
  "sum_of_pairs": 0.6554621848739496,
  "column_score": 0.48739495798319327,
  "time_ms": 11
}