{
  "sum_of_pairs": 0.624105461393597,
  "column_score": 0.24293785310734464,
  "time_ms": 23
}