{
  "sum_of_pairs": 0.558531746031746,
  "column_score": 0.38095238095238093,
  "time_ms": 6
}