{
  "sum_of_pairs": 0.28760162601626016,
  "column_score": 0.20121951219512196,
  "time_ms": 2
}