{
  "sum_of_pairs": 0.6516412390198798,
  "column_score": 0.22330097087378642,
  "time_ms": 5
}