{
  "sum_of_pairs": 0.5936199722607489,
  "column_score": 0.1941747572815534,
  "time_ms": 10
}