{
  "sum_of_pairs": 0.8825194621372965,
  "column_score": 0.554140127388535,
  "time_ms": 21
}