{
  "sum_of_pairs": 0.5125702454895001,
  "column_score": 0.2919254658385093,
  "time_ms": 20
}