{
  "sum_of_pairs": 0.7046928481354711,
  "column_score": 0.5725094577553594,
  "time_ms": 27
}