{
  "sum_of_pairs": 0.6050462138029273,
  "column_score": 0.34650645838536914,
  "time_ms": 18
}