{
  "sum_of_pairs": 0.6588072122052705,
  "column_score": 0.28640776699029125,
  "time_ms": 10
}