{
  "sum_of_pairs": 0.5671641791044776,
  "column_score": 0.332089552238806,
  "time_ms": 14
}