{
  "sum_of_pairs": 0.6817240136912268,
  "column_score": 0.4943253467843632,
  "time_ms": 41
}