{
  "sum_of_pairs": 0.8818950085341992,
  "column_score": 0.6369426751592356,
  "time_ms": 29
}