{
  "sum_of_pairs": 0.8937062937062937,
  "column_score": 0.6871794871794872,
  "time_ms": 29
}