{
  "sum_of_pairs": 0.8433274544385656,
  "column_score": 0.6111111111111112,
  "time_ms": 5
}