{
  "sum_of_pairs": 0.643721198156682,
  "column_score": 0.31451612903225806,
  "time_ms": 9
}