{
  "sum_of_pairs": 0.5600973236009732,
  "column_score": 0.36496350364963503,
  "time_ms": 4
}