{
  "sum_of_pairs": 0.7771317829457365,
  "column_score": 0.627906976744186,
  "time_ms": 2
}