{
  "sum_of_pairs": 0.8135467980295567,
  "column_score": 0.7192118226600985,
  "time_ms": 15
}