{
  "sum_of_pairs": 0.7143146796431468,
  "column_score": 0.5766423357664233,
  "time_ms": 12
}