{
  "sum_of_pairs": 0.6365126676602086,
  "column_score": 0.4344262295081967,
  "time_ms": 23
}