{
  "sum_of_pairs": 0.7286305826678497,
  "column_score": 0.5714285714285714,
  "time_ms": 26
}