{
  "sum_of_pairs": 0.784569005499238,
  "column_score": 0.22093023255813954,
  "time_ms": 53
}