{
  "sum_of_pairs": 0.6903207493613398,
  "column_score": 0.04059040590405904,
  "time_ms": 39
}