{
  "sum_of_pairs": 0.7651657285803627,
  "column_score": 0.10569105691056911,
  "time_ms": 37
}