{
  "sum_of_pairs": 0.5507489669421488,
  "column_score": 0.21306818181818182,
  "time_ms": 62
}