{
  "sum_of_pairs": 0.5483870967741935,
  "column_score": 0.4009216589861751,
  "time_ms": 3
}