{
  "sum_of_pairs": 0.5170068027210885,
  "column_score": 0.2732919254658385,
  "time_ms": 12
}