{
  "sum_of_pairs": 0.8018170426065163,
  "column_score": 0.45394736842105265,
  "time_ms": 20
}