{
  "sum_of_pairs": 0.775591985428051,
  "column_score": 0.6274217585692996,
  "time_ms": 50
}