{
  "sum_of_pairs": 0.8689265536723164,
  "column_score": 0.6949152542372882,
  "time_ms": 28
}