{
  "sum_of_pairs": 0.7596979154566866,
  "column_score": 0.37700326423939756,
  "time_ms": 261
}