{
  "sum_of_pairs": 0.7517291943575961,
  "column_score": 0.35768915388384803,
  "time_ms": 450
}