{
  "sum_of_pairs": 0.9292956514664605,
  "column_score": 0.46153846153846156,
  "time_ms": 2678
}