{
  "sum_of_pairs": 0.9229281405717283,
  "column_score": 0.7154471544715447,
  "time_ms": 133
}