{
  "sum_of_pairs": 0.4062200956937799,
  "column_score": 0.13157894736842105,
  "time_ms": 10
}