{
  "sum_of_pairs": 0.8955596784168213,
  "column_score": 0.7085714285714285,
  "time_ms": 61
}