{
  "sum_of_pairs": 0.7711532889017676,
  "column_score": 0.10294117647058823,
  "time_ms": 414
}