{
  "sum_of_pairs": 0.7884842178286507,
  "column_score": 0.16129032258064516,
  "time_ms": 106
}