{
  "sum_of_pairs": 0.9072375899962107,
  "column_score": 0.0989010989010989,
  "time_ms": 300
}