{
  "sum_of_pairs": 0.7451449479313257,
  "column_score": 0.3684210526315789,
  "time_ms": 306
}