{
  "sum_of_pairs": 0.8888317564788153,
  "column_score": 0.5480769230769231,
  "time_ms": 813
}