{
  "sum_of_pairs": 0.7888064316635746,
  "column_score": 0.5387755102040817,
  "time_ms": 29
}