{
  "sum_of_pairs": 0.803639846743295,
  "column_score": 0.5287356321839081,
  "time_ms": 44
}