{
  "sum_of_pairs": 0.8998863205759757,
  "column_score": 0.8137931034482758,
  "time_ms": 21
}