{
  "sum_of_pairs": 0.746219281663516,
  "column_score": 0.41304347826086957,
  "time_ms": 23
}