{
  "sum_of_pairs": 0.7423868312757201,
  "column_score": 0.6049382716049383,
  "time_ms": 37
}