{
  "sum_of_pairs": 0.7945718584016457,
  "column_score": 0.3191489361702128,
  "time_ms": 120
}