{
  "sum_of_pairs": 0.8775568181818182,
  "column_score": 0.6306818181818182,
  "time_ms": 186
}