{
  "sum_of_pairs": 0.9578019450267878,
  "column_score": 0.8229166666666666,
  "time_ms": 1902
}