{
  "sum_of_pairs": 0.8207168458781362,
  "column_score": 0.43870967741935485,
  "time_ms": 27
}