{
  "sum_of_pairs": 0.8032258064516129,
  "column_score": 0.4064516129032258,
  "time_ms": 60
}