{
  "sum_of_pairs": 0.8806921675774135,
  "column_score": 0.7213114754098361,
  "time_ms": 2
}