{
  "sum_of_pairs": 0.8960772615407562,
  "column_score": 0.7452830188679245,
  "time_ms": 478
}