{
  "sum_of_pairs": 0.885625,
  "column_score": 0.6477272727272727,
  "time_ms": 81
}