{
  "sum_of_pairs": 0.7843086032741206,
  "column_score": 0.5574712643678161,
  "time_ms": 67
}