{
  "sum_of_pairs": 0.7965367965367965,
  "column_score": 0.3191489361702128,
  "time_ms": 65
}