{
  "sum_of_pairs": 0.8515297906602255,
  "column_score": 0.26666666666666666,
  "time_ms": 174
}