{
  "sum_of_pairs": 0.7688311688311689,
  "column_score": 0.4857142857142857,
  "time_ms": 59
}