{
  "sum_of_pairs": 0.7379489603024575,
  "column_score": 0.41304347826086957,
  "time_ms": 38
}