{
  "sum_of_pairs": 0.7731816864676905,
  "column_score": 0.1323529411764706,
  "time_ms": 200
}