{
  "sum_of_pairs": 0.9314303307529909,
  "column_score": 0.47023809523809523,
  "time_ms": 111
}