{
  "sum_of_pairs": 0.9297591743119266,
  "column_score": 0.7752293577981652,
  "time_ms": 235
}