{
  "sum_of_pairs": 0.9223216627327564,
  "column_score": 0.7073170731707317,
  "time_ms": 245
}