{
  "sum_of_pairs": 0.8976806622417779,
  "column_score": 0.7515723270440252,
  "time_ms": 227
}