{
  "sum_of_pairs": 0.7902298850574713,
  "column_score": 0.5057471264367817,
  "time_ms": 80
}