{
  "sum_of_pairs": 0.5906026640675763,
  "column_score": 0.18055555555555555,
  "time_ms": 149
}