{
  "sum_of_pairs": 0.4930381509328878,
  "column_score": 0.007936507936507936,
  "time_ms": 79
}