{
  "sum_of_pairs": 0.8214778053487731,
  "column_score": 0.5645161290322581,
  "time_ms": 573
}