{
  "sum_of_pairs": 0.5670069575395019,
  "column_score": 0.1893491124260355,
  "time_ms": 53
}