{
  "sum_of_pairs": 0.8962743102668476,
  "column_score": 0.46875,
  "time_ms": 1727
}