{
  "sum_of_pairs": 0.7986764193660746,
  "column_score": 0.5747126436781609,
  "time_ms": 31
}