{
  "sum_of_pairs": 0.9903799903799904,
  "column_score": 0.8939393939393939,
  "time_ms": 334
}