{
  "sum_of_pairs": 0.8958135459068295,
  "column_score": 0.465625,
  "time_ms": 2757
}