{
  "sum_of_pairs": 0.8363220815752461,
  "column_score": 0.5822784810126582,
  "time_ms": 15
}