{
  "sum_of_pairs": 0.9331658121964382,
  "column_score": 0.7844036697247706,
  "time_ms": 131
}