{
  "sum_of_pairs": 0.8923282599753188,
  "column_score": 0.5721153846153846,
  "time_ms": 480
}