{
  "sum_of_pairs": 0.4889074538197345,
  "column_score": 0.007936507936507936,
  "time_ms": 140
}