{
  "sum_of_pairs": 0.9592796412764967,
  "column_score": 0.8229166666666666,
  "time_ms": 999
}