{
  "sum_of_pairs": 0.92898547776919,
  "column_score": 0.4519230769230769,
  "time_ms": 3083
}