{
  "sum_of_pairs": 0.8854869268662372,
  "column_score": 0.7724137931034483,
  "time_ms": 42
}