{
  "sum_of_pairs": 0.7876543209876543,
  "column_score": 0.6851851851851852,
  "time_ms": 18
}