{
  "sum_of_pairs": 0.587749528577931,
  "column_score": 0.20710059171597633,
  "time_ms": 28
}