{
  "sum_of_pairs": 0.887569573283859,
  "column_score": 0.6971428571428572,
  "time_ms": 102
}