{
  "sum_of_pairs": 0.9086522672729569,
  "column_score": 0.0989010989010989,
  "time_ms": 144
}