{
  "sum_of_pairs": 0.728021978021978,
  "column_score": 0.28846153846153844,
  "time_ms": 193
}