{
  "sum_of_pairs": 0.4481828753829513,
  "column_score": 0.07696225540038878,
  "time_ms": 293
}