{
  "sum_of_pairs": 0.677358994921144,
  "column_score": 0.17209302325581396,
  "time_ms": 296
}