{
  "sum_of_pairs": 0.8346383296047726,
  "column_score": 0.4865771812080537,
  "time_ms": 26
}