{
  "sum_of_pairs": 0.6641963872163038,
  "column_score": 0.05511811023622047,
  "time_ms": 47
}