{
  "sum_of_pairs": 0.5384500745156483,
  "column_score": 0.22131147540983606,
  "time_ms": 78
}