{
  "sum_of_pairs": 0.6915859449192783,
  "column_score": 0.2962962962962963,
  "time_ms": 79
}