{
  "sum_of_pairs": 0.31799485831125507,
  "column_score": 0.10640202784962485,
  "time_ms": 13
}