{
  "sum_of_pairs": 0.4182220434432824,
  "column_score": 0.17256637168141592,
  "time_ms": 25
}