{
  "sum_of_pairs": 0.7007389162561576,
  "column_score": 0.5467980295566502,
  "time_ms": 13
}