{
  "sum_of_pairs": 0.5755437977660199,
  "column_score": 0.2839506172839506,
  "time_ms": 4
}