{
  "sum_of_pairs": 0.6034773969200199,
  "column_score": 0.31594634873323396,
  "time_ms": 39
}