{
  "sum_of_pairs": 0.5278763679384797,
  "column_score": 0.36438923395445133,
  "time_ms": 22
}