{
  "sum_of_pairs": 0.2570281124497992,
  "column_score": 0.1746987951807229,
  "time_ms": 2
}