{
  "sum_of_pairs": 0.5545112781954887,
  "column_score": 0.09210526315789473,
  "time_ms": 15
}