{
  "sum_of_pairs": 0.5527169505271695,
  "column_score": 0.291970802919708,
  "time_ms": 6
}