{
  "sum_of_pairs": 0.19173387096774194,
  "column_score": 0.056451612903225805,
  "time_ms": 13
}