{
  "sum_of_pairs": 0.7508036509118868,
  "column_score": 0.07748041989061544,
  "time_ms": 695
}