{
  "sum_of_pairs": 0.7566882806297092,
  "column_score": 0.07550019425645514,
  "time_ms": 294
}