{
  "sum_of_pairs": 0.756425858485314,
  "column_score": 0.07748041989061544,
  "time_ms": 1323
}