{
  "sum_of_pairs": 0.712368186307723,
  "column_score": 0.0395069850127548,
  "time_ms": 564
}