{
  "sum_of_pairs": 0.7564258584853139,
  "column_score": 0.07748041989061542,
  "time_ms": 691
}