{
  "sum_of_pairs": 0.9039485766758494,
  "column_score": 0.011363636363636364,
  "time_ms": 999
}