{
  "sum_of_pairs": 0.5913246566592143,
  "column_score": 0.0594059405940594,
  "time_ms": 252
}