{
  "sum_of_pairs": 0.9025649960380017,
  "column_score": 0.05429864253393665,
  "time_ms": 920
}