{
  "sum_of_pairs": 0.6711352657004831,
  "column_score": 0.18115942028985507,
  "time_ms": 32
}