{
  "sum_of_pairs": 0.9123528463151105,
  "column_score": 0.3541666666666667,
  "time_ms": 671
}