{
  "sum_of_pairs": 0.8658294584566248,
  "column_score": 0.16556291390728478,
  "time_ms": 498
}