{
  "sum_of_pairs": 0.7357953018330377,
  "column_score": 0.0660377358490566,
  "time_ms": 207
}