{
  "sum_of_pairs": 0.9255471380471381,
  "column_score": 0.11363636363636363,
  "time_ms": 459
}