{
  "sum_of_pairs": 0.9552481511182394,
  "column_score": 0.47685185185185186,
  "time_ms": 5290
}