{
  "sum_of_pairs": 0.9273722069176614,
  "column_score": 0.12878787878787878,
  "time_ms": 1251
}