{
  "sum_of_pairs": 0.9020289116985329,
  "column_score": 0.05429864253393665,
  "time_ms": 2263
}