{
  "sum_of_pairs": 0.8468702453659059,
  "column_score": 0.14207650273224043,
  "time_ms": 834
}