{
  "sum_of_pairs": 0.9533495759910854,
  "column_score": 0.27702702702702703,
  "time_ms": 301
}