{
  "sum_of_pairs": 0.7158804375052183,
  "column_score": 0.1152542372881356,
  "time_ms": 609
}