{
  "sum_of_pairs": 0.7845047501759325,
  "column_score": 0.25892857142857145,
  "time_ms": 98
}