{
  "sum_of_pairs": 0.6741656020440754,
  "column_score": 0.10396039603960396,
  "time_ms": 294
}