{
  "sum_of_pairs": 0.7548483874424087,
  "column_score": 0.09836065573770492,
  "time_ms": 328
}