{
  "sum_of_pairs": 0.9424991028764613,
  "column_score": 0.20945945945945946,
  "time_ms": 580
}