{
  "sum_of_pairs": 0.7513854679802956,
  "column_score": 0.22321428571428573,
  "time_ms": 138
}