{
  "sum_of_pairs": 0.9548632768025979,
  "column_score": 0.47685185185185186,
  "time_ms": 1370
}