{
  "sum_of_pairs": 0.3924103776519842,
  "column_score": 0.010128824476650564,
  "time_ms": 993
}