{
  "sum_of_pairs": 0.4181012475771623,
  "column_score": 0.020892223293921416,
  "time_ms": 529
}