{
  "sum_of_pairs": 0.4354999655116915,
  "column_score": 0.06956521739130435,
  "time_ms": 299
}