{
  "sum_of_pairs": 0.41606695330283033,
  "column_score": 0.02608695652173913,
  "time_ms": 551
}