{
  "sum_of_pairs": 0.7085374650596615,
  "column_score": 0.2777777777777778,
  "time_ms": 2900
}