{
  "sum_of_pairs": 0.6023800456968774,
  "column_score": 0.21782178217821782,
  "time_ms": 394
}