{
  "sum_of_pairs": 0.6485183310841206,
  "column_score": 0.005847953216374269,
  "time_ms": 365
}