{
  "sum_of_pairs": 0.3168723041325456,
  "column_score": 0.10612332465746718,
  "time_ms": 8
}