{
  "sum_of_pairs": 0.37071535022354696,
  "column_score": 0.06557377049180328,
  "time_ms": 11
}