{
  "sum_of_pairs": 0.5283939662821651,
  "column_score": 0.36645962732919257,
  "time_ms": 13
}