{
  "sum_of_pairs": 0.6014903129657228,
  "column_score": 0.323397913561848,
  "time_ms": 26
}