{
  "sum_of_pairs": 0.6719502719502719,
  "column_score": 0.26153846153846155,
  "time_ms": 14
}