{
  "sum_of_pairs": 0.4224054706355591,
  "column_score": 0.17699115044247787,
  "time_ms": 16
}