{
  "sum_of_pairs": 0.47090614303729056,
  "column_score": 0.33921815889029006,
  "time_ms": 19
}