{
  "sum_of_pairs": 0.5664783427495292,
  "column_score": 0.24858757062146894,
  "time_ms": 9
}