{
  "sum_of_pairs": 0.7002487562189055,
  "column_score": 0.5791044776119403,
  "time_ms": 7
}