{
  "sum_of_pairs": 0.14838709677419354,
  "column_score": 0.03024193548387097,
  "time_ms": 7
}