{
  "sum_of_pairs": 0.40672793181345285,
  "column_score": 0.003364950316169828,
  "time_ms": 863
}