{
  "sum_of_pairs": 0.5626623376623376,
  "column_score": 0.022727272727272728,
  "time_ms": 80
}