{
  "sum_of_pairs": 0.42570069401130617,
  "column_score": 0.023148148148148147,
  "time_ms": 4414
}