{
  "sum_of_pairs": 0.46962958012810996,
  "column_score": 0.08796296296296297,
  "time_ms": 2823
}