{
  "sum_of_pairs": 0.23072265187328697,
  "column_score": 0.07622778905512737,
  "time_ms": 12
}