{
  "sum_of_pairs": 0.16693548387096774,
  "column_score": 0.04435483870967742,
  "time_ms": 12
}