{
  "sum_of_pairs": 0.5264143874110153,
  "column_score": 0.10828025477707007,
  "time_ms": 19
}