{
  "sum_of_pairs": 0.5985221674876847,
  "column_score": 0.42857142857142855,
  "time_ms": 13
}