{
  "sum_of_pairs": 0.24324804548685144,
  "column_score": 0.048507462686567165,
  "time_ms": 11
}