{
  "sum_of_pairs": 0.4519900497512438,
  "column_score": 0.2865671641791045,
  "time_ms": 12
}