{
  "sum_of_pairs": 0.48492405420410445,
  "column_score": 0.24334115254307803,
  "time_ms": 15
}