{
  "sum_of_pairs": 0.44305019305019305,
  "column_score": 0.4594594594594595,
  "time_ms": 2
}