{
  "sum_of_pairs": 0.4966467958271237,
  "column_score": 0.22131147540983606,
  "time_ms": 33
}