{
  "sum_of_pairs": 0.43564910468319556,
  "column_score": 0.23011363636363635,
  "time_ms": 49
}