{
  "sum_of_pairs": 0.7011197243755384,
  "column_score": 0.3372093023255814,
  "time_ms": 44
}