{
  "sum_of_pairs": 0.5585687382297552,
  "column_score": 0.3107344632768362,
  "time_ms": 17
}