{
  "sum_of_pairs": 0.7362068965517241,
  "column_score": 0.603448275862069,
  "time_ms": 13
}