{
  "sum_of_pairs": 0.8531468531468531,
  "column_score": 0.6307692307692307,
  "time_ms": 23
}