{
  "sum_of_pairs": 0.3213675213675214,
  "column_score": 0.10256410256410256,
  "time_ms": 1
}