{
  "sum_of_pairs": 0.16310483870967743,
  "column_score": 0.04233870967741935,
  "time_ms": 22
}