{
  "sum_of_pairs": 0.41636779769705395,
  "column_score": 0.1511517322774042,
  "time_ms": 46
}