{
  "sum_of_pairs": 0.61003861003861,
  "column_score": 0.40540540540540543,
  "time_ms": 1
}