{
  "sum_of_pairs": 0.5450980392156862,
  "column_score": 0.3137254901960784,
  "time_ms": 3
}