{
  "sum_of_pairs": 0.6600761715515814,
  "column_score": 0.31892697466467956,
  "time_ms": 141
}