{
  "sum_of_pairs": 0.3930789707187223,
  "column_score": 0.13043478260869565,
  "time_ms": 26
}