{
  "sum_of_pairs": 0.7487562189054726,
  "column_score": 0.6701492537313433,
  "time_ms": 38
}