{
  "sum_of_pairs": 0.6534309375924283,
  "column_score": 0.3002070393374741,
  "time_ms": 69
}