{
  "sum_of_pairs": 0.6827586206896552,
  "column_score": 0.43349753694581283,
  "time_ms": 43
}