{
  "sum_of_pairs": 0.5661016949152542,
  "column_score": 0.15254237288135594,
  "time_ms": 39
}