{
  "sum_of_pairs": 0.7104895104895105,
  "column_score": 0.17435897435897435,
  "time_ms": 91
}