{
  "sum_of_pairs": 0.3508941877794337,
  "column_score": 0.07377049180327869,
  "time_ms": 57
}