{
  "sum_of_pairs": 0.3986175115207373,
  "column_score": 0.12903225806451613,
  "time_ms": 12
}