{
  "sum_of_pairs": 0.5315040650406504,
  "column_score": 0.43902439024390244,
  "time_ms": 5
}