{
  "sum_of_pairs": 0.640625,
  "column_score": 0.6145833333333334,
  "time_ms": 10
}