{
  "sum_of_pairs": 0.44331911869225304,
  "column_score": 0.16044776119402984,
  "time_ms": 43
}