{
  "sum_of_pairs": 0.5842731829573935,
  "column_score": 0.14473684210526316,
  "time_ms": 46
}