{
  "sum_of_pairs": 0.5922986478542034,
  "column_score": 0.29012345679012347,
  "time_ms": 8
}