{
  "sum_of_pairs": 0.36482334869431643,
  "column_score": 0.15668202764976957,
  "time_ms": 2
}