{
  "sum_of_pairs": 0.13285024154589373,
  "column_score": 0.2753623188405797,
  "time_ms": 0
}