{
  "sum_of_pairs": 0.34234858992140543,
  "column_score": 0.07281553398058252,
  "time_ms": 16
}