{
  "sum_of_pairs": 0.4262295081967213,
  "column_score": 0.0605296343001261,
  "time_ms": 88
}