{
  "sum_of_pairs": 0.5496565790388356,
  "column_score": 0.14522833231436977,
  "time_ms": 259
}