{
  "sum_of_pairs": 0.6811650992685475,
  "column_score": 0.1724137931034483,
  "time_ms": 55
}