{
  "sum_of_pairs": 0.5813636363636364,
  "column_score": 0.056818181818181816,
  "time_ms": 86
}