{
  "sum_of_pairs": 0.9728019611740542,
  "column_score": 0.8372093023255814,
  "time_ms": 195
}