{
  "sum_of_pairs": 0.6653169627307558,
  "column_score": 0.3074712643678161,
  "time_ms": 46
}