{
  "sum_of_pairs": 0.7651453004201159,
  "column_score": 0.4968553459119497,
  "time_ms": 244
}