{
  "sum_of_pairs": 0.8216338259441708,
  "column_score": 0.22023809523809523,
  "time_ms": 138
}