{
  "sum_of_pairs": 0.5691358024691358,
  "column_score": 0.3950617283950617,
  "time_ms": 26
}