{
  "sum_of_pairs": 0.7559774964838256,
  "column_score": 0.5126582278481012,
  "time_ms": 24
}