{
  "sum_of_pairs": 0.5899725274725275,
  "column_score": 0.23076923076923078,
  "time_ms": 112
}