{
  "sum_of_pairs": 0.32334307992202727,
  "column_score": 0.1388888888888889,
  "time_ms": 76
}