{
  "sum_of_pairs": 0.6686008392341988,
  "column_score": 0.18699186991869918,
  "time_ms": 141
}