{
  "sum_of_pairs": 0.7146927146927147,
  "column_score": 0.4444444444444444,
  "time_ms": 26
}