{
  "sum_of_pairs": 0.8105646630236795,
  "column_score": 0.4918032786885246,
  "time_ms": 6
}