{
  "sum_of_pairs": 0.8416250674581759,
  "column_score": 0.6032110091743119,
  "time_ms": 152
}