{
  "sum_of_pairs": 0.6389101652259547,
  "column_score": 0.2702702702702703,
  "time_ms": 267
}