{
  "sum_of_pairs": 0.11047487630995541,
  "column_score": 0.02279686998447625,
  "time_ms": 8
}