{
  "sum_of_pairs": 0.33465608465608465,
  "column_score": 0.15555555555555556,
  "time_ms": 12
}