{
  "sum_of_pairs": 0.1479028697571744,
  "column_score": 0.006622516556291391,
  "time_ms": 4
}