{
  "sum_of_pairs": 0.2647058823529412,
  "column_score": 0.11764705882352941,
  "time_ms": 1
}