{
  "sum_of_pairs": 0.24833997343957503,
  "column_score": 0.07569721115537849,
  "time_ms": 5
}