{
  "sum_of_pairs": 0.6271858324517168,
  "column_score": 0.22163544275971625,
  "time_ms": 416
}