{
  "sum_of_pairs": 0.6378149212075063,
  "column_score": 0.22860339544264216,
  "time_ms": 182
}