{
  "sum_of_pairs": 0.8472222222222222,
  "column_score": 0.6140939597315436,
  "time_ms": 24
}