{
  "sum_of_pairs": 0.7917245638412845,
  "column_score": 0.7165354330708661,
  "time_ms": 63
}