{
  "sum_of_pairs": 0.7935258092738408,
  "column_score": 0.7165354330708661,
  "time_ms": 36
}