{
  "sum_of_pairs": 0.7442072958080491,
  "column_score": 0.25925925925925924,
  "time_ms": 879
}