{
  "sum_of_pairs": 0.6889001300766007,
  "column_score": 0.0472972972972973,
  "time_ms": 215
}