{
  "sum_of_pairs": 0.8032611601176156,
  "column_score": 0.4232558139534884,
  "time_ms": 478
}