{
  "sum_of_pairs": 0.8362013295346629,
  "column_score": 0.654320987654321,
  "time_ms": 63
}