{
  "sum_of_pairs": 0.6801801801801802,
  "column_score": 0.0472972972972973,
  "time_ms": 545
}