{
  "sum_of_pairs": 0.8344159544159544,
  "column_score": 0.6419753086419753,
  "time_ms": 124
}