{
  "sum_of_pairs": 0.7256778834029582,
  "column_score": 0.1485148514851485,
  "time_ms": 417
}