{
  "sum_of_pairs": 0.7191210815433703,
  "column_score": 0.1485148514851485,
  "time_ms": 1016
}