{
  "sum_of_pairs": 0.5475782414307004,
  "column_score": 0.10860655737704918,
  "time_ms": 33
}