{
  "sum_of_pairs": 0.5185138362129512,
  "column_score": 0.1415929203539823,
  "time_ms": 341
}