{
  "sum_of_pairs": 0.8755592841163311,
  "column_score": 0.6946308724832215,
  "time_ms": 14
}