{
  "sum_of_pairs": 0.5434426229508197,
  "column_score": 0.10860655737704918,
  "time_ms": 56
}