{
  "sum_of_pairs": 0.529905885658098,
  "column_score": 0.1415929203539823,
  "time_ms": 160
}