{
  "sum_of_pairs": 0.7390249006068215,
  "column_score": 0.25925925925925924,
  "time_ms": 1990
}