{
  "sum_of_pairs": 0.8179310344827586,
  "column_score": 0.4418604651162791,
  "time_ms": 201
}