{
  "sum_of_pairs": 0.5889169573759975,
  "column_score": 0.06748466257668712,
  "time_ms": 139
}