{
  "sum_of_pairs": 0.8018533944189921,
  "column_score": 0.37755102040816324,
  "time_ms": 1158
}