{
  "sum_of_pairs": 0.7588312318709326,
  "column_score": 0.0516752306626884,
  "time_ms": 348
}