{
  "sum_of_pairs": 0.9379082002902758,
  "column_score": 0.1597222222222222,
  "time_ms": 313
}