{
  "sum_of_pairs": 0.9292452300785634,
  "column_score": 0.09583333333333334,
  "time_ms": 714
}