{
  "sum_of_pairs": 0.6241848160452812,
  "column_score": 0.313953488372093,
  "time_ms": 114
}