{
  "sum_of_pairs": 0.931968823942895,
  "column_score": 0.28703703703703703,
  "time_ms": 1603
}