{
  "sum_of_pairs": 0.9487776797961983,
  "column_score": 0.0873015873015873,
  "time_ms": 1300
}