{
  "sum_of_pairs": 0.9195707070707071,
  "column_score": 0.14015151515151514,
  "time_ms": 537
}