{
  "sum_of_pairs": 0.9396849679868547,
  "column_score": 0.17567567567567569,
  "time_ms": 359
}