{
  "sum_of_pairs": 0.9098062953995157,
  "column_score": 0.1016949152542373,
  "time_ms": 96
}