{
  "sum_of_pairs": 0.22408883516623232,
  "column_score": 0.07790834944546804,
  "time_ms": 26
}