{
  "sum_of_pairs": 0.22408883516623235,
  "column_score": 0.07790834944546803,
  "time_ms": 25
}