{
  "sum_of_pairs": 0.49015444819116605,
  "column_score": 0.012738853503184714,
  "time_ms": 34
}