{
  "sum_of_pairs": 0.17237903225806453,
  "column_score": 0.11693548387096774,
  "time_ms": 21
}