{
  "sum_of_pairs": 0.03124645824266821,
  "column_score": 0.0002658160552897395,
  "time_ms": 2
}