{
  "sum_of_pairs": 0.595758749992947,
  "column_score": 0.1735089725404837,
  "time_ms": 221
}