{
  "sum_of_pairs": 0.8013110698824985,
  "column_score": 0.35428571428571426,
  "time_ms": 92
}