{
  "sum_of_pairs": 0.8524806474313863,
  "column_score": 0.19047619047619047,
  "time_ms": 200
}