{
  "sum_of_pairs": 0.5584275342339858,
  "column_score": 0.13709677419354838,
  "time_ms": 207
}