{
  "sum_of_pairs": 0.7826957018917642,
  "column_score": 0.5754716981132075,
  "time_ms": 223
}