{
  "sum_of_pairs": 0.6289184952978056,
  "column_score": 0.49712643678160917,
  "time_ms": 55
}