{
  "sum_of_pairs": 0.8872947239692522,
  "column_score": 0.4270833333333333,
  "time_ms": 875
}