{
  "sum_of_pairs": 0.7526566570684218,
  "column_score": 0.41346153846153844,
  "time_ms": 471
}