{
  "sum_of_pairs": 0.4205020291159211,
  "column_score": 0.06094663558882074,
  "time_ms": 112
}