{
  "sum_of_pairs": 0.4231743666169896,
  "column_score": 0.2192622950819672,
  "time_ms": 38
}