{
  "sum_of_pairs": 0.572054436987323,
  "column_score": 0.016778523489932886,
  "time_ms": 17
}