{
  "sum_of_pairs": 0.5467037208584221,
  "column_score": 0.15748031496062992,
  "time_ms": 33
}