{
  "sum_of_pairs": 0.20822869141250708,
  "column_score": 0.052499144647900564,
  "time_ms": 5
}