{
  "sum_of_pairs": 0.18468834336588874,
  "column_score": 0.03709772231565393,
  "time_ms": 11
}