{
  "sum_of_pairs": 0.3221830985915493,
  "column_score": 0.09859154929577464,
  "time_ms": 41
}