{
  "sum_of_pairs": 0.34416365824308065,
  "column_score": 0.09025270758122744,
  "time_ms": 27
}