{
  "sum_of_pairs": 0.3197278911564626,
  "column_score": 0.1836734693877551,
  "time_ms": 2
}