{
  "sum_of_pairs": 0.4830812751604831,
  "column_score": 0.0891089108910891,
  "time_ms": 69
}