{
  "sum_of_pairs": 0.16993464052287582,
  "column_score": 0.0392156862745098,
  "time_ms": 0
}