{
  "sum_of_pairs": 0.4468984962406015,
  "column_score": 0.18421052631578946,
  "time_ms": 4
}