{
  "sum_of_pairs": 0.31236203090507725,
  "column_score": 0.15894039735099338,
  "time_ms": 1
}