{
  "sum_of_pairs": 0.2773279352226721,
  "column_score": 0.08906882591093117,
  "time_ms": 6
}