{
  "sum_of_pairs": 0.24081632653061225,
  "column_score": 0.17142857142857143,
  "time_ms": 2
}