{
  "sum_of_pairs": 0.2795484727755644,
  "column_score": 0.11155378486055777,
  "time_ms": 6
}