{
  "sum_of_pairs": 0.17687074829931973,
  "column_score": 0.02040816326530612,
  "time_ms": 0
}