{
  "sum_of_pairs": 0.421957671957672,
  "column_score": 0.17037037037037037,
  "time_ms": 6
}