{
  "sum_of_pairs": 0.16339869281045752,
  "column_score": 0.0392156862745098,
  "time_ms": 0
}