{
  "sum_of_pairs": 0.3730445246690734,
  "column_score": 0.12274368231046931,
  "time_ms": 8
}