{
  "sum_of_pairs": 0.3140770252324037,
  "column_score": 0.11952191235059761,
  "time_ms": 1
}