{
  "sum_of_pairs": 0.23232323232323232,
  "column_score": 0.12121212121212122,
  "time_ms": 2
}