{
  "sum_of_pairs": 0.3530907668231612,
  "column_score": 0.11971830985915492,
  "time_ms": 12
}