{
  "sum_of_pairs": 0.32653061224489793,
  "column_score": 0.1836734693877551,
  "time_ms": 1
}