{
  "sum_of_pairs": 0.48594432848703273,
  "column_score": 0.06473372245861658,
  "time_ms": 549
}