{
  "sum_of_pairs": 0.5647437518681168,
  "column_score": 0.21739130434782608,
  "time_ms": 346
}