{
  "sum_of_pairs": 0.5119565477186357,
  "column_score": 0.1511627906976744,
  "time_ms": 1082
}