{
  "sum_of_pairs": 0.740854138551507,
  "column_score": 0.24561403508771928,
  "time_ms": 371
}