{
  "sum_of_pairs": 0.5062127415068591,
  "column_score": 0.10407239819004525,
  "time_ms": 190
}