{
  "sum_of_pairs": 0.7383941539578794,
  "column_score": 0.20588235294117646,
  "time_ms": 629
}