{
  "sum_of_pairs": 0.7778395599771573,
  "column_score": 0.4603174603174603,
  "time_ms": 1580
}