{
  "sum_of_pairs": 0.4914333786514238,
  "column_score": 0.08791208791208792,
  "time_ms": 325
}