{
  "sum_of_pairs": 0.4470793344044664,
  "column_score": 0.06356138062001179,
  "time_ms": 104
}