{
  "sum_of_pairs": 0.4582244697288945,
  "column_score": 0.1504424778761062,
  "time_ms": 101
}