{
  "sum_of_pairs": 0.5943740685543965,
  "column_score": 0.11065573770491803,
  "time_ms": 26
}