{
  "sum_of_pairs": 0.5895535952953755,
  "column_score": 0.29767441860465116,
  "time_ms": 125
}