{
  "sum_of_pairs": 0.5329178676824251,
  "column_score": 0.07294404323149056,
  "time_ms": 621
}