{
  "sum_of_pairs": 0.6405138880628085,
  "column_score": 0.2608695652173913,
  "time_ms": 1498
}