{
  "sum_of_pairs": 0.7842220936957779,
  "column_score": 0.048582995951417005,
  "time_ms": 584
}