{
  "sum_of_pairs": 0.554383464005702,
  "column_score": 0.10434782608695652,
  "time_ms": 390
}