{
  "sum_of_pairs": 0.8058469337661427,
  "column_score": 0.47619047619047616,
  "time_ms": 1765
}