{
  "sum_of_pairs": 0.711698717948718,
  "column_score": 0.19883040935672514,
  "time_ms": 404
}