{
  "sum_of_pairs": 0.3383116883116883,
  "column_score": 0.13636363636363635,
  "time_ms": 35
}