{
  "sum_of_pairs": 0.462955615573986,
  "column_score": 0.13953488372093023,
  "time_ms": 1230
}