{
  "sum_of_pairs": 0.5478109688636005,
  "column_score": 0.2222222222222222,
  "time_ms": 70
}