{
  "sum_of_pairs": 0.5776656511805026,
  "column_score": 0.0594059405940594,
  "time_ms": 413
}