{
  "sum_of_pairs": 0.5837244897959184,
  "column_score": 0.07083333333333333,
  "time_ms": 356
}