{
  "sum_of_pairs": 0.4685476455205123,
  "column_score": 0.002083515458810502,
  "time_ms": 1179
}