{
  "sum_of_pairs": 0.4523837402181761,
  "column_score": 0.04838709677419355,
  "time_ms": 1274
}