{
  "sum_of_pairs": 0.5941469403110675,
  "column_score": 0.037037037037037035,
  "time_ms": 5040
}