{
  "sum_of_pairs": 0.6208705188748536,
  "column_score": 0.011176460763066798,
  "time_ms": 588
}