{
  "sum_of_pairs": 0.6209126871804029,
  "column_score": 0.011176460763066798,
  "time_ms": 257
}