{
  "sum_of_pairs": 0.5664800680447334,
  "column_score": 0.0025125166505902347,
  "time_ms": 476
}