{
  "sum_of_pairs": 0.8876389755165484,
  "column_score": 0.2361111111111111,
  "time_ms": 1170
}