{
  "sum_of_pairs": 0.8730295378022651,
  "column_score": 0.04924242424242424,
  "time_ms": 422
}