{
  "sum_of_pairs": 0.6788427819988311,
  "column_score": 0.17288135593220338,
  "time_ms": 1960
}