{
  "sum_of_pairs": 0.8551338026077401,
  "column_score": 0.05555555555555555,
  "time_ms": 1825
}