{
  "sum_of_pairs": 0.8865994436029186,
  "column_score": 0.2361111111111111,
  "time_ms": 1856
}