{
  "sum_of_pairs": 0.5007132912260726,
  "column_score": 0.02820710564185617,
  "time_ms": 817
}