{
  "sum_of_pairs": 0.6435564435564436,
  "column_score": 0.05714285714285714,
  "time_ms": 173
}