{
  "sum_of_pairs": 0.45989304812834225,
  "column_score": 0.19480519480519481,
  "time_ms": 127
}