{
  "sum_of_pairs": 0.707981893837157,
  "column_score": 0.029239766081871343,
  "time_ms": 540
}