{
  "sum_of_pairs": 0.5264613996455303,
  "column_score": 0.08605589330296219,
  "time_ms": 238
}