{
  "sum_of_pairs": 0.7052856147683734,
  "column_score": 0.4540229885057471,
  "time_ms": 46
}