{
  "sum_of_pairs": 0.44021505376344083,
  "column_score": 0.05161290322580645,
  "time_ms": 38
}