{
  "sum_of_pairs": 0.92602530974624,
  "column_score": 0.4418604651162791,
  "time_ms": 179
}