{
  "sum_of_pairs": 0.614010989010989,
  "column_score": 0.11538461538461539,
  "time_ms": 106
}