{
  "sum_of_pairs": 0.8973063973063973,
  "column_score": 0.42424242424242425,
  "time_ms": 170
}