{
  "sum_of_pairs": 0.6742230527143981,
  "column_score": 0.17073170731707318,
  "time_ms": 137
}