{
  "sum_of_pairs": 0.5943160287987874,
  "column_score": 0.2620689655172414,
  "time_ms": 25
}