{
  "sum_of_pairs": 0.5425971877584781,
  "column_score": 0.06451612903225806,
  "time_ms": 295
}