{
  "sum_of_pairs": 0.7510227272727272,
  "column_score": 0.26136363636363635,
  "time_ms": 91
}