{
  "sum_of_pairs": 0.7700562983814215,
  "column_score": 0.05357142857142857,
  "time_ms": 138
}