{
  "sum_of_pairs": 0.6987317862924987,
  "column_score": 0.08486238532110092,
  "time_ms": 146
}