{
  "sum_of_pairs": 0.6096278618838094,
  "column_score": 0.27044025157232704,
  "time_ms": 228
}