{
  "sum_of_pairs": 0.41490758983019044,
  "column_score": 0.10526315789473684,
  "time_ms": 165
}