{
  "sum_of_pairs": 0.7520463253221874,
  "column_score": 0.3706896551724138,
  "time_ms": 56
}