{
  "sum_of_pairs": 0.7189942410530645,
  "column_score": 0.09134615384615384,
  "time_ms": 467
}