{
  "sum_of_pairs": 0.7531230674087817,
  "column_score": 0.09142857142857143,
  "time_ms": 74
}