{
  "sum_of_pairs": 0.40881250726016966,
  "column_score": 0.02805363338879309,
  "time_ms": 488
}