{
  "sum_of_pairs": 0.1339221988352091,
  "column_score": 0.039766006978612316,
  "time_ms": 14
}