{
  "sum_of_pairs": 0.3603404791929382,
  "column_score": 0.2030264817150063,
  "time_ms": 18
}