{
  "sum_of_pairs": 0.49643980791521775,
  "column_score": 0.2444113263785395,
  "time_ms": 24
}