{
  "sum_of_pairs": 0.3563503891372744,
  "column_score": 0.11177347242921014,
  "time_ms": 87
}