{
  "sum_of_pairs": 0.19270833333333334,
  "column_score": 0.07670454545454546,
  "time_ms": 46
}