{
  "sum_of_pairs": 0.3492063492063492,
  "column_score": 0.2605042016806723,
  "time_ms": 9
}