{
  "sum_of_pairs": 0.16260162601626016,
  "column_score": 0.10365853658536585,
  "time_ms": 4
}