{
  "sum_of_pairs": 0.23882113821138212,
  "column_score": 0.20121951219512196,
  "time_ms": 2
}