{
  "sum_of_pairs": 0.23417366946778712,
  "column_score": 0.15966386554621848,
  "time_ms": 16
}