{
  "sum_of_pairs": 0.4653948535936114,
  "column_score": 0.2484472049689441,
  "time_ms": 13
}