{
  "sum_of_pairs": 0.23130967393262475,
  "column_score": 0.11349306431273644,
  "time_ms": 33
}