{
  "sum_of_pairs": 0.28121227259481285,
  "column_score": 0.012738853503184714,
  "time_ms": 20
}