{
  "sum_of_pairs": 0.16532258064516128,
  "column_score": 0.04435483870967742,
  "time_ms": 8
}