{
  "sum_of_pairs": 0.19377510040160642,
  "column_score": 0.1144578313253012,
  "time_ms": 4
}