{
  "sum_of_pairs": 0.3943609022556391,
  "column_score": 0.11842105263157894,
  "time_ms": 16
}