{
  "sum_of_pairs": 0.4642857142857143,
  "column_score": 0.2857142857142857,
  "time_ms": 21
}