{
  "sum_of_pairs": 0.21457965902410348,
  "column_score": 0.05555555555555555,
  "time_ms": 4
}