{
  "sum_of_pairs": 0.17511520737327188,
  "column_score": 0.05069124423963134,
  "time_ms": 1
}