{
  "sum_of_pairs": 0.3646850044365572,
  "column_score": 0.14078674948240166,
  "time_ms": 22
}