{
  "sum_of_pairs": 0.4682497198530041,
  "column_score": 0.12239586159235229,
  "time_ms": 96
}