{
  "sum_of_pairs": 0.7134506755182856,
  "column_score": 0.10416666666666667,
  "time_ms": 355
}