{
  "sum_of_pairs": 0.569971870604782,
  "column_score": 0.310126582278481,
  "time_ms": 16
}