{
  "sum_of_pairs": 0.6020841903194845,
  "column_score": 0.21153846153846154,
  "time_ms": 205
}