{
  "sum_of_pairs": 0.6825231910946197,
  "column_score": 0.30857142857142855,
  "time_ms": 36
}