{
  "sum_of_pairs": 0.8389436049649217,
  "column_score": 0.6467889908256881,
  "time_ms": 80
}