{
  "sum_of_pairs": 0.7254950170469446,
  "column_score": 0.5203252032520326,
  "time_ms": 85
}