{
  "sum_of_pairs": 0.8136077758719268,
  "column_score": 0.6446540880503144,
  "time_ms": 117
}