{
  "sum_of_pairs": 0.6582796513830996,
  "column_score": 0.3626373626373626,
  "time_ms": 82
}