{
  "sum_of_pairs": 0.5739204545454546,
  "column_score": 0.13636363636363635,
  "time_ms": 50
}