{
  "sum_of_pairs": 0.8915000940528874,
  "column_score": 0.2361111111111111,
  "time_ms": 1226
}