{
  "sum_of_pairs": 0.406853258263682,
  "column_score": 0.03827317532518214,
  "time_ms": 346
}