{
  "sum_of_pairs": 0.6866244411326379,
  "column_score": 0.09631147540983606,
  "time_ms": 91
}