{
  "sum_of_pairs": 0.7903864958056713,
  "column_score": 0.3858267716535433,
  "time_ms": 52
}