{
  "sum_of_pairs": 0.538382521944036,
  "column_score": 0.14234951064955434,
  "time_ms": 166
}