{
  "sum_of_pairs": 0.5384829025205652,
  "column_score": 0.1583588660250359,
  "time_ms": 523
}