{
  "sum_of_pairs": 0.5218575579809845,
  "column_score": 0.12348858741647419,
  "time_ms": 290
}