{
  "sum_of_pairs": 0.74748322147651,
  "column_score": 0.36577181208053694,
  "time_ms": 67
}