{
  "sum_of_pairs": 0.8194708994708995,
  "column_score": 0.09333333333333334,
  "time_ms": 103
}