{
  "sum_of_pairs": 0.7040996458449832,
  "column_score": 0.27722772277227725,
  "time_ms": 1042
}