{
  "sum_of_pairs": 0.7509329056402032,
  "column_score": 0.42790697674418604,
  "time_ms": 644
}