{
  "sum_of_pairs": 0.7233407904548844,
  "column_score": 0.37583892617449666,
  "time_ms": 12
}