{
  "sum_of_pairs": 0.8191181657848324,
  "column_score": 0.09333333333333334,
  "time_ms": 179
}