{
  "sum_of_pairs": 0.7629403902699813,
  "column_score": 0.4372093023255814,
  "time_ms": 173
}