{
  "sum_of_pairs": 0.7365549894498482,
  "column_score": 0.15748031496062992,
  "time_ms": 85
}