{
  "sum_of_pairs": 0.4316131360519668,
  "column_score": 0.15337423312883436,
  "time_ms": 185
}