{
  "sum_of_pairs": 0.8102184235517569,
  "column_score": 0.4567901234567901,
  "time_ms": 93
}