{
  "sum_of_pairs": 0.8326305792972459,
  "column_score": 0.5802469135802469,
  "time_ms": 52
}