{
  "sum_of_pairs": 0.6982445752880936,
  "column_score": 0.27722772277227725,
  "time_ms": 1013
}