{
  "sum_of_pairs": 0.3968483098760977,
  "column_score": 0.147239263803681,
  "time_ms": 49
}