{
  "sum_of_pairs": 0.37022334496170656,
  "column_score": 0.1165644171779141,
  "time_ms": 88
}