{
  "sum_of_pairs": 0.6745898583146905,
  "column_score": 0.28859060402684567,
  "time_ms": 28
}