{
  "sum_of_pairs": 0.729041222788328,
  "column_score": 0.15748031496062992,
  "time_ms": 49
}