{
  "sum_of_pairs": 0.7063693080271483,
  "column_score": 0.27722772277227725,
  "time_ms": 329
}