{
  "sum_of_pairs": 0.793107302533532,
  "column_score": 0.20901639344262296,
  "time_ms": 35
}