{
  "sum_of_pairs": 0.42599943863025785,
  "column_score": 0.147239263803681,
  "time_ms": 171
}