{
  "sum_of_pairs": 0.7356929955290611,
  "column_score": 0.18237704918032788,
  "time_ms": 66
}