{
  "sum_of_pairs": 0.698913412935978,
  "column_score": 0.25742574257425743,
  "time_ms": 602
}