{
  "sum_of_pairs": 0.6963859910581222,
  "column_score": 0.1864754098360656,
  "time_ms": 79
}