{
  "sum_of_pairs": 0.6866895462004774,
  "column_score": 0.2556870330288758,
  "time_ms": 1674
}