{
  "sum_of_pairs": 0.6945441139960378,
  "column_score": 0.25117428555310567,
  "time_ms": 739
}