{
  "sum_of_pairs": 0.6803168039554716,
  "column_score": 0.20084052068048683,
  "time_ms": 1394
}