{
  "sum_of_pairs": 0.68670202842534,
  "column_score": 0.25568703302887585,
  "time_ms": 1981
}