{
  "sum_of_pairs": 0.8300298020692758,
  "column_score": 0.4269005847953216,
  "time_ms": 470
}