{
  "sum_of_pairs": 0.8251715024741341,
  "column_score": 0.4269005847953216,
  "time_ms": 1169
}