{
  "sum_of_pairs": 0.6315233785822021,
  "column_score": 0.23529411764705882,
  "time_ms": 405
}