{
  "sum_of_pairs": 0.4662337662337662,
  "column_score": 0.36363636363636365,
  "time_ms": 134
}