{
  "sum_of_pairs": 0.7143115446380777,
  "column_score": 0.26956521739130435,
  "time_ms": 2956
}