{
  "sum_of_pairs": 0.6344035049917403,
  "column_score": 0.23529411764705882,
  "time_ms": 235
}