{
  "sum_of_pairs": 0.7228163992869875,
  "column_score": 0.09090909090909091,
  "time_ms": 49
}