{
  "sum_of_pairs": 0.7260606060606061,
  "column_score": 0.17142857142857143,
  "time_ms": 405
}