{
  "sum_of_pairs": 0.7185797786344982,
  "column_score": 0.23529411764705882,
  "time_ms": 106
}