{
  "sum_of_pairs": 0.5656414103525882,
  "column_score": 0.15891472868217055,
  "time_ms": 186
}