{
  "sum_of_pairs": 0.31746031746031744,
  "column_score": 0.08571428571428572,
  "time_ms": 18
}