{
  "sum_of_pairs": 0.6532672865030235,
  "column_score": 0.16279069767441862,
  "time_ms": 2935
}