{
  "sum_of_pairs": 0.7730243612596553,
  "column_score": 0.20454545454545456,
  "time_ms": 39
}