{
  "sum_of_pairs": 0.6054321618231393,
  "column_score": 0.07692307692307693,
  "time_ms": 998
}