{
  "sum_of_pairs": 0.7178492832926902,
  "column_score": 0.3391304347826087,
  "time_ms": 1643
}