{
  "sum_of_pairs": 0.6644442901127393,
  "column_score": 0.2857142857142857,
  "time_ms": 91
}