{
  "sum_of_pairs": 0.793312925170068,
  "column_score": 0.45416666666666666,
  "time_ms": 1067
}