{
  "sum_of_pairs": 0.9156847718491554,
  "column_score": 0.6643835616438356,
  "time_ms": 1112
}