{
  "sum_of_pairs": 0.6505775864064635,
  "column_score": 0.19480519480519481,
  "time_ms": 188
}