{
  "sum_of_pairs": 0.8673849458811865,
  "column_score": 0.15789473684210525,
  "time_ms": 1252
}