{
  "sum_of_pairs": 0.6770011233538087,
  "column_score": 0.16279069767441862,
  "time_ms": 6943
}