{
  "sum_of_pairs": 0.9323438634713145,
  "column_score": 0.4117647058823529,
  "time_ms": 2183
}