{
  "sum_of_pairs": 0.7547846889952153,
  "column_score": 0.22727272727272727,
  "time_ms": 52
}