{
  "sum_of_pairs": 0.7764467845400409,
  "column_score": 0.391304347826087,
  "time_ms": 908
}