{
  "sum_of_pairs": 0.9322258533042846,
  "column_score": 0.4117647058823529,
  "time_ms": 947
}