{
  "sum_of_pairs": 0.9282679738562092,
  "column_score": 0.39705882352941174,
  "time_ms": 1834
}