{
  "sum_of_pairs": 0.8252614709851552,
  "column_score": 0.36257309941520466,
  "time_ms": 883
}