{
  "sum_of_pairs": 0.7256476856476857,
  "column_score": 0.17142857142857143,
  "time_ms": 270
}