{
  "sum_of_pairs": 0.8799570354457572,
  "column_score": 0.19838056680161945,
  "time_ms": 2848
}