{
  "sum_of_pairs": 0.6880382775119617,
  "column_score": 0.09090909090909091,
  "time_ms": 20
}