{
  "sum_of_pairs": 0.823773790321234,
  "column_score": 0.5317460317460317,
  "time_ms": 8553
}