{
  "sum_of_pairs": 0.9058795086192346,
  "column_score": 0.6575342465753424,
  "time_ms": 2875
}