{
  "sum_of_pairs": 0.8193981077949098,
  "column_score": 0.4642857142857143,
  "time_ms": 4201
}