{
  "sum_of_pairs": 0.781578947368421,
  "column_score": 0.22727272727272727,
  "time_ms": 8
}