{
  "sum_of_pairs": 0.8472883654707695,
  "column_score": 0.21359223300970873,
  "time_ms": 3896
}