{
  "sum_of_pairs": 0.823590113512268,
  "column_score": 0.5317460317460317,
  "time_ms": 2150
}