{
  "sum_of_pairs": 0.5498874718679669,
  "column_score": 0.13565891472868216,
  "time_ms": 261
}