{
  "sum_of_pairs": 0.49354617775670406,
  "column_score": 0.18518518518518517,
  "time_ms": 153
}