{
  "sum_of_pairs": 0.6355311355311355,
  "column_score": 0.23529411764705882,
  "time_ms": 1027
}