{
  "sum_of_pairs": 0.7533733133433284,
  "column_score": 0.07692307692307693,
  "time_ms": 5256
}