{
  "sum_of_pairs": 0.9098641084942455,
  "column_score": 0.4726027397260274,
  "time_ms": 1999
}