{
  "sum_of_pairs": 0.7331302076856112,
  "column_score": 0.36470588235294116,
  "time_ms": 255
}