{
  "sum_of_pairs": 0.6125340824588945,
  "column_score": 0.08791208791208792,
  "time_ms": 1531
}