{
  "sum_of_pairs": 0.8511025124888,
  "column_score": 0.2621359223300971,
  "time_ms": 10472
}