{
  "sum_of_pairs": 0.7823163265306122,
  "column_score": 0.3458333333333333,
  "time_ms": 834
}