{
  "sum_of_pairs": 0.7198405995360733,
  "column_score": 0.3652173913043478,
  "time_ms": 4193
}