{
  "sum_of_pairs": 0.6409892879647133,
  "column_score": 0.2391304347826087,
  "time_ms": 56
}