{
  "sum_of_pairs": 0.9059707415871799,
  "column_score": 0.6575342465753424,
  "time_ms": 2486
}