{
  "sum_of_pairs": 0.877765843179377,
  "column_score": 0.19838056680161945,
  "time_ms": 654
}