{
  "sum_of_pairs": 0.6584191782786395,
  "column_score": 0.16279069767441862,
  "time_ms": 1519
}