{
  "sum_of_pairs": 0.36107979435086635,
  "column_score": 0.04252101039929984,
  "time_ms": 184
}