{
  "sum_of_pairs": 0.32056301267710663,
  "column_score": 0.026845637583892617,
  "time_ms": 16
}