{
  "sum_of_pairs": 0.4747607591553061,
  "column_score": 0.21395348837209302,
  "time_ms": 582
}