{
  "sum_of_pairs": 0.4224431970061481,
  "column_score": 0.16744186046511628,
  "time_ms": 222
}