{
  "sum_of_pairs": 0.4794709388971684,
  "column_score": 0.045081967213114756,
  "time_ms": 71
}