{
  "sum_of_pairs": 0.4033370618941089,
  "column_score": 0.0738255033557047,
  "time_ms": 11
}