{
  "sum_of_pairs": 0.5539601139601139,
  "column_score": 0.2839506172839506,
  "time_ms": 36
}