{
  "sum_of_pairs": 0.494320987654321,
  "column_score": 0.1111111111111111,
  "time_ms": 69
}