{
  "sum_of_pairs": 0.25544720797661274,
  "column_score": 0.08165946924279481,
  "time_ms": 24
}