{
  "sum_of_pairs": 0.25544720797661263,
  "column_score": 0.08165946924279482,
  "time_ms": 31
}