{
  "sum_of_pairs": 0.384070796460177,
  "column_score": 0.16150442477876106,
  "time_ms": 79
}