{
  "sum_of_pairs": 0.18729838709677418,
  "column_score": 0.10080645161290322,
  "time_ms": 35
}