{
  "sum_of_pairs": 0.23425022182786157,
  "column_score": 0.14906832298136646,
  "time_ms": 19
}