{
  "sum_of_pairs": 0.6034535103734058,
  "column_score": 0.1558584483807463,
  "time_ms": 144
}