{
  "sum_of_pairs": 0.7563068181818182,
  "column_score": 0.14204545454545456,
  "time_ms": 71
}