{
  "sum_of_pairs": 0.8574644403215832,
  "column_score": 0.5142857142857142,
  "time_ms": 49
}