{
  "sum_of_pairs": 0.709563994374121,
  "column_score": 0.5253164556962026,
  "time_ms": 19
}