{
  "sum_of_pairs": 0.709814323607427,
  "column_score": 0.4689655172413793,
  "time_ms": 37
}