{
  "sum_of_pairs": 0.8804907151912894,
  "column_score": 0.6949685534591195,
  "time_ms": 146
}