{
  "sum_of_pairs": 0.7878136200716845,
  "column_score": 0.0967741935483871,
  "time_ms": 81
}