{
  "sum_of_pairs": 0.712037037037037,
  "column_score": 0.26666666666666666,
  "time_ms": 11
}