{
  "sum_of_pairs": 0.825136612021858,
  "column_score": 0.5901639344262295,
  "time_ms": 4
}