{
  "sum_of_pairs": 0.7079414838035528,
  "column_score": 0.46264367816091956,
  "time_ms": 37
}