{
  "sum_of_pairs": 0.8684734214786832,
  "column_score": 0.6490825688073395,
  "time_ms": 94
}