{
  "sum_of_pairs": 0.6363329342052746,
  "column_score": 0.23404255319148937,
  "time_ms": 59
}