{
  "sum_of_pairs": 0.9923805737759226,
  "column_score": 0.9186046511627907,
  "time_ms": 123
}