{
  "sum_of_pairs": 0.7907576823832981,
  "column_score": 0.10714285714285714,
  "time_ms": 122
}