{
  "sum_of_pairs": 0.6162007168458782,
  "column_score": 0.07741935483870968,
  "time_ms": 31
}