{
  "sum_of_pairs": 0.5831275720164609,
  "column_score": 0.4876543209876543,
  "time_ms": 22
}