{
  "sum_of_pairs": 0.48401557323597866,
  "column_score": 0.24334115254307803,
  "time_ms": 30
}