{
  "sum_of_pairs": 0.43831783746556474,
  "column_score": 0.23011363636363635,
  "time_ms": 95
}