{
  "sum_of_pairs": 0.7685774946921444,
  "column_score": 0.27388535031847133,
  "time_ms": 47
}