{
  "sum_of_pairs": 0.6169032830523514,
  "column_score": 0.5093167701863354,
  "time_ms": 37
}