{
  "sum_of_pairs": 0.668859649122807,
  "column_score": 0.23684210526315788,
  "time_ms": 36
}