{
  "sum_of_pairs": 0.8523698523698524,
  "column_score": 0.6307692307692307,
  "time_ms": 41
}