{
  "sum_of_pairs": 0.6988338965083151,
  "column_score": 0.3372093023255814,
  "time_ms": 183
}