{
  "sum_of_pairs": 0.16108870967741937,
  "column_score": 0.04233870967741935,
  "time_ms": 24
}