{
  "sum_of_pairs": 0.55603378921963,
  "column_score": 0.2721238938053097,
  "time_ms": 54
}