{
  "sum_of_pairs": 0.48561847988077494,
  "column_score": 0.22131147540983606,
  "time_ms": 48
}