{
  "sum_of_pairs": 0.5794573643410853,
  "column_score": 0.3953488372093023,
  "time_ms": 4
}