{
  "sum_of_pairs": 0.688352646793642,
  "column_score": 0.27406918669892005,
  "time_ms": 1404
}