{
  "sum_of_pairs": 0.6850650093466787,
  "column_score": 0.2585627306120373,
  "time_ms": 2272
}