{
  "sum_of_pairs": 0.711836292406435,
  "column_score": 0.313953488372093,
  "time_ms": 271
}