{
  "sum_of_pairs": 0.8939449265400807,
  "column_score": 0.5436893203883495,
  "time_ms": 5801
}