{
  "sum_of_pairs": 0.7170437405731523,
  "column_score": 0.37104072398190047,
  "time_ms": 728
}