{
  "sum_of_pairs": 0.6381808278867103,
  "column_score": 0.3088235294117647,
  "time_ms": 1638
}