{
  "sum_of_pairs": 0.8351294744859101,
  "column_score": 0.49504950495049505,
  "time_ms": 2021
}