{
  "sum_of_pairs": 0.73137669444099,
  "column_score": 0.4117647058823529,
  "time_ms": 250
}