{
  "sum_of_pairs": 0.7082353921813787,
  "column_score": 0.313953488372093,
  "time_ms": 487
}