{
  "sum_of_pairs": 0.8162638819464064,
  "column_score": 0.05319148936170213,
  "time_ms": 2598
}