{
  "sum_of_pairs": 0.7065305461027386,
  "column_score": 0.4675324675324675,
  "time_ms": 159
}