{
  "sum_of_pairs": 0.5553705872511293,
  "column_score": 0.16279069767441862,
  "time_ms": 2088
}