{
  "sum_of_pairs": 0.7216783216783217,
  "column_score": 0.17142857142857143,
  "time_ms": 278
}