{
  "sum_of_pairs": 0.8939393939393939,
  "column_score": 0.5136986301369864,
  "time_ms": 1717
}