{
  "sum_of_pairs": 0.5547539377136165,
  "column_score": 0.16279069767441862,
  "time_ms": 3884
}