{
  "sum_of_pairs": 0.7343158669211137,
  "column_score": 0.4608695652173913,
  "time_ms": 1224
}