{
  "sum_of_pairs": 0.8228946463219554,
  "column_score": 0.5238095238095238,
  "time_ms": 4839
}