{
  "sum_of_pairs": 0.8221649484536082,
  "column_score": 0.5079365079365079,
  "time_ms": 4913
}