{
  "sum_of_pairs": 0.8847789804180781,
  "column_score": 0.2793522267206478,
  "time_ms": 2373
}