{
  "sum_of_pairs": 0.7697480929864738,
  "column_score": 0.3076923076923077,
  "time_ms": 8988
}