{
  "sum_of_pairs": 0.6835758044370428,
  "column_score": 0.33043478260869563,
  "time_ms": 6090
}