{
  "sum_of_pairs": 0.6370279593318809,
  "column_score": 0.3088235294117647,
  "time_ms": 3076
}