{
  "sum_of_pairs": 0.7034747783410885,
  "column_score": 0.45454545454545453,
  "time_ms": 305
}