{
  "sum_of_pairs": 0.8871883004213831,
  "column_score": 0.31983805668016196,
  "time_ms": 1221
}