{
  "sum_of_pairs": 0.8373762376237623,
  "column_score": 0.504950495049505,
  "time_ms": 998
}