{
  "sum_of_pairs": 0.7180349062702004,
  "column_score": 0.3755656108597285,
  "time_ms": 416
}