{
  "sum_of_pairs": 0.7085546032914454,
  "column_score": 0.14285714285714285,
  "time_ms": 850
}