{
  "sum_of_pairs": 0.9180414979757086,
  "column_score": 0.7017543859649122,
  "time_ms": 866
}