{
  "sum_of_pairs": 0.69058229352347,
  "column_score": 0.3409090909090909,
  "time_ms": 31
}