{
  "sum_of_pairs": 0.8934125415781915,
  "column_score": 0.5145631067961165,
  "time_ms": 7866
}