{
  "sum_of_pairs": 0.7679341668849506,
  "column_score": 0.3979581024739429,
  "time_ms": 364
}