{
  "sum_of_pairs": 0.7664411306406679,
  "column_score": 0.37763031563223676,
  "time_ms": 353
}