{
  "sum_of_pairs": 0.7751039326500252,
  "column_score": 0.3991338847659357,
  "time_ms": 185
}