{
  "sum_of_pairs": 0.8811475409836066,
  "column_score": 0.6721311475409836,
  "time_ms": 4
}