{
  "sum_of_pairs": 0.9112343896188423,
  "column_score": 0.36538461538461536,
  "time_ms": 2255
}