{
  "sum_of_pairs": 0.8105625217694183,
  "column_score": 0.5431034482758621,
  "time_ms": 40
}