{
  "sum_of_pairs": 0.7613168724279835,
  "column_score": 0.6728395061728395,
  "time_ms": 17
}