{
  "sum_of_pairs": 0.7966300940438872,
  "column_score": 0.6695402298850575,
  "time_ms": 32
}