{
  "sum_of_pairs": 0.8583333333333333,
  "column_score": 0.6136363636363636,
  "time_ms": 124
}