{
  "sum_of_pairs": 0.8600227358848048,
  "column_score": 0.5724137931034483,
  "time_ms": 48
}