{
  "sum_of_pairs": 0.7500919033177098,
  "column_score": 0.43548387096774194,
  "time_ms": 470
}