{
  "sum_of_pairs": 0.6979928315412186,
  "column_score": 0.18064516129032257,
  "time_ms": 76
}