{
  "sum_of_pairs": 0.7591860330674066,
  "column_score": 0.17204301075268819,
  "time_ms": 92
}