{
  "sum_of_pairs": 0.8623315219059899,
  "column_score": 0.5602836879432624,
  "time_ms": 62
}