{
  "sum_of_pairs": 0.8902614626752557,
  "column_score": 0.16483516483516483,
  "time_ms": 131
}