{
  "sum_of_pairs": 0.7981481481481482,
  "column_score": 0.5333333333333333,
  "time_ms": 16
}