{
  "sum_of_pairs": 0.69024412884062,
  "column_score": 0.40476190476190477,
  "time_ms": 67
}