{
  "sum_of_pairs": 0.9136703993524015,
  "column_score": 0.7660550458715596,
  "time_ms": 203
}