{
  "sum_of_pairs": 0.8874321081217633,
  "column_score": 0.15384615384615385,
  "time_ms": 309
}