{
  "sum_of_pairs": 0.7699588477366255,
  "column_score": 0.6728395061728395,
  "time_ms": 32
}