{
  "sum_of_pairs": 0.8451690153817814,
  "column_score": 0.5177304964539007,
  "time_ms": 130
}