{
  "sum_of_pairs": 0.55296183106834,
  "column_score": 0.1834319526627219,
  "time_ms": 51
}