{
  "sum_of_pairs": 0.8588727858293076,
  "column_score": 0.23333333333333334,
  "time_ms": 357
}