{
  "sum_of_pairs": 0.8605797101449275,
  "column_score": 0.23333333333333334,
  "time_ms": 148
}