{
  "sum_of_pairs": 0.939537884119165,
  "column_score": 0.5833333333333334,
  "time_ms": 203
}