{
  "sum_of_pairs": 0.5942028985507246,
  "column_score": 0.36363636363636365,
  "time_ms": 79
}