{
  "sum_of_pairs": 0.8627053140096619,
  "column_score": 0.23333333333333334,
  "time_ms": 311
}