{
  "sum_of_pairs": 0.744566792234135,
  "column_score": 0.4411764705882353,
  "time_ms": 304
}