{
  "sum_of_pairs": 0.7813484562066793,
  "column_score": 0.5652173913043478,
  "time_ms": 26
}