{
  "sum_of_pairs": 0.6468486029889539,
  "column_score": 0.3958333333333333,
  "time_ms": 137
}