{
  "sum_of_pairs": 0.7325949367088608,
  "column_score": 0.5063291139240507,
  "time_ms": 36
}