{
  "sum_of_pairs": 0.8944365724513387,
  "column_score": 0.7421383647798742,
  "time_ms": 181
}