{
  "sum_of_pairs": 0.757554945054945,
  "column_score": 0.4519230769230769,
  "time_ms": 132
}