{
  "sum_of_pairs": 0.6650941996736389,
  "column_score": 0.38317757009345793,
  "time_ms": 295
}