{
  "sum_of_pairs": 0.8009839777081157,
  "column_score": 0.5172413793103449,
  "time_ms": 67
}