{
  "sum_of_pairs": 0.6839784646802191,
  "column_score": 0.38095238095238093,
  "time_ms": 188
}