{
  "sum_of_pairs": 0.8900915261209379,
  "column_score": 0.5144230769230769,
  "time_ms": 364
}