{
  "sum_of_pairs": 0.8131868131868132,
  "column_score": 0.5192307692307693,
  "time_ms": 146
}