{
  "sum_of_pairs": 0.6637442515947188,
  "column_score": 0.38317757009345793,
  "time_ms": 535
}