{
  "sum_of_pairs": 0.7030921459492888,
  "column_score": 0.30612244897959184,
  "time_ms": 49
}