{
  "sum_of_pairs": 0.5768255413225828,
  "column_score": 0.1834319526627219,
  "time_ms": 26
}