{
  "sum_of_pairs": 0.8485958485958486,
  "column_score": 0.5555555555555556,
  "time_ms": 29
}