{
  "sum_of_pairs": 0.7476008787143023,
  "column_score": 0.17204301075268819,
  "time_ms": 172
}