{
  "sum_of_pairs": 0.8928009441384737,
  "column_score": 0.6178861788617886,
  "time_ms": 276
}