{
  "sum_of_pairs": 0.774074074074074,
  "column_score": 0.5166666666666667,
  "time_ms": 20
}