{
  "sum_of_pairs": 0.6012696131273206,
  "column_score": 0.36363636363636365,
  "time_ms": 33
}