{
  "sum_of_pairs": 0.9283398349163274,
  "column_score": 0.496875,
  "time_ms": 1349
}