{
  "sum_of_pairs": 0.7668429440741814,
  "column_score": 0.45588235294117646,
  "time_ms": 269
}