{
  "sum_of_pairs": 0.7266542980828695,
  "column_score": 0.39183673469387753,
  "time_ms": 59
}