{
  "sum_of_pairs": 0.890098689934621,
  "column_score": 0.7295597484276729,
  "time_ms": 344
}