{
  "sum_of_pairs": 0.7430074162100306,
  "column_score": 0.012345679012345678,
  "time_ms": 474
}