{
  "sum_of_pairs": 0.7767800882167611,
  "column_score": 0.5652173913043478,
  "time_ms": 44
}