{
  "sum_of_pairs": 0.8169627307558343,
  "column_score": 0.6408045977011494,
  "time_ms": 85
}