{
  "sum_of_pairs": 0.9057019171304885,
  "column_score": 0.6857142857142857,
  "time_ms": 52
}