{
  "sum_of_pairs": 0.8806366047745358,
  "column_score": 0.6758620689655173,
  "time_ms": 37
}