{
  "sum_of_pairs": 0.6480669265756985,
  "column_score": 0.3958333333333333,
  "time_ms": 129
}