{
  "sum_of_pairs": 0.5856687691007217,
  "column_score": 0.2485207100591716,
  "time_ms": 59
}