{
  "sum_of_pairs": 0.9508562045507858,
  "column_score": 0.6666666666666666,
  "time_ms": 255
}