{
  "sum_of_pairs": 0.8649242424242424,
  "column_score": 0.6136363636363636,
  "time_ms": 156
}