{
  "sum_of_pairs": 0.9023563031363138,
  "column_score": 0.36538461538461536,
  "time_ms": 2390
}