{
  "sum_of_pairs": 0.6780645161290323,
  "column_score": 0.19032258064516128,
  "time_ms": 26
}