{
  "sum_of_pairs": 0.7218106995884773,
  "column_score": 0.5555555555555556,
  "time_ms": 48
}