{
  "sum_of_pairs": 0.91940434430653,
  "column_score": 0.7752293577981652,
  "time_ms": 108
}