{
  "sum_of_pairs": 0.904860853432282,
  "column_score": 0.6857142857142857,
  "time_ms": 108
}