{
  "sum_of_pairs": 0.788425925925926,
  "column_score": 0.5333333333333333,
  "time_ms": 8
}