{
  "sum_of_pairs": 0.7925457102672293,
  "column_score": 0.4810126582278481,
  "time_ms": 16
}