{
  "sum_of_pairs": 0.8857723159193748,
  "column_score": 0.4855769230769231,
  "time_ms": 807
}