{
  "sum_of_pairs": 0.9913419913419913,
  "column_score": 0.8787878787878788,
  "time_ms": 120
}