{
  "sum_of_pairs": 0.7980345248147106,
  "column_score": 0.2631578947368421,
  "time_ms": 314
}