{
  "sum_of_pairs": 0.7856147683733891,
  "column_score": 0.6293103448275862,
  "time_ms": 69
}