{
  "sum_of_pairs": 0.8007083216061545,
  "column_score": 0.2894736842105263,
  "time_ms": 131
}