{
  "sum_of_pairs": 0.6543615984405458,
  "column_score": 0.3958333333333333,
  "time_ms": 62
}