{
  "sum_of_pairs": 0.7740779280841715,
  "column_score": 0.16129032258064516,
  "time_ms": 192
}