{
  "sum_of_pairs": 0.8595848595848596,
  "column_score": 0.5925925925925926,
  "time_ms": 18
}