{
  "sum_of_pairs": 0.819216757741348,
  "column_score": 0.5081967213114754,
  "time_ms": 8
}