{
  "sum_of_pairs": 0.9050665093763983,
  "column_score": 0.36538461538461536,
  "time_ms": 1538
}