{
  "sum_of_pairs": 0.8522919161217034,
  "column_score": 0.46808510638297873,
  "time_ms": 122
}