{
  "sum_of_pairs": 0.8152218152218152,
  "column_score": 0.5925925925925926,
  "time_ms": 34
}