{
  "sum_of_pairs": 0.7126159554730983,
  "column_score": 0.35918367346938773,
  "time_ms": 26
}