{
  "sum_of_pairs": 0.7624988512085287,
  "column_score": 0.5483870967741935,
  "time_ms": 425
}