{
  "sum_of_pairs": 0.8998886827458256,
  "column_score": 0.6857142857142857,
  "time_ms": 98
}