{
  "sum_of_pairs": 0.9280189959294437,
  "column_score": 0.484375,
  "time_ms": 2838
}