{
  "sum_of_pairs": 0.7851043367668031,
  "column_score": 0.09582723769432741,
  "time_ms": 1099
}