{
  "sum_of_pairs": 0.7850492640252273,
  "column_score": 0.09582723769432744,
  "time_ms": 950
}