{
  "sum_of_pairs": 0.7552455803222222,
  "column_score": 0.06742016436031624,
  "time_ms": 686
}