{
  "sum_of_pairs": 0.7850492640252271,
  "column_score": 0.09582723769432741,
  "time_ms": 1479
}