{
  "sum_of_pairs": 0.9113091759205143,
  "column_score": 0.17796610169491525,
  "time_ms": 217
}