{
  "sum_of_pairs": 0.9569664003626268,
  "column_score": 0.4864864864864865,
  "time_ms": 342
}