{
  "sum_of_pairs": 0.9645210232954151,
  "column_score": 0.4305555555555556,
  "time_ms": 1623
}