{
  "sum_of_pairs": 0.8974459764554105,
  "column_score": 0.05555555555555555,
  "time_ms": 691
}