{
  "sum_of_pairs": 0.6587485119918818,
  "column_score": 0.008064516129032258,
  "time_ms": 354
}