{
  "sum_of_pairs": 0.9594570178304473,
  "column_score": 0.33796296296296297,
  "time_ms": 2085
}