{
  "sum_of_pairs": 0.7228720855956563,
  "column_score": 0.0049504950495049506,
  "time_ms": 167
}