{
  "sum_of_pairs": 0.8523926812104152,
  "column_score": 0.36607142857142855,
  "time_ms": 95
}