{
  "sum_of_pairs": 0.7816537467700259,
  "column_score": 0.37209302325581395,
  "time_ms": 112
}