{
  "sum_of_pairs": 0.7756244616709733,
  "column_score": 0.37209302325581395,
  "time_ms": 227
}