{
  "sum_of_pairs": 0.9265768799102132,
  "column_score": 0.20416666666666666,
  "time_ms": 3126
}