{
  "sum_of_pairs": 0.9549030162237709,
  "column_score": 0.3918918918918919,
  "time_ms": 1092
}