{
  "sum_of_pairs": 0.9248717948717948,
  "column_score": 0.36666666666666664,
  "time_ms": 717
}