{
  "sum_of_pairs": 0.9681309216192937,
  "column_score": 0.4305555555555556,
  "time_ms": 3008
}