{
  "sum_of_pairs": 0.9240646669891953,
  "column_score": 0.13194444444444445,
  "time_ms": 298
}