{
  "sum_of_pairs": 0.7992151623945897,
  "column_score": 0.16271186440677965,
  "time_ms": 797
}