{
  "sum_of_pairs": 0.9221036118763392,
  "column_score": 0.10984848484848485,
  "time_ms": 1069
}