{
  "sum_of_pairs": 0.7055553337591823,
  "column_score": 0.12376237623762376,
  "time_ms": 874
}