{
  "sum_of_pairs": 0.9331611570247934,
  "column_score": 0.15151515151515152,
  "time_ms": 1934
}