{
  "sum_of_pairs": 0.7503691399040237,
  "column_score": 0.26744186046511625,
  "time_ms": 199
}