{
  "sum_of_pairs": 0.7984303247891793,
  "column_score": 0.16271186440677965,
  "time_ms": 378
}