{
  "sum_of_pairs": 0.9107897703254897,
  "column_score": 0.2119205298013245,
  "time_ms": 747
}