{
  "sum_of_pairs": 0.8507213230119635,
  "column_score": 0.22321428571428573,
  "time_ms": 617
}