{
  "sum_of_pairs": 0.905084175084175,
  "column_score": 0.09166666666666666,
  "time_ms": 1791
}