{
  "sum_of_pairs": 0.7667111964598814,
  "column_score": 0.12542372881355932,
  "time_ms": 842
}