{
  "sum_of_pairs": 0.6939613526570049,
  "column_score": 0.16666666666666666,
  "time_ms": 51
}