{
  "sum_of_pairs": 0.9331802877257422,
  "column_score": 0.15151515151515152,
  "time_ms": 529
}