{
  "sum_of_pairs": 0.7653985507246377,
  "column_score": 0.3695652173913043,
  "time_ms": 76
}