{
  "sum_of_pairs": 0.6437952500829381,
  "column_score": 0.008064516129032258,
  "time_ms": 643
}