{
  "sum_of_pairs": 0.9215909090909091,
  "column_score": 0.12083333333333333,
  "time_ms": 697
}