{
  "sum_of_pairs": 0.7661231884057971,
  "column_score": 0.3695652173913043,
  "time_ms": 17
}