{
  "sum_of_pairs": 0.8325562983814215,
  "column_score": 0.30357142857142855,
  "time_ms": 192
}