{
  "sum_of_pairs": 0.9487648025383875,
  "column_score": 0.35135135135135137,
  "time_ms": 600
}