{
  "sum_of_pairs": 0.6761460101867572,
  "column_score": 0.008064516129032258,
  "time_ms": 1547
}