{
  "sum_of_pairs": 0.676160646332182,
  "column_score": 0.008064516129032258,
  "time_ms": 769
}