{
  "sum_of_pairs": 0.9229486637546381,
  "column_score": 0.31125827814569534,
  "time_ms": 430
}