{
  "sum_of_pairs": 0.9310553560991901,
  "column_score": 0.3474576271186441,
  "time_ms": 92
}