{
  "sum_of_pairs": 0.7045971734270201,
  "column_score": 0.12376237623762376,
  "time_ms": 609
}