{
  "sum_of_pairs": 0.5034859845650296,
  "column_score": 0.2740285331842638,
  "time_ms": 14
}