{
  "sum_of_pairs": 0.4136460554371002,
  "column_score": 0.12313432835820895,
  "time_ms": 11
}