{
  "sum_of_pairs": 0.7990924607634986,
  "column_score": 0.3821656050955414,
  "time_ms": 24
}