{
  "sum_of_pairs": 0.6212394163213836,
  "column_score": 0.47162673392181587,
  "time_ms": 32
}