{
  "sum_of_pairs": 0.7865961199294532,
  "column_score": 0.5864197530864198,
  "time_ms": 5
}