{
  "sum_of_pairs": 0.5067734636976722,
  "column_score": 0.27402853318426373,
  "time_ms": 23
}