{
  "sum_of_pairs": 0.5067734636976722,
  "column_score": 0.2740285331842638,
  "time_ms": 23
}