{
  "sum_of_pairs": 0.5067734636976723,
  "column_score": 0.27402853318426373,
  "time_ms": 42
}