{
  "sum_of_pairs": 0.36430448104369584,
  "column_score": 0.14855783208725762,
  "time_ms": 23
}