{
  "sum_of_pairs": 0.5070042329284415,
  "column_score": 0.2740285331842638,
  "time_ms": 10
}