{
  "sum_of_pairs": 0.5302820157189089,
  "column_score": 0.24271844660194175,
  "time_ms": 20
}