{
  "sum_of_pairs": 0.3348121857438628,
  "column_score": 0.10559006211180125,
  "time_ms": 9
}