{
  "sum_of_pairs": 0.3709349593495935,
  "column_score": 0.31097560975609756,
  "time_ms": 4
}