{
  "sum_of_pairs": 0.3719371243643088,
  "column_score": 0.11650485436893204,
  "time_ms": 16
}