{
  "sum_of_pairs": 0.39109660327372503,
  "column_score": 0.025830258302583026,
  "time_ms": 57
}