{
  "sum_of_pairs": 0.7537684537684538,
  "column_score": 0.441025641025641,
  "time_ms": 23
}