{
  "sum_of_pairs": 0.2921686746987952,
  "column_score": 0.13253012048192772,
  "time_ms": 2
}