{
  "sum_of_pairs": 0.7199004975124378,
  "column_score": 0.6432835820895523,
  "time_ms": 30
}