{
  "sum_of_pairs": 0.5669099756690997,
  "column_score": 0.23357664233576642,
  "time_ms": 7
}