{
  "sum_of_pairs": 0.46194903581267216,
  "column_score": 0.20170454545454544,
  "time_ms": 211
}