{
  "sum_of_pairs": 0.5500127323656735,
  "column_score": 0.18571428571428572,
  "time_ms": 121
}