{
  "sum_of_pairs": 0.7138242894056848,
  "column_score": 0.3953488372093023,
  "time_ms": 4
}