{
  "sum_of_pairs": 0.345985401459854,
  "column_score": 0.10948905109489052,
  "time_ms": 5
}