{
  "sum_of_pairs": 0.06551724137931035,
  "column_score": 0.010344827586206896,
  "time_ms": 11
}