{
  "sum_of_pairs": 0.10919540229885058,
  "column_score": 0.027586206896551724,
  "time_ms": 5
}