{
  "sum_of_pairs": 0.44046199701937405,
  "column_score": 0.1680327868852459,
  "time_ms": 27
}