{
  "sum_of_pairs": 0.3269367448471926,
  "column_score": 0.05970149253731343,
  "time_ms": 10
}