{
  "sum_of_pairs": 0.7248768472906404,
  "column_score": 0.6354679802955665,
  "time_ms": 8
}