{
  "sum_of_pairs": 0.4610322389825495,
  "column_score": 0.2712215320910973,
  "time_ms": 23
}