{
  "sum_of_pairs": 0.6644257703081232,
  "column_score": 0.2714285714285714,
  "time_ms": 241
}