{
  "sum_of_pairs": 0.6525953721075672,
  "column_score": 0.2682926829268293,
  "time_ms": 28
}