{
  "sum_of_pairs": 0.4775716087191497,
  "column_score": 0.3240857503152585,
  "time_ms": 43
}