{
  "sum_of_pairs": 0.43604108309990663,
  "column_score": 0.16806722689075632,
  "time_ms": 59
}