{
  "sum_of_pairs": 0.6725965679454051,
  "column_score": 0.3372093023255814,
  "time_ms": 152
}