{
  "sum_of_pairs": 0.39087301587301587,
  "column_score": 0.2976190476190476,
  "time_ms": 4
}