{
  "sum_of_pairs": 0.5100401606425703,
  "column_score": 0.5542168674698795,
  "time_ms": 4
}