{
  "sum_of_pairs": 0.2818548387096774,
  "column_score": 0.08669354838709678,
  "time_ms": 31
}