{
  "sum_of_pairs": 0.5667293233082706,
  "column_score": 0.20394736842105263,
  "time_ms": 20
}