{
  "sum_of_pairs": 0.381241391184573,
  "column_score": 0.17045454545454544,
  "time_ms": 81
}