{
  "sum_of_pairs": 0.7751412429378531,
  "column_score": 0.5932203389830508,
  "time_ms": 18
}