{
  "sum_of_pairs": 0.5519704433497536,
  "column_score": 0.3620689655172414,
  "time_ms": 17
}