{
  "sum_of_pairs": 0.296078431372549,
  "column_score": 0.11764705882352941,
  "time_ms": 3
}