{
  "sum_of_pairs": 0.5826792515317105,
  "column_score": 0.35171385991058124,
  "time_ms": 79
}