{
  "sum_of_pairs": 0.4381737731295253,
  "column_score": 0.17256637168141592,
  "time_ms": 52
}