{
  "sum_of_pairs": 0.6955996836101744,
  "column_score": 0.28662420382165604,
  "time_ms": 58
}