{
  "sum_of_pairs": 0.9224553224553225,
  "column_score": 0.7435897435897436,
  "time_ms": 22
}