{
  "sum_of_pairs": 0.34648617511520735,
  "column_score": 0.14516129032258066,
  "time_ms": 6
}