{
  "sum_of_pairs": 0.5065913370998116,
  "column_score": 0.23728813559322035,
  "time_ms": 14
}