{
  "sum_of_pairs": 0.45757765269960393,
  "column_score": 0.07317073170731707,
  "time_ms": 51
}