{
  "sum_of_pairs": 0.29339477726574503,
  "column_score": 0.05069124423963134,
  "time_ms": 10
}