{
  "sum_of_pairs": 0.7417014725371912,
  "column_score": 0.04704016959468124,
  "time_ms": 905
}