{
  "sum_of_pairs": 0.6637051372273047,
  "column_score": 0.13392857142857142,
  "time_ms": 234
}