{
  "sum_of_pairs": 0.7414502164502165,
  "column_score": 0.18181818181818182,
  "time_ms": 36
}