{
  "sum_of_pairs": 0.950105766143502,
  "column_score": 0.07432432432432433,
  "time_ms": 1075
}