{
  "sum_of_pairs": 0.7463164251207729,
  "column_score": 0.10144927536231885,
  "time_ms": 46
}