{
  "sum_of_pairs": 0.8905613512170889,
  "column_score": 0.09090909090909091,
  "time_ms": 562
}