{
  "sum_of_pairs": 0.7733823161058696,
  "column_score": 0.1423728813559322,
  "time_ms": 747
}