{
  "sum_of_pairs": 0.8723711561127183,
  "column_score": 0.3224043715846995,
  "time_ms": 595
}