{
  "sum_of_pairs": 0.9023883330984923,
  "column_score": 0.09271523178807947,
  "time_ms": 1019
}