{
  "sum_of_pairs": 0.9448998584256537,
  "column_score": 0.2037037037037037,
  "time_ms": 3690
}