{
  "sum_of_pairs": 0.7480004863778177,
  "column_score": 0.550392876021298,
  "time_ms": 17
}