{
  "sum_of_pairs": 0.6465863453815262,
  "column_score": 0.5180722891566265,
  "time_ms": 1
}