{
  "sum_of_pairs": 0.616869918699187,
  "column_score": 0.5426829268292683,
  "time_ms": 3
}