{
  "sum_of_pairs": 0.7977967306325515,
  "column_score": 0.5671641791044776,
  "time_ms": 8
}