{
  "sum_of_pairs": 0.8650793650793651,
  "column_score": 0.7469135802469136,
  "time_ms": 5
}