{
  "sum_of_pairs": 0.7473958333333334,
  "column_score": 0.65625,
  "time_ms": 0
}