{
  "sum_of_pairs": 0.8215733982157339,
  "column_score": 0.5328467153284672,
  "time_ms": 7
}