{
  "sum_of_pairs": 0.4233576642335766,
  "column_score": 0.13138686131386862,
  "time_ms": 3
}