{
  "sum_of_pairs": 0.6647058823529411,
  "column_score": 0.29411764705882354,
  "time_ms": 2
}