{
  "sum_of_pairs": 0.7869458128078818,
  "column_score": 0.6354679802955665,
  "time_ms": 18
}