{
  "sum_of_pairs": 0.7413515687851971,
  "column_score": 0.5442477876106194,
  "time_ms": 34
}