{
  "sum_of_pairs": 0.8280788177339902,
  "column_score": 0.7118226600985221,
  "time_ms": 11
}