{
  "sum_of_pairs": 0.5493150684931507,
  "column_score": 0.2191780821917808,
  "time_ms": 4
}