{
  "sum_of_pairs": 0.6216425619834711,
  "column_score": 0.35795454545454547,
  "time_ms": 147
}