{
  "sum_of_pairs": 0.7754458656098,
  "column_score": 0.6569987389659521,
  "time_ms": 43
}