{
  "sum_of_pairs": 0.8444444444444444,
  "column_score": 0.6722689075630253,
  "time_ms": 14
}