{
  "sum_of_pairs": 0.9111969111969112,
  "column_score": 0.7297297297297297,
  "time_ms": 1
}