{
  "sum_of_pairs": 0.15942028985507245,
  "column_score": 0.057971014492753624,
  "time_ms": 0
}