{
  "sum_of_pairs": 0.934837341814086,
  "column_score": 0.5465116279069767,
  "time_ms": 133
}