{
  "sum_of_pairs": 0.7873134328358209,
  "column_score": 0.7343283582089553,
  "time_ms": 15
}