{
  "sum_of_pairs": 0.9237726098191215,
  "column_score": 0.6976744186046512,
  "time_ms": 1
}