{
  "sum_of_pairs": 0.8670746430206903,
  "column_score": 0.7452229299363057,
  "time_ms": 60
}