{
  "sum_of_pairs": 0.7648624667258208,
  "column_score": 0.6086956521739131,
  "time_ms": 8
}