{
  "sum_of_pairs": 0.8546228710462287,
  "column_score": 0.6204379562043796,
  "time_ms": 4
}