{
  "sum_of_pairs": 0.870648321867834,
  "column_score": 0.7235772357723578,
  "time_ms": 36
}