{
  "sum_of_pairs": 0.8157894736842105,
  "column_score": 0.5263157894736842,
  "time_ms": 16
}