{
  "sum_of_pairs": 0.7706500141924496,
  "column_score": 0.3173431734317343,
  "time_ms": 66
}