{
  "sum_of_pairs": 0.9300411522633745,
  "column_score": 0.8580246913580247,
  "time_ms": 3
}