{
  "sum_of_pairs": 0.812760055478502,
  "column_score": 0.5631067961165048,
  "time_ms": 9
}