{
  "sum_of_pairs": 0.8858585858585859,
  "column_score": 0.6833333333333333,
  "time_ms": 29
}