{
  "sum_of_pairs": 0.6543778801843319,
  "column_score": 0.4838709677419355,
  "time_ms": 2
}