{
  "sum_of_pairs": 0.6516129032258065,
  "column_score": 0.5725806451612904,
  "time_ms": 18
}