{
  "sum_of_pairs": 0.8535936113575865,
  "column_score": 0.6645962732919255,
  "time_ms": 23
}