{
  "sum_of_pairs": 0.9146464646464646,
  "column_score": 0.7666666666666667,
  "time_ms": 6
}