{
  "sum_of_pairs": 0.9393175451998982,
  "column_score": 0.5714285714285714,
  "time_ms": 275
}