{
  "sum_of_pairs": 0.9247104247104247,
  "column_score": 0.7837837837837838,
  "time_ms": 0
}