{
  "sum_of_pairs": 0.7275953859804791,
  "column_score": 0.5279503105590062,
  "time_ms": 17
}