{
  "sum_of_pairs": 0.7582712369597615,
  "column_score": 0.5655737704918032,
  "time_ms": 21
}