{
  "sum_of_pairs": 0.2982758620689655,
  "column_score": 0.1482758620689655,
  "time_ms": 5
}