{
  "sum_of_pairs": 0.44330900243309,
  "column_score": 0.145985401459854,
  "time_ms": 2
}