{
  "sum_of_pairs": 0.9637140637140638,
  "column_score": 0.8205128205128205,
  "time_ms": 48
}