{
  "sum_of_pairs": 0.7866401740940486,
  "column_score": 0.33579335793357934,
  "time_ms": 29
}