{
  "sum_of_pairs": 0.7989071038251366,
  "column_score": 0.6646795827123696,
  "time_ms": 66
}