{
  "sum_of_pairs": 0.9404028357516729,
  "column_score": 0.6046511627906976,
  "time_ms": 59
}