{
  "sum_of_pairs": 0.7897665176353701,
  "column_score": 0.6438152011922503,
  "time_ms": 113
}