{
  "sum_of_pairs": 0.822139303482587,
  "column_score": 0.7805970149253731,
  "time_ms": 8
}