{
  "sum_of_pairs": 0.9844961240310077,
  "column_score": 0.9302325581395349,
  "time_ms": 1
}