{
  "sum_of_pairs": 0.6585365853658537,
  "column_score": 0.6036585365853658,
  "time_ms": 2
}