{
  "sum_of_pairs": 0.696975806451613,
  "column_score": 0.655241935483871,
  "time_ms": 9
}