{
  "sum_of_pairs": 0.771499644633973,
  "column_score": 0.503731343283582,
  "time_ms": 19
}