{
  "sum_of_pairs": 0.7431261770244821,
  "column_score": 0.423728813559322,
  "time_ms": 28
}