{
  "sum_of_pairs": 0.5484375,
  "column_score": 0.328125,
  "time_ms": 0
}