{
  "sum_of_pairs": 0.8109287193138125,
  "column_score": 0.587991718426501,
  "time_ms": 72
}