{
  "sum_of_pairs": 0.6352875344352618,
  "column_score": 0.3778409090909091,
  "time_ms": 79
}