{
  "sum_of_pairs": 0.8261437908496732,
  "column_score": 0.6386554621848739,
  "time_ms": 25
}