{
  "sum_of_pairs": 0.854492391077757,
  "column_score": 0.7073170731707317,
  "time_ms": 59
}