{
  "sum_of_pairs": 0.7966101694915254,
  "column_score": 0.5254237288135594,
  "time_ms": 15
}