{
  "sum_of_pairs": 0.6046040778499553,
  "column_score": 0.3666124823793607,
  "time_ms": 55
}