{
  "sum_of_pairs": 0.4524444160650486,
  "column_score": 0.2169821045763212,
  "time_ms": 23
}