{
  "sum_of_pairs": 0.604682932162666,
  "column_score": 0.3667957668368386,
  "time_ms": 10
}