{
  "sum_of_pairs": 0.7283834586466166,
  "column_score": 0.39473684210526316,
  "time_ms": 28
}