{
  "sum_of_pairs": 0.6078241430700447,
  "column_score": 0.4057377049180328,
  "time_ms": 13
}