{
  "sum_of_pairs": 0.27963709677419357,
  "column_score": 0.0907258064516129,
  "time_ms": 30
}