{
  "sum_of_pairs": 0.6012482662968099,
  "column_score": 0.2961165048543689,
  "time_ms": 5
}