{
  "sum_of_pairs": 0.5152321798284532,
  "column_score": 0.2795031055900621,
  "time_ms": 10
}