{
  "sum_of_pairs": 0.7274051871279297,
  "column_score": 0.5031847133757962,
  "time_ms": 30
}