{
  "sum_of_pairs": 0.36923076923076925,
  "column_score": 0.07692307692307693,
  "time_ms": 1
}