{
  "sum_of_pairs": 0.19431643625192013,
  "column_score": 0.05069124423963134,
  "time_ms": 3
}