{
  "sum_of_pairs": 0.558531746031746,
  "column_score": 0.4523809523809524,
  "time_ms": 5
}