{
  "sum_of_pairs": 0.7419165196942975,
  "column_score": 0.5123456790123457,
  "time_ms": 11
}