{
  "sum_of_pairs": 0.6080312722103767,
  "column_score": 0.2574626865671642,
  "time_ms": 8
}