{
  "sum_of_pairs": 0.5639097744360902,
  "column_score": 0.2565789473684211,
  "time_ms": 24
}