{
  "sum_of_pairs": 0.862004662004662,
  "column_score": 0.6564102564102564,
  "time_ms": 31
}