{
  "sum_of_pairs": 0.6224089635854342,
  "column_score": 0.3277310924369748,
  "time_ms": 35
}