{
  "sum_of_pairs": 0.7656529516994633,
  "column_score": 0.4418604651162791,
  "time_ms": 88
}