{
  "sum_of_pairs": 0.613723750369713,
  "column_score": 0.391304347826087,
  "time_ms": 6
}