{
  "sum_of_pairs": 0.20729166666666668,
  "column_score": 0.052083333333333336,
  "time_ms": 5
}