{
  "sum_of_pairs": 0.553030303030303,
  "column_score": 0.2897727272727273,
  "time_ms": 78
}