{
  "sum_of_pairs": 0.5508651240358557,
  "column_score": 0.16260162601626016,
  "time_ms": 45
}