{
  "sum_of_pairs": 0.7353874883286649,
  "column_score": 0.4789915966386555,
  "time_ms": 56
}