{
  "sum_of_pairs": 0.462864250177683,
  "column_score": 0.1455223880597015,
  "time_ms": 15
}