{
  "sum_of_pairs": 0.5882762046696473,
  "column_score": 0.32786885245901637,
  "time_ms": 95
}