{
  "sum_of_pairs": 0.5659203980099502,
  "column_score": 0.46865671641791046,
  "time_ms": 11
}