{
  "sum_of_pairs": 0.8467590857999251,
  "column_score": 0.6878980891719745,
  "time_ms": 18
}