{
  "sum_of_pairs": 0.7235588972431077,
  "column_score": 0.39473684210526316,
  "time_ms": 12
}