{
  "sum_of_pairs": 0.5231143552311436,
  "column_score": 0.2116788321167883,
  "time_ms": 8
}