{
  "sum_of_pairs": 0.8049758166037235,
  "column_score": 0.45348837209302323,
  "time_ms": 164
}