{
  "sum_of_pairs": 0.6049180327868853,
  "column_score": 0.4057377049180328,
  "time_ms": 26
}