{
  "sum_of_pairs": 0.5493563958165728,
  "column_score": 0.2610619469026549,
  "time_ms": 41
}