{
  "sum_of_pairs": 0.570852534562212,
  "column_score": 0.23387096774193547,
  "time_ms": 17
}