{
  "sum_of_pairs": 0.4041095890410959,
  "column_score": 0.2602739726027397,
  "time_ms": 10
}