{
  "sum_of_pairs": 0.7881773399014779,
  "column_score": 0.6551724137931034,
  "time_ms": 8
}