{
  "sum_of_pairs": 0.876750700280112,
  "column_score": 0.5285714285714286,
  "time_ms": 74
}