{
  "sum_of_pairs": 0.3568627450980392,
  "column_score": 0.21568627450980393,
  "time_ms": 3
}