{
  "sum_of_pairs": 0.3993951612903226,
  "column_score": 0.08669354838709678,
  "time_ms": 14
}