{
  "sum_of_pairs": 0.5811676082862524,
  "column_score": 0.3446327683615819,
  "time_ms": 26
}