{
  "sum_of_pairs": 0.4994038748137109,
  "column_score": 0.29098360655737704,
  "time_ms": 24
}