{
  "sum_of_pairs": 0.6285140562248996,
  "column_score": 0.5843373493975904,
  "time_ms": 3
}