{
  "sum_of_pairs": 0.23620689655172414,
  "column_score": 0.10689655172413794,
  "time_ms": 6
}