{
  "sum_of_pairs": 0.5413339248742975,
  "column_score": 0.33126293995859213,
  "time_ms": 28
}