{
  "sum_of_pairs": 0.5285534137993154,
  "column_score": 0.35561160151324084,
  "time_ms": 40
}