{
  "sum_of_pairs": 0.3786407766990291,
  "column_score": 0.10194174757281553,
  "time_ms": 14
}