{
  "sum_of_pairs": 0.42549019607843136,
  "column_score": 0.23529411764705882,
  "time_ms": 8
}