{
  "sum_of_pairs": 0.696379726468222,
  "column_score": 0.4491150442477876,
  "time_ms": 109
}