{
  "sum_of_pairs": 0.7255174697797648,
  "column_score": 0.5290611028315947,
  "time_ms": 77
}