{
  "sum_of_pairs": 0.8053985230455819,
  "column_score": 0.32857142857142857,
  "time_ms": 141
}