{
  "sum_of_pairs": 0.4189516129032258,
  "column_score": 0.11088709677419355,
  "time_ms": 21
}