{
  "sum_of_pairs": 0.6290566751821365,
  "column_score": 0.24723247232472326,
  "time_ms": 67
}