{
  "sum_of_pairs": 0.3172690763052209,
  "column_score": 0.14457831325301204,
  "time_ms": 3
}