{
  "sum_of_pairs": 0.5442062672176309,
  "column_score": 0.2897727272727273,
  "time_ms": 35
}