{
  "sum_of_pairs": 0.6145320197044335,
  "column_score": 0.37192118226600984,
  "time_ms": 13
}