{
  "sum_of_pairs": 0.6539812646370023,
  "column_score": 0.489281210592686,
  "time_ms": 22
}