{
  "sum_of_pairs": 0.47847796143250687,
  "column_score": 0.24431818181818182,
  "time_ms": 86
}