{
  "sum_of_pairs": 0.8048964218455744,
  "column_score": 0.711864406779661,
  "time_ms": 98
}