{
  "sum_of_pairs": 0.5555555555555556,
  "column_score": 0.27906976744186046,
  "time_ms": 2
}