{
  "sum_of_pairs": 0.7419220346049614,
  "column_score": 0.3008130081300813,
  "time_ms": 76
}