{
  "sum_of_pairs": 0.5032642634118649,
  "column_score": 0.11070110701107011,
  "time_ms": 41
}