{
  "sum_of_pairs": 0.503233392122281,
  "column_score": 0.3333333333333333,
  "time_ms": 10
}