{
  "sum_of_pairs": 0.44930875576036866,
  "column_score": 0.14516129032258066,
  "time_ms": 7
}