{
  "sum_of_pairs": 0.7786069651741293,
  "column_score": 0.6865671641791045,
  "time_ms": 7
}