{
  "sum_of_pairs": 0.26386445235344747,
  "column_score": 0.10635285830580357,
  "time_ms": 15
}