{
  "sum_of_pairs": 0.28266228508257535,
  "column_score": 0.11869851786162462,
  "time_ms": 8
}