{
  "sum_of_pairs": 0.5963442498095963,
  "column_score": 0.42574257425742573,
  "time_ms": 49
}