{
  "sum_of_pairs": 0.43963344788087055,
  "column_score": 0.10309278350515463,
  "time_ms": 22
}