{
  "sum_of_pairs": 0.21674876847290642,
  "column_score": 0.10837438423645321,
  "time_ms": 5
}