{
  "sum_of_pairs": 0.1935960591133005,
  "column_score": 0.08866995073891626,
  "time_ms": 9
}