{
  "sum_of_pairs": 0.6821192052980133,
  "column_score": 0.6225165562913907,
  "time_ms": 1
}