{
  "sum_of_pairs": 0.41904761904761906,
  "column_score": 0.21481481481481482,
  "time_ms": 16
}