{
  "sum_of_pairs": 0.716374269005848,
  "column_score": 0.631578947368421,
  "time_ms": 0
}