{
  "sum_of_pairs": 0.2676767676767677,
  "column_score": 0.18686868686868688,
  "time_ms": 3
}