{
  "sum_of_pairs": 0.46148738379814075,
  "column_score": 0.2948207171314741,
  "time_ms": 4
}