{
  "sum_of_pairs": 0.4264550264550265,
  "column_score": 0.22962962962962963,
  "time_ms": 7
}