{
  "sum_of_pairs": 0.4933489827856025,
  "column_score": 0.2605633802816901,
  "time_ms": 24
}