{
  "sum_of_pairs": 0.5059760956175299,
  "column_score": 0.3545816733067729,
  "time_ms": 4
}