{
  "sum_of_pairs": 0.6247240618101545,
  "column_score": 0.5364238410596026,
  "time_ms": 2
}