{
  "sum_of_pairs": 0.40476190476190477,
  "column_score": 0.24489795918367346,
  "time_ms": 2
}