{
  "sum_of_pairs": 0.5018050541516246,
  "column_score": 0.36462093862815886,
  "time_ms": 21
}