{
  "sum_of_pairs": 0.2125506072874494,
  "column_score": 0.08502024291497975,
  "time_ms": 5
}