{
  "sum_of_pairs": 0.5941682080295941,
  "column_score": 0.42574257425742573,
  "time_ms": 96
}