{
  "sum_of_pairs": 0.18218623481781376,
  "column_score": 0.06477732793522267,
  "time_ms": 6
}