{
  "sum_of_pairs": 0.6871345029239766,
  "column_score": 0.5964912280701754,
  "time_ms": 0
}