{
  "sum_of_pairs": 0.3469387755102041,
  "column_score": 0.2714285714285714,
  "time_ms": 5
}