{
  "sum_of_pairs": 0.48884976525821594,
  "column_score": 0.2535211267605634,
  "time_ms": 27
}