{
  "sum_of_pairs": 0.535740072202166,
  "column_score": 0.4296028880866426,
  "time_ms": 14
}