{
  "sum_of_pairs": 0.3887922159352151,
  "column_score": 0.0553003212213468,
  "time_ms": 307
}