{
  "sum_of_pairs": 0.551080476900149,
  "column_score": 0.19672131147540983,
  "time_ms": 57
}