{
  "sum_of_pairs": 0.5744780014914244,
  "column_score": 0.16778523489932887,
  "time_ms": 21
}