{
  "sum_of_pairs": 0.5292811709941552,
  "column_score": 0.13398937789883486,
  "time_ms": 237
}