{
  "sum_of_pairs": 0.5582940519197418,
  "column_score": 0.15789841338268396,
  "time_ms": 139
}