{
  "sum_of_pairs": 0.6500802120387807,
  "column_score": 0.04938271604938271,
  "time_ms": 960
}