{
  "sum_of_pairs": 0.7560304734138553,
  "column_score": 0.24489795918367346,
  "time_ms": 614
}