{
  "sum_of_pairs": 0.7764820213799806,
  "column_score": 0.2755102040816326,
  "time_ms": 366
}