{
  "sum_of_pairs": 0.6726154992548435,
  "column_score": 0.08196721311475409,
  "time_ms": 30
}