{
  "sum_of_pairs": 0.64198956780924,
  "column_score": 0.08196721311475409,
  "time_ms": 55
}