{
  "sum_of_pairs": 0.66599763264886,
  "column_score": 0.5196850393700787,
  "time_ms": 58
}