{
  "sum_of_pairs": 0.6689614284717863,
  "column_score": 0.04938271604938271,
  "time_ms": 681
}