{
  "sum_of_pairs": 0.6753355704697986,
  "column_score": 0.36577181208053694,
  "time_ms": 27
}