{
  "sum_of_pairs": 0.47168141592920354,
  "column_score": 0.1415929203539823,
  "time_ms": 124
}