{
  "sum_of_pairs": 0.7092877492877493,
  "column_score": 0.3333333333333333,
  "time_ms": 119
}