{
  "sum_of_pairs": 0.6676959497709846,
  "column_score": 0.5196850393700787,
  "time_ms": 31
}