{
  "sum_of_pairs": 0.6552151831061214,
  "column_score": 0.3627906976744186,
  "time_ms": 162
}