{
  "sum_of_pairs": 0.7278632478632479,
  "column_score": 0.41975308641975306,
  "time_ms": 49
}