{
  "sum_of_pairs": 0.6334562951082598,
  "column_score": 0.35348837209302325,
  "time_ms": 304
}