{
  "sum_of_pairs": 0.10570919536281527,
  "column_score": 0.021690988323273003,
  "time_ms": 14
}