{
  "sum_of_pairs": 0.15067340067340068,
  "column_score": 0.0707070707070707,
  "time_ms": 6
}