{
  "sum_of_pairs": 0.20884353741496597,
  "column_score": 0.08571428571428572,
  "time_ms": 10
}