{
  "sum_of_pairs": 0.22358604091456077,
  "column_score": 0.06859205776173286,
  "time_ms": 18
}