{
  "sum_of_pairs": 0.2962962962962963,
  "column_score": 0.007407407407407408,
  "time_ms": 19
}