{
  "sum_of_pairs": 0.4983835237969451,
  "column_score": 0.12923684052096204,
  "time_ms": 81
}