{
  "sum_of_pairs": 0.6033611981887844,
  "column_score": 0.49712643678160917,
  "time_ms": 27
}