{
  "sum_of_pairs": 0.6799295364546937,
  "column_score": 0.15625,
  "time_ms": 292
}