{
  "sum_of_pairs": 0.4980681818181818,
  "column_score": 0.08522727272727272,
  "time_ms": 42
}