{
  "sum_of_pairs": 0.7068525686136523,
  "column_score": 0.05357142857142857,
  "time_ms": 77
}