{
  "sum_of_pairs": 0.6683221872541306,
  "column_score": 0.42276422764227645,
  "time_ms": 74
}