{
  "sum_of_pairs": 0.6838578088578089,
  "column_score": 0.35096153846153844,
  "time_ms": 178
}