{
  "sum_of_pairs": 0.3893423398067361,
  "column_score": 0.15789473684210525,
  "time_ms": 66
}