{
  "sum_of_pairs": 0.5396792574211929,
  "column_score": 0.14516129032258066,
  "time_ms": 90
}