{
  "sum_of_pairs": 0.6821164889253486,
  "column_score": 0.4339622641509434,
  "time_ms": 100
}