{
  "sum_of_pairs": 0.778185775667119,
  "column_score": 0.21875,
  "time_ms": 690
}