{
  "sum_of_pairs": 0.7716878035617917,
  "column_score": 0.5527522935779816,
  "time_ms": 71
}