{
  "sum_of_pairs": 0.3814814814814815,
  "column_score": 0.15432098765432098,
  "time_ms": 16
}