{
  "sum_of_pairs": 0.7203463203463204,
  "column_score": 0.41714285714285715,
  "time_ms": 33
}