{
  "sum_of_pairs": 0.3624323460996845,
  "column_score": 0.009249287298067786,
  "time_ms": 1111
}