{
  "sum_of_pairs": 0.7113323378131741,
  "column_score": 0.14285714285714285,
  "time_ms": 122
}