{
  "sum_of_pairs": 0.4933982683982684,
  "column_score": 0.13636363636363635,
  "time_ms": 29
}