{
  "sum_of_pairs": 0.4321010371865108,
  "column_score": 0.07463356591888713,
  "time_ms": 128
}