{
  "sum_of_pairs": 0.5030551415797317,
  "column_score": 0.04918032786885246,
  "time_ms": 38
}