{
  "sum_of_pairs": 0.5308099438652767,
  "column_score": 0.24186046511627907,
  "time_ms": 167
}