{
  "sum_of_pairs": 0.405394016013485,
  "column_score": 0.19469026548672566,
  "time_ms": 111
}