{
  "sum_of_pairs": 0.609151863995193,
  "column_score": 0.15160809440618153,
  "time_ms": 931
}