{
  "sum_of_pairs": 0.6046367242269517,
  "column_score": 0.13834994117070817,
  "time_ms": 1618
}