{
  "sum_of_pairs": 0.6116807404276972,
  "column_score": 0.17024427840926387,
  "time_ms": 2267
}