{
  "sum_of_pairs": 0.8110910129474486,
  "column_score": 0.37623762376237624,
  "time_ms": 3040
}