{
  "sum_of_pairs": 0.6225469468971521,
  "column_score": 0.17647058823529413,
  "time_ms": 431
}