{
  "sum_of_pairs": 0.6234141868800533,
  "column_score": 0.18992248062015504,
  "time_ms": 202
}