{
  "sum_of_pairs": 0.8413875598086125,
  "column_score": 0.6818181818181818,
  "time_ms": 10
}