{
  "sum_of_pairs": 0.8448814343551185,
  "column_score": 0.17408906882591094,
  "time_ms": 1652
}