{
  "sum_of_pairs": 0.6001741076980475,
  "column_score": 0.08235294117647059,
  "time_ms": 232
}