{
  "sum_of_pairs": 0.697180354227781,
  "column_score": 0.14563106796116504,
  "time_ms": 3895
}