{
  "sum_of_pairs": 0.6122294372294372,
  "column_score": 0.3409090909090909,
  "time_ms": 70
}