{
  "sum_of_pairs": 0.6046760353189902,
  "column_score": 0.08235294117647059,
  "time_ms": 123
}