{
  "sum_of_pairs": 0.676593571346195,
  "column_score": 0.2087912087912088,
  "time_ms": 6319
}