{
  "sum_of_pairs": 0.6954463836816778,
  "column_score": 0.3574660633484163,
  "time_ms": 315
}