{
  "sum_of_pairs": 0.6858065532451165,
  "column_score": 0.391304347826087,
  "time_ms": 94
}