{
  "sum_of_pairs": 0.7752797731758388,
  "column_score": 0.42063492063492064,
  "time_ms": 2639
}