{
  "sum_of_pairs": 0.6823408947700063,
  "column_score": 0.391304347826087,
  "time_ms": 17
}