{
  "sum_of_pairs": 0.6764335223692501,
  "column_score": 0.391304347826087,
  "time_ms": 28
}