{
  "sum_of_pairs": 0.7572988756811441,
  "column_score": 0.40869565217391307,
  "time_ms": 1666
}