{
  "sum_of_pairs": 0.849614145253243,
  "column_score": 0.19433198380566802,
  "time_ms": 885
}