{
  "sum_of_pairs": 0.7791620330017132,
  "column_score": 0.4365079365079365,
  "time_ms": 5691
}