{
  "sum_of_pairs": 0.7175680272108843,
  "column_score": 0.19166666666666668,
  "time_ms": 519
}