{
  "sum_of_pairs": 0.7229727891156462,
  "column_score": 0.19166666666666668,
  "time_ms": 2370
}