{
  "sum_of_pairs": 0.4717225733268514,
  "column_score": 0.14285714285714285,
  "time_ms": 218
}