{
  "sum_of_pairs": 0.5967774146695716,
  "column_score": 0.16176470588235295,
  "time_ms": 2070
}