{
  "sum_of_pairs": 0.772488038277512,
  "column_score": 0.6363636363636364,
  "time_ms": 23
}