{
  "sum_of_pairs": 0.6989616191867244,
  "column_score": 0.14563106796116504,
  "time_ms": 3067
}