{
  "sum_of_pairs": 0.6773003608086067,
  "column_score": 0.2087912087912088,
  "time_ms": 3483
}