{
  "sum_of_pairs": 0.7526423348341157,
  "column_score": 0.06164383561643835,
  "time_ms": 4395
}