{
  "sum_of_pairs": 0.483065953654189,
  "column_score": 0.11363636363636363,
  "time_ms": 47
}