{
  "sum_of_pairs": 0.774702861016768,
  "column_score": 0.42063492063492064,
  "time_ms": 4859
}