{
  "sum_of_pairs": 0.7512715594907375,
  "column_score": 0.03424657534246575,
  "time_ms": 2458
}