{
  "sum_of_pairs": 0.5980437545388526,
  "column_score": 0.16176470588235295,
  "time_ms": 1173
}