{
  "sum_of_pairs": 0.6884327067235613,
  "column_score": 0.2087912087912088,
  "time_ms": 8922
}