{
  "sum_of_pairs": 0.4799407366252286,
  "column_score": 0.15584415584415584,
  "time_ms": 318
}