{
  "sum_of_pairs": 0.6711646695715323,
  "column_score": 0.16176470588235295,
  "time_ms": 3109
}