{
  "sum_of_pairs": 0.8478393786664463,
  "column_score": 0.19433198380566802,
  "time_ms": 2168
}