{
  "sum_of_pairs": 0.8113766184310739,
  "column_score": 0.37623762376237624,
  "time_ms": 1902
}