{
  "sum_of_pairs": 0.5733933483370842,
  "column_score": 0.16279069767441862,
  "time_ms": 449
}