{
  "sum_of_pairs": 0.48648247177658943,
  "column_score": 0.11363636363636363,
  "time_ms": 26
}