{
  "sum_of_pairs": 0.6195048762190548,
  "column_score": 0.1744186046511628,
  "time_ms": 334
}