{
  "sum_of_pairs": 0.6300865800865801,
  "column_score": 0.4318181818181818,
  "time_ms": 33
}