{
  "sum_of_pairs": 0.6845463137996219,
  "column_score": 0.391304347826087,
  "time_ms": 53
}