{
  "sum_of_pairs": 0.7177776686755122,
  "column_score": 0.14563106796116504,
  "time_ms": 7976
}