{
  "sum_of_pairs": 0.3621469909394691,
  "column_score": 0.07713184568980243,
  "time_ms": 65
}