{
  "sum_of_pairs": 0.3625576318700052,
  "column_score": 0.07713184568980241,
  "time_ms": 136
}