{
  "sum_of_pairs": 0.3625576318700053,
  "column_score": 0.07713184568980243,
  "time_ms": 316
}