{
  "sum_of_pairs": 0.3046648100915465,
  "column_score": 0.04379008790819091,
  "time_ms": 125
}