{
  "sum_of_pairs": 0.3740421455938697,
  "column_score": 0.1724137931034483,
  "time_ms": 33
}