{
  "sum_of_pairs": 0.6457767978290366,
  "column_score": 0.01875,
  "time_ms": 1837
}