{
  "sum_of_pairs": 0.8517524680315378,
  "column_score": 0.6511627906976745,
  "time_ms": 111
}