{
  "sum_of_pairs": 0.5164284245166598,
  "column_score": 0.16346153846153846,
  "time_ms": 628
}