{
  "sum_of_pairs": 0.6256064778389719,
  "column_score": 0.14634146341463414,
  "time_ms": 270
}