{
  "sum_of_pairs": 0.34922500870776735,
  "column_score": 0.14080459770114942,
  "time_ms": 38
}