{
  "sum_of_pairs": 0.6430382578864942,
  "column_score": 0.31446540880503143,
  "time_ms": 182
}