{
  "sum_of_pairs": 0.7727686703096539,
  "column_score": 0.5901639344262295,
  "time_ms": 4
}