{
  "sum_of_pairs": 0.7057811656772801,
  "column_score": 0.37155963302752293,
  "time_ms": 100
}