{
  "sum_of_pairs": 0.48769338959212377,
  "column_score": 0.2911392405063291,
  "time_ms": 29
}