{
  "sum_of_pairs": 0.7797996492174851,
  "column_score": 0.5894495412844036,
  "time_ms": 147
}