{
  "sum_of_pairs": 0.42946708463949845,
  "column_score": 0.29022988505747127,
  "time_ms": 73
}