{
  "sum_of_pairs": 0.8567547869873451,
  "column_score": 0.6627906976744186,
  "time_ms": 150
}