{
  "sum_of_pairs": 0.47354483751542575,
  "column_score": 0.1201923076923077,
  "time_ms": 379
}