{
  "sum_of_pairs": 0.4379395218002813,
  "column_score": 0.25316455696202533,
  "time_ms": 16
}