{
  "sum_of_pairs": 0.5759408602150538,
  "column_score": 0.12195121951219512,
  "time_ms": 101
}