{
  "sum_of_pairs": 0.7123822308399831,
  "column_score": 0.5849056603773585,
  "time_ms": 498
}