{
  "sum_of_pairs": 0.6294616459343833,
  "column_score": 0.3346511391750943,
  "time_ms": 25
}