{
  "sum_of_pairs": 0.8475263584752636,
  "column_score": 0.5985401459854015,
  "time_ms": 9
}