{
  "sum_of_pairs": 0.6767123287671233,
  "column_score": 0.4931506849315068,
  "time_ms": 13
}