{
  "sum_of_pairs": 0.5634427684117125,
  "column_score": 0.32298136645962733,
  "time_ms": 15
}