{
  "sum_of_pairs": 0.7177610174504584,
  "column_score": 0.4906832298136646,
  "time_ms": 35
}