{
  "sum_of_pairs": 0.7862068965517242,
  "column_score": 0.6083743842364532,
  "time_ms": 24
}