{
  "sum_of_pairs": 0.7884351192706381,
  "column_score": 0.2802547770700637,
  "time_ms": 50
}