{
  "sum_of_pairs": 0.14536290322580644,
  "column_score": 0.1028225806451613,
  "time_ms": 18
}