{
  "sum_of_pairs": 0.7274051995363471,
  "column_score": 0.5692995529061102,
  "time_ms": 93
}