{
  "sum_of_pairs": 0.6243666169895679,
  "column_score": 0.20081967213114754,
  "time_ms": 33
}