{
  "sum_of_pairs": 0.8090225563909774,
  "column_score": 0.3881578947368421,
  "time_ms": 30
}