{
  "sum_of_pairs": 0.7004827031375704,
  "column_score": 0.27876106194690264,
  "time_ms": 48
}