{
  "sum_of_pairs": 0.8373134328358209,
  "column_score": 0.7805970149253731,
  "time_ms": 17
}