{
  "sum_of_pairs": 0.4360097323600973,
  "column_score": 0.16058394160583941,
  "time_ms": 4
}