{
  "sum_of_pairs": 0.6722212214015493,
  "column_score": 0.4691046658259773,
  "time_ms": 58
}