{
  "sum_of_pairs": 0.2946859903381642,
  "column_score": 0.10144927536231885,
  "time_ms": 1
}