{
  "sum_of_pairs": 0.5659562211981567,
  "column_score": 0.24193548387096775,
  "time_ms": 11
}