{
  "sum_of_pairs": 0.48975550964187325,
  "column_score": 0.13636363636363635,
  "time_ms": 102
}