{
  "sum_of_pairs": 0.5713747645951036,
  "column_score": 0.005649717514124294,
  "time_ms": 25
}