{
  "sum_of_pairs": 0.7654440154440154,
  "column_score": 0.7567567567567568,
  "time_ms": 2
}