{
  "sum_of_pairs": 0.5850670365233472,
  "column_score": 0.12135922330097088,
  "time_ms": 11
}