{
  "sum_of_pairs": 0.7241830065359477,
  "column_score": 0.5210084033613446,
  "time_ms": 27
}