{
  "sum_of_pairs": 0.4846760031438767,
  "column_score": 0.05834110611320234,
  "time_ms": 541
}