{
  "sum_of_pairs": 0.5547108843537415,
  "column_score": 0.004166666666666667,
  "time_ms": 337
}