{
  "sum_of_pairs": 0.526090450902481,
  "column_score": 0.08791208791208792,
  "time_ms": 323
}