{
  "sum_of_pairs": 0.44355266617270966,
  "column_score": 0.12790697674418605,
  "time_ms": 1024
}