{
  "sum_of_pairs": 0.38965668912192974,
  "column_score": 0.15584415584415584,
  "time_ms": 69
}