{
  "sum_of_pairs": 0.7413353304284677,
  "column_score": 0.19117647058823528,
  "time_ms": 609
}