{
  "sum_of_pairs": 0.655009868454009,
  "column_score": 0.05555555555555555,
  "time_ms": 1464
}