{
  "sum_of_pairs": 0.45357172626489956,
  "column_score": 0.03875968992248062,
  "time_ms": 116
}