{
  "sum_of_pairs": 0.5553535954321062,
  "column_score": 0.06956521739130435,
  "time_ms": 1238
}