{
  "sum_of_pairs": 0.7329493526275704,
  "column_score": 0.2376237623762376,
  "time_ms": 366
}