{
  "sum_of_pairs": 0.3920560870605308,
  "column_score": 0.08790541499714451,
  "time_ms": 442
}