{
  "sum_of_pairs": 0.4010814534894227,
  "column_score": 0.09492156727691851,
  "time_ms": 280
}