{
  "sum_of_pairs": 0.6958426547352722,
  "column_score": 0.436241610738255,
  "time_ms": 31
}