{
  "sum_of_pairs": 0.6822334079045489,
  "column_score": 0.36577181208053694,
  "time_ms": 23
}