{
  "sum_of_pairs": 0.7188665175242357,
  "column_score": 0.44966442953020136,
  "time_ms": 13
}