{
  "sum_of_pairs": 0.4898523074898852,
  "column_score": 0.07920792079207921,
  "time_ms": 1518
}