{
  "sum_of_pairs": 0.6507122507122507,
  "column_score": 0.43209876543209874,
  "time_ms": 59
}