{
  "sum_of_pairs": 0.6541673349371826,
  "column_score": 0.2651162790697674,
  "time_ms": 499
}