{
  "sum_of_pairs": 0.6589574979951884,
  "column_score": 0.2651162790697674,
  "time_ms": 293
}