{
  "sum_of_pairs": 0.5042268346435973,
  "column_score": 0.0594059405940594,
  "time_ms": 563
}