{
  "sum_of_pairs": 0.5716467958271237,
  "column_score": 0.19672131147540983,
  "time_ms": 143
}