{
  "sum_of_pairs": 0.6647313552526063,
  "column_score": 0.2837209302325581,
  "time_ms": 537
}