{
  "sum_of_pairs": 0.6561679790026247,
  "column_score": 0.11811023622047244,
  "time_ms": 63
}