{
  "sum_of_pairs": 0.6956408345752608,
  "column_score": 0.1864754098360656,
  "time_ms": 42
}