{
  "sum_of_pairs": 0.6298195631528964,
  "column_score": 0.41975308641975306,
  "time_ms": 133
}