{
  "sum_of_pairs": 0.6740685543964232,
  "column_score": 0.16598360655737704,
  "time_ms": 72
}