{
  "sum_of_pairs": 0.6331129894363422,
  "column_score": 0.22779202933775883,
  "time_ms": 212
}