{
  "sum_of_pairs": 0.580755408641921,
  "column_score": 0.16028701138408868,
  "time_ms": 189
}