{
  "sum_of_pairs": 0.6340312904799565,
  "column_score": 0.22779202933775883,
  "time_ms": 213
}