{
  "sum_of_pairs": 0.63418763101759,
  "column_score": 0.2274502522605547,
  "time_ms": 96
}