{
  "sum_of_pairs": 0.633112989436342,
  "column_score": 0.2277920293377588,
  "time_ms": 597
}