{
  "sum_of_pairs": 0.7440610859728507,
  "column_score": 0.3701923076923077,
  "time_ms": 1127
}