{
  "sum_of_pairs": 0.3991460131811009,
  "column_score": 0.07142857142857142,
  "time_ms": 63
}