{
  "sum_of_pairs": 0.8255773485469958,
  "column_score": 0.6886792452830188,
  "time_ms": 313
}