{
  "sum_of_pairs": 0.6848613736609956,
  "column_score": 0.2826086956521739,
  "time_ms": 35
}