{
  "sum_of_pairs": 0.5176332288401254,
  "column_score": 0.28735632183908044,
  "time_ms": 35
}