{
  "sum_of_pairs": 0.7030492424242424,
  "column_score": 0.29545454545454547,
  "time_ms": 120
}