{
  "sum_of_pairs": 0.7875963117342427,
  "column_score": 0.07692307692307693,
  "time_ms": 391
}