{
  "sum_of_pairs": 0.83881464011181,
  "column_score": 0.3020833333333333,
  "time_ms": 731
}