{
  "sum_of_pairs": 0.7390422243013465,
  "column_score": 0.21153846153846154,
  "time_ms": 968
}