{
  "sum_of_pairs": 0.9084699453551912,
  "column_score": 0.9016393442622951,
  "time_ms": 2
}