{
  "sum_of_pairs": 0.6940308795147505,
  "column_score": 0.2903225806451613,
  "time_ms": 172
}