{
  "sum_of_pairs": 0.6559065934065934,
  "column_score": 0.20192307692307693,
  "time_ms": 41
}