{
  "sum_of_pairs": 0.7291787439613526,
  "column_score": 0.23333333333333334,
  "time_ms": 88
}