{
  "sum_of_pairs": 0.47530864197530864,
  "column_score": 0.32098765432098764,
  "time_ms": 15
}