{
  "sum_of_pairs": 0.6564116106599767,
  "column_score": 0.04938271604938271,
  "time_ms": 222
}