{
  "sum_of_pairs": 0.4228673835125448,
  "column_score": 0.01935483870967742,
  "time_ms": 28
}