{
  "sum_of_pairs": 0.18310683399440797,
  "column_score": 0.023668639053254437,
  "time_ms": 43
}