{
  "sum_of_pairs": 0.43757542003156036,
  "column_score": 0.12698412698412698,
  "time_ms": 335
}