{
  "sum_of_pairs": 0.6946502057613169,
  "column_score": 0.6604938271604939,
  "time_ms": 10
}