{
  "sum_of_pairs": 0.82299042748492,
  "column_score": 0.5691056910569106,
  "time_ms": 80
}