{
  "sum_of_pairs": 0.696518588531821,
  "column_score": 0.2826086956521739,
  "time_ms": 57
}