{
  "sum_of_pairs": 0.6081949526221972,
  "column_score": 0.15789473684210525,
  "time_ms": 132
}