{
  "sum_of_pairs": 0.873041870486839,
  "column_score": 0.3541666666666667,
  "time_ms": 395
}