{
  "sum_of_pairs": 0.7428318807629153,
  "column_score": 0.06593406593406594,
  "time_ms": 142
}