{
  "sum_of_pairs": 0.585423197492163,
  "column_score": 0.382183908045977,
  "time_ms": 42
}