{
  "sum_of_pairs": 0.6467236467236467,
  "column_score": 0.37037037037037035,
  "time_ms": 42
}