{
  "sum_of_pairs": 0.754072936582191,
  "column_score": 0.23076923076923078,
  "time_ms": 1030
}