{
  "sum_of_pairs": 0.625222816399287,
  "column_score": 0.18421052631578946,
  "time_ms": 172
}