{
  "sum_of_pairs": 0.7403337403337403,
  "column_score": 0.48148148148148145,
  "time_ms": 45
}