{
  "sum_of_pairs": 0.7056774642981539,
  "column_score": 0.4109195402298851,
  "time_ms": 25
}