{
  "sum_of_pairs": 0.7822881880024737,
  "column_score": 0.35428571428571426,
  "time_ms": 60
}