{
  "sum_of_pairs": 0.7044655414908579,
  "column_score": 0.45569620253164556,
  "time_ms": 24
}