{
  "sum_of_pairs": 0.8420566502463054,
  "column_score": 0.27380952380952384,
  "time_ms": 225
}