{
  "sum_of_pairs": 0.8576463842417701,
  "column_score": 0.6628440366972477,
  "time_ms": 140
}