{
  "sum_of_pairs": 0.7198389694041868,
  "column_score": 0.16666666666666666,
  "time_ms": 207
}