{
  "sum_of_pairs": 0.7716306681823923,
  "column_score": 0.07692307692307693,
  "time_ms": 77
}