{
  "sum_of_pairs": 0.3276478232618584,
  "column_score": 0.06944444444444445,
  "time_ms": 67
}