{
  "sum_of_pairs": 0.8534698665762098,
  "column_score": 0.23125,
  "time_ms": 1907
}