{
  "sum_of_pairs": 0.44907407407407407,
  "column_score": 0.16666666666666666,
  "time_ms": 28
}