{
  "sum_of_pairs": 0.6119818878439568,
  "column_score": 0.2614942528735632,
  "time_ms": 76
}