{
  "sum_of_pairs": 0.7358239132432681,
  "column_score": 0.3467741935483871,
  "time_ms": 201
}