{
  "sum_of_pairs": 0.8250925994978497,
  "column_score": 0.7075471698113207,
  "time_ms": 107
}