{
  "sum_of_pairs": 0.7173916769505004,
  "column_score": 0.23557692307692307,
  "time_ms": 524
}