{
  "sum_of_pairs": 0.9583250513483071,
  "column_score": 0.7674418604651163,
  "time_ms": 136
}