{
  "sum_of_pairs": 0.819262682137075,
  "column_score": 0.5481651376146789,
  "time_ms": 109
}