{
  "sum_of_pairs": 0.8975468975468975,
  "column_score": 0.12121212121212122,
  "time_ms": 411
}