{
  "sum_of_pairs": 0.8456389289722623,
  "column_score": 0.09090909090909091,
  "time_ms": 99
}