{
  "sum_of_pairs": 0.45788497217068647,
  "column_score": 0.08163265306122448,
  "time_ms": 55
}