{
  "sum_of_pairs": 0.6274275260343372,
  "column_score": 0.18421052631578946,
  "time_ms": 80
}