{
  "sum_of_pairs": 0.5958104395604396,
  "column_score": 0.1346153846153846,
  "time_ms": 78
}