{
  "sum_of_pairs": 0.7587001179677012,
  "column_score": 0.23076923076923078,
  "time_ms": 585
}