{
  "sum_of_pairs": 0.5980295566502463,
  "column_score": 0.21379310344827587,
  "time_ms": 21
}