{
  "sum_of_pairs": 0.34619666048237474,
  "column_score": 0.04897959183673469,
  "time_ms": 47
}