{
  "sum_of_pairs": 0.8914294459749005,
  "column_score": 0.056818181818181816,
  "time_ms": 512
}