{
  "sum_of_pairs": 0.7564435256861365,
  "column_score": 0.08035714285714286,
  "time_ms": 89
}