{
  "sum_of_pairs": 0.5437186134240665,
  "column_score": 0.3108502001075552,
  "time_ms": 34
}