{
  "sum_of_pairs": 0.5437186134240664,
  "column_score": 0.31085020010755526,
  "time_ms": 32
}