{
  "sum_of_pairs": 0.5946017552574929,
  "column_score": 0.3144560357675112,
  "time_ms": 129
}