{
  "sum_of_pairs": 0.19597701149425287,
  "column_score": 0.08620689655172414,
  "time_ms": 9
}