{
  "sum_of_pairs": 0.5113717128642502,
  "column_score": 0.2126865671641791,
  "time_ms": 20
}