{
  "sum_of_pairs": 0.5530577411431664,
  "column_score": 0.2484076433121019,
  "time_ms": 73
}