{
  "sum_of_pairs": 0.724903474903475,
  "column_score": 0.3783783783783784,
  "time_ms": 3
}