{
  "sum_of_pairs": 0.5179806918744971,
  "column_score": 0.21902654867256638,
  "time_ms": 52
}