{
  "sum_of_pairs": 0.7405472636815921,
  "column_score": 0.6686567164179105,
  "time_ms": 18
}