{
  "sum_of_pairs": 0.6114457831325302,
  "column_score": 0.4819277108433735,
  "time_ms": 4
}