{
  "sum_of_pairs": 0.6338361431529134,
  "column_score": 0.463768115942029,
  "time_ms": 37
}