{
  "sum_of_pairs": 0.3258569299552906,
  "column_score": 0.1885245901639344,
  "time_ms": 34
}