{
  "sum_of_pairs": 0.6356107660455487,
  "column_score": 0.32608695652173914,
  "time_ms": 9
}