{
  "sum_of_pairs": 0.6312807881773399,
  "column_score": 0.5344827586206896,
  "time_ms": 43
}