{
  "sum_of_pairs": 0.42295178941141676,
  "column_score": 0.16149068322981366,
  "time_ms": 33
}