{
  "sum_of_pairs": 0.578777189888301,
  "column_score": 0.47530864197530864,
  "time_ms": 8
}