{
  "sum_of_pairs": 0.6470549261246936,
  "column_score": 0.32558139534883723,
  "time_ms": 130
}