{
  "sum_of_pairs": 0.3659367396593674,
  "column_score": 0.08029197080291971,
  "time_ms": 7
}