{
  "sum_of_pairs": 0.674436090225564,
  "column_score": 0.39473684210526316,
  "time_ms": 53
}