{
  "sum_of_pairs": 0.6775793650793651,
  "column_score": 0.44047619047619047,
  "time_ms": 4
}