{
  "sum_of_pairs": 0.2888311688311688,
  "column_score": 0.14285714285714285,
  "time_ms": 7
}