{
  "sum_of_pairs": 0.5985772357723578,
  "column_score": 0.5304878048780488,
  "time_ms": 5
}