{
  "sum_of_pairs": 0.4431387741046832,
  "column_score": 0.2840909090909091,
  "time_ms": 74
}