{
  "sum_of_pairs": 0.7146076146076146,
  "column_score": 0.36923076923076925,
  "time_ms": 50
}