{
  "sum_of_pairs": 0.6940389294403893,
  "column_score": 0.40145985401459855,
  "time_ms": 13
}