{
  "sum_of_pairs": 0.6766065649560795,
  "column_score": 0.4223300970873786,
  "time_ms": 15
}