{
  "sum_of_pairs": 0.7725490196078432,
  "column_score": 0.6862745098039216,
  "time_ms": 6
}