{
  "sum_of_pairs": 0.7237903225806451,
  "column_score": 0.45161290322580644,
  "time_ms": 13
}