{
  "sum_of_pairs": 0.024049324409965975,
  "column_score": 0.0002658160552897395,
  "time_ms": 6
}