{
  "sum_of_pairs": 0.684524018727611,
  "column_score": 0.274997250893556,
  "time_ms": 1510
}