{
  "sum_of_pairs": 0.6902089768693733,
  "column_score": 0.3033395494417122,
  "time_ms": 823
}