{
  "sum_of_pairs": 0.46439909297052157,
  "column_score": 0.26666666666666666,
  "time_ms": 50
}