{
  "sum_of_pairs": 0.8542699848717101,
  "column_score": 0.6507936507936508,
  "time_ms": 2597
}