{
  "sum_of_pairs": 0.6075685588063683,
  "column_score": 0.12403100775193798,
  "time_ms": 351
}