{
  "sum_of_pairs": 0.8000551812935415,
  "column_score": 0.391304347826087,
  "time_ms": 581
}