{
  "sum_of_pairs": 0.6275992438563327,
  "column_score": 0.1956521739130435,
  "time_ms": 41
}