{
  "sum_of_pairs": 0.8846831364124598,
  "column_score": 0.3724696356275304,
  "time_ms": 698
}