{
  "sum_of_pairs": 0.906893837156995,
  "column_score": 0.7134502923976608,
  "time_ms": 1006
}