{
  "sum_of_pairs": 0.7955579058699102,
  "column_score": 0.3739130434782609,
  "time_ms": 1139
}