{
  "sum_of_pairs": 0.5706990167958104,
  "column_score": 0.23214285714285715,
  "time_ms": 3178
}