{
  "sum_of_pairs": 0.5840961782069362,
  "column_score": 0.23255813953488372,
  "time_ms": 2980
}