{
  "sum_of_pairs": 0.670178840767076,
  "column_score": 0.19004524886877827,
  "time_ms": 533
}