{
  "sum_of_pairs": 0.8897785039941902,
  "column_score": 0.38235294117647056,
  "time_ms": 2072
}