{
  "sum_of_pairs": 0.8702346176033778,
  "column_score": 0.5825242718446602,
  "time_ms": 4327
}