{
  "sum_of_pairs": 0.7179492059715696,
  "column_score": 0.34782608695652173,
  "time_ms": 3182
}