{
  "sum_of_pairs": 0.8774485664711229,
  "column_score": 0.2834008097165992,
  "time_ms": 1377
}