{
  "sum_of_pairs": 0.4755980861244019,
  "column_score": 0.13636363636363635,
  "time_ms": 9
}