{
  "sum_of_pairs": 0.6722329957624076,
  "column_score": 0.19909502262443438,
  "time_ms": 288
}