{
  "sum_of_pairs": 0.45047846889952153,
  "column_score": 0.13636363636363635,
  "time_ms": 16
}