{
  "sum_of_pairs": 0.5853031860226104,
  "column_score": 0.23255813953488372,
  "time_ms": 1631
}