{
  "sum_of_pairs": 0.6970895770895771,
  "column_score": 0.08571428571428572,
  "time_ms": 143
}