{
  "sum_of_pairs": 0.6479417982837955,
  "column_score": 0.4235294117647059,
  "time_ms": 127
}