{
  "sum_of_pairs": 0.9158170596526761,
  "column_score": 0.541095890410959,
  "time_ms": 2205
}