{
  "sum_of_pairs": 0.9176029450002052,
  "column_score": 0.5684931506849316,
  "time_ms": 1171
}