{
  "sum_of_pairs": 0.8723629093678599,
  "column_score": 0.46534653465346537,
  "time_ms": 1188
}