{
  "sum_of_pairs": 0.6964368964368964,
  "column_score": 0.08571428571428572,
  "time_ms": 305
}