{
  "sum_of_pairs": 0.8307511079625023,
  "column_score": 0.46153846153846156,
  "time_ms": 5573
}