{
  "sum_of_pairs": 0.6828946454614904,
  "column_score": 0.22077922077922077,
  "time_ms": 107
}