{
  "sum_of_pairs": 0.6434149981345604,
  "column_score": 0.38823529411764707,
  "time_ms": 254
}