{
  "sum_of_pairs": 0.8308400744682604,
  "column_score": 0.46153846153846156,
  "time_ms": 2815
}