{
  "sum_of_pairs": 0.3029220779220779,
  "column_score": 0.20454545454545456,
  "time_ms": 76
}