{
  "sum_of_pairs": 0.6718059124476237,
  "column_score": 0.2077922077922078,
  "time_ms": 190
}