{
  "sum_of_pairs": 0.6635948330182735,
  "column_score": 0.45652173913043476,
  "time_ms": 16
}