{
  "sum_of_pairs": 0.6197299324831208,
  "column_score": 0.1744186046511628,
  "time_ms": 178
}