{
  "sum_of_pairs": 0.5940150294383603,
  "column_score": 0.2893364757402898,
  "time_ms": 25
}