{
  "sum_of_pairs": 0.5917706888580675,
  "column_score": 0.2621359223300971,
  "time_ms": 11
}