{
  "sum_of_pairs": 0.7924490809736712,
  "column_score": 0.5782414307004471,
  "time_ms": 99
}