{
  "sum_of_pairs": 0.6586808636498077,
  "column_score": 0.45962732919254656,
  "time_ms": 17
}