{
  "sum_of_pairs": 0.810077519379845,
  "column_score": 0.6046511627906976,
  "time_ms": 3
}