{
  "sum_of_pairs": 0.774749373433584,
  "column_score": 0.23684210526315788,
  "time_ms": 26
}