{
  "sum_of_pairs": 0.6641190667739341,
  "column_score": 0.2588495575221239,
  "time_ms": 50
}