{
  "sum_of_pairs": 0.4725609756097561,
  "column_score": 0.24390243902439024,
  "time_ms": 5
}