{
  "sum_of_pairs": 0.7043010752688172,
  "column_score": 0.5668202764976958,
  "time_ms": 4
}