{
  "sum_of_pairs": 0.7435028248587571,
  "column_score": 0.5649717514124294,
  "time_ms": 25
}