{
  "sum_of_pairs": 0.5106177606177607,
  "column_score": 0.1891891891891892,
  "time_ms": 2
}