{
  "sum_of_pairs": 0.7299719887955182,
  "column_score": 0.5294117647058824,
  "time_ms": 26
}