{
  "sum_of_pairs": 0.8024691358024691,
  "column_score": 0.654320987654321,
  "time_ms": 6
}