{
  "sum_of_pairs": 0.7196581196581197,
  "column_score": 0.5897435897435898,
  "time_ms": 1
}