{
  "sum_of_pairs": 0.7445255474452555,
  "column_score": 0.5109489051094891,
  "time_ms": 5
}