{
  "sum_of_pairs": 0.837917637917638,
  "column_score": 0.4153846153846154,
  "time_ms": 39
}