{
  "sum_of_pairs": 0.5356164383561643,
  "column_score": 0.2191780821917808,
  "time_ms": 9
}