{
  "sum_of_pairs": 0.4314143567874911,
  "column_score": 0.026119402985074626,
  "time_ms": 16
}