{
  "sum_of_pairs": 0.7892635314995563,
  "column_score": 0.6128364389233955,
  "time_ms": 38
}