{
  "sum_of_pairs": 0.7534657174971899,
  "column_score": 0.01910828025477707,
  "time_ms": 42
}