{
  "sum_of_pairs": 0.7554044316339398,
  "column_score": 0.5485498108448928,
  "time_ms": 61
}