{
  "sum_of_pairs": 0.5773932506887053,
  "column_score": 0.32386363636363635,
  "time_ms": 103
}