{
  "sum_of_pairs": 0.6224899598393574,
  "column_score": 0.41566265060240964,
  "time_ms": 3
}