{
  "sum_of_pairs": 0.684013343961472,
  "column_score": 0.0140192739012412,
  "time_ms": 618
}