{
  "sum_of_pairs": 0.4427287629529887,
  "column_score": 0.016129032258064516,
  "time_ms": 573
}