{
  "sum_of_pairs": 0.6975845410628019,
  "column_score": 0.21739130434782608,
  "time_ms": 33
}