{
  "sum_of_pairs": 0.8596849887495982,
  "column_score": 0.0546448087431694,
  "time_ms": 331
}