{
  "sum_of_pairs": 0.8784255051630085,
  "column_score": 0.12037037037037036,
  "time_ms": 2612
}