{
  "sum_of_pairs": 0.9008725056358019,
  "column_score": 0.1016949152542373,
  "time_ms": 152
}