{
  "sum_of_pairs": 0.7101365378473331,
  "column_score": 0.034653465346534656,
  "time_ms": 376
}