{
  "sum_of_pairs": 0.668506303748852,
  "column_score": 0.010169491525423728,
  "time_ms": 903
}