{
  "sum_of_pairs": 0.7495638789386834,
  "column_score": 0.03748583521786369,
  "time_ms": 360
}