{
  "sum_of_pairs": 0.9537111289316582,
  "column_score": 0.39351851851851855,
  "time_ms": 1641
}