{
  "sum_of_pairs": 0.6022467235281881,
  "column_score": 0.09868421052631579,
  "time_ms": 57
}