{
  "sum_of_pairs": 0.8298733286418015,
  "column_score": 0.24107142857142858,
  "time_ms": 111
}