{
  "sum_of_pairs": 0.9260981022344659,
  "column_score": 0.17045454545454544,
  "time_ms": 556
}