{
  "sum_of_pairs": 0.949628874157176,
  "column_score": 0.19594594594594594,
  "time_ms": 368
}