{
  "sum_of_pairs": 0.11946089488377093,
  "column_score": 0.011576082373531454,
  "time_ms": 9
}