{
  "sum_of_pairs": 0.3804780876494024,
  "column_score": 0.2549800796812749,
  "time_ms": 3
}