{
  "sum_of_pairs": 0.19934640522875818,
  "column_score": 0.0392156862745098,
  "time_ms": 0
}