{
  "sum_of_pairs": 0.2251655629139073,
  "column_score": 0.1456953642384106,
  "time_ms": 1
}