{
  "sum_of_pairs": 0.6178490744170058,
  "column_score": 0.019371976223981187,
  "time_ms": 753
}