{
  "sum_of_pairs": 0.5657856916533728,
  "column_score": 0.005311264876167729,
  "time_ms": 476
}