{
  "sum_of_pairs": 0.617557874985585,
  "column_score": 0.019371976223981187,
  "time_ms": 261
}