{
  "sum_of_pairs": 0.5619771228187359,
  "column_score": 0.04745762711864407,
  "time_ms": 750
}