{
  "sum_of_pairs": 0.6461467813308842,
  "column_score": 0.1694915254237288,
  "time_ms": 395
}