{
  "sum_of_pairs": 0.8917810151771659,
  "column_score": 0.37962962962962965,
  "time_ms": 5215
}