{
  "sum_of_pairs": 0.5557705840957072,
  "column_score": 0.026785714285714284,
  "time_ms": 105
}