{
  "sum_of_pairs": 0.8595716138485452,
  "column_score": 0.14351851851851852,
  "time_ms": 1363
}