{
  "sum_of_pairs": 0.40930229466103424,
  "column_score": 0.022425226107633152,
  "time_ms": 1355
}