{
  "sum_of_pairs": 0.4093022946610343,
  "column_score": 0.022425226107633152,
  "time_ms": 1195
}