{
  "sum_of_pairs": 0.7307431563690768,
  "column_score": 0.34523809523809523,
  "time_ms": 3566
}