{
  "sum_of_pairs": 0.68196071856947,
  "column_score": 0.008808536685219468,
  "time_ms": 883
}