{
  "sum_of_pairs": 0.7389830508474576,
  "column_score": 0.16610169491525423,
  "time_ms": 1139
}