{
  "sum_of_pairs": 0.7309204160619255,
  "column_score": 0.013888888888888888,
  "time_ms": 625
}