{
  "sum_of_pairs": 0.4495274572692776,
  "column_score": 0.1047944383333149,
  "time_ms": 298
}