{
  "sum_of_pairs": 0.7878647522000927,
  "column_score": 0.4251968503937008,
  "time_ms": 57
}