{
  "sum_of_pairs": 0.6590109596364608,
  "column_score": 0.33488372093023255,
  "time_ms": 285
}