{
  "sum_of_pairs": 0.7113770180436847,
  "column_score": 0.32098765432098764,
  "time_ms": 84
}