{
  "sum_of_pairs": 0.5077082430023606,
  "column_score": 0.05405405405405406,
  "time_ms": 333
}