{
  "sum_of_pairs": 0.7631431767337807,
  "column_score": 0.31208053691275167,
  "time_ms": 25
}