{
  "sum_of_pairs": 0.5393442622950819,
  "column_score": 0.22950819672131148,
  "time_ms": 77
}