{
  "sum_of_pairs": 0.43544318769385176,
  "column_score": 0.04728458360480197,
  "time_ms": 277
}