{
  "sum_of_pairs": 0.6678190771721533,
  "column_score": 0.03211009174311927,
  "time_ms": 141
}