{
  "sum_of_pairs": 0.47627240143369176,
  "column_score": 0.04838709677419355,
  "time_ms": 39
}