{
  "sum_of_pairs": 0.6890488821523304,
  "column_score": 0.5103448275862069,
  "time_ms": 40
}