{
  "sum_of_pairs": 0.6617903169627307,
  "column_score": 0.4454022988505747,
  "time_ms": 48
}