{
  "sum_of_pairs": 0.8342277877161598,
  "column_score": 0.1511627906976744,
  "time_ms": 154
}