{
  "sum_of_pairs": 0.5555173092053501,
  "column_score": 0.0975609756097561,
  "time_ms": 180
}