{
  "sum_of_pairs": 0.06928789215638807,
  "column_score": 0.0053086173859962634,
  "time_ms": 3
}