{
  "sum_of_pairs": 0.03332602746441843,
  "column_score": 0.0015594541910331384,
  "time_ms": 7
}