{
  "sum_of_pairs": 0.06938167540244378,
  "column_score": 0.0053086173859962634,
  "time_ms": 6
}