{
  "sum_of_pairs": 0.12195767195767196,
  "column_score": 0.05925925925925926,
  "time_ms": 7
}