{
  "sum_of_pairs": 0.15661375661375662,
  "column_score": 0.08148148148148149,
  "time_ms": 4
}