{
  "sum_of_pairs": 0.7269046593192073,
  "column_score": 0.3369550675858995,
  "time_ms": 539
}