{
  "sum_of_pairs": 0.7331248908799184,
  "column_score": 0.3501561892631037,
  "time_ms": 323
}