{
  "sum_of_pairs": 0.5907605466428996,
  "column_score": 0.1717171717171717,
  "time_ms": 63
}