{
  "sum_of_pairs": 0.7496868526280291,
  "column_score": 0.2905405405405405,
  "time_ms": 648
}