{
  "sum_of_pairs": 0.9002191927292168,
  "column_score": 0.5674418604651162,
  "time_ms": 309
}