{
  "sum_of_pairs": 0.8597178130511464,
  "column_score": 0.13333333333333333,
  "time_ms": 163
}