{
  "sum_of_pairs": 0.8173994038748137,
  "column_score": 0.26639344262295084,
  "time_ms": 51
}