{
  "sum_of_pairs": 0.9269202087994034,
  "column_score": 0.8389261744966443,
  "time_ms": 16
}