{
  "sum_of_pairs": 0.7526015320132967,
  "column_score": 0.3108108108108108,
  "time_ms": 347
}