{
  "sum_of_pairs": 0.7200168563000422,
  "column_score": 0.25663716814159293,
  "time_ms": 262
}