{
  "sum_of_pairs": 0.8274243370817714,
  "column_score": 0.42857142857142855,
  "time_ms": 1700
}