{
  "sum_of_pairs": 0.8961595824011931,
  "column_score": 0.7281879194630873,
  "time_ms": 32
}