{
  "sum_of_pairs": 0.8569664902998236,
  "column_score": 0.13333333333333333,
  "time_ms": 288
}