{
  "sum_of_pairs": 0.8291076634735527,
  "column_score": 0.4387755102040816,
  "time_ms": 1231
}