{
  "sum_of_pairs": 0.8986046511627906,
  "column_score": 0.5627906976744186,
  "time_ms": 588
}