{
  "sum_of_pairs": 0.7265728377240467,
  "column_score": 0.26380368098159507,
  "time_ms": 98
}