{
  "sum_of_pairs": 0.8092399403874814,
  "column_score": 0.2581967213114754,
  "time_ms": 84
}