{
  "sum_of_pairs": 0.721720999238141,
  "column_score": 0.24539877300613497,
  "time_ms": 175
}