{
  "sum_of_pairs": 0.8041621437891298,
  "column_score": 0.5544554455445545,
  "time_ms": 1295
}