{
  "sum_of_pairs": 0.7394503731603543,
  "column_score": 0.35802469135802467,
  "time_ms": 1590
}