{
  "sum_of_pairs": 0.8554886521537749,
  "column_score": 0.6692913385826772,
  "time_ms": 34
}