{
  "sum_of_pairs": 0.6511954992967651,
  "column_score": 0.21518987341772153,
  "time_ms": 28
}