{
  "sum_of_pairs": 0.8410746812386156,
  "column_score": 0.4918032786885246,
  "time_ms": 3
}