{
  "sum_of_pairs": 0.4576121164437451,
  "column_score": 0.08943089430894309,
  "time_ms": 195
}