{
  "sum_of_pairs": 0.556382793451759,
  "column_score": 0.040229885057471264,
  "time_ms": 63
}