{
  "sum_of_pairs": 0.7611811926605505,
  "column_score": 0.39908256880733944,
  "time_ms": 160
}