{
  "sum_of_pairs": 0.3707531421151808,
  "column_score": 0.07530806401764281,
  "time_ms": 214
}