{
  "sum_of_pairs": 0.43234848484848487,
  "column_score": 0.07386363636363637,
  "time_ms": 93
}