{
  "sum_of_pairs": 0.5849724626278521,
  "column_score": 0.16260162601626016,
  "time_ms": 205
}