{
  "sum_of_pairs": 0.023748933325334662,
  "column_score": 0.0002658160552897395,
  "time_ms": 9
}