{
  "sum_of_pairs": 0.6021068749172285,
  "column_score": 0.002563042579578338,
  "time_ms": 297
}