{
  "sum_of_pairs": 0.6577523586874844,
  "column_score": 0.10508474576271186,
  "time_ms": 397
}