{
  "sum_of_pairs": 0.5133878363964545,
  "column_score": 0.04627450072418513,
  "time_ms": 665
}