{
  "sum_of_pairs": 0.8305444931008841,
  "column_score": 0.1214574898785425,
  "time_ms": 604
}