{
  "sum_of_pairs": 0.8296727395411606,
  "column_score": 0.29239766081871343,
  "time_ms": 451
}