{
  "sum_of_pairs": 0.716571655662756,
  "column_score": 0.20238095238095238,
  "time_ms": 1907
}