{
  "sum_of_pairs": 0.5507612688063815,
  "column_score": 0.08791208791208792,
  "time_ms": 431
}