{
  "sum_of_pairs": 0.46735223117187313,
  "column_score": 0.16279069767441862,
  "time_ms": 1482
}