{
  "sum_of_pairs": 0.493614881850176,
  "column_score": 0.07239819004524888,
  "time_ms": 212
}