{
  "sum_of_pairs": 0.3729552599404587,
  "column_score": 0.0737023781645,
  "time_ms": 161
}