{
  "sum_of_pairs": 0.3729552599404587,
  "column_score": 0.07370237816449998,
  "time_ms": 180
}