{
  "sum_of_pairs": 0.18395061728395062,
  "column_score": 0.04938271604938271,
  "time_ms": 29
}