{
  "sum_of_pairs": 0.7807946573124662,
  "column_score": 0.6077981651376146,
  "time_ms": 131
}