{
  "sum_of_pairs": 0.6768048959746721,
  "column_score": 0.071875,
  "time_ms": 1690
}