{
  "sum_of_pairs": 0.616178107606679,
  "column_score": 0.022857142857142857,
  "time_ms": 60
}