{
  "sum_of_pairs": 0.3793548387096774,
  "column_score": 0.1064516129032258,
  "time_ms": 39
}