{
  "sum_of_pairs": 0.7893103070341647,
  "column_score": 0.11203941537343298,
  "time_ms": 845
}