{
  "sum_of_pairs": 0.7918668272916786,
  "column_score": 0.11203941537343298,
  "time_ms": 1523
}