{
  "sum_of_pairs": 0.7917491398690383,
  "column_score": 0.11119420890156627,
  "time_ms": 353
}