{
  "sum_of_pairs": 0.7735765466586983,
  "column_score": 0.07985123624192059,
  "time_ms": 684
}