{
  "sum_of_pairs": 0.849621745249824,
  "column_score": 0.16964285714285715,
  "time_ms": 95
}