{
  "sum_of_pairs": 0.9240836603490022,
  "column_score": 0.07627118644067797,
  "time_ms": 101
}