{
  "sum_of_pairs": 0.8001183750336293,
  "column_score": 0.047619047619047616,
  "time_ms": 242
}