{
  "sum_of_pairs": 0.9253088159316143,
  "column_score": 0.25165562913907286,
  "time_ms": 451
}