{
  "sum_of_pairs": 0.7937229437229437,
  "column_score": 0.4318181818181818,
  "time_ms": 29
}