{
  "sum_of_pairs": 0.9216205047572972,
  "column_score": 0.11805555555555555,
  "time_ms": 597
}