{
  "sum_of_pairs": 0.775710635579687,
  "column_score": 0.12376237623762376,
  "time_ms": 888
}