{
  "sum_of_pairs": 0.9164906642179369,
  "column_score": 0.06818181818181818,
  "time_ms": 1021
}