{
  "sum_of_pairs": 0.8188444518660767,
  "column_score": 0.2576271186440678,
  "time_ms": 390
}