{
  "sum_of_pairs": 0.7786916088802881,
  "column_score": 0.16981132075471697,
  "time_ms": 160
}