{
  "sum_of_pairs": 0.9164231443600234,
  "column_score": 0.07627118644067797,
  "time_ms": 309
}