{
  "sum_of_pairs": 0.8384720267417312,
  "column_score": 0.16964285714285715,
  "time_ms": 277
}