{
  "sum_of_pairs": 0.787011030400861,
  "column_score": 0.009523809523809525,
  "time_ms": 525
}