{
  "sum_of_pairs": 0.809636803874092,
  "column_score": 0.047619047619047616,
  "time_ms": 1001
}