{
  "sum_of_pairs": 0.8096014492753624,
  "column_score": 0.45652173913043476,
  "time_ms": 94
}