{
  "sum_of_pairs": 0.934995363651024,
  "column_score": 0.3055555555555556,
  "time_ms": 787
}