{
  "sum_of_pairs": 0.7825331886115053,
  "column_score": 0.16610169491525423,
  "time_ms": 1097
}