{
  "sum_of_pairs": 0.9711814527706001,
  "column_score": 0.47685185185185186,
  "time_ms": 1741
}