{
  "sum_of_pairs": 0.78122005748962,
  "column_score": 0.0891089108910891,
  "time_ms": 177
}