{
  "sum_of_pairs": 0.9521880370936975,
  "column_score": 0.22297297297297297,
  "time_ms": 1069
}