{
  "sum_of_pairs": 0.921935261707989,
  "column_score": 0.08333333333333333,
  "time_ms": 514
}