{
  "sum_of_pairs": 0.8948477564102564,
  "column_score": 0.13333333333333333,
  "time_ms": 745
}