{
  "sum_of_pairs": 0.8890464743589743,
  "column_score": 0.13333333333333333,
  "time_ms": 3370
}