{
  "sum_of_pairs": 0.9410578938880826,
  "column_score": 0.3055555555555556,
  "time_ms": 295
}