{
  "sum_of_pairs": 0.7357174225487065,
  "column_score": 0.07920792079207921,
  "time_ms": 333
}