{
  "sum_of_pairs": 0.8915865384615385,
  "column_score": 0.11666666666666667,
  "time_ms": 1561
}