{
  "sum_of_pairs": 0.8836215579127826,
  "column_score": 0.4426229508196721,
  "time_ms": 210
}