{
  "sum_of_pairs": 0.9079258394326888,
  "column_score": 0.1085972850678733,
  "time_ms": 4555
}