{
  "sum_of_pairs": 0.9085155322061044,
  "column_score": 0.1085972850678733,
  "time_ms": 1083
}