{
  "sum_of_pairs": 0.9571883203958675,
  "column_score": 0.22972972972972974,
  "time_ms": 1498
}