{
  "sum_of_pairs": 0.6126525420479028,
  "column_score": 0.37718627253347486,
  "time_ms": 36
}