{
  "sum_of_pairs": 0.657941437444543,
  "column_score": 0.5238095238095238,
  "time_ms": 57
}