{
  "sum_of_pairs": 0.7787713197549263,
  "column_score": 0.6304023845007451,
  "time_ms": 78
}