{
  "sum_of_pairs": 0.3953246753246753,
  "column_score": 0.37142857142857144,
  "time_ms": 6
}