{
  "sum_of_pairs": 0.4716339531680441,
  "column_score": 0.2755681818181818,
  "time_ms": 109
}