{
  "sum_of_pairs": 0.7596491228070176,
  "column_score": 0.4276315789473684,
  "time_ms": 69
}