{
  "sum_of_pairs": 0.5610599078341014,
  "column_score": 0.21774193548387097,
  "time_ms": 35
}