{
  "sum_of_pairs": 0.2465725806451613,
  "column_score": 0.08266129032258064,
  "time_ms": 21
}