{
  "sum_of_pairs": 0.6524743230625584,
  "column_score": 0.3865546218487395,
  "time_ms": 32
}