{
  "sum_of_pairs": 0.5497967479674797,
  "column_score": 0.4695121951219512,
  "time_ms": 8
}