{
  "sum_of_pairs": 0.7579365079365079,
  "column_score": 0.5654761904761905,
  "time_ms": 6
}