{
  "sum_of_pairs": 0.6563061784463998,
  "column_score": 0.2177121771217712,
  "time_ms": 67
}