{
  "sum_of_pairs": 0.783427495291902,
  "column_score": 0.5536723163841808,
  "time_ms": 30
}