{
  "sum_of_pairs": 0.7741379310344828,
  "column_score": 0.6206896551724138,
  "time_ms": 46
}