{
  "sum_of_pairs": 0.6190476190476191,
  "column_score": 0.2798507462686567,
  "time_ms": 21
}