{
  "sum_of_pairs": 0.7838308457711443,
  "column_score": 0.6895522388059702,
  "time_ms": 33
}