{
  "sum_of_pairs": 0.6495529061102832,
  "column_score": 0.3729508196721312,
  "time_ms": 38
}