{
  "sum_of_pairs": 0.8384022708840227,
  "column_score": 0.5620437956204379,
  "time_ms": 18
}