{
  "sum_of_pairs": 0.9595182595182595,
  "column_score": 0.882051282051282,
  "time_ms": 47
}