{
  "sum_of_pairs": 0.7153316106804479,
  "column_score": 0.3023255813953488,
  "time_ms": 153
}