{
  "sum_of_pairs": 0.7336860670194003,
  "column_score": 0.5617283950617284,
  "time_ms": 14
}