{
  "sum_of_pairs": 0.6227461858529819,
  "column_score": 0.3058252427184466,
  "time_ms": 33
}