{
  "sum_of_pairs": 0.8241122351275967,
  "column_score": 0.6050955414012739,
  "time_ms": 55
}