{
  "sum_of_pairs": 0.3686422478018284,
  "column_score": 0.07140234524810762,
  "time_ms": 312
}