{
  "sum_of_pairs": 0.36864224780182847,
  "column_score": 0.07140234524810762,
  "time_ms": 146
}