{
  "sum_of_pairs": 0.30759429149130535,
  "column_score": 0.038993155647914925,
  "time_ms": 134
}