{
  "sum_of_pairs": 0.36925475428595733,
  "column_score": 0.07140234524810762,
  "time_ms": 65
}