{
  "sum_of_pairs": 0.567482953055337,
  "column_score": 0.0975609756097561,
  "time_ms": 166
}