{
  "sum_of_pairs": 0.4518284106891702,
  "column_score": 0.1962025316455696,
  "time_ms": 14
}