{
  "sum_of_pairs": 0.4973176333470451,
  "column_score": 0.1971153846153846,
  "time_ms": 1041
}