{
  "sum_of_pairs": 0.6166240493050091,
  "column_score": 0.13008130081300814,
  "time_ms": 157
}