{
  "sum_of_pairs": 0.6751710199004975,
  "column_score": 0.065625,
  "time_ms": 704
}