{
  "sum_of_pairs": 0.722176647525294,
  "column_score": 0.6163522012578616,
  "time_ms": 96
}