{
  "sum_of_pairs": 0.8164845173041895,
  "column_score": 0.5901639344262295,
  "time_ms": 5
}