{
  "sum_of_pairs": 0.884052209633605,
  "column_score": 0.5348837209302325,
  "time_ms": 118
}