{
  "sum_of_pairs": 0.3557122953674678,
  "column_score": 0.020114942528735632,
  "time_ms": 79
}