{
  "sum_of_pairs": 0.37195228143504006,
  "column_score": 0.19827586206896552,
  "time_ms": 51
}