{
  "sum_of_pairs": 0.5110588645071403,
  "column_score": 0.05459770114942529,
  "time_ms": 39
}