{
  "sum_of_pairs": 0.6500236159793173,
  "column_score": 0.3270440251572327,
  "time_ms": 222
}