{
  "sum_of_pairs": 0.4251567398119122,
  "column_score": 0.28160919540229884,
  "time_ms": 38
}