{
  "sum_of_pairs": 0.24647685469499772,
  "column_score": 0.07161016109386846,
  "time_ms": 28
}