{
  "sum_of_pairs": 0.2854185152321798,
  "column_score": 0.11801242236024845,
  "time_ms": 17
}