{
  "sum_of_pairs": 0.387993154386597,
  "column_score": 0.21689785624211855,
  "time_ms": 72
}