{
  "sum_of_pairs": 0.16359447004608296,
  "column_score": 0.05069124423963134,
  "time_ms": 12
}