{
  "sum_of_pairs": 0.33762838468720824,
  "column_score": 0.23529411764705882,
  "time_ms": 27
}