{
  "sum_of_pairs": 0.49491644090860765,
  "column_score": 0.2518142628325149,
  "time_ms": 22
}