{
  "sum_of_pairs": 0.35892189642582134,
  "column_score": 0.1426927587508844,
  "time_ms": 19
}