{
  "sum_of_pairs": 0.4949164409086077,
  "column_score": 0.25181426283251485,
  "time_ms": 14
}