{
  "sum_of_pairs": 0.3294930875576037,
  "column_score": 0.1532258064516129,
  "time_ms": 6
}