{
  "sum_of_pairs": 0.33891129032258066,
  "column_score": 0.1310483870967742,
  "time_ms": 16
}