{
  "sum_of_pairs": 0.3602150537634409,
  "column_score": 0.12903225806451613,
  "time_ms": 2
}