{
  "sum_of_pairs": 0.8710955710955711,
  "column_score": 0.6153846153846154,
  "time_ms": 29
}