{
  "sum_of_pairs": 0.35668053629218677,
  "column_score": 0.12135922330097088,
  "time_ms": 7
}