{
  "sum_of_pairs": 0.6153782107322759,
  "column_score": 0.22929936305732485,
  "time_ms": 50
}