{
  "sum_of_pairs": 0.6239443616492797,
  "column_score": 0.3830104321907601,
  "time_ms": 49
}