{
  "sum_of_pairs": 0.6940966010733453,
  "column_score": 0.3372093023255814,
  "time_ms": 139
}