{
  "sum_of_pairs": 0.5253731343283582,
  "column_score": 0.41940298507462687,
  "time_ms": 12
}