{
  "sum_of_pairs": 0.16897081413210446,
  "column_score": 0.041474654377880185,
  "time_ms": 2
}