{
  "sum_of_pairs": 0.4626690182245738,
  "column_score": 0.20987654320987653,
  "time_ms": 5
}