{
  "sum_of_pairs": 0.4617702448210923,
  "column_score": 0.1977401129943503,
  "time_ms": 17
}