{
  "sum_of_pairs": 0.33739837398373984,
  "column_score": 0.24390243902439024,
  "time_ms": 4
}