{
  "sum_of_pairs": 0.22321428571428573,
  "column_score": 0.023809523809523808,
  "time_ms": 6
}