{
  "sum_of_pairs": 0.2319277108433735,
  "column_score": 0.07228915662650602,
  "time_ms": 2
}