{
  "sum_of_pairs": 0.5582080200501253,
  "column_score": 0.24342105263157895,
  "time_ms": 18
}