{
  "sum_of_pairs": 0.7329420090753924,
  "column_score": 0.40764331210191085,
  "time_ms": 62
}