{
  "sum_of_pairs": 0.5166261151662611,
  "column_score": 0.1897810218978102,
  "time_ms": 6
}