{
  "sum_of_pairs": 0.7218996689584924,
  "column_score": 0.34285714285714286,
  "time_ms": 144
}