{
  "sum_of_pairs": 0.2558467741935484,
  "column_score": 0.0967741935483871,
  "time_ms": 18
}