{
  "sum_of_pairs": 0.6575425790754258,
  "column_score": 0.43795620437956206,
  "time_ms": 8
}