{
  "sum_of_pairs": 0.28627450980392155,
  "column_score": 0.0784313725490196,
  "time_ms": 5
}