{
  "sum_of_pairs": 0.41644483880508726,
  "column_score": 0.19875776397515527,
  "time_ms": 9
}