{
  "sum_of_pairs": 0.6220053238686779,
  "column_score": 0.41821946169772256,
  "time_ms": 26
}