{
  "sum_of_pairs": 0.3627117040401173,
  "column_score": 0.02952029520295203,
  "time_ms": 24
}