{
  "sum_of_pairs": 0.4065359477124183,
  "column_score": 0.16806722689075632,
  "time_ms": 14
}