{
  "sum_of_pairs": 0.48049074818986326,
  "column_score": 0.19911504424778761,
  "time_ms": 30
}