{
  "sum_of_pairs": 0.6065573770491803,
  "column_score": 0.4703656998738966,
  "time_ms": 31
}