{
  "sum_of_pairs": 0.46536660061250223,
  "column_score": 0.32786885245901637,
  "time_ms": 36
}