{
  "sum_of_pairs": 0.6023682200152788,
  "column_score": 0.18571428571428572,
  "time_ms": 113
}