{
  "sum_of_pairs": 0.481810115350488,
  "column_score": 0.2546583850931677,
  "time_ms": 23
}