{
  "sum_of_pairs": 0.5271317829457365,
  "column_score": 0.3023255813953488,
  "time_ms": 2
}