{
  "sum_of_pairs": 0.3412698412698413,
  "column_score": 0.023809523809523808,
  "time_ms": 4
}