{
  "sum_of_pairs": 0.04655172413793104,
  "column_score": 0.006896551724137931,
  "time_ms": 5
}