{
  "sum_of_pairs": 0.26398558499590924,
  "column_score": 0.08294260036116247,
  "time_ms": 27
}