{
  "sum_of_pairs": 0.2639855849959092,
  "column_score": 0.08294260036116247,
  "time_ms": 27
}