{
  "sum_of_pairs": 0.559052059052059,
  "column_score": 0.15384615384615385,
  "time_ms": 63
}