{
  "sum_of_pairs": 0.3025210084033613,
  "column_score": 0.24369747899159663,
  "time_ms": 27
}