{
  "sum_of_pairs": 0.16282642089093702,
  "column_score": 0.07373271889400922,
  "time_ms": 5
}