{
  "sum_of_pairs": 0.11244979919678715,
  "column_score": 0.1746987951807229,
  "time_ms": 10
}