{
  "sum_of_pairs": 0.5370646766169154,
  "column_score": 0.3776119402985075,
  "time_ms": 37
}