{
  "sum_of_pairs": 0.13277931572877213,
  "column_score": 0.023773112626704944,
  "time_ms": 17
}