{
  "sum_of_pairs": 0.19696969696969696,
  "column_score": 0.08080808080808081,
  "time_ms": 6
}