{
  "sum_of_pairs": 0.38079470198675497,
  "column_score": 0.1986754966887417,
  "time_ms": 6
}