{
  "sum_of_pairs": 0.3322751322751323,
  "column_score": 0.08888888888888889,
  "time_ms": 18
}