{
  "sum_of_pairs": 0.12685560053981107,
  "column_score": 0.024291497975708502,
  "time_ms": 11
}