{
  "sum_of_pairs": 0.35720855566315163,
  "column_score": 0.14253988110163274,
  "time_ms": 7
}