{
  "sum_of_pairs": 0.5876847290640395,
  "column_score": 0.45566502463054187,
  "time_ms": 7
}