{
  "sum_of_pairs": 0.6059943699287962,
  "column_score": 0.3859910581222057,
  "time_ms": 21
}