{
  "sum_of_pairs": 0.4338294448913918,
  "column_score": 0.18584070796460178,
  "time_ms": 14
}