{
  "sum_of_pairs": 0.44377510040160645,
  "column_score": 0.463855421686747,
  "time_ms": 1
}