{
  "sum_of_pairs": 0.30915886081937743,
  "column_score": 0.04428044280442804,
  "time_ms": 11
}