{
  "sum_of_pairs": 0.36479855371900827,
  "column_score": 0.07102272727272728,
  "time_ms": 24
}