{
  "sum_of_pairs": 0.6812742812742812,
  "column_score": 0.4205128205128205,
  "time_ms": 11
}