{
  "sum_of_pairs": 0.49614760746147607,
  "column_score": 0.27007299270072993,
  "time_ms": 3
}