{
  "sum_of_pairs": 0.21812596006144394,
  "column_score": 0.05069124423963134,
  "time_ms": 2
}