{
  "sum_of_pairs": 0.5902985074626865,
  "column_score": 0.41194029850746267,
  "time_ms": 6
}