{
  "sum_of_pairs": 0.49738785804359575,
  "column_score": 0.31651954602774274,
  "time_ms": 17
}