{
  "sum_of_pairs": 0.37503697131026326,
  "column_score": 0.14285714285714285,
  "time_ms": 5
}