{
  "sum_of_pairs": 0.023916955151014947,
  "column_score": 0.0002658160552897395,
  "time_ms": 6
}