{
  "sum_of_pairs": 0.02391695515101495,
  "column_score": 0.0002658160552897395,
  "time_ms": 2
}