{
  "sum_of_pairs": 0.3951863267439026,
  "column_score": 0.03511900624219389,
  "time_ms": 336
}