{
  "sum_of_pairs": 0.7141619407687461,
  "column_score": 0.34782608695652173,
  "time_ms": 33
}