{
  "sum_of_pairs": 0.7448039601363755,
  "column_score": 0.25203252032520324,
  "time_ms": 151
}