{
  "sum_of_pairs": 0.523989898989899,
  "column_score": 0.10344827586206896,
  "time_ms": 87
}