{
  "sum_of_pairs": 0.5525668073136427,
  "column_score": 0.21518987341772153,
  "time_ms": 21
}