{
  "sum_of_pairs": 0.5682437275985663,
  "column_score": 0.15161290322580645,
  "time_ms": 36
}