{
  "sum_of_pairs": 0.7261644470946796,
  "column_score": 0.09302325581395349,
  "time_ms": 134
}