{
  "sum_of_pairs": 0.1523666156116912,
  "column_score": 0.04009703527155239,
  "time_ms": 15
}