{
  "sum_of_pairs": 0.3648148148148148,
  "column_score": 0.17037037037037037,
  "time_ms": 18
}