{
  "sum_of_pairs": 0.32172777717332174,
  "column_score": 0.06930693069306931,
  "time_ms": 69
}