{
  "sum_of_pairs": 0.5586270871985157,
  "column_score": 0.05714285714285714,
  "time_ms": 26
}