{
  "sum_of_pairs": 0.8247583275098999,
  "column_score": 0.08333333333333333,
  "time_ms": 453
}