{
  "sum_of_pairs": 0.3178187099755727,
  "column_score": 0.08641975308641975,
  "time_ms": 137
}