{
  "sum_of_pairs": 0.7216166186754422,
  "column_score": 0.21153846153846154,
  "time_ms": 238
}