{
  "sum_of_pairs": 0.8442588195386703,
  "column_score": 0.040625,
  "time_ms": 920
}