{
  "sum_of_pairs": 0.7680140309467611,
  "column_score": 0.42276422764227645,
  "time_ms": 94
}