{
  "sum_of_pairs": 0.6795841209829868,
  "column_score": 0.08695652173913043,
  "time_ms": 23
}