{
  "sum_of_pairs": 0.5876650563607085,
  "column_score": 0.03333333333333333,
  "time_ms": 107
}