{
  "sum_of_pairs": 0.7023705406174999,
  "column_score": 0.14423076923076922,
  "time_ms": 670
}