{
  "sum_of_pairs": 0.8881037506745818,
  "column_score": 0.7385321100917431,
  "time_ms": 84
}