{
  "sum_of_pairs": 0.45480019493177387,
  "column_score": 0.18055555555555555,
  "time_ms": 49
}