{
  "sum_of_pairs": 0.8501821493624773,
  "column_score": 0.639344262295082,
  "time_ms": 3
}