{
  "sum_of_pairs": 0.8376252319109462,
  "column_score": 0.5371428571428571,
  "time_ms": 41
}