{
  "sum_of_pairs": 0.7703675634710118,
  "column_score": 0.3516483516483517,
  "time_ms": 91
}