{
  "sum_of_pairs": 0.9844961240310077,
  "column_score": 0.9069767441860465,
  "time_ms": 106
}