{
  "sum_of_pairs": 0.5962643678160919,
  "column_score": 0.4367816091954023,
  "time_ms": 32
}