{
  "sum_of_pairs": 0.4664837226756731,
  "column_score": 0.19736842105263158,
  "time_ms": 97
}