{
  "sum_of_pairs": 0.9387028537971934,
  "column_score": 0.17567567567567569,
  "time_ms": 432
}