{
  "sum_of_pairs": 0.7423645320197044,
  "column_score": 0.07796610169491526,
  "time_ms": 458
}