{
  "sum_of_pairs": 0.9218129218900675,
  "column_score": 0.28415300546448086,
  "time_ms": 241
}