{
  "sum_of_pairs": 0.7956521739130434,
  "column_score": 0.15217391304347827,
  "time_ms": 25
}