{
  "sum_of_pairs": 0.7326839826839827,
  "column_score": 0.18181818181818182,
  "time_ms": 19
}