{
  "sum_of_pairs": 0.84509148486981,
  "column_score": 0.07142857142857142,
  "time_ms": 131
}