{
  "sum_of_pairs": 0.9129897459442914,
  "column_score": 0.17045454545454544,
  "time_ms": 623
}