{
  "sum_of_pairs": 0.7870985603543743,
  "column_score": 0.46511627906976744,
  "time_ms": 139
}