{
  "sum_of_pairs": 0.8312593330014932,
  "column_score": 0.05714285714285714,
  "time_ms": 78
}