{
  "sum_of_pairs": 0.8747883810032968,
  "column_score": 0.11574074074074074,
  "time_ms": 1801
}