{
  "sum_of_pairs": 0.13337670713105562,
  "column_score": 0.03486182669121183,
  "time_ms": 17
}