{
  "sum_of_pairs": 0.2551706448718878,
  "column_score": 0.08322957465499048,
  "time_ms": 27
}