{
  "sum_of_pairs": 0.25517064487188784,
  "column_score": 0.08322957465499049,
  "time_ms": 8
}