{
  "sum_of_pairs": 0.17764290633608815,
  "column_score": 0.045454545454545456,
  "time_ms": 47
}