{
  "sum_of_pairs": 0.14759036144578314,
  "column_score": 0.06626506024096386,
  "time_ms": 2
}