{
  "sum_of_pairs": 0.5207459207459207,
  "column_score": 0.2153846153846154,
  "time_ms": 16
}