{
  "sum_of_pairs": 0.23902894491129786,
  "column_score": 0.14285714285714285,
  "time_ms": 21
}