{
  "sum_of_pairs": 0.6278325123152709,
  "column_score": 0.4039408866995074,
  "time_ms": 9
}