{
  "sum_of_pairs": 0.18911290322580646,
  "column_score": 0.1028225806451613,
  "time_ms": 35
}