{
  "sum_of_pairs": 0.243566992014197,
  "column_score": 0.10351966873706005,
  "time_ms": 30
}