{
  "sum_of_pairs": 0.18524590163934426,
  "column_score": 0.045081967213114756,
  "time_ms": 21
}