{
  "sum_of_pairs": 0.11290322580645161,
  "column_score": 0.03024193548387097,
  "time_ms": 16
}