{
  "sum_of_pairs": 0.22051488334674174,
  "column_score": 0.046460176991150445,
  "time_ms": 47
}