{
  "sum_of_pairs": 0.5781094527363184,
  "column_score": 0.43283582089552236,
  "time_ms": 12
}