{
  "sum_of_pairs": 0.24293785310734464,
  "column_score": 0.07909604519774012,
  "time_ms": 31
}