{
  "sum_of_pairs": 0.5242937853107345,
  "column_score": 0.1751412429378531,
  "time_ms": 18
}