{
  "sum_of_pairs": 0.2869680410664017,
  "column_score": 0.12965722801788376,
  "time_ms": 73
}