{
  "sum_of_pairs": 0.3234612071821374,
  "column_score": 0.1511627906976744,
  "time_ms": 61
}