{
  "sum_of_pairs": 0.060675883256528416,
  "column_score": 0.05069124423963134,
  "time_ms": 9
}