{
  "sum_of_pairs": 0.2346424067735543,
  "column_score": 0.12484237074401008,
  "time_ms": 36
}