{
  "sum_of_pairs": 0.529372426437438,
  "column_score": 0.08333333333333333,
  "time_ms": 3234
}