{
  "sum_of_pairs": 0.1500393172669963,
  "column_score": 0.02788930406275402,
  "time_ms": 9
}