{
  "sum_of_pairs": 0.43537414965986393,
  "column_score": 0.22448979591836735,
  "time_ms": 2
}