{
  "sum_of_pairs": 0.2864864864864865,
  "column_score": 0.16216216216216217,
  "time_ms": 0
}