{
  "sum_of_pairs": 0.2945848375451264,
  "column_score": 0.10469314079422383,
  "time_ms": 15
}