{
  "sum_of_pairs": 0.26759628154050463,
  "column_score": 0.027888446215139442,
  "time_ms": 3
}