{
  "sum_of_pairs": 0.34210526315789475,
  "column_score": 0.17543859649122806,
  "time_ms": 0
}