{
  "sum_of_pairs": 0.2451414459086734,
  "column_score": 0.07866867580613897,
  "time_ms": 28
}