{
  "sum_of_pairs": 0.2451414459086733,
  "column_score": 0.07866867580613898,
  "time_ms": 34
}