{
  "sum_of_pairs": 0.43613138686131386,
  "column_score": 0.22627737226277372,
  "time_ms": 27
}