{
  "sum_of_pairs": 0.39128085029724374,
  "column_score": 0.2484237074401009,
  "time_ms": 95
}