{
  "sum_of_pairs": 0.22188755020080322,
  "column_score": 0.1746987951807229,
  "time_ms": 13
}