{
  "sum_of_pairs": 0.847408567339675,
  "column_score": 0.18262053511317242,
  "time_ms": 1176
}