{
  "sum_of_pairs": 0.850374701849348,
  "column_score": 0.19205696974731828,
  "time_ms": 592
}