{
  "sum_of_pairs": 0.8105936420584275,
  "column_score": 0.13709677419354838,
  "time_ms": 665
}