{
  "sum_of_pairs": 0.8104978354978355,
  "column_score": 0.38636363636363635,
  "time_ms": 42
}