{
  "sum_of_pairs": 0.95833578287282,
  "column_score": 0.09523809523809523,
  "time_ms": 3950
}