{
  "sum_of_pairs": 0.9573347107438016,
  "column_score": 0.4621212121212121,
  "time_ms": 991
}