{
  "sum_of_pairs": 0.9494537171423963,
  "column_score": 0.3333333333333333,
  "time_ms": 833
}