{
  "sum_of_pairs": 0.9735915160443462,
  "column_score": 0.5608108108108109,
  "time_ms": 879
}