{
  "sum_of_pairs": 0.8384601564995209,
  "column_score": 0.22277227722772278,
  "time_ms": 756
}