{
  "sum_of_pairs": 0.925103700016592,
  "column_score": 0.17142857142857143,
  "time_ms": 108
}