{
  "sum_of_pairs": 0.878593693468036,
  "column_score": 0.15476190476190477,
  "time_ms": 998
}