{
  "sum_of_pairs": 0.9313361191471125,
  "column_score": 0.5792349726775956,
  "time_ms": 287
}