{
  "sum_of_pairs": 0.9017857142857143,
  "column_score": 0.38392857142857145,
  "time_ms": 213
}