{
  "sum_of_pairs": 0.9437790615753135,
  "column_score": 0.271523178807947,
  "time_ms": 1072
}