{
  "sum_of_pairs": 0.9659454295246864,
  "column_score": 0.3472222222222222,
  "time_ms": 5129
}