{
  "sum_of_pairs": 0.9288331726133077,
  "column_score": 0.5519125683060109,
  "time_ms": 569
}