{
  "sum_of_pairs": 0.9000603864734299,
  "column_score": 0.7246376811594203,
  "time_ms": 24
}