{
  "sum_of_pairs": 0.9511117158522819,
  "column_score": 0.3541666666666667,
  "time_ms": 478
}