{
  "sum_of_pairs": 0.8913043478260869,
  "column_score": 0.6884057971014492,
  "time_ms": 42
}