{
  "sum_of_pairs": 0.8793520915087251,
  "column_score": 0.15476190476190477,
  "time_ms": 449
}