{
  "sum_of_pairs": 0.9405617397022216,
  "column_score": 0.25165562913907286,
  "time_ms": 2301
}