{
  "sum_of_pairs": 0.8567337396676964,
  "column_score": 0.423728813559322,
  "time_ms": 894
}