{
  "sum_of_pairs": 0.8672634428448381,
  "column_score": 0.627906976744186,
  "time_ms": 220
}