{
  "sum_of_pairs": 0.7490638651965883,
  "column_score": 0.3355263157894737,
  "time_ms": 93
}