{
  "sum_of_pairs": 0.8185064935064935,
  "column_score": 0.38636363636363635,
  "time_ms": 16
}