{
  "sum_of_pairs": 0.9659516172146485,
  "column_score": 0.3472222222222222,
  "time_ms": 2580
}