{
  "sum_of_pairs": 0.8088568194680249,
  "column_score": 0.13709677419354838,
  "time_ms": 1267
}