{
  "sum_of_pairs": 0.908291693903101,
  "column_score": 0.19083969465648856,
  "time_ms": 3130
}