{
  "sum_of_pairs": 0.7642955610697546,
  "column_score": 0.2692307692307692,
  "time_ms": 131
}