{
  "sum_of_pairs": 0.854462720213743,
  "column_score": 0.423728813559322,
  "time_ms": 1480
}