{
  "sum_of_pairs": 0.9541551882460974,
  "column_score": 0.4318181818181818,
  "time_ms": 1753
}