{
  "sum_of_pairs": 0.7355939255252757,
  "column_score": 0.29605263157894735,
  "time_ms": 226
}