{
  "sum_of_pairs": 0.8406060364100926,
  "column_score": 0.24752475247524752,
  "time_ms": 425
}