{
  "sum_of_pairs": 0.45231806153160936,
  "column_score": 0.11030646763058576,
  "time_ms": 85
}