{
  "sum_of_pairs": 0.6990394702334121,
  "column_score": 0.42276422764227645,
  "time_ms": 75
}