{
  "sum_of_pairs": 0.3557791537667699,
  "column_score": 0.17105263157894737,
  "time_ms": 69
}