{
  "sum_of_pairs": 0.9607433909759491,
  "column_score": 0.8255813953488372,
  "time_ms": 72
}