{
  "sum_of_pairs": 0.7276190476190476,
  "column_score": 0.37142857142857144,
  "time_ms": 32
}