{
  "sum_of_pairs": 0.8323158391797085,
  "column_score": 0.6055045871559633,
  "time_ms": 70
}