{
  "sum_of_pairs": 0.7668854252119224,
  "column_score": 0.6257861635220126,
  "time_ms": 108
}