{
  "sum_of_pairs": 0.4908133054684779,
  "column_score": 0.2988505747126437,
  "time_ms": 23
}