{
  "sum_of_pairs": 0.5222348484848485,
  "column_score": 0.05113636363636364,
  "time_ms": 37
}