{
  "sum_of_pairs": 0.23415637860082306,
  "column_score": 0.16049382716049382,
  "time_ms": 10
}