{
  "sum_of_pairs": 0.5500091526664769,
  "column_score": 0.0673076923076923,
  "time_ms": 468
}