{
  "sum_of_pairs": 0.3156989247311828,
  "column_score": 0.016129032258064516,
  "time_ms": 15
}