{
  "sum_of_pairs": 0.7494516937340783,
  "column_score": 0.046252121325520215,
  "time_ms": 839
}