{
  "sum_of_pairs": 0.9453698982000869,
  "column_score": 0.22297297297297297,
  "time_ms": 889
}