{
  "sum_of_pairs": 0.9406080766679537,
  "column_score": 0.5324074074074074,
  "time_ms": 3087
}