{
  "sum_of_pairs": 0.9205578512396694,
  "column_score": 0.13257575757575757,
  "time_ms": 1713
}