{
  "sum_of_pairs": 0.7570153061224489,
  "column_score": 0.15178571428571427,
  "time_ms": 208
}