{
  "sum_of_pairs": 0.32614960960998596,
  "column_score": 0.009936713435213065,
  "time_ms": 2632
}