{
  "sum_of_pairs": 0.33117383853769994,
  "column_score": 0.0594059405940594,
  "time_ms": 2061
}