{
  "sum_of_pairs": 0.3924564270152505,
  "column_score": 0.08823529411764706,
  "time_ms": 3149
}