{
  "sum_of_pairs": 0.5689002726596711,
  "column_score": 0.05668016194331984,
  "time_ms": 2645
}