{
  "sum_of_pairs": 0.511919592993998,
  "column_score": 0.038834951456310676,
  "time_ms": 8951
}