{
  "sum_of_pairs": 0.2966169169176688,
  "column_score": 0.054945054945054944,
  "time_ms": 1721
}