{
  "sum_of_pairs": 0.6774086315157682,
  "column_score": 0.026847523397886305,
  "time_ms": 326
}