{
  "sum_of_pairs": 0.5288647342995169,
  "column_score": 0.16666666666666666,
  "time_ms": 22
}