{
  "sum_of_pairs": 0.7605314475516983,
  "column_score": 0.13114754098360656,
  "time_ms": 188
}