{
  "sum_of_pairs": 0.8834778174400816,
  "column_score": 0.04054054054054054,
  "time_ms": 382
}