{
  "sum_of_pairs": 0.8970462197734925,
  "column_score": 0.04924242424242424,
  "time_ms": 499
}