{
  "sum_of_pairs": 0.7135008766803039,
  "column_score": 0.07796610169491526,
  "time_ms": 424
}