{
  "sum_of_pairs": 0.9483402140445711,
  "column_score": 0.5601851851851852,
  "time_ms": 1468
}