{
  "sum_of_pairs": 0.6162236277741961,
  "column_score": 0.3712935839387335,
  "time_ms": 22
}