{
  "sum_of_pairs": 0.4009216589861751,
  "column_score": 0.07373271889400922,
  "time_ms": 3
}