{
  "sum_of_pairs": 0.7212806026365348,
  "column_score": 0.5819209039548022,
  "time_ms": 24
}