{
  "sum_of_pairs": 0.7751967028849757,
  "column_score": 0.4968152866242038,
  "time_ms": 39
}