{
  "sum_of_pairs": 0.7742504409171076,
  "column_score": 0.5740740740740741,
  "time_ms": 6
}