{
  "sum_of_pairs": 0.6800126103404792,
  "column_score": 0.5031525851197982,
  "time_ms": 52
}