{
  "sum_of_pairs": 0.7081759756178361,
  "column_score": 0.11627906976744186,
  "time_ms": 67
}