{
  "sum_of_pairs": 0.7123552123552124,
  "column_score": 0.2972972972972973,
  "time_ms": 2
}