{
  "sum_of_pairs": 0.6546879621413783,
  "column_score": 0.5362318840579711,
  "time_ms": 32
}