{
  "sum_of_pairs": 0.8552971576227391,
  "column_score": 0.7441860465116279,
  "time_ms": 3
}