{
  "sum_of_pairs": 0.5470078940667176,
  "column_score": 0.11428571428571428,
  "time_ms": 124
}