{
  "sum_of_pairs": 0.2545977011494253,
  "column_score": 0.10689655172413794,
  "time_ms": 7
}