{
  "sum_of_pairs": 0.6485096870342772,
  "column_score": 0.4426229508196721,
  "time_ms": 29
}