{
  "sum_of_pairs": 0.7962406015037594,
  "column_score": 0.631578947368421,
  "time_ms": 24
}