{
  "sum_of_pairs": 0.6514100785945446,
  "column_score": 0.22330097087378642,
  "time_ms": 10
}