{
  "sum_of_pairs": 0.7677339901477832,
  "column_score": 0.5886699507389163,
  "time_ms": 18
}