{
  "sum_of_pairs": 0.5882352941176471,
  "column_score": 0.4117647058823529,
  "time_ms": 11
}