{
  "sum_of_pairs": 0.6160096540627514,
  "column_score": 0.18584070796460178,
  "time_ms": 45
}