{
  "sum_of_pairs": 0.6797814207650273,
  "column_score": 0.4977645305514158,
  "time_ms": 82
}