{
  "sum_of_pairs": 0.6183031061079841,
  "column_score": 0.13821138211382114,
  "time_ms": 43
}