{
  "sum_of_pairs": 0.7845771144278607,
  "column_score": 0.6925373134328359,
  "time_ms": 16
}