{
  "sum_of_pairs": 0.3667532467532468,
  "column_score": 0.42857142857142855,
  "time_ms": 4
}