{
  "sum_of_pairs": 0.5022382920110193,
  "column_score": 0.3096590909090909,
  "time_ms": 84
}