{
  "sum_of_pairs": 0.8906759906759907,
  "column_score": 0.7692307692307693,
  "time_ms": 35
}