{
  "sum_of_pairs": 0.6725230414746544,
  "column_score": 0.2661290322580645,
  "time_ms": 10
}