{
  "sum_of_pairs": 0.2602822580645161,
  "column_score": 0.14919354838709678,
  "time_ms": 17
}