{
  "sum_of_pairs": 0.7364583333333333,
  "column_score": 0.65625,
  "time_ms": 2
}