{
  "sum_of_pairs": 0.3164251207729469,
  "column_score": 0.14492753623188406,
  "time_ms": 1
}