{
  "sum_of_pairs": 0.3632061520260278,
  "column_score": 0.031055900621118012,
  "time_ms": 14
}