{
  "sum_of_pairs": 0.7057569296375267,
  "column_score": 0.5634328358208955,
  "time_ms": 15
}