{
  "sum_of_pairs": 0.4575569358178054,
  "column_score": 0.10869565217391304,
  "time_ms": 3
}