{
  "sum_of_pairs": 0.6566353492840104,
  "column_score": 0.42093539077323644,
  "time_ms": 31
}