{
  "sum_of_pairs": 0.7142175494190751,
  "column_score": 0.4996672458005985,
  "time_ms": 41
}