{
  "sum_of_pairs": 0.7152465812701414,
  "column_score": 0.5070060497434616,
  "time_ms": 14
}