{
  "sum_of_pairs": 0.7150558020755095,
  "column_score": 0.4996672458005984,
  "time_ms": 46
}