{
  "sum_of_pairs": 0.9358288770053476,
  "column_score": 0.5571428571428572,
  "time_ms": 110
}