{
  "sum_of_pairs": 0.7596006144393241,
  "column_score": 0.5898617511520737,
  "time_ms": 2
}