{
  "sum_of_pairs": 0.6179435483870968,
  "column_score": 0.4717741935483871,
  "time_ms": 64
}