{
  "sum_of_pairs": 0.8410546139359699,
  "column_score": 0.6836158192090396,
  "time_ms": 32
}