{
  "sum_of_pairs": 0.7463487332339791,
  "column_score": 0.5204918032786885,
  "time_ms": 19
}