{
  "sum_of_pairs": 0.6700280112044817,
  "column_score": 0.4117647058823529,
  "time_ms": 30
}