{
  "sum_of_pairs": 0.8323133924482744,
  "column_score": 0.6305732484076433,
  "time_ms": 47
}