{
  "sum_of_pairs": 0.9042929292929293,
  "column_score": 0.6333333333333333,
  "time_ms": 7
}