{
  "sum_of_pairs": 0.7072916666666667,
  "column_score": 0.5520833333333334,
  "time_ms": 2
}