{
  "sum_of_pairs": 0.7868767149209953,
  "column_score": 0.4575645756457565,
  "time_ms": 58
}