{
  "sum_of_pairs": 0.68467417538214,
  "column_score": 0.41150442477876104,
  "time_ms": 49
}