{
  "sum_of_pairs": 0.825615763546798,
  "column_score": 0.7192118226600985,
  "time_ms": 82
}