{
  "sum_of_pairs": 0.9446100841449678,
  "column_score": 0.6976744186046512,
  "time_ms": 172
}