{
  "sum_of_pairs": 0.28563218390804596,
  "column_score": 0.15862068965517243,
  "time_ms": 4
}