{
  "sum_of_pairs": 0.7791181757971426,
  "column_score": 0.4317343173431734,
  "time_ms": 24
}