{
  "sum_of_pairs": 0.7172968624296058,
  "column_score": 0.48451327433628316,
  "time_ms": 58
}