{
  "sum_of_pairs": 0.7123089300080451,
  "column_score": 0.48451327433628316,
  "time_ms": 31
}