{
  "sum_of_pairs": 0.8876381071503022,
  "column_score": 0.6747967479674797,
  "time_ms": 29
}