{
  "sum_of_pairs": 0.9498057498057498,
  "column_score": 0.8256410256410256,
  "time_ms": 43
}