{
  "sum_of_pairs": 0.736318407960199,
  "column_score": 0.6522388059701493,
  "time_ms": 18
}