{
  "sum_of_pairs": 0.7181307305530908,
  "column_score": 0.5279503105590062,
  "time_ms": 21
}