{
  "sum_of_pairs": 0.9383489034651825,
  "column_score": 0.6976744186046512,
  "time_ms": 51
}