{
  "sum_of_pairs": 0.9764568764568765,
  "column_score": 0.9333333333333333,
  "time_ms": 23
}