{
  "sum_of_pairs": 0.7311507936507936,
  "column_score": 0.5714285714285714,
  "time_ms": 4
}