{
  "sum_of_pairs": 0.813463098134631,
  "column_score": 0.5766423357664233,
  "time_ms": 13
}