{
  "sum_of_pairs": 0.7603245570458685,
  "column_score": 0.5529061102831595,
  "time_ms": 97
}