{
  "sum_of_pairs": 0.7378531073446327,
  "column_score": 0.4858757062146893,
  "time_ms": 25
}