{
  "sum_of_pairs": 0.6994685642226626,
  "column_score": 0.5649432534678437,
  "time_ms": 206
}