{
  "sum_of_pairs": 0.7337496451887596,
  "column_score": 0.33948339483394835,
  "time_ms": 50
}