{
  "sum_of_pairs": 0.7891705069124424,
  "column_score": 0.5403225806451613,
  "time_ms": 14
}