{
  "sum_of_pairs": 0.7781124497991968,
  "column_score": 0.6807228915662651,
  "time_ms": 7
}