{
  "sum_of_pairs": 0.8448857249906332,
  "column_score": 0.6369426751592356,
  "time_ms": 26
}