{
  "sum_of_pairs": 0.47534246575342465,
  "column_score": 0.1780821917808219,
  "time_ms": 10
}