{
  "sum_of_pairs": 0.2482758620689655,
  "column_score": 0.12413793103448276,
  "time_ms": 10
}