{
  "sum_of_pairs": 0.6784313725490196,
  "column_score": 0.5294117647058824,
  "time_ms": 9
}