{
  "sum_of_pairs": 0.6727799227799228,
  "column_score": 0.2972972972972973,
  "time_ms": 2
}