{
  "sum_of_pairs": 0.859375,
  "column_score": 0.8020833333333334,
  "time_ms": 4
}