{
  "sum_of_pairs": 0.8696269261962692,
  "column_score": 0.6788321167883211,
  "time_ms": 21
}