{
  "sum_of_pairs": 0.8433454061029932,
  "column_score": 0.6369426751592356,
  "time_ms": 101
}