{
  "sum_of_pairs": 0.6290650406504065,
  "column_score": 0.5670731707317073,
  "time_ms": 6
}