{
  "sum_of_pairs": 0.7566318926974664,
  "column_score": 0.5204918032786885,
  "time_ms": 77
}