{
  "sum_of_pairs": 0.9303319419598489,
  "column_score": 0.6395348837209303,
  "time_ms": 188
}