{
  "sum_of_pairs": 0.9337916984975808,
  "column_score": 0.5571428571428572,
  "time_ms": 205
}