{
  "sum_of_pairs": 0.6694677871148459,
  "column_score": 0.4117647058823529,
  "time_ms": 13
}