{
  "sum_of_pairs": 0.5508515815085158,
  "column_score": 0.291970802919708,
  "time_ms": 3
}