{
  "sum_of_pairs": 0.7947295423023578,
  "column_score": 0.49029126213592233,
  "time_ms": 16
}