{
  "sum_of_pairs": 0.9816627816627816,
  "column_score": 0.9487179487179487,
  "time_ms": 132
}