{
  "sum_of_pairs": 0.578168044077135,
  "column_score": 0.30113636363636365,
  "time_ms": 102
}