{
  "sum_of_pairs": 0.7691897654584222,
  "column_score": 0.6194029850746269,
  "time_ms": 42
}