{
  "sum_of_pairs": 0.8197674418604651,
  "column_score": 0.37209302325581395,
  "time_ms": 3
}