{
  "sum_of_pairs": 0.8958724202626641,
  "column_score": 0.6991869918699187,
  "time_ms": 90
}