{
  "sum_of_pairs": 0.654611781660962,
  "column_score": 0.49810844892812106,
  "time_ms": 56
}