{
  "sum_of_pairs": 0.7388346643005028,
  "column_score": 0.5527950310559007,
  "time_ms": 36
}