{
  "sum_of_pairs": 0.7883093227355522,
  "column_score": 0.6184798807749627,
  "time_ms": 47
}