{
  "sum_of_pairs": 0.6325301204819277,
  "column_score": 0.4759036144578313,
  "time_ms": 2
}