{
  "sum_of_pairs": 0.8069810448451226,
  "column_score": 0.5194174757281553,
  "time_ms": 6
}