{
  "sum_of_pairs": 0.8305418719211822,
  "column_score": 0.7315270935960592,
  "time_ms": 11
}