{
  "sum_of_pairs": 0.850382128159906,
  "column_score": 0.7160493827160493,
  "time_ms": 13
}