{
  "sum_of_pairs": 0.707843137254902,
  "column_score": 0.5490196078431373,
  "time_ms": 6
}