{
  "sum_of_pairs": 0.6974419023599352,
  "column_score": 0.5649432534678437,
  "time_ms": 33
}