{
  "sum_of_pairs": 0.8283730158730159,
  "column_score": 0.6964285714285714,
  "time_ms": 6
}