{
  "sum_of_pairs": 0.7059639389736477,
  "column_score": 0.3592233009708738,
  "time_ms": 10
}