{
  "sum_of_pairs": 0.5503649635036496,
  "column_score": 0.291970802919708,
  "time_ms": 6
}