{
  "sum_of_pairs": 0.8324786324786325,
  "column_score": 0.7435897435897436,
  "time_ms": 2
}