{
  "sum_of_pairs": 0.5783410138248848,
  "column_score": 0.3317972350230415,
  "time_ms": 4
}