{
  "sum_of_pairs": 0.7880952380952381,
  "column_score": 0.46710526315789475,
  "time_ms": 77
}