{
  "sum_of_pairs": 0.7902247855664005,
  "column_score": 0.660455486542443,
  "time_ms": 110
}