{
  "sum_of_pairs": 0.6171802054154996,
  "column_score": 0.33613445378151263,
  "time_ms": 22
}