{
  "sum_of_pairs": 0.7896009273058453,
  "column_score": 0.6184798807749627,
  "time_ms": 112
}