{
  "sum_of_pairs": 0.9121447028423773,
  "column_score": 0.6046511627906976,
  "time_ms": 1
}