{
  "sum_of_pairs": 0.766256157635468,
  "column_score": 0.6330049261083743,
  "time_ms": 18
}