{
  "sum_of_pairs": 0.6506751657462172,
  "column_score": 0.029786496899713043,
  "time_ms": 1103
}