{
  "sum_of_pairs": 0.650675165746217,
  "column_score": 0.02978649689971305,
  "time_ms": 1137
}