{
  "sum_of_pairs": 0.6214470284237726,
  "column_score": 0.16279069767441862,
  "time_ms": 261
}