{
  "sum_of_pairs": 0.7443911335578002,
  "column_score": 0.09166666666666666,
  "time_ms": 3114
}