{
  "sum_of_pairs": 0.4734409932928777,
  "column_score": 0.04455445544554455,
  "time_ms": 577
}