{
  "sum_of_pairs": 0.7218599033816425,
  "column_score": 0.35507246376811596,
  "time_ms": 79
}