{
  "sum_of_pairs": 0.8967745638200184,
  "column_score": 0.13257575757575757,
  "time_ms": 1968
}