{
  "sum_of_pairs": 0.8892878016197713,
  "column_score": 0.0847457627118644,
  "time_ms": 462
}