{
  "sum_of_pairs": 0.7750032175987803,
  "column_score": 0.06481481481481481,
  "time_ms": 3834
}