{
  "sum_of_pairs": 0.8389060356652949,
  "column_score": 0.05555555555555555,
  "time_ms": 4367
}