{
  "sum_of_pairs": 0.7794901601615706,
  "column_score": 0.07947019867549669,
  "time_ms": 1496
}