{
  "sum_of_pairs": 0.7633971190959654,
  "column_score": 0.38472830190492974,
  "time_ms": 355
}