{
  "sum_of_pairs": 0.7705708253580021,
  "column_score": 0.4041042522793078,
  "time_ms": 197
}