{
  "sum_of_pairs": 0.8418234064785789,
  "column_score": 0.6063218390804598,
  "time_ms": 81
}