{
  "sum_of_pairs": 0.9020083364910951,
  "column_score": 0.7172413793103448,
  "time_ms": 19
}