{
  "sum_of_pairs": 0.7592128469321452,
  "column_score": 0.5238095238095238,
  "time_ms": 83
}