{
  "sum_of_pairs": 0.9297956241519675,
  "column_score": 0.49375,
  "time_ms": 2626
}