{
  "sum_of_pairs": 0.6890359168241966,
  "column_score": 0.3695652173913043,
  "time_ms": 24
}