{
  "sum_of_pairs": 0.9412051595620778,
  "column_score": 0.6145833333333334,
  "time_ms": 1356
}