{
  "sum_of_pairs": 0.7910571229536747,
  "column_score": 0.6781609195402298,
  "time_ms": 73
}