{
  "sum_of_pairs": 0.7018255578093306,
  "column_score": 0.1323529411764706,
  "time_ms": 377
}