{
  "sum_of_pairs": 0.8213441404930767,
  "column_score": 0.624113475177305,
  "time_ms": 69
}