{
  "sum_of_pairs": 0.9172531081398076,
  "column_score": 0.4642857142857143,
  "time_ms": 188
}