{
  "sum_of_pairs": 0.8904130352406214,
  "column_score": 0.696551724137931,
  "time_ms": 39
}