{
  "sum_of_pairs": 0.7491032776747062,
  "column_score": 0.27346938775510204,
  "time_ms": 48
}