{
  "sum_of_pairs": 0.7046916643690837,
  "column_score": 0.3951612903225806,
  "time_ms": 384
}