{
  "sum_of_pairs": 0.914582560296846,
  "column_score": 0.6171428571428571,
  "time_ms": 118
}