{
  "sum_of_pairs": 0.7757201646090535,
  "column_score": 0.6481481481481481,
  "time_ms": 31
}