{
  "sum_of_pairs": 0.7714486638537271,
  "column_score": 0.4177215189873418,
  "time_ms": 28
}