{
  "sum_of_pairs": 0.7270879691440439,
  "column_score": 0.411214953271028,
  "time_ms": 330
}