{
  "sum_of_pairs": 0.8128107295641115,
  "column_score": 0.3118279569892473,
  "time_ms": 251
}