{
  "sum_of_pairs": 0.779532967032967,
  "column_score": 0.47115384615384615,
  "time_ms": 81
}