{
  "sum_of_pairs": 0.9433743885394829,
  "column_score": 0.6145833333333334,
  "time_ms": 750
}