{
  "sum_of_pairs": 0.8577831482243247,
  "column_score": 0.46153846153846156,
  "time_ms": 418
}