{
  "sum_of_pairs": 0.8006792058516197,
  "column_score": 0.7040229885057471,
  "time_ms": 35
}