{
  "sum_of_pairs": 0.8221590909090909,
  "column_score": 0.4602272727272727,
  "time_ms": 74
}