{
  "sum_of_pairs": 0.7683364254792826,
  "column_score": 0.3469387755102041,
  "time_ms": 28
}