{
  "sum_of_pairs": 0.6739140632329487,
  "column_score": 0.34210526315789475,
  "time_ms": 227
}