{
  "sum_of_pairs": 0.8866120218579235,
  "column_score": 0.6885245901639344,
  "time_ms": 4
}