{
  "sum_of_pairs": 0.8528726175785,
  "column_score": 0.44711538461538464,
  "time_ms": 752
}