{
  "sum_of_pairs": 0.6677446400766559,
  "column_score": 0.36363636363636365,
  "time_ms": 32
}