{
  "sum_of_pairs": 0.7076572008113591,
  "column_score": 0.1323529411764706,
  "time_ms": 152
}