{
  "sum_of_pairs": 0.8184659090909091,
  "column_score": 0.44886363636363635,
  "time_ms": 142
}