{
  "sum_of_pairs": 0.6901397011046134,
  "column_score": 0.5069444444444444,
  "time_ms": 67
}