{
  "sum_of_pairs": 0.8992099396800419,
  "column_score": 0.6504065040650406,
  "time_ms": 282
}