{
  "sum_of_pairs": 0.7938271604938272,
  "column_score": 0.7098765432098766,
  "time_ms": 19
}