{
  "sum_of_pairs": 0.8957257047553188,
  "column_score": 0.34615384615384615,
  "time_ms": 2185
}