{
  "sum_of_pairs": 0.7412238325281804,
  "column_score": 0.36666666666666664,
  "time_ms": 282
}