{
  "sum_of_pairs": 0.7568922305764411,
  "column_score": 0.5158730158730159,
  "time_ms": 130
}