{
  "sum_of_pairs": 0.9187192118226601,
  "column_score": 0.47619047619047616,
  "time_ms": 117
}