{
  "sum_of_pairs": 0.5445737694258405,
  "column_score": 0.1893491124260355,
  "time_ms": 28
}