{
  "sum_of_pairs": 0.779887482419128,
  "column_score": 0.46835443037974683,
  "time_ms": 17
}