{
  "sum_of_pairs": 0.8193792023579257,
  "column_score": 0.6028368794326241,
  "time_ms": 134
}