{
  "sum_of_pairs": 0.9252394765245547,
  "column_score": 0.8027522935779816,
  "time_ms": 114
}