{
  "sum_of_pairs": 0.7087813620071685,
  "column_score": 0.3951612903225806,
  "time_ms": 229
}