{
  "sum_of_pairs": 0.6740782437376864,
  "column_score": 0.35526315789473684,
  "time_ms": 134
}