{
  "sum_of_pairs": 0.8948467447236931,
  "column_score": 0.7389937106918238,
  "time_ms": 391
}