{
  "sum_of_pairs": 0.8529143897996357,
  "column_score": 0.6229508196721312,
  "time_ms": 6
}