{
  "sum_of_pairs": 0.8975765773095229,
  "column_score": 0.3557692307692308,
  "time_ms": 1645
}