{
  "sum_of_pairs": 0.8979168220349516,
  "column_score": 0.7610062893081762,
  "time_ms": 197
}