{
  "sum_of_pairs": 0.654569409510121,
  "column_score": 0.36363636363636365,
  "time_ms": 71
}