{
  "sum_of_pairs": 0.9208041014570966,
  "column_score": 0.7889908256880734,
  "time_ms": 206
}