{
  "sum_of_pairs": 0.7105754543990838,
  "column_score": 0.49864748217946264,
  "time_ms": 44
}