{
  "sum_of_pairs": 0.7449607913332804,
  "column_score": 0.550499571638226,
  "time_ms": 18
}