{
  "sum_of_pairs": 0.8280788177339902,
  "column_score": 0.6798029556650246,
  "time_ms": 10
}