{
  "sum_of_pairs": 0.9140310669722435,
  "column_score": 0.5857142857142857,
  "time_ms": 141
}