{
  "sum_of_pairs": 0.9264123410464874,
  "column_score": 0.7154471544715447,
  "time_ms": 35
}