{
  "sum_of_pairs": 0.6788321167883211,
  "column_score": 0.40145985401459855,
  "time_ms": 2
}