{
  "sum_of_pairs": 0.8033794162826421,
  "column_score": 0.6912442396313364,
  "time_ms": 1
}