{
  "sum_of_pairs": 0.77135961383749,
  "column_score": 0.5287610619469026,
  "time_ms": 65
}