{
  "sum_of_pairs": 0.9061654385745805,
  "column_score": 0.732484076433121,
  "time_ms": 29
}