{
  "sum_of_pairs": 0.9031007751937985,
  "column_score": 0.6046511627906976,
  "time_ms": 3
}