{
  "sum_of_pairs": 0.8506892230576442,
  "column_score": 0.5526315789473685,
  "time_ms": 29
}