{
  "sum_of_pairs": 0.6802721088435374,
  "column_score": 0.4472049689440994,
  "time_ms": 9
}