{
  "sum_of_pairs": 0.9071046600458366,
  "column_score": 0.5571428571428572,
  "time_ms": 372
}