{
  "sum_of_pairs": 0.6167953667953668,
  "column_score": 0.40540540540540543,
  "time_ms": 0
}