{
  "sum_of_pairs": 0.8063338301043219,
  "column_score": 0.6434426229508197,
  "time_ms": 22
}