{
  "sum_of_pairs": 0.7690763052208835,
  "column_score": 0.6626506024096386,
  "time_ms": 1
}