{
  "sum_of_pairs": 0.562111801242236,
  "column_score": 0.021739130434782608,
  "time_ms": 2
}