{
  "sum_of_pairs": 0.8606102635228848,
  "column_score": 0.6601941747572816,
  "time_ms": 5
}