{
  "sum_of_pairs": 0.8075178009604239,
  "column_score": 0.6795827123695977,
  "time_ms": 148
}