{
  "sum_of_pairs": 0.25287356321839083,
  "column_score": 0.10689655172413794,
  "time_ms": 3
}