{
  "sum_of_pairs": 0.7932190760059612,
  "column_score": 0.6065573770491803,
  "time_ms": 68
}