{
  "sum_of_pairs": 0.8088669950738916,
  "column_score": 0.6551724137931034,
  "time_ms": 23
}