{
  "sum_of_pairs": 0.7966269841269841,
  "column_score": 0.7440476190476191,
  "time_ms": 1
}