{
  "sum_of_pairs": 0.9186868686868687,
  "column_score": 0.6833333333333333,
  "time_ms": 11
}