{
  "sum_of_pairs": 0.8261673601479427,
  "column_score": 0.616504854368932,
  "time_ms": 33
}