{
  "sum_of_pairs": 0.99005439005439,
  "column_score": 0.9641025641025641,
  "time_ms": 27
}