{
  "sum_of_pairs": 0.6566104702750666,
  "column_score": 0.40993788819875776,
  "time_ms": 22
}