{
  "sum_of_pairs": 0.6881887052341598,
  "column_score": 0.48011363636363635,
  "time_ms": 90
}