{
  "sum_of_pairs": 0.8274509803921568,
  "column_score": 0.6470588235294118,
  "time_ms": 1
}