{
  "sum_of_pairs": 0.8188772975658222,
  "column_score": 0.7019374068554396,
  "time_ms": 76
}