{
  "sum_of_pairs": 0.8807785888077859,
  "column_score": 0.7226277372262774,
  "time_ms": 4
}