{
  "sum_of_pairs": 0.22413793103448276,
  "column_score": 0.09310344827586207,
  "time_ms": 5
}