{
  "sum_of_pairs": 0.8778195488721805,
  "column_score": 0.5986842105263158,
  "time_ms": 16
}