{
  "sum_of_pairs": 0.7819829424307037,
  "column_score": 0.47761194029850745,
  "time_ms": 16
}