{
  "sum_of_pairs": 0.600609756097561,
  "column_score": 0.4451219512195122,
  "time_ms": 2
}