{
  "sum_of_pairs": 0.8519668737060041,
  "column_score": 0.7039337474120083,
  "time_ms": 40
}