{
  "sum_of_pairs": 0.7145299145299145,
  "column_score": 0.717948717948718,
  "time_ms": 0
}