{
  "sum_of_pairs": 0.5548780487804879,
  "column_score": 0.39634146341463417,
  "time_ms": 4
}