{
  "sum_of_pairs": 0.7766168257971536,
  "column_score": 0.6153846153846154,
  "time_ms": 45
}