{
  "sum_of_pairs": 0.8971733066899796,
  "column_score": 0.7261146496815286,
  "time_ms": 69
}