{
  "sum_of_pairs": 0.8864241348713399,
  "column_score": 0.7556935817805382,
  "time_ms": 24
}