{
  "sum_of_pairs": 0.799623352165725,
  "column_score": 0.536723163841808,
  "time_ms": 37
}