{
  "sum_of_pairs": 0.7067972350230415,
  "column_score": 0.5161290322580645,
  "time_ms": 5
}