{
  "sum_of_pairs": 0.6689516129032258,
  "column_score": 0.5725806451612904,
  "time_ms": 25
}