{
  "sum_of_pairs": 0.8223880597014925,
  "column_score": 0.755223880597015,
  "time_ms": 16
}