{
  "sum_of_pairs": 0.6755337465564738,
  "column_score": 0.44886363636363635,
  "time_ms": 169
}