{
  "sum_of_pairs": 0.9867909867909868,
  "column_score": 0.9538461538461539,
  "time_ms": 78
}