{
  "sum_of_pairs": 0.8534136546184738,
  "column_score": 0.7771084337349398,
  "time_ms": 1
}