{
  "sum_of_pairs": 0.7608088632678797,
  "column_score": 0.5952080706179067,
  "time_ms": 83
}