{
  "sum_of_pairs": 0.8052594171997157,
  "column_score": 0.5298507462686567,
  "time_ms": 9
}