{
  "sum_of_pairs": 0.8524875621890547,
  "column_score": 0.7865671641791044,
  "time_ms": 9
}