{
  "sum_of_pairs": 0.7401709401709402,
  "column_score": 0.7692307692307693,
  "time_ms": 0
}