{
  "sum_of_pairs": 0.6589861751152074,
  "column_score": 0.4930875576036866,
  "time_ms": 2
}