{
  "sum_of_pairs": 0.7925303454715219,
  "column_score": 0.5294117647058824,
  "time_ms": 46
}