{
  "sum_of_pairs": 0.5821917808219178,
  "column_score": 0.2876712328767123,
  "time_ms": 8
}