{
  "sum_of_pairs": 0.6837557603686636,
  "column_score": 0.46774193548387094,
  "time_ms": 15
}