{
  "sum_of_pairs": 0.897270257735374,
  "column_score": 0.5348837209302325,
  "time_ms": 226
}