{
  "sum_of_pairs": 0.7841512469831053,
  "column_score": 0.5486725663716814,
  "time_ms": 42
}