{
  "sum_of_pairs": 0.8573185731857319,
  "column_score": 0.5498154981549815,
  "time_ms": 71
}