{
  "sum_of_pairs": 0.898628503279666,
  "column_score": 0.5348837209302325,
  "time_ms": 61
}