{
  "sum_of_pairs": 0.9203409758965314,
  "column_score": 0.845679012345679,
  "time_ms": 4
}