{
  "sum_of_pairs": 0.8493408662900188,
  "column_score": 0.6440677966101694,
  "time_ms": 15
}