{
  "sum_of_pairs": 0.6467153284671533,
  "column_score": 0.36496350364963503,
  "time_ms": 3
}