{
  "sum_of_pairs": 0.5869565217391305,
  "column_score": 0.043478260869565216,
  "time_ms": 1
}