{
  "sum_of_pairs": 0.819234360410831,
  "column_score": 0.6218487394957983,
  "time_ms": 15
}