{
  "sum_of_pairs": 0.7017719985236694,
  "column_score": 0.318863155274249,
  "time_ms": 209
}