{
  "sum_of_pairs": 0.7261936028974016,
  "column_score": 0.3461219135626346,
  "time_ms": 417
}