{
  "sum_of_pairs": 0.8726971398021919,
  "column_score": 0.5069767441860465,
  "time_ms": 620
}