{
  "sum_of_pairs": 0.8838418020269332,
  "column_score": 0.3673469387755102,
  "time_ms": 683
}