{
  "sum_of_pairs": 0.7016715830875123,
  "column_score": 0.2831858407079646,
  "time_ms": 482
}