{
  "sum_of_pairs": 0.8786243386243386,
  "column_score": 0.13333333333333333,
  "time_ms": 121
}