{
  "sum_of_pairs": 0.8888888888888888,
  "column_score": 0.7281879194630873,
  "time_ms": 37
}