{
  "sum_of_pairs": 0.8238435139194983,
  "column_score": 0.5841584158415841,
  "time_ms": 773
}