{
  "sum_of_pairs": 0.9612474911224332,
  "column_score": 0.8740157480314961,
  "time_ms": 75
}