{
  "sum_of_pairs": 0.6831791684732861,
  "column_score": 0.13513513513513514,
  "time_ms": 506
}