{
  "sum_of_pairs": 0.6807101218865925,
  "column_score": 0.13513513513513514,
  "time_ms": 226
}