{
  "sum_of_pairs": 0.9072280178837556,
  "column_score": 0.7110655737704918,
  "time_ms": 89
}