{
  "sum_of_pairs": 0.8948907882241216,
  "column_score": 0.7530864197530864,
  "time_ms": 136
}