{
  "sum_of_pairs": 0.8253675865925463,
  "column_score": 0.5841584158415841,
  "time_ms": 954
}