{
  "sum_of_pairs": 0.8685485164394547,
  "column_score": 0.5255813953488372,
  "time_ms": 490
}