{
  "sum_of_pairs": 0.6378912071535022,
  "column_score": 0.2889344262295082,
  "time_ms": 44
}