{
  "sum_of_pairs": 0.8252250474216857,
  "column_score": 0.5841584158415841,
  "time_ms": 410
}