{
  "sum_of_pairs": 0.8376211782252051,
  "column_score": 0.6174496644295302,
  "time_ms": 31
}