{
  "sum_of_pairs": 0.6894788593903638,
  "column_score": 0.2831858407079646,
  "time_ms": 448
}