{
  "sum_of_pairs": 0.9571303587051618,
  "column_score": 0.8661417322834646,
  "time_ms": 35
}