{
  "sum_of_pairs": 0.6222056631892697,
  "column_score": 0.26639344262295084,
  "time_ms": 126
}