{
  "sum_of_pairs": 0.7840133919229965,
  "column_score": 0.14814814814814814,
  "time_ms": 1758
}