{
  "sum_of_pairs": 0.6146597698384058,
  "column_score": 0.25153374233128833,
  "time_ms": 63
}