{
  "sum_of_pairs": 0.7863988282067378,
  "column_score": 0.18518518518518517,
  "time_ms": 1023
}