{
  "sum_of_pairs": 0.892991452991453,
  "column_score": 0.7283950617283951,
  "time_ms": 106
}