{
  "sum_of_pairs": 0.7915184487689195,
  "column_score": 0.18518518518518517,
  "time_ms": 1840
}