{
  "sum_of_pairs": 0.8764726631393298,
  "column_score": 0.13333333333333333,
  "time_ms": 289
}