{
  "sum_of_pairs": 0.881915521310565,
  "column_score": 0.3469387755102041,
  "time_ms": 931
}