{
  "sum_of_pairs": 0.692330383480826,
  "column_score": 0.2831858407079646,
  "time_ms": 189
}