{
  "sum_of_pairs": 0.5989013192188941,
  "column_score": 0.22085889570552147,
  "time_ms": 107
}