{
  "sum_of_pairs": 0.8767353880327641,
  "column_score": 0.3673469387755102,
  "time_ms": 1102
}