{
  "sum_of_pairs": 0.4544594398976759,
  "column_score": 0.08022508952758912,
  "time_ms": 106
}