{
  "sum_of_pairs": 0.6448329323710238,
  "column_score": 0.32558139534883723,
  "time_ms": 128
}