{
  "sum_of_pairs": 0.5045454545454545,
  "column_score": 0.22131147540983606,
  "time_ms": 39
}