{
  "sum_of_pairs": 0.5620758089097946,
  "column_score": 0.13861386138613863,
  "time_ms": 249
}