{
  "sum_of_pairs": 0.5162884051258299,
  "column_score": 0.05511811023622047,
  "time_ms": 31
}