{
  "sum_of_pairs": 0.443199884376355,
  "column_score": 0.006756756756756757,
  "time_ms": 134
}