{
  "sum_of_pairs": 0.4050849838460458,
  "column_score": 0.061946902654867256,
  "time_ms": 103
}