{
  "sum_of_pairs": 0.8421686992525826,
  "column_score": 0.4781592298868477,
  "time_ms": 738
}