{
  "sum_of_pairs": 0.8421686992525829,
  "column_score": 0.4781592298868477,
  "time_ms": 691
}