{
  "sum_of_pairs": 0.9306122448979591,
  "column_score": 0.7371428571428571,
  "time_ms": 335
}