{
  "sum_of_pairs": 0.9910614077280744,
  "column_score": 0.9545454545454546,
  "time_ms": 515
}