{
  "sum_of_pairs": 0.8955473098330241,
  "column_score": 0.7306122448979592,
  "time_ms": 292
}