{
  "sum_of_pairs": 0.5673717762967256,
  "column_score": 0.19117647058823528,
  "time_ms": 561
}