{
  "sum_of_pairs": 0.9293906810035842,
  "column_score": 0.7774193548387097,
  "time_ms": 466
}