{
  "sum_of_pairs": 0.9430177032378291,
  "column_score": 0.7395833333333334,
  "time_ms": 1386
}