{
  "sum_of_pairs": 0.9911548399920493,
  "column_score": 0.9651162790697675,
  "time_ms": 447
}