{
  "sum_of_pairs": 0.9661036828524513,
  "column_score": 0.6726190476190477,
  "time_ms": 475
}