{
  "sum_of_pairs": 0.869198312236287,
  "column_score": 0.6329113924050633,
  "time_ms": 246
}