{
  "sum_of_pairs": 0.9482926277702397,
  "column_score": 0.603125,
  "time_ms": 856
}