{
  "sum_of_pairs": 0.8957329284126669,
  "column_score": 0.32098765432098764,
  "time_ms": 832
}