{
  "sum_of_pairs": 0.8901079763148728,
  "column_score": 0.7557471264367817,
  "time_ms": 455
}