{
  "sum_of_pairs": 0.7918956043956044,
  "column_score": 0.46153846153846156,
  "time_ms": 829
}