{
  "sum_of_pairs": 0.8463136033229491,
  "column_score": 0.5514018691588785,
  "time_ms": 775
}