{
  "sum_of_pairs": 0.9114420062695925,
  "column_score": 0.7873563218390804,
  "time_ms": 316
}