{
  "sum_of_pairs": 0.8665071770334928,
  "column_score": 0.5789473684210527,
  "time_ms": 343
}