{
  "sum_of_pairs": 0.9597816399286988,
  "column_score": 0.7403846153846154,
  "time_ms": 790
}