{
  "sum_of_pairs": 0.5668826394632847,
  "column_score": 0.1935483870967742,
  "time_ms": 1393
}