{
  "sum_of_pairs": 0.9371885654340414,
  "column_score": 0.8211382113821138,
  "time_ms": 388
}