{
  "sum_of_pairs": 0.9210954530103467,
  "column_score": 0.49645390070921985,
  "time_ms": 302
}