{
  "sum_of_pairs": 0.8711405166981726,
  "column_score": 0.45652173913043476,
  "time_ms": 254
}