{
  "sum_of_pairs": 0.8084952621748199,
  "column_score": 0.11251577218129089,
  "time_ms": 1003
}