{
  "sum_of_pairs": 0.8022125968117242,
  "column_score": 0.10656402297342642,
  "time_ms": 922
}