{
  "sum_of_pairs": 0.8080260461222316,
  "column_score": 0.11786268486783712,
  "time_ms": 453
}