{
  "sum_of_pairs": 0.8084742385922291,
  "column_score": 0.11251577218129091,
  "time_ms": 1982
}