{
  "sum_of_pairs": 0.6190971499895985,
  "column_score": 0.03289473684210526,
  "time_ms": 147
}