{
  "sum_of_pairs": 0.9524335656411128,
  "column_score": 0.19594594594594594,
  "time_ms": 1882
}