{
  "sum_of_pairs": 0.796969696969697,
  "column_score": 0.18181818181818182,
  "time_ms": 23
}