{
  "sum_of_pairs": 0.7014616630564174,
  "column_score": 0.08064516129032258,
  "time_ms": 1646
}