{
  "sum_of_pairs": 0.8052767804959505,
  "column_score": 0.20677966101694914,
  "time_ms": 2119
}