{
  "sum_of_pairs": 0.9444560407447607,
  "column_score": 0.2627118644067797,
  "time_ms": 354
}