{
  "sum_of_pairs": 0.9397221830820535,
  "column_score": 0.2913907284768212,
  "time_ms": 1084
}