{
  "sum_of_pairs": 0.9517017017017017,
  "column_score": 0.19594594594594594,
  "time_ms": 405
}