{
  "sum_of_pairs": 0.9320860116314662,
  "column_score": 0.10227272727272728,
  "time_ms": 1380
}