{
  "sum_of_pairs": 0.9291041767456861,
  "column_score": 0.06944444444444445,
  "time_ms": 740
}