{
  "sum_of_pairs": 0.9734152088469116,
  "column_score": 0.5046296296296297,
  "time_ms": 2097
}