{
  "sum_of_pairs": 0.827475845410628,
  "column_score": 0.391304347826087,
  "time_ms": 54
}