{
  "sum_of_pairs": 0.9154246794871795,
  "column_score": 0.13333333333333333,
  "time_ms": 2055
}