{
  "sum_of_pairs": 0.9350860748266409,
  "column_score": 0.08333333333333333,
  "time_ms": 1806
}