{
  "sum_of_pairs": 0.6880793474230626,
  "column_score": 0.04838709677419355,
  "time_ms": 925
}