{
  "sum_of_pairs": 0.7908008658008658,
  "column_score": 0.18181818181818182,
  "time_ms": 41
}