{
  "sum_of_pairs": 0.9446421022967451,
  "column_score": 0.3509933774834437,
  "time_ms": 1409
}