{
  "sum_of_pairs": 0.9355984083256811,
  "column_score": 0.13257575757575757,
  "time_ms": 739
}