{
  "sum_of_pairs": 0.799707773232028,
  "column_score": 0.17966101694915254,
  "time_ms": 1125
}