{
  "sum_of_pairs": 0.9321581196581197,
  "column_score": 0.08333333333333333,
  "time_ms": 401
}