{
  "sum_of_pairs": 0.8543435462040113,
  "column_score": 0.5348837209302325,
  "time_ms": 408
}