{
  "sum_of_pairs": 0.7743332801022038,
  "column_score": 0.19801980198019803,
  "time_ms": 437
}