{
  "sum_of_pairs": 0.7016860839529302,
  "column_score": 0.08064516129032258,
  "time_ms": 1150
}