{
  "sum_of_pairs": 0.935514233241506,
  "column_score": 0.13257575757575757,
  "time_ms": 1798
}