{
  "sum_of_pairs": 0.6350114416475973,
  "column_score": 0.03289473684210526,
  "time_ms": 69
}