{
  "sum_of_pairs": 0.8062119061534608,
  "column_score": 0.20677966101694914,
  "time_ms": 554
}