{
  "sum_of_pairs": 0.8896689167470266,
  "column_score": 0.04371584699453552,
  "time_ms": 694
}