{
  "sum_of_pairs": 0.9724672547447206,
  "column_score": 0.4861111111111111,
  "time_ms": 2985
}