{
  "sum_of_pairs": 0.9504032334221013,
  "column_score": 0.1891891891891892,
  "time_ms": 1126
}