{
  "sum_of_pairs": 0.8433616340593085,
  "column_score": 0.4418604651162791,
  "time_ms": 423
}