{
  "sum_of_pairs": 0.6899283804617216,
  "column_score": 0.04838709677419355,
  "time_ms": 483
}