{
  "sum_of_pairs": 0.6291085916371958,
  "column_score": 0.03289473684210526,
  "time_ms": 304
}