{
  "sum_of_pairs": 0.8761655524278676,
  "column_score": 0.39285714285714285,
  "time_ms": 141
}