{
  "sum_of_pairs": 0.9474200551056191,
  "column_score": 0.3220338983050847,
  "time_ms": 224
}