{
  "sum_of_pairs": 0.811038961038961,
  "column_score": 0.18181818181818182,
  "time_ms": 16
}