{
  "sum_of_pairs": 0.9738013207005455,
  "column_score": 0.5046296296296297,
  "time_ms": 3550
}