{
  "sum_of_pairs": 0.9443309379550044,
  "column_score": 0.3509933774834437,
  "time_ms": 653
}