{
  "sum_of_pairs": 0.823731884057971,
  "column_score": 0.34782608695652173,
  "time_ms": 37
}