{
  "sum_of_pairs": 0.5834237198310525,
  "column_score": 0.18377592294769374,
  "time_ms": 117
}