{
  "sum_of_pairs": 0.6261462675255779,
  "column_score": 0.1724137931034483,
  "time_ms": 19
}