{
  "sum_of_pairs": 0.6030128874956461,
  "column_score": 0.4109195402298851,
  "time_ms": 32
}