{
  "sum_of_pairs": 0.47118119975262834,
  "column_score": 0.02040816326530612,
  "time_ms": 25
}