{
  "sum_of_pairs": 0.704473850031506,
  "column_score": 0.41304347826086957,
  "time_ms": 23
}