{
  "sum_of_pairs": 0.8497845329606336,
  "column_score": 0.3958333333333333,
  "time_ms": 426
}