{
  "sum_of_pairs": 0.5745601915814682,
  "column_score": 0.06382978723404255,
  "time_ms": 56
}