{
  "sum_of_pairs": 0.4792987776858745,
  "column_score": 0.08064516129032258,
  "time_ms": 122
}