{
  "sum_of_pairs": 0.7367641936607454,
  "column_score": 0.39655172413793105,
  "time_ms": 38
}