{
  "sum_of_pairs": 0.6340501792114696,
  "column_score": 0.44193548387096776,
  "time_ms": 29
}