{
  "sum_of_pairs": 0.8807339449541285,
  "column_score": 0.6995412844036697,
  "time_ms": 85
}