{
  "sum_of_pairs": 0.6744505494505495,
  "column_score": 0.4423076923076923,
  "time_ms": 60
}