{
  "sum_of_pairs": 0.8465209933626668,
  "column_score": 0.7075471698113207,
  "time_ms": 127
}