{
  "sum_of_pairs": 0.7620967741935484,
  "column_score": 0.4634146341463415,
  "time_ms": 96
}