{
  "sum_of_pairs": 0.8312867480777929,
  "column_score": 0.296875,
  "time_ms": 946
}