{
  "sum_of_pairs": 0.6909707939119704,
  "column_score": 0.27884615384615385,
  "time_ms": 233
}