{
  "sum_of_pairs": 0.8171768707482994,
  "column_score": 0.15476190476190477,
  "time_ms": 93
}