{
  "sum_of_pairs": 0.3496114822758321,
  "column_score": 0.08565203715928493,
  "time_ms": 574
}