{
  "sum_of_pairs": 0.7773099850968703,
  "column_score": 0.35655737704918034,
  "time_ms": 97
}