{
  "sum_of_pairs": 0.6355331841909023,
  "column_score": 0.35906040268456374,
  "time_ms": 44
}