{
  "sum_of_pairs": 0.60233169914703,
  "column_score": 0.004599582012769281,
  "time_ms": 733
}