{
  "sum_of_pairs": 0.7212092807611675,
  "column_score": 0.09027777777777778,
  "time_ms": 598
}