{
  "sum_of_pairs": 0.47224375601784535,
  "column_score": 0.07279405582463203,
  "time_ms": 297
}