{
  "sum_of_pairs": 0.64834111869685,
  "column_score": 0.3333333333333333,
  "time_ms": 58
}