{
  "sum_of_pairs": 0.5145419714385232,
  "column_score": 0.040229885057471264,
  "time_ms": 63
}