{
  "sum_of_pairs": 0.7154614139233675,
  "column_score": 0.2798165137614679,
  "time_ms": 150
}