{
  "sum_of_pairs": 0.49323863636363635,
  "column_score": 0.1534090909090909,
  "time_ms": 132
}