{
  "sum_of_pairs": 0.6319713261648745,
  "column_score": 0.04838709677419355,
  "time_ms": 44
}