{
  "sum_of_pairs": 0.7916666666666666,
  "column_score": 0.6075949367088608,
  "time_ms": 27
}