{
  "sum_of_pairs": 0.6114594218042494,
  "column_score": 0.41954022988505746,
  "time_ms": 53
}