{
  "sum_of_pairs": 0.44650205761316875,
  "column_score": 0.15432098765432098,
  "time_ms": 27
}