{
  "sum_of_pairs": 0.9220830848737825,
  "column_score": 0.5348837209302325,
  "time_ms": 164
}