{
  "sum_of_pairs": 0.8287638287638288,
  "column_score": 0.6363636363636364,
  "time_ms": 214
}