{
  "sum_of_pairs": 0.4481456043956044,
  "column_score": 0.04807692307692308,
  "time_ms": 120
}