{
  "sum_of_pairs": 0.6660240140364211,
  "column_score": 0.03071268710546529,
  "time_ms": 699
}