{
  "sum_of_pairs": 0.6278366869833848,
  "column_score": 0.04745762711864407,
  "time_ms": 1036
}