{
  "sum_of_pairs": 0.92126575937213,
  "column_score": 0.11016949152542373,
  "time_ms": 157
}