{
  "sum_of_pairs": 0.9174030017721544,
  "column_score": 0.47685185185185186,
  "time_ms": 3023
}