{
  "sum_of_pairs": 0.7836236090953073,
  "column_score": 0.08333333333333333,
  "time_ms": 582
}