{
  "sum_of_pairs": 0.7582889341514655,
  "column_score": 0.052134967402912936,
  "time_ms": 855
}