{
  "sum_of_pairs": 0.947356946893984,
  "column_score": 0.0873015873015873,
  "time_ms": 3614
}