{
  "sum_of_pairs": 0.8732797599914283,
  "column_score": 0.2459016393442623,
  "time_ms": 541
}