{
  "sum_of_pairs": 0.6215700750584472,
  "column_score": 0.313953488372093,
  "time_ms": 326
}