{
  "sum_of_pairs": 0.8056606263194933,
  "column_score": 0.17857142857142858,
  "time_ms": 236
}