{
  "sum_of_pairs": 0.18475932916446822,
  "column_score": 0.048897077419132726,
  "time_ms": 5
}