{
  "sum_of_pairs": 0.18881249343571926,
  "column_score": 0.05104133300585116,
  "time_ms": 16
}