{
  "sum_of_pairs": 0.18808287333283047,
  "column_score": 0.048617510291169716,
  "time_ms": 12
}