{
  "sum_of_pairs": 0.18881249343571924,
  "column_score": 0.05104133300585116,
  "time_ms": 29
}