{
  "sum_of_pairs": 0.1871345029239766,
  "column_score": 0.017543859649122806,
  "time_ms": 1
}