{
  "sum_of_pairs": 0.2321187584345479,
  "column_score": 0.08502024291497975,
  "time_ms": 10
}