{
  "sum_of_pairs": 0.5544217687074829,
  "column_score": 0.4897959183673469,
  "time_ms": 4
}