{
  "sum_of_pairs": 0.2255892255892256,
  "column_score": 0.09595959595959595,
  "time_ms": 11
}