{
  "sum_of_pairs": 0.21367521367521367,
  "column_score": 0.0641025641025641,
  "time_ms": 4
}