{
  "sum_of_pairs": 0.2134502923976608,
  "column_score": 0.03508771929824561,
  "time_ms": 2
}