{
  "sum_of_pairs": 0.3917989417989418,
  "column_score": 0.15555555555555556,
  "time_ms": 11
}