{
  "sum_of_pairs": 0.2829931972789116,
  "column_score": 0.08571428571428572,
  "time_ms": 6
}