{
  "sum_of_pairs": 0.17255892255892255,
  "column_score": 0.06565656565656566,
  "time_ms": 3
}