{
  "sum_of_pairs": 0.16268260292164674,
  "column_score": 0.00398406374501992,
  "time_ms": 4
}