{
  "sum_of_pairs": 0.2456839309428951,
  "column_score": 0.035856573705179286,
  "time_ms": 10
}