{
  "sum_of_pairs": 0.22895622895622897,
  "column_score": 0.09090909090909091,
  "time_ms": 2
}