{
  "sum_of_pairs": 0.35209713024282563,
  "column_score": 0.1986754966887417,
  "time_ms": 1
}