{
  "sum_of_pairs": 0.14777327935222673,
  "column_score": 0.032388663967611336,
  "time_ms": 6
}