{
  "sum_of_pairs": 0.3163265306122449,
  "column_score": 0.14285714285714285,
  "time_ms": 3
}