{
  "sum_of_pairs": 0.22402159244264508,
  "column_score": 0.08502024291497975,
  "time_ms": 8
}