{
  "sum_of_pairs": 0.35103383458646614,
  "column_score": 0.18421052631578946,
  "time_ms": 8
}