{
  "sum_of_pairs": 0.42804232804232806,
  "column_score": 0.21481481481481482,
  "time_ms": 33
}