{
  "sum_of_pairs": 0.27704194260485654,
  "column_score": 0.1390728476821192,
  "time_ms": 5
}