{
  "sum_of_pairs": 0.42962962962962964,
  "column_score": 0.17037037037037037,
  "time_ms": 7
}