{
  "sum_of_pairs": 0.2272108843537415,
  "column_score": 0.08571428571428572,
  "time_ms": 5
}