{
  "sum_of_pairs": 0.3919172932330827,
  "column_score": 0.18421052631578946,
  "time_ms": 11
}