{
  "sum_of_pairs": 0.41964285714285715,
  "column_score": 0.27631578947368424,
  "time_ms": 18
}