{
  "sum_of_pairs": 0.38627819548872183,
  "column_score": 0.18421052631578946,
  "time_ms": 5
}