{
  "sum_of_pairs": 0.48929452559135334,
  "column_score": 0.12530074685272552,
  "time_ms": 64
}