{
  "sum_of_pairs": 0.6032741205154998,
  "column_score": 0.49712643678160917,
  "time_ms": 18
}