{
  "sum_of_pairs": 0.2782795698924731,
  "column_score": 0.04516129032258064,
  "time_ms": 13
}