{
  "sum_of_pairs": 0.8465391621129326,
  "column_score": 0.6721311475409836,
  "time_ms": 2
}