{
  "sum_of_pairs": 0.7040376495425756,
  "column_score": 0.05357142857142857,
  "time_ms": 58
}