{
  "sum_of_pairs": 0.38859180035650626,
  "column_score": 0.15789473684210525,
  "time_ms": 50
}