{
  "sum_of_pairs": 0.6886473905061631,
  "column_score": 0.42276422764227645,
  "time_ms": 57
}