{
  "sum_of_pairs": 0.42460547504025764,
  "column_score": 0.13333333333333333,
  "time_ms": 52
}