{
  "sum_of_pairs": 0.5539010797631487,
  "column_score": 0.22701149425287356,
  "time_ms": 19
}