{
  "sum_of_pairs": 0.40492610837438425,
  "column_score": 0.2482758620689655,
  "time_ms": 9
}