{
  "sum_of_pairs": 0.7746053696708041,
  "column_score": 0.5527522935779816,
  "time_ms": 55
}