{
  "sum_of_pairs": 0.6806793035173538,
  "column_score": 0.15625,
  "time_ms": 244
}