{
  "sum_of_pairs": 0.6962487881273771,
  "column_score": 0.4339622641509434,
  "time_ms": 84
}