{
  "sum_of_pairs": 0.7776119402985074,
  "column_score": 0.165625,
  "time_ms": 670
}