{
  "sum_of_pairs": 0.7589363017934446,
  "column_score": 0.41714285714285715,
  "time_ms": 23
}