{
  "sum_of_pairs": 0.7489634471947564,
  "column_score": 0.039682097157639755,
  "time_ms": 363
}