{
  "sum_of_pairs": 0.8964424600316866,
  "column_score": 0.17557251908396945,
  "time_ms": 773
}