{
  "sum_of_pairs": 0.6469806763285024,
  "column_score": 0.18115942028985507,
  "time_ms": 24
}