{
  "sum_of_pairs": 0.9468376445228297,
  "column_score": 0.09523809523809523,
  "time_ms": 1357
}