{
  "sum_of_pairs": 0.7148474928137976,
  "column_score": 0.16831683168316833,
  "time_ms": 190
}