{
  "sum_of_pairs": 0.929572237526783,
  "column_score": 0.13636363636363635,
  "time_ms": 550
}