{
  "sum_of_pairs": 0.9398077322605625,
  "column_score": 0.08783783783783784,
  "time_ms": 388
}