{
  "sum_of_pairs": 0.6075282384716285,
  "column_score": 0.01091261639008642,
  "time_ms": 242
}