{
  "sum_of_pairs": 0.5421660104342619,
  "column_score": 0.002937011008528164,
  "time_ms": 453
}