{
  "sum_of_pairs": 0.8203131961151208,
  "column_score": 0.05092592592592592,
  "time_ms": 1432
}