{
  "sum_of_pairs": 0.7517951072889705,
  "column_score": 0.025423728813559324,
  "time_ms": 149
}