{
  "sum_of_pairs": 0.5611505385321867,
  "column_score": 0.04406779661016949,
  "time_ms": 672
}