{
  "sum_of_pairs": 0.11299740018064765,
  "column_score": 0.013922303422213324,
  "time_ms": 10
}