{
  "sum_of_pairs": 0.15067340067340068,
  "column_score": 0.015151515151515152,
  "time_ms": 2
}