{
  "sum_of_pairs": 0.2965608465608466,
  "column_score": 0.05185185185185185,
  "time_ms": 7
}