{
  "sum_of_pairs": 0.2526455026455027,
  "column_score": 0.037037037037037035,
  "time_ms": 9
}