{
  "sum_of_pairs": 0.35716004813477736,
  "column_score": 0.17689530685920576,
  "time_ms": 6
}