{
  "sum_of_pairs": 0.38428897834838427,
  "column_score": 0.09900990099009901,
  "time_ms": 75
}