{
  "sum_of_pairs": 0.10323886639676114,
  "column_score": 0.004048582995951417,
  "time_ms": 11
}