{
  "sum_of_pairs": 0.22075055187637968,
  "column_score": 0.11920529801324503,
  "time_ms": 1
}