{
  "sum_of_pairs": 0.16607981220657278,
  "column_score": 0.028169014084507043,
  "time_ms": 14
}