{
  "sum_of_pairs": 0.20185922974767595,
  "column_score": 0.0199203187250996,
  "time_ms": 4
}