{
  "sum_of_pairs": 0.23082942097026604,
  "column_score": 0.06338028169014084,
  "time_ms": 8
}