{
  "sum_of_pairs": 0.32283834586466165,
  "column_score": 0.19736842105263158,
  "time_ms": 4
}