{
  "sum_of_pairs": 0.152317880794702,
  "column_score": 0.09271523178807947,
  "time_ms": 2
}