{
  "sum_of_pairs": 0.24115523465703972,
  "column_score": 0.09025270758122744,
  "time_ms": 22
}