{
  "sum_of_pairs": 0.2918233082706767,
  "column_score": 0.15789473684210525,
  "time_ms": 8
}