{
  "sum_of_pairs": 0.3497183725667139,
  "column_score": 0.07163248457063486,
  "time_ms": 96
}