{
  "sum_of_pairs": 0.37004470938897166,
  "column_score": 0.18032786885245902,
  "time_ms": 35
}