{
  "sum_of_pairs": 0.5199423601461582,
  "column_score": 0.2047244094488189,
  "time_ms": 31
}