{
  "sum_of_pairs": 0.6792515088408553,
  "column_score": 0.2653990522831247,
  "time_ms": 865
}