{
  "sum_of_pairs": 0.6742774894978226,
  "column_score": 0.2454179227978442,
  "time_ms": 1603
}