{
  "sum_of_pairs": 0.8631989832970225,
  "column_score": 0.45588235294117646,
  "time_ms": 2295
}