{
  "sum_of_pairs": 0.545949951002653,
  "column_score": 0.13953488372093023,
  "time_ms": 1744
}