{
  "sum_of_pairs": 0.9273307467386415,
  "column_score": 0.6842105263157895,
  "time_ms": 1085
}