{
  "sum_of_pairs": 0.8155954989538198,
  "column_score": 0.3516483516483517,
  "time_ms": 5619
}