{
  "sum_of_pairs": 0.8174407301843584,
  "column_score": 0.3516483516483517,
  "time_ms": 2947
}