{
  "sum_of_pairs": 0.8692640898705255,
  "column_score": 0.6039603960396039,
  "time_ms": 1225
}