{
  "sum_of_pairs": 0.5333080040526849,
  "column_score": 0.14285714285714285,
  "time_ms": 6403
}