{
  "sum_of_pairs": 0.7267634326457856,
  "column_score": 0.19480519480519481,
  "time_ms": 119
}