{
  "sum_of_pairs": 0.8809559608704725,
  "column_score": 0.5825242718446602,
  "time_ms": 5166
}