{
  "sum_of_pairs": 0.8141904761904762,
  "column_score": 0.42916666666666664,
  "time_ms": 564
}