{
  "sum_of_pairs": 0.9131895501758516,
  "column_score": 0.5342465753424658,
  "time_ms": 2493
}