{
  "sum_of_pairs": 0.679619904976244,
  "column_score": 0.313953488372093,
  "time_ms": 190
}