{
  "sum_of_pairs": 0.8680858204843056,
  "column_score": 0.6626984126984127,
  "time_ms": 4082
}