{
  "sum_of_pairs": 0.8729141535156573,
  "column_score": 0.291497975708502,
  "time_ms": 1247
}