{
  "sum_of_pairs": 0.8754569687738004,
  "column_score": 0.6534653465346535,
  "time_ms": 631
}