{
  "sum_of_pairs": 0.8158754047769109,
  "column_score": 0.10638297872340426,
  "time_ms": 1944
}