{
  "sum_of_pairs": 0.666939596351361,
  "column_score": 0.2398190045248869,
  "time_ms": 323
}