{
  "sum_of_pairs": 0.7246105053591685,
  "column_score": 0.19480519480519481,
  "time_ms": 184
}