{
  "sum_of_pairs": 0.9148271819504696,
  "column_score": 0.6164383561643836,
  "time_ms": 1269
}