{
  "sum_of_pairs": 0.8639705882352942,
  "column_score": 0.45588235294117646,
  "time_ms": 1179
}