{
  "sum_of_pairs": 0.882045278804021,
  "column_score": 0.6019417475728155,
  "time_ms": 2722
}