{
  "sum_of_pairs": 0.6572360972360972,
  "column_score": 0.05714285714285714,
  "time_ms": 282
}