{
  "sum_of_pairs": 0.7649048625792811,
  "column_score": 0.36470588235294116,
  "time_ms": 252
}