{
  "sum_of_pairs": 0.6190138626339005,
  "column_score": 0.30434782608695654,
  "time_ms": 18
}