{
  "sum_of_pairs": 0.5349954335944747,
  "column_score": 0.16071428571428573,
  "time_ms": 3355
}