{
  "sum_of_pairs": 0.8696036588420346,
  "column_score": 0.6626984126984127,
  "time_ms": 2658
}