{
  "sum_of_pairs": 0.7531410218283471,
  "column_score": 0.3391304347826087,
  "time_ms": 3990
}