{
  "sum_of_pairs": 0.666366591647912,
  "column_score": 0.2868217054263566,
  "time_ms": 338
}