{
  "sum_of_pairs": 0.6654025712849242,
  "column_score": 0.2398190045248869,
  "time_ms": 525
}