{
  "sum_of_pairs": 0.7533289716290965,
  "column_score": 0.3391304347826087,
  "time_ms": 2096
}