{
  "sum_of_pairs": 0.8436621985147035,
  "column_score": 0.26956521739130435,
  "time_ms": 1258
}