{
  "sum_of_pairs": 0.7691331923890063,
  "column_score": 0.3764705882352941,
  "time_ms": 138
}