{
  "sum_of_pairs": 0.6078427399023063,
  "column_score": 0.011051294257164451,
  "time_ms": 751
}