{
  "sum_of_pairs": 0.8799510254055709,
  "column_score": 0.09090909090909091,
  "time_ms": 896
}