{
  "sum_of_pairs": 0.9068789786846456,
  "column_score": 0.2638888888888889,
  "time_ms": 2241
}