{
  "sum_of_pairs": 0.47434163701567766,
  "column_score": 0.2242901269161596,
  "time_ms": 31
}