{
  "sum_of_pairs": 0.5365143603296717,
  "column_score": 0.28352105770062846,
  "time_ms": 44
}