{
  "sum_of_pairs": 0.6476833976833977,
  "column_score": 0.21621621621621623,
  "time_ms": 1
}