{
  "sum_of_pairs": 0.6278606965174129,
  "column_score": 0.5044776119402985,
  "time_ms": 12
}