{
  "sum_of_pairs": 0.5964691046658259,
  "column_score": 0.4401008827238335,
  "time_ms": 167
}