{
  "sum_of_pairs": 0.17988505747126438,
  "column_score": 0.10689655172413794,
  "time_ms": 4
}