{
  "sum_of_pairs": 0.24919354838709679,
  "column_score": 0.06048387096774194,
  "time_ms": 22
}