{
  "sum_of_pairs": 0.6644257703081232,
  "column_score": 0.3865546218487395,
  "time_ms": 13
}