{
  "sum_of_pairs": 0.2072992700729927,
  "column_score": 0.051094890510948905,
  "time_ms": 3
}