{
  "sum_of_pairs": 0.6038551612322104,
  "column_score": 0.44388398486759145,
  "time_ms": 39
}