{
  "sum_of_pairs": 0.3921200750469043,
  "column_score": 0.0975609756097561,
  "time_ms": 68
}