{
  "sum_of_pairs": 0.5668202764976958,
  "column_score": 0.2903225806451613,
  "time_ms": 10
}