{
  "sum_of_pairs": 0.6577067669172932,
  "column_score": 0.28289473684210525,
  "time_ms": 52
}