{
  "sum_of_pairs": 0.44111570247933884,
  "column_score": 0.13636363636363635,
  "time_ms": 71
}