{
  "sum_of_pairs": 0.3726027397260274,
  "column_score": 0.1643835616438356,
  "time_ms": 3
}