{
  "sum_of_pairs": 0.6443384350361094,
  "column_score": 0.23255813953488372,
  "time_ms": 114
}