{
  "sum_of_pairs": 0.6196078431372549,
  "column_score": 0.39215686274509803,
  "time_ms": 3
}