{
  "sum_of_pairs": 0.272992700729927,
  "column_score": 0.08759124087591241,
  "time_ms": 2
}