{
  "sum_of_pairs": 0.4400406504065041,
  "column_score": 0.3231707317073171,
  "time_ms": 3
}