{
  "sum_of_pairs": 0.2132183908045977,
  "column_score": 0.1103448275862069,
  "time_ms": 6
}