{
  "sum_of_pairs": 0.602748799470111,
  "column_score": 0.37853949329359166,
  "time_ms": 60
}