{
  "sum_of_pairs": 0.4427710843373494,
  "column_score": 0.27710843373493976,
  "time_ms": 1
}