{
  "sum_of_pairs": 0.7423728813559322,
  "column_score": 0.5141242937853108,
  "time_ms": 28
}