{
  "sum_of_pairs": 0.4858992140545539,
  "column_score": 0.13106796116504854,
  "time_ms": 12
}