{
  "sum_of_pairs": 0.6583011583011583,
  "column_score": 0.24324324324324326,
  "time_ms": 1
}