{
  "sum_of_pairs": 0.49754098360655735,
  "column_score": 0.24180327868852458,
  "time_ms": 63
}