{
  "sum_of_pairs": 0.6736111111111112,
  "column_score": 0.4642857142857143,
  "time_ms": 2
}