{
  "sum_of_pairs": 0.4836810730253353,
  "column_score": 0.20081967213114754,
  "time_ms": 29
}