{
  "sum_of_pairs": 0.5793172690763052,
  "column_score": 0.3855421686746988,
  "time_ms": 3
}