{
  "sum_of_pairs": 0.7451499118165785,
  "column_score": 0.5617283950617284,
  "time_ms": 5
}