{
  "sum_of_pairs": 0.737801293356849,
  "column_score": 0.5617283950617284,
  "time_ms": 3
}