{
  "sum_of_pairs": 0.30362903225806454,
  "column_score": 0.07661290322580645,
  "time_ms": 13
}