{
  "sum_of_pairs": 0.6507936507936508,
  "column_score": 0.3865546218487395,
  "time_ms": 34
}