{
  "sum_of_pairs": 0.6511296627575698,
  "column_score": 0.37209302325581395,
  "time_ms": 178
}