{
  "sum_of_pairs": 0.7407925407925408,
  "column_score": 0.4307692307692308,
  "time_ms": 48
}