{
  "sum_of_pairs": 0.5120675784392599,
  "column_score": 0.13938053097345132,
  "time_ms": 47
}