{
  "sum_of_pairs": 0.6330532212885154,
  "column_score": 0.3277310924369748,
  "time_ms": 22
}