{
  "sum_of_pairs": 0.7427350427350428,
  "column_score": 0.4256410256410256,
  "time_ms": 56
}