{
  "sum_of_pairs": 0.5784313725490197,
  "column_score": 0.37254901960784315,
  "time_ms": 2
}