{
  "sum_of_pairs": 0.606425702811245,
  "column_score": 0.4397590361445783,
  "time_ms": 1
}