{
  "sum_of_pairs": 0.567287784679089,
  "column_score": 0.4161490683229814,
  "time_ms": 20
}