{
  "sum_of_pairs": 0.7714285714285715,
  "column_score": 0.24285714285714285,
  "time_ms": 295
}