{
  "sum_of_pairs": 0.6081349206349206,
  "column_score": 0.4107142857142857,
  "time_ms": 1
}