{
  "sum_of_pairs": 0.2422360248447205,
  "column_score": 0.06521739130434782,
  "time_ms": 1
}