{
  "sum_of_pairs": 0.5737327188940092,
  "column_score": 0.3870967741935484,
  "time_ms": 2
}