{
  "sum_of_pairs": 0.3049155145929339,
  "column_score": 0.12442396313364056,
  "time_ms": 4
}