{
  "sum_of_pairs": 0.5114583333333333,
  "column_score": 0.28125,
  "time_ms": 0
}