{
  "sum_of_pairs": 0.43191056910569103,
  "column_score": 0.3231707317073171,
  "time_ms": 1
}