{
  "sum_of_pairs": 0.526583448913546,
  "column_score": 0.13106796116504854,
  "time_ms": 4
}