{
  "sum_of_pairs": 0.5583228247162674,
  "column_score": 0.39092055485498106,
  "time_ms": 68
}