{
  "sum_of_pairs": 0.6401808785529716,
  "column_score": 0.3023255813953488,
  "time_ms": 1
}