{
  "sum_of_pairs": 0.41670971074380164,
  "column_score": 0.11079545454545454,
  "time_ms": 140
}