{
  "sum_of_pairs": 0.30547945205479454,
  "column_score": 0.1506849315068493,
  "time_ms": 8
}