{
  "sum_of_pairs": 0.4616046831955923,
  "column_score": 0.19318181818181818,
  "time_ms": 177
}