{
  "sum_of_pairs": 0.5616251005631536,
  "column_score": 0.23008849557522124,
  "time_ms": 31
}