{
  "sum_of_pairs": 0.6447688564476886,
  "column_score": 0.3357664233576642,
  "time_ms": 17
}