{
  "sum_of_pairs": 0.603305441072395,
  "column_score": 0.1910828025477707,
  "time_ms": 58
}