{
  "sum_of_pairs": 0.2880778588807786,
  "column_score": 0.0948905109489051,
  "time_ms": 10
}