{
  "sum_of_pairs": 0.6857142857142857,
  "column_score": 0.4473684210526316,
  "time_ms": 20
}