{
  "sum_of_pairs": 0.6004880212954747,
  "column_score": 0.432712215320911,
  "time_ms": 48
}