{
  "sum_of_pairs": 0.6702203269367448,
  "column_score": 0.3358208955223881,
  "time_ms": 7
}