{
  "sum_of_pairs": 0.5405117270788913,
  "column_score": 0.20522388059701493,
  "time_ms": 19
}