{
  "sum_of_pairs": 0.7512315270935961,
  "column_score": 0.6280788177339901,
  "time_ms": 36
}