{
  "sum_of_pairs": 0.5099850968703428,
  "column_score": 0.24180327868852458,
  "time_ms": 28
}