{
  "sum_of_pairs": 0.6679802955665025,
  "column_score": 0.49261083743842365,
  "time_ms": 15
}