{
  "sum_of_pairs": 0.2598343685300207,
  "column_score": 0.06521739130434782,
  "time_ms": 1
}