{
  "sum_of_pairs": 0.5864197530864198,
  "column_score": 0.2222222222222222,
  "time_ms": 0
}