{
  "sum_of_pairs": 0.5740045861997082,
  "column_score": 0.21138211382113822,
  "time_ms": 117
}