{
  "sum_of_pairs": 0.5984765689683722,
  "column_score": 0.3979135618479881,
  "time_ms": 154
}