{
  "sum_of_pairs": 0.5662442396313364,
  "column_score": 0.2903225806451613,
  "time_ms": 4
}