{
  "sum_of_pairs": 0.16183574879227053,
  "column_score": 0.057971014492753624,
  "time_ms": 0
}