{
  "sum_of_pairs": 0.2888311688311688,
  "column_score": 0.11428571428571428,
  "time_ms": 3
}