{
  "sum_of_pairs": 0.5195473251028807,
  "column_score": 0.2222222222222222,
  "time_ms": 1
}