{
  "sum_of_pairs": 0.6179176553848715,
  "column_score": 0.21019108280254778,
  "time_ms": 38
}