{
  "sum_of_pairs": 0.5651305108030473,
  "column_score": 0.14012738853503184,
  "time_ms": 79
}