{
  "sum_of_pairs": 0.5672462328200033,
  "column_score": 0.323397913561848,
  "time_ms": 111
}