{
  "sum_of_pairs": 0.6559994699529583,
  "column_score": 0.29069767441860467,
  "time_ms": 54
}