{
  "sum_of_pairs": 0.4618585298196949,
  "column_score": 0.11165048543689321,
  "time_ms": 17
}