{
  "sum_of_pairs": 0.6034457261165336,
  "column_score": 0.4306418219461698,
  "time_ms": 23
}