{
  "sum_of_pairs": 0.38414634146341464,
  "column_score": 0.27439024390243905,
  "time_ms": 3
}