{
  "sum_of_pairs": 0.21379310344827587,
  "column_score": 0.1103448275862069,
  "time_ms": 2
}