{
  "sum_of_pairs": 0.26570048309178745,
  "column_score": 0.15942028985507245,
  "time_ms": 0
}