{
  "sum_of_pairs": 0.4989648033126294,
  "column_score": 0.2981366459627329,
  "time_ms": 31
}