{
  "sum_of_pairs": 0.42870544090056284,
  "column_score": 0.12195121951219512,
  "time_ms": 30
}