{
  "sum_of_pairs": 0.5198412698412699,
  "column_score": 0.3392857142857143,
  "time_ms": 1
}