{
  "sum_of_pairs": 0.37267080745341613,
  "column_score": 0.13043478260869565,
  "time_ms": 3
}