{
  "sum_of_pairs": 0.7443349753694581,
  "column_score": 0.6133004926108374,
  "time_ms": 9
}