{
  "sum_of_pairs": 0.5069359335787443,
  "column_score": 0.010253520366170221,
  "time_ms": 620
}