{
  "sum_of_pairs": 0.847101818799932,
  "column_score": 0.08783783783783784,
  "time_ms": 548
}