{
  "sum_of_pairs": 0.8107996632996634,
  "column_score": 0.20416666666666666,
  "time_ms": 1470
}