{
  "sum_of_pairs": 0.6280332999697171,
  "column_score": 0.17755666690701588,
  "time_ms": 133
}