{
  "sum_of_pairs": 0.7318878439568095,
  "column_score": 0.3448275862068966,
  "time_ms": 44
}