{
  "sum_of_pairs": 0.7303030303030303,
  "column_score": 0.1534090909090909,
  "time_ms": 64
}