{
  "sum_of_pairs": 0.49586776859504134,
  "column_score": 0.21212121212121213,
  "time_ms": 32
}