{
  "sum_of_pairs": 0.717283950617284,
  "column_score": 0.7654320987654321,
  "time_ms": 21
}