{
  "sum_of_pairs": 0.8105054740274866,
  "column_score": 0.22916666666666666,
  "time_ms": 502
}