{
  "sum_of_pairs": 0.7572285601888277,
  "column_score": 0.22764227642276422,
  "time_ms": 108
}