{
  "sum_of_pairs": 0.6411469534050179,
  "column_score": 0.06129032258064516,
  "time_ms": 32
}