{
  "sum_of_pairs": 0.8824545703134711,
  "column_score": 0.7515723270440252,
  "time_ms": 142
}