{
  "sum_of_pairs": 0.8939220183486238,
  "column_score": 0.7247706422018348,
  "time_ms": 97
}