{
  "sum_of_pairs": 0.7315649867374006,
  "column_score": 0.3724137931034483,
  "time_ms": 25
}