{
  "sum_of_pairs": 0.9293771043771044,
  "column_score": 0.12878787878787878,
  "time_ms": 607
}