{
  "sum_of_pairs": 0.778191533773065,
  "column_score": 0.0711864406779661,
  "time_ms": 413
}