{
  "sum_of_pairs": 0.7748133399701344,
  "column_score": 0.02857142857142857,
  "time_ms": 70
}