{
  "sum_of_pairs": 0.9016516516516516,
  "column_score": 0.0472972972972973,
  "time_ms": 391
}