{
  "sum_of_pairs": 0.7839975845410628,
  "column_score": 0.3188405797101449,
  "time_ms": 24
}