{
  "sum_of_pairs": 0.9517719068975418,
  "column_score": 0.37962962962962965,
  "time_ms": 1710
}