{
  "sum_of_pairs": 0.8656209150326797,
  "column_score": 0.11475409836065574,
  "time_ms": 236
}