{
  "sum_of_pairs": 0.3985825371201522,
  "column_score": 0.06811263070285477,
  "time_ms": 250
}