{
  "sum_of_pairs": 0.4257451564828614,
  "column_score": 0.1987704918032787,
  "time_ms": 95
}