{
  "sum_of_pairs": 0.3868238501944745,
  "column_score": 0.08588957055214724,
  "time_ms": 91
}