{
  "sum_of_pairs": 0.6799962714392245,
  "column_score": 0.26174496644295303,
  "time_ms": 40
}