{
  "sum_of_pairs": 0.7162393162393162,
  "column_score": 0.43209876543209874,
  "time_ms": 127
}