{
  "sum_of_pairs": 0.45541833734295645,
  "column_score": 0.03255813953488372,
  "time_ms": 354
}