{
  "sum_of_pairs": 0.5635839637692347,
  "column_score": 0.07874015748031496,
  "time_ms": 69
}