{
  "sum_of_pairs": 0.08906400063756587,
  "column_score": 0.02256933078135701,
  "time_ms": 9
}