{
  "sum_of_pairs": 0.06222756316003132,
  "column_score": 0.010279502981847077,
  "time_ms": 9
}