{
  "sum_of_pairs": 0.06793478260869565,
  "column_score": 0.021739130434782608,
  "time_ms": 4
}