{
  "sum_of_pairs": 0.2864864864864865,
  "column_score": 0.13513513513513514,
  "time_ms": 0
}