{
  "sum_of_pairs": 0.5408163265306123,
  "column_score": 0.42857142857142855,
  "time_ms": 2
}