{
  "sum_of_pairs": 0.19387755102040816,
  "column_score": 0.04081632653061224,
  "time_ms": 0
}