{
  "sum_of_pairs": 0.19934640522875818,
  "column_score": 0.09803921568627451,
  "time_ms": 0
}