{
  "sum_of_pairs": 0.14285714285714285,
  "column_score": 0.04081632653061224,
  "time_ms": 0
}