{
  "sum_of_pairs": 0.3129251700680272,
  "column_score": 0.16326530612244897,
  "time_ms": 1
}