{
  "sum_of_pairs": 0.24324324324324326,
  "column_score": 0.10810810810810811,
  "time_ms": 0
}