{
  "sum_of_pairs": 0.46858793426738365,
  "column_score": 0.11285964925981277,
  "time_ms": 85
}