{
  "sum_of_pairs": 0.4042562157606405,
  "column_score": 0.07079646017699115,
  "time_ms": 80
}