{
  "sum_of_pairs": 0.4020330490918726,
  "column_score": 0.013513513513513514,
  "time_ms": 114
}