{
  "sum_of_pairs": 0.21921488431773528,
  "column_score": 0.08588957055214724,
  "time_ms": 24
}