{
  "sum_of_pairs": 0.5324605550256022,
  "column_score": 0.12871287128712872,
  "time_ms": 191
}