{
  "sum_of_pairs": 0.6534302759134973,
  "column_score": 0.2785234899328859,
  "time_ms": 10
}