{
  "sum_of_pairs": 0.27719012691165457,
  "column_score": 0.05664698016106563,
  "time_ms": 488
}