{
  "sum_of_pairs": 0.3461835748792271,
  "column_score": 0.16666666666666666,
  "time_ms": 342
}