{
  "sum_of_pairs": 0.21244019138755982,
  "column_score": 0.10526315789473684,
  "time_ms": 10
}