{
  "sum_of_pairs": 0.39724834552420757,
  "column_score": 0.06609195402298851,
  "time_ms": 104
}