{
  "sum_of_pairs": 0.39012345679012345,
  "column_score": 0.17901234567901234,
  "time_ms": 68
}