{
  "sum_of_pairs": 0.5893365893365894,
  "column_score": 0.18518518518518517,
  "time_ms": 36
}