{
  "sum_of_pairs": 0.42742075931731105,
  "column_score": 0.11206896551724138,
  "time_ms": 77
}