{
  "sum_of_pairs": 0.31574074074074077,
  "column_score": 0.08333333333333333,
  "time_ms": 16
}