{
  "sum_of_pairs": 0.31155740810913224,
  "column_score": 0.06206896551724138,
  "time_ms": 35
}