{
  "sum_of_pairs": 0.9100245146756775,
  "column_score": 0.686046511627907,
  "time_ms": 409
}