{
  "sum_of_pairs": 0.5149160765801206,
  "column_score": 0.08943089430894309,
  "time_ms": 412
}