{
  "sum_of_pairs": 0.5420095790609822,
  "column_score": 0.0779816513761468,
  "time_ms": 254
}