{
  "sum_of_pairs": 0.6932736349132829,
  "column_score": 0.11811023622047244,
  "time_ms": 35
}