{
  "sum_of_pairs": 0.6338081671415005,
  "column_score": 0.3950617283950617,
  "time_ms": 57
}