{
  "sum_of_pairs": 0.62127773322641,
  "column_score": 0.26046511627906976,
  "time_ms": 158
}