{
  "sum_of_pairs": 0.5285022354694486,
  "column_score": 0.2520491803278688,
  "time_ms": 43
}