{
  "sum_of_pairs": 0.6644625909331792,
  "column_score": 0.10135135135135136,
  "time_ms": 172
}