{
  "sum_of_pairs": 0.3696655605864813,
  "column_score": 0.039148423457122244,
  "time_ms": 316
}