{
  "sum_of_pairs": 0.4280673616680032,
  "column_score": 0.05116279069767442,
  "time_ms": 286
}