{
  "sum_of_pairs": 0.5198545861297539,
  "column_score": 0.15100671140939598,
  "time_ms": 22
}