{
  "sum_of_pairs": 0.3929187216809014,
  "column_score": 0.04294478527607362,
  "time_ms": 106
}