{
  "sum_of_pairs": 0.6640089418777944,
  "column_score": 0.33401639344262296,
  "time_ms": 62
}