{
  "sum_of_pairs": 0.604915795699482,
  "column_score": 0.012661465575893026,
  "time_ms": 851
}