{
  "sum_of_pairs": 0.6049157956994822,
  "column_score": 0.012661465575893026,
  "time_ms": 764
}