{
  "sum_of_pairs": 0.8939977713562619,
  "column_score": 0.11486486486486487,
  "time_ms": 835
}