{
  "sum_of_pairs": 0.5971027803289638,
  "column_score": 0.0711864406779661,
  "time_ms": 1255
}