{
  "sum_of_pairs": 0.8251202920192467,
  "column_score": 0.02857142857142857,
  "time_ms": 162
}