{
  "sum_of_pairs": 0.575497009148487,
  "column_score": 0.17857142857142858,
  "time_ms": 267
}