{
  "sum_of_pairs": 0.7235476254121002,
  "column_score": 0.09259259259259259,
  "time_ms": 2196
}