{
  "sum_of_pairs": 0.694428574074064,
  "column_score": 0.285774950184407,
  "time_ms": 117
}