{
  "sum_of_pairs": 0.6598239428427615,
  "column_score": 0.23240429175481483,
  "time_ms": 250
}