{
  "sum_of_pairs": 0.6937403903727266,
  "column_score": 0.2832534847958683,
  "time_ms": 335
}