{
  "sum_of_pairs": 0.694135322665161,
  "column_score": 0.28325348479586826,
  "time_ms": 254
}