{
  "sum_of_pairs": 0.6937403903727267,
  "column_score": 0.28325348479586826,
  "time_ms": 749
}