{
  "sum_of_pairs": 0.5617192331478046,
  "column_score": 0.22040816326530613,
  "time_ms": 33
}