{
  "sum_of_pairs": 0.8615357844233972,
  "column_score": 0.6698113207547169,
  "time_ms": 512
}