{
  "sum_of_pairs": 0.5337962962962963,
  "column_score": 0.18333333333333332,
  "time_ms": 15
}