{
  "sum_of_pairs": 0.8053787878787879,
  "column_score": 0.5284090909090909,
  "time_ms": 126
}