{
  "sum_of_pairs": 0.7257326892109501,
  "column_score": 0.26666666666666666,
  "time_ms": 306
}