{
  "sum_of_pairs": 0.735022640195054,
  "column_score": 0.5574712643678161,
  "time_ms": 23
}