{
  "sum_of_pairs": 0.6452762923351159,
  "column_score": 0.23684210526315788,
  "time_ms": 151
}