{
  "sum_of_pairs": 0.7134684312103667,
  "column_score": 0.29838709677419356,
  "time_ms": 267
}