{
  "sum_of_pairs": 0.6608030772117459,
  "column_score": 0.2894736842105263,
  "time_ms": 92
}