{
  "sum_of_pairs": 0.3523636127186423,
  "column_score": 0.05917159763313609,
  "time_ms": 25
}