{
  "sum_of_pairs": 0.6770289097875305,
  "column_score": 0.45689655172413796,
  "time_ms": 46
}