{
  "sum_of_pairs": 0.8761542529390229,
  "column_score": 0.33653846153846156,
  "time_ms": 799
}