{
  "sum_of_pairs": 0.8116710875331565,
  "column_score": 0.6275862068965518,
  "time_ms": 29
}