{
  "sum_of_pairs": 0.5580246913580247,
  "column_score": 0.35185185185185186,
  "time_ms": 18
}