{
  "sum_of_pairs": 0.6677009748905174,
  "column_score": 0.08641975308641975,
  "time_ms": 145
}