{
  "sum_of_pairs": 0.6763378465506125,
  "column_score": 0.07801418439716312,
  "time_ms": 79
}