{
  "sum_of_pairs": 0.8502995500534467,
  "column_score": 0.660377358490566,
  "time_ms": 288
}