{
  "sum_of_pairs": 0.7654711673699015,
  "column_score": 0.5379746835443038,
  "time_ms": 27
}