{
  "sum_of_pairs": 0.5628673835125448,
  "column_score": 0.13548387096774195,
  "time_ms": 51
}