{
  "sum_of_pairs": 0.9041601101494886,
  "column_score": 0.5853658536585366,
  "time_ms": 197
}