{
  "sum_of_pairs": 0.8525170068027211,
  "column_score": 0.6742857142857143,
  "time_ms": 55
}