{
  "sum_of_pairs": 0.8852459016393442,
  "column_score": 0.7704918032786885,
  "time_ms": 6
}