{
  "sum_of_pairs": 0.743425635667015,
  "column_score": 0.4511494252873563,
  "time_ms": 66
}