{
  "sum_of_pairs": 0.7623117623117623,
  "column_score": 0.37037037037037035,
  "time_ms": 21
}