{
  "sum_of_pairs": 0.6446381021544421,
  "column_score": 0.06172839506172839,
  "time_ms": 338
}