{
  "sum_of_pairs": 0.44022092267706303,
  "column_score": 0.1736111111111111,
  "time_ms": 80
}