{
  "sum_of_pairs": 0.7227697262479871,
  "column_score": 0.26666666666666666,
  "time_ms": 159
}