{
  "sum_of_pairs": 0.6467539168777559,
  "column_score": 0.19736842105263158,
  "time_ms": 217
}