{
  "sum_of_pairs": 0.8676575275596957,
  "column_score": 0.33653846153846156,
  "time_ms": 2420
}