{
  "sum_of_pairs": 0.7018895855102751,
  "column_score": 0.382183908045977,
  "time_ms": 43
}