{
  "sum_of_pairs": 0.9201825646401118,
  "column_score": 0.59375,
  "time_ms": 1097
}