{
  "sum_of_pairs": 0.8617346558281751,
  "column_score": 0.7012578616352201,
  "time_ms": 117
}