{
  "sum_of_pairs": 0.6541935483870968,
  "column_score": 0.2161290322580645,
  "time_ms": 36
}