{
  "sum_of_pairs": 0.6954158790170132,
  "column_score": 0.2391304347826087,
  "time_ms": 29
}