{
  "sum_of_pairs": 0.6146978021978022,
  "column_score": 0.19230769230769232,
  "time_ms": 68
}