{
  "sum_of_pairs": 0.7431602879878741,
  "column_score": 0.4482758620689655,
  "time_ms": 48
}