{
  "sum_of_pairs": 0.8685727942073791,
  "column_score": 0.3269230769230769,
  "time_ms": 1266
}