{
  "sum_of_pairs": 0.93585488003727,
  "column_score": 0.6979166666666666,
  "time_ms": 2815
}