{
  "sum_of_pairs": 0.6861216131064902,
  "column_score": 0.2391304347826087,
  "time_ms": 47
}