{
  "sum_of_pairs": 0.9122536945812808,
  "column_score": 0.32142857142857145,
  "time_ms": 274
}