{
  "sum_of_pairs": 0.7135488624850327,
  "column_score": 0.19858156028368795,
  "time_ms": 112
}