{
  "sum_of_pairs": 0.9040407447382622,
  "column_score": 0.7408256880733946,
  "time_ms": 442
}