{
  "sum_of_pairs": 0.7167577413479053,
  "column_score": 0.4262295081967213,
  "time_ms": 5
}