{
  "sum_of_pairs": 0.4489522417153996,
  "column_score": 0.1736111111111111,
  "time_ms": 41
}