{
  "sum_of_pairs": 0.8312121212121212,
  "column_score": 0.5795454545454546,
  "time_ms": 51
}