{
  "sum_of_pairs": 0.8832467620075554,
  "column_score": 0.6651376146788991,
  "time_ms": 121
}