{
  "sum_of_pairs": 0.8796008589112038,
  "column_score": 0.06593406593406594,
  "time_ms": 222
}