{
  "sum_of_pairs": 0.7129962236345215,
  "column_score": 0.19858156028368795,
  "time_ms": 47
}