{
  "sum_of_pairs": 0.8914203612479474,
  "column_score": 0.23214285714285715,
  "time_ms": 182
}