{
  "sum_of_pairs": 0.7171109823239641,
  "column_score": 0.14705882352941177,
  "time_ms": 271
}