{
  "sum_of_pairs": 0.8871295567794387,
  "column_score": 0.4634146341463415,
  "time_ms": 250
}