{
  "sum_of_pairs": 0.7406821378340366,
  "column_score": 0.4620253164556962,
  "time_ms": 19
}