{
  "sum_of_pairs": 0.8649845392702535,
  "column_score": 0.6742857142857143,
  "time_ms": 76
}