{
  "sum_of_pairs": 0.7308641975308642,
  "column_score": 0.6049382716049383,
  "time_ms": 23
}