{
  "sum_of_pairs": 0.7263474355259345,
  "column_score": 0.14705882352941177,
  "time_ms": 208
}