{
  "sum_of_pairs": 0.4900067806429742,
  "column_score": 0.11829700698454061,
  "time_ms": 91
}