{
  "sum_of_pairs": 0.7059492888064317,
  "column_score": 0.22285714285714286,
  "time_ms": 34
}