{
  "sum_of_pairs": 0.5509404388714734,
  "column_score": 0.4454022988505747,
  "time_ms": 29
}