{
  "sum_of_pairs": 0.1783625730994152,
  "column_score": 0.013888888888888888,
  "time_ms": 37
}