{
  "sum_of_pairs": 0.6904335546238062,
  "column_score": 0.22916666666666666,
  "time_ms": 347
}