{
  "sum_of_pairs": 0.8235930735930735,
  "column_score": 0.10606060606060606,
  "time_ms": 65
}