{
  "sum_of_pairs": 0.5661025912215759,
  "column_score": 0.1346153846153846,
  "time_ms": 427
}