{
  "sum_of_pairs": 0.7652944539736992,
  "column_score": 0.5817610062893082,
  "time_ms": 117
}