{
  "sum_of_pairs": 0.7379632887637814,
  "column_score": 0.07738095238095238,
  "time_ms": 76
}