{
  "sum_of_pairs": 0.6111111111111112,
  "column_score": 0.4430379746835443,
  "time_ms": 16
}