{
  "sum_of_pairs": 0.8169691041554237,
  "column_score": 0.555045871559633,
  "time_ms": 85
}