{
  "sum_of_pairs": 0.7748742085029399,
  "column_score": 0.096875,
  "time_ms": 735
}