{
  "sum_of_pairs": 0.43895414929897686,
  "column_score": 0.1793103448275862,
  "time_ms": 16
}