{
  "sum_of_pairs": 0.48326674713328777,
  "column_score": 0.23610087175201241,
  "time_ms": 13
}