{
  "sum_of_pairs": 0.526797385620915,
  "column_score": 0.33613445378151263,
  "time_ms": 16
}