{
  "sum_of_pairs": 0.42679680567879325,
  "column_score": 0.21739130434782608,
  "time_ms": 10
}