{
  "sum_of_pairs": 0.5922806701495226,
  "column_score": 0.4854981084489281,
  "time_ms": 32
}