{
  "sum_of_pairs": 0.767608286252354,
  "column_score": 0.559322033898305,
  "time_ms": 16
}