{
  "sum_of_pairs": 0.719390627587349,
  "column_score": 0.5409836065573771,
  "time_ms": 40
}