{
  "sum_of_pairs": 0.5618317721638755,
  "column_score": 0.1881918819188192,
  "time_ms": 22
}