{
  "sum_of_pairs": 0.35634920634920636,
  "column_score": 0.15555555555555556,
  "time_ms": 17
}