{
  "sum_of_pairs": 0.35451263537906136,
  "column_score": 0.20577617328519857,
  "time_ms": 18
}