{
  "sum_of_pairs": 0.29370300751879697,
  "column_score": 0.14473684210526316,
  "time_ms": 13
}