{
  "sum_of_pairs": 0.6760549216519447,
  "column_score": 0.026679994034120545,
  "time_ms": 270
}