{
  "sum_of_pairs": 0.8993332955597106,
  "column_score": 0.0472972972972973,
  "time_ms": 308
}