{
  "sum_of_pairs": 0.6960107318789585,
  "column_score": 0.09821428571428571,
  "time_ms": 82
}