{
  "sum_of_pairs": 0.8121448029683904,
  "column_score": 0.152317880794702,
  "time_ms": 328
}