{
  "sum_of_pairs": 0.8939603195818112,
  "column_score": 0.46296296296296297,
  "time_ms": 1188
}