{
  "sum_of_pairs": 0.5479080166081124,
  "column_score": 0.06930693069306931,
  "time_ms": 124
}