{
  "sum_of_pairs": 0.6526200049198018,
  "column_score": 0.1954323953866275,
  "time_ms": 280
}