{
  "sum_of_pairs": 0.6703744423331255,
  "column_score": 0.21892885745969334,
  "time_ms": 163
}