{
  "sum_of_pairs": 0.7674966832231396,
  "column_score": 0.3564356435643564,
  "time_ms": 355
}