{
  "sum_of_pairs": 0.6908554572271386,
  "column_score": 0.26548672566371684,
  "time_ms": 282
}