{
  "sum_of_pairs": 0.7577067572435798,
  "column_score": 0.1968503937007874,
  "time_ms": 62
}