{
  "sum_of_pairs": 0.8392990305741984,
  "column_score": 0.5704697986577181,
  "time_ms": 28
}