{
  "sum_of_pairs": 0.5869120654396728,
  "column_score": 0.12883435582822086,
  "time_ms": 113
}