{
  "sum_of_pairs": 0.661736214605067,
  "column_score": 0.08401639344262295,
  "time_ms": 33
}