{
  "sum_of_pairs": 0.7732370788867964,
  "column_score": 0.25925925925925924,
  "time_ms": 804
}