{
  "sum_of_pairs": 0.7858326650628175,
  "column_score": 0.4046511627906977,
  "time_ms": 187
}