{
  "sum_of_pairs": 0.7526287512472177,
  "column_score": 0.31683168316831684,
  "time_ms": 594
}