{
  "sum_of_pairs": 0.7710772520716386,
  "column_score": 0.386046511627907,
  "time_ms": 366
}