{
  "sum_of_pairs": 0.8110921177587844,
  "column_score": 0.6172839506172839,
  "time_ms": 118
}