{
  "sum_of_pairs": 0.7598167876074314,
  "column_score": 0.1968503937007874,
  "time_ms": 33
}