{
  "sum_of_pairs": 0.707739851102683,
  "column_score": 0.26548672566371684,
  "time_ms": 146
}