{
  "sum_of_pairs": 0.7656762223617214,
  "column_score": 0.2345679012345679,
  "time_ms": 1303
}