{
  "sum_of_pairs": 0.8461057892544773,
  "column_score": 0.32653061224489793,
  "time_ms": 722
}