{
  "sum_of_pairs": 0.8186514719848054,
  "column_score": 0.6296296296296297,
  "time_ms": 62
}