{
  "sum_of_pairs": 0.6189903364208669,
  "column_score": 0.147239263803681,
  "time_ms": 49
}