{
  "sum_of_pairs": 0.383987625132075,
  "column_score": 0.04061705309754536,
  "time_ms": 352
}