{
  "sum_of_pairs": 0.4103287890938252,
  "column_score": 0.004651162790697674,
  "time_ms": 318
}