{
  "sum_of_pairs": 0.39407600596125186,
  "column_score": 0.11270491803278689,
  "time_ms": 65
}