{
  "sum_of_pairs": 0.7260810647883797,
  "column_score": 0.3265635579609355,
  "time_ms": 126
}