{
  "sum_of_pairs": 0.7028707696777347,
  "column_score": 0.2820737568245014,
  "time_ms": 233
}