{
  "sum_of_pairs": 0.7687002652519894,
  "column_score": 0.43448275862068964,
  "time_ms": 30
}