{
  "sum_of_pairs": 0.7871821664925113,
  "column_score": 0.47701149425287354,
  "time_ms": 30
}