{
  "sum_of_pairs": 0.6100358422939068,
  "column_score": 0.16774193548387098,
  "time_ms": 19
}