{
  "sum_of_pairs": 0.9173805990286023,
  "column_score": 0.7752293577981652,
  "time_ms": 77
}