{
  "sum_of_pairs": 0.8447483888660359,
  "column_score": 0.39903846153846156,
  "time_ms": 597
}