{
  "sum_of_pairs": 0.6895604395604396,
  "column_score": 0.36538461538461536,
  "time_ms": 101
}