{
  "sum_of_pairs": 0.898446080624822,
  "column_score": 0.28846153846153844,
  "time_ms": 1180
}