{
  "sum_of_pairs": 0.6206731345071266,
  "column_score": 0.24242424242424243,
  "time_ms": 41
}