{
  "sum_of_pairs": 0.7326715430163706,
  "column_score": 0.5718390804597702,
  "time_ms": 43
}