{
  "sum_of_pairs": 0.8788003082506775,
  "column_score": 0.710691823899371,
  "time_ms": 213
}