{
  "sum_of_pairs": 0.7540957781978576,
  "column_score": 0.5434782608695652,
  "time_ms": 67
}