{
  "sum_of_pairs": 0.8609523809523809,
  "column_score": 0.5771428571428572,
  "time_ms": 87
}