{
  "sum_of_pairs": 0.5584362139917696,
  "column_score": 0.30246913580246915,
  "time_ms": 22
}