{
  "sum_of_pairs": 0.7142857142857143,
  "column_score": 0.4326923076923077,
  "time_ms": 47
}