{
  "sum_of_pairs": 0.9219514325646401,
  "column_score": 0.53125,
  "time_ms": 490
}