{
  "sum_of_pairs": 0.6548464213271515,
  "column_score": 0.17647058823529413,
  "time_ms": 185
}