{
  "sum_of_pairs": 0.5735171261487051,
  "column_score": 0.24603174603174602,
  "time_ms": 55
}