{
  "sum_of_pairs": 0.6500309214594929,
  "column_score": 0.21224489795918366,
  "time_ms": 41
}