{
  "sum_of_pairs": 0.7521334029954719,
  "column_score": 0.6293103448275862,
  "time_ms": 26
}