{
  "sum_of_pairs": 0.9056269059347877,
  "column_score": 0.39285714285714285,
  "time_ms": 163
}