{
  "sum_of_pairs": 0.7123067408781695,
  "column_score": 0.3142857142857143,
  "time_ms": 20
}