{
  "sum_of_pairs": 0.8594446629950171,
  "column_score": 0.6422764227642277,
  "time_ms": 191
}