{
  "sum_of_pairs": 0.6822213031890452,
  "column_score": 0.4112903225806452,
  "time_ms": 298
}