{
  "sum_of_pairs": 0.7630749842470069,
  "column_score": 0.5652173913043478,
  "time_ms": 19
}