{
  "sum_of_pairs": 0.7046861806923727,
  "column_score": 0.2631578947368421,
  "time_ms": 194
}