{
  "sum_of_pairs": 0.8621000524521374,
  "column_score": 0.6910569105691057,
  "time_ms": 94
}