{
  "sum_of_pairs": 0.8142478211443729,
  "column_score": 0.5379310344827586,
  "time_ms": 15
}