{
  "sum_of_pairs": 0.571799870045484,
  "column_score": 0.2013888888888889,
  "time_ms": 91
}