{
  "sum_of_pairs": 0.7126137536354255,
  "column_score": 0.3026315789473684,
  "time_ms": 99
}