{
  "sum_of_pairs": 0.856720485396956,
  "column_score": 0.4423076923076923,
  "time_ms": 275
}