{
  "sum_of_pairs": 0.813944920327899,
  "column_score": 0.3971631205673759,
  "time_ms": 51
}