{
  "sum_of_pairs": 0.7372495446265938,
  "column_score": 0.4426229508196721,
  "time_ms": 5
}