{
  "sum_of_pairs": 0.905234308261807,
  "column_score": 0.3076923076923077,
  "time_ms": 877
}