{
  "sum_of_pairs": 0.8767967664519388,
  "column_score": 0.16483516483516483,
  "time_ms": 94
}