{
  "sum_of_pairs": 0.916842599108609,
  "column_score": 0.47023809523809523,
  "time_ms": 86
}