{
  "sum_of_pairs": 0.6927212572373863,
  "column_score": 0.45161290322580644,
  "time_ms": 136
}