{
  "sum_of_pairs": 0.8298674242424242,
  "column_score": 0.6079545454545454,
  "time_ms": 53
}