{
  "sum_of_pairs": 0.7226079216733422,
  "column_score": 0.1588785046728972,
  "time_ms": 228
}