{
  "sum_of_pairs": 0.9004485968699406,
  "column_score": 0.713302752293578,
  "time_ms": 168
}