{
  "sum_of_pairs": 0.8597701149425288,
  "column_score": 0.16483516483516483,
  "time_ms": 206
}