{
  "sum_of_pairs": 0.8177462121212121,
  "column_score": 0.5795454545454546,
  "time_ms": 89
}