{
  "sum_of_pairs": 0.9053171641791045,
  "column_score": 0.428125,
  "time_ms": 1938
}