{
  "sum_of_pairs": 0.7589662447257384,
  "column_score": 0.5443037974683544,
  "time_ms": 12
}