{
  "sum_of_pairs": 0.7877559792453409,
  "column_score": 0.2765957446808511,
  "time_ms": 88
}