{
  "sum_of_pairs": 0.7246319403182149,
  "column_score": 0.04938271604938271,
  "time_ms": 176
}