{
  "sum_of_pairs": 0.7419453152211772,
  "column_score": 0.4281609195402299,
  "time_ms": 54
}