{
  "sum_of_pairs": 0.540509967121146,
  "column_score": 0.13043478260869565,
  "time_ms": 714
}