{
  "sum_of_pairs": 0.43019524934709613,
  "column_score": 0.09411764705882353,
  "time_ms": 120
}