{
  "sum_of_pairs": 0.36748545572074987,
  "column_score": 0.01809954751131222,
  "time_ms": 312
}