{
  "sum_of_pairs": 0.46865715983363043,
  "column_score": 0.22727272727272727,
  "time_ms": 31
}