{
  "sum_of_pairs": 0.5088599013488557,
  "column_score": 0.06349206349206349,
  "time_ms": 2957
}