{
  "sum_of_pairs": 0.7528569443616399,
  "column_score": 0.05942903677456785,
  "time_ms": 912
}