{
  "sum_of_pairs": 0.6521524891204652,
  "column_score": 0.056451612903225805,
  "time_ms": 826
}