{
  "sum_of_pairs": 0.8920201023906815,
  "column_score": 0.039735099337748346,
  "time_ms": 908
}