{
  "sum_of_pairs": 0.8509161041465767,
  "column_score": 0.25136612021857924,
  "time_ms": 542
}