{
  "sum_of_pairs": 0.7609000584453536,
  "column_score": 0.14915254237288136,
  "time_ms": 822
}