{
  "sum_of_pairs": 0.8422105911330049,
  "column_score": 0.39285714285714285,
  "time_ms": 203
}