{
  "sum_of_pairs": 0.641980462553227,
  "column_score": 0.10714285714285714,
  "time_ms": 801
}