{
  "sum_of_pairs": 0.9357693031176058,
  "column_score": 0.2777777777777778,
  "time_ms": 4181
}