{
  "sum_of_pairs": 0.8634674793353928,
  "column_score": 0.03389830508474576,
  "time_ms": 211
}