{
  "sum_of_pairs": 0.7197979878633025,
  "column_score": 0.0297029702970297,
  "time_ms": 422
}