{
  "sum_of_pairs": 0.6850133285156821,
  "column_score": 0.44750315380763883,
  "time_ms": 34
}