{
  "sum_of_pairs": 0.7145476087270188,
  "column_score": 0.49368386337197023,
  "time_ms": 17
}