{
  "sum_of_pairs": 0.8388325713907109,
  "column_score": 0.22093023255813954,
  "time_ms": 110
}