{
  "sum_of_pairs": 0.5041095890410959,
  "column_score": 0.1917808219178082,
  "time_ms": 12
}