{
  "sum_of_pairs": 0.6559610705596107,
  "column_score": 0.45985401459854014,
  "time_ms": 5
}