{
  "sum_of_pairs": 0.7237903225806451,
  "column_score": 0.4596774193548387,
  "time_ms": 17
}