{
  "sum_of_pairs": 0.5852534562211982,
  "column_score": 0.4470046082949309,
  "time_ms": 4
}