{
  "sum_of_pairs": 0.757796451914099,
  "column_score": 0.5798319327731093,
  "time_ms": 15
}