{
  "sum_of_pairs": 0.8817829457364341,
  "column_score": 0.6511627906976745,
  "time_ms": 1
}