{
  "sum_of_pairs": 0.6362023070097604,
  "column_score": 0.42857142857142855,
  "time_ms": 19
}