{
  "sum_of_pairs": 0.8994322789943228,
  "column_score": 0.7007299270072993,
  "time_ms": 5
}