{
  "sum_of_pairs": 0.9214092140921409,
  "column_score": 0.7886178861788617,
  "time_ms": 100
}