{
  "sum_of_pairs": 0.8308632543926662,
  "column_score": 0.2714285714285714,
  "time_ms": 117
}