{
  "sum_of_pairs": 0.8200695479384004,
  "column_score": 0.639344262295082,
  "time_ms": 56
}