{
  "sum_of_pairs": 0.6398809523809523,
  "column_score": 0.48214285714285715,
  "time_ms": 3
}