{
  "sum_of_pairs": 0.7886363636363637,
  "column_score": 0.5166666666666667,
  "time_ms": 14
}