{
  "sum_of_pairs": 0.8703634319970026,
  "column_score": 0.6751592356687898,
  "time_ms": 38
}