{
  "sum_of_pairs": 0.848210922787194,
  "column_score": 0.7457627118644068,
  "time_ms": 17
}