{
  "sum_of_pairs": 0.7184798807749627,
  "column_score": 0.44672131147540983,
  "time_ms": 33
}