{
  "sum_of_pairs": 0.5142276422764228,
  "column_score": 0.36585365853658536,
  "time_ms": 3
}