{
  "sum_of_pairs": 0.5062111801242236,
  "column_score": 0.06521739130434782,
  "time_ms": 1
}