{
  "sum_of_pairs": 0.5942460317460317,
  "column_score": 0.44047619047619047,
  "time_ms": 8
}