{
  "sum_of_pairs": 0.5294117647058824,
  "column_score": 0.4117647058823529,
  "time_ms": 4
}