{
  "sum_of_pairs": 0.9411810411810412,
  "column_score": 0.841025641025641,
  "time_ms": 25
}