{
  "sum_of_pairs": 0.8412840389584576,
  "column_score": 0.2558139534883721,
  "time_ms": 56
}