{
  "sum_of_pairs": 0.46790890269151136,
  "column_score": 0.06521739130434782,
  "time_ms": 2
}