{
  "sum_of_pairs": 0.8027093596059113,
  "column_score": 0.7044334975369458,
  "time_ms": 19
}