{
  "sum_of_pairs": 0.7958333333333333,
  "column_score": 0.5729166666666666,
  "time_ms": 1
}