{
  "sum_of_pairs": 0.6467181467181468,
  "column_score": 0.6486486486486487,
  "time_ms": 1
}