{
  "sum_of_pairs": 0.8602756892230576,
  "column_score": 0.5921052631578947,
  "time_ms": 21
}