{
  "sum_of_pairs": 0.3350574712643678,
  "column_score": 0.19310344827586207,
  "time_ms": 5
}