{
  "sum_of_pairs": 0.8328358208955224,
  "column_score": 0.7656716417910447,
  "time_ms": 38
}