{
  "sum_of_pairs": 0.47052845528455284,
  "column_score": 0.31097560975609756,
  "time_ms": 5
}