{
  "sum_of_pairs": 0.7402427637721756,
  "column_score": 0.5714285714285714,
  "time_ms": 30
}