{
  "sum_of_pairs": 0.7196581196581197,
  "column_score": 0.28205128205128205,
  "time_ms": 1
}