{
  "sum_of_pairs": 0.6684412895593019,
  "column_score": 0.4906832298136646,
  "time_ms": 10
}