{
  "sum_of_pairs": 0.9282885136543673,
  "column_score": 0.7967479674796748,
  "time_ms": 35
}