{
  "sum_of_pairs": 0.8959693443088277,
  "column_score": 0.6309963099630996,
  "time_ms": 28
}