{
  "sum_of_pairs": 0.44979838709677417,
  "column_score": 0.21975806451612903,
  "time_ms": 19
}