{
  "sum_of_pairs": 0.7965406275140788,
  "column_score": 0.5685840707964602,
  "time_ms": 34
}