{
  "sum_of_pairs": 0.5961070559610706,
  "column_score": 0.26277372262773724,
  "time_ms": 5
}