{
  "sum_of_pairs": 0.612934362934363,
  "column_score": 0.4864864864864865,
  "time_ms": 2
}