{
  "sum_of_pairs": 0.8240387063916476,
  "column_score": 0.24285714285714285,
  "time_ms": 209
}