{
  "sum_of_pairs": 0.8207178393745558,
  "column_score": 0.6194029850746269,
  "time_ms": 11
}