{
  "sum_of_pairs": 0.8606965174129353,
  "column_score": 0.8044776119402985,
  "time_ms": 11
}