{
  "sum_of_pairs": 0.7963476652797041,
  "column_score": 0.5194174757281553,
  "time_ms": 7
}