{
  "sum_of_pairs": 0.42681451612903226,
  "column_score": 0.1693548387096774,
  "time_ms": 37
}