{
  "sum_of_pairs": 0.4063786008230453,
  "column_score": 0.1111111111111111,
  "time_ms": 2
}