{
  "sum_of_pairs": 0.876249265138154,
  "column_score": 0.7469135802469136,
  "time_ms": 4
}