{
  "sum_of_pairs": 0.6697388632872504,
  "column_score": 0.6267281105990783,
  "time_ms": 2
}