{
  "sum_of_pairs": 0.7755832662912309,
  "column_score": 0.5066371681415929,
  "time_ms": 56
}