{
  "sum_of_pairs": 0.8683081928423544,
  "column_score": 0.7246376811594203,
  "time_ms": 24
}