{
  "sum_of_pairs": 0.8188323917137477,
  "column_score": 0.6440677966101694,
  "time_ms": 29
}