{
  "sum_of_pairs": 0.932944832944833,
  "column_score": 0.8102564102564103,
  "time_ms": 46
}