{
  "sum_of_pairs": 0.5450980392156862,
  "column_score": 0.5098039215686274,
  "time_ms": 3
}