{
  "sum_of_pairs": 0.825615763546798,
  "column_score": 0.7487684729064039,
  "time_ms": 12
}