{
  "sum_of_pairs": 0.7694109169519006,
  "column_score": 0.6090794451450189,
  "time_ms": 39
}