{
  "sum_of_pairs": 0.652849517906336,
  "column_score": 0.41761363636363635,
  "time_ms": 70
}