{
  "sum_of_pairs": 0.3040229885057471,
  "column_score": 0.1724137931034483,
  "time_ms": 8
}