{
  "sum_of_pairs": 0.3297053330416257,
  "column_score": 0.12865556264982078,
  "time_ms": 8
}