{
  "sum_of_pairs": 0.2890461997019374,
  "column_score": 0.045081967213114756,
  "time_ms": 10
}