{
  "sum_of_pairs": 0.1537712895377129,
  "column_score": 0.072992700729927,
  "time_ms": 2
}