{
  "sum_of_pairs": 0.5164609053497943,
  "column_score": 0.07407407407407407,
  "time_ms": 3
}