{
  "sum_of_pairs": 0.4997972424979724,
  "column_score": 0.24817518248175183,
  "time_ms": 3
}