{
  "sum_of_pairs": 0.8125874125874126,
  "column_score": 0.5384615384615384,
  "time_ms": 14
}