{
  "sum_of_pairs": 0.2703252032520325,
  "column_score": 0.18292682926829268,
  "time_ms": 2
}