{
  "sum_of_pairs": 0.30881307746979386,
  "column_score": 0.12313432835820895,
  "time_ms": 6
}