{
  "sum_of_pairs": 0.6327586206896552,
  "column_score": 0.4458128078817734,
  "time_ms": 8
}