{
  "sum_of_pairs": 0.5019964507542147,
  "column_score": 0.34368530020703936,
  "time_ms": 13
}