{
  "sum_of_pairs": 0.3339248742975451,
  "column_score": 0.16149068322981366,
  "time_ms": 11
}