{
  "sum_of_pairs": 0.5017740429505135,
  "column_score": 0.3277310924369748,
  "time_ms": 17
}