{
  "sum_of_pairs": 0.5746049768189989,
  "column_score": 0.12915129151291513,
  "time_ms": 24
}