{
  "sum_of_pairs": 0.454205069124424,
  "column_score": 0.1693548387096774,
  "time_ms": 8
}