{
  "sum_of_pairs": 0.42238442822384425,
  "column_score": 0.16058394160583941,
  "time_ms": 4
}