{
  "sum_of_pairs": 0.7314433204279589,
  "column_score": 0.17197452229299362,
  "time_ms": 25
}