{
  "sum_of_pairs": 0.6449716139497161,
  "column_score": 0.45255474452554745,
  "time_ms": 7
}