{
  "sum_of_pairs": 0.5759314456035768,
  "column_score": 0.3483606557377049,
  "time_ms": 20
}