{
  "sum_of_pairs": 0.6298615252103624,
  "column_score": 0.22093023255813954,
  "time_ms": 44
}