{
  "sum_of_pairs": 0.5016181229773463,
  "column_score": 0.15048543689320387,
  "time_ms": 8
}