{
  "sum_of_pairs": 0.6926065162907268,
  "column_score": 0.21710526315789475,
  "time_ms": 17
}