{
  "sum_of_pairs": 0.24796747967479674,
  "column_score": 0.20121951219512196,
  "time_ms": 4
}