{
  "sum_of_pairs": 0.7984375,
  "column_score": 0.609375,
  "time_ms": 1
}