{
  "sum_of_pairs": 0.8692307692307693,
  "column_score": 0.6820512820512821,
  "time_ms": 23
}