{
  "sum_of_pairs": 0.6897018970189702,
  "column_score": 0.2032520325203252,
  "time_ms": 29
}