{
  "sum_of_pairs": 0.5652134750495407,
  "column_score": 0.403530895334174,
  "time_ms": 33
}