{
  "sum_of_pairs": 0.5975452196382429,
  "column_score": 0.4186046511627907,
  "time_ms": 2
}