{
  "sum_of_pairs": 0.7291902071563089,
  "column_score": 0.4519774011299435,
  "time_ms": 17
}