{
  "sum_of_pairs": 0.1622983870967742,
  "column_score": 0.04838709677419355,
  "time_ms": 12
}