{
  "sum_of_pairs": 0.313796458710621,
  "column_score": 0.025037674149584827,
  "time_ms": 238
}