{
  "sum_of_pairs": 0.6101921865154379,
  "column_score": 0.10869565217391304,
  "time_ms": 27
}