{
  "sum_of_pairs": 0.3366098484848485,
  "column_score": 0.045454545454545456,
  "time_ms": 85
}