{
  "sum_of_pairs": 0.6863777910289538,
  "column_score": 0.09302325581395349,
  "time_ms": 122
}