{
  "sum_of_pairs": 0.38238667026443607,
  "column_score": 0.0045871559633027525,
  "time_ms": 126
}