{
  "sum_of_pairs": 0.244314489928525,
  "column_score": 0.09722222222222222,
  "time_ms": 73
}