{
  "sum_of_pairs": 0.4093906810035842,
  "column_score": 0.025806451612903226,
  "time_ms": 30
}