{
  "sum_of_pairs": 0.18888888888888888,
  "column_score": 0.037037037037037035,
  "time_ms": 17
}