{
  "sum_of_pairs": 0.5161093695576454,
  "column_score": 0.19827586206896552,
  "time_ms": 33
}