{
  "sum_of_pairs": 0.721069367951744,
  "column_score": 0.08130081300813008,
  "time_ms": 139
}