{
  "sum_of_pairs": 0.7290583234327719,
  "column_score": 0.33992291325043256,
  "time_ms": 126
}