{
  "sum_of_pairs": 0.7030211567321626,
  "column_score": 0.2806185607291618,
  "time_ms": 244
}