{
  "sum_of_pairs": 0.8445118100290514,
  "column_score": 0.21978021978021978,
  "time_ms": 188
}