{
  "sum_of_pairs": 0.8451136363636363,
  "column_score": 0.6079545454545454,
  "time_ms": 62
}