{
  "sum_of_pairs": 0.9208304011259676,
  "column_score": 0.5059523809523809,
  "time_ms": 86
}