{
  "sum_of_pairs": 0.7249393632372356,
  "column_score": 0.2198581560283688,
  "time_ms": 93
}