{
  "sum_of_pairs": 0.4805532349391998,
  "column_score": 0.18253968253968253,
  "time_ms": 52
}