{
  "sum_of_pairs": 0.6730769230769231,
  "column_score": 0.20192307692307693,
  "time_ms": 48
}