{
  "sum_of_pairs": 0.9109343855509905,
  "column_score": 0.3269230769230769,
  "time_ms": 1433
}