{
  "sum_of_pairs": 0.6390796703296703,
  "column_score": 0.1346153846153846,
  "time_ms": 108
}