{
  "sum_of_pairs": 0.6669040201750482,
  "column_score": 0.2803738317757009,
  "time_ms": 213
}