{
  "sum_of_pairs": 0.7115116684082201,
  "column_score": 0.46839080459770116,
  "time_ms": 42
}