{
  "sum_of_pairs": 0.7978890989287964,
  "column_score": 0.5217391304347826,
  "time_ms": 55
}