{
  "sum_of_pairs": 0.9273236092265943,
  "column_score": 0.390625,
  "time_ms": 2003
}