{
  "sum_of_pairs": 0.7219562955254942,
  "column_score": 0.07526881720430108,
  "time_ms": 132
}