{
  "sum_of_pairs": 0.8564573268921095,
  "column_score": 0.23333333333333334,
  "time_ms": 119
}