{
  "sum_of_pairs": 0.7823417961348996,
  "column_score": 0.5517241379310345,
  "time_ms": 24
}