{
  "sum_of_pairs": 0.4659333518982642,
  "column_score": 0.09523809523809523,
  "time_ms": 114
}