{
  "sum_of_pairs": 0.8847291620056181,
  "column_score": 0.6823899371069182,
  "time_ms": 246
}