{
  "sum_of_pairs": 0.933355947535052,
  "column_score": 0.459375,
  "time_ms": 993
}