{
  "sum_of_pairs": 0.8396921705745235,
  "column_score": 0.39903846153846156,
  "time_ms": 624
}