{
  "sum_of_pairs": 0.9925793414165507,
  "column_score": 0.9534883720930233,
  "time_ms": 92
}