{
  "sum_of_pairs": 0.9091001079330815,
  "column_score": 0.6926605504587156,
  "time_ms": 83
}