{
  "sum_of_pairs": 0.9403559403559404,
  "column_score": 0.3939393939393939,
  "time_ms": 148
}