{
  "sum_of_pairs": 0.8988249845392703,
  "column_score": 0.7085714285714285,
  "time_ms": 36
}