{
  "sum_of_pairs": 0.9150632550949843,
  "column_score": 0.3269230769230769,
  "time_ms": 884
}