{
  "sum_of_pairs": 0.8019848771266541,
  "column_score": 0.5217391304347826,
  "time_ms": 19
}