{
  "sum_of_pairs": 0.8528040586864116,
  "column_score": 0.42788461538461536,
  "time_ms": 261
}