{
  "sum_of_pairs": 0.8214204545454545,
  "column_score": 0.5340909090909091,
  "time_ms": 157
}