{
  "sum_of_pairs": 0.7158469945355191,
  "column_score": 0.4426229508196721,
  "time_ms": 4
}