{
  "sum_of_pairs": 0.6584779706275034,
  "column_score": 0.24299065420560748,
  "time_ms": 360
}