{
  "sum_of_pairs": 0.6471674876847291,
  "column_score": 0.19117647058823528,
  "time_ms": 174
}