{
  "sum_of_pairs": 0.6233933764893517,
  "column_score": 0.21052631578947367,
  "time_ms": 95
}