{
  "sum_of_pairs": 0.782088122605364,
  "column_score": 0.5316091954022989,
  "time_ms": 31
}