{
  "sum_of_pairs": 0.7844177924823086,
  "column_score": 0.4274193548387097,
  "time_ms": 236
}