{
  "sum_of_pairs": 0.49300411522633747,
  "column_score": 0.43209876543209874,
  "time_ms": 22
}