{
  "sum_of_pairs": 0.7903947903947904,
  "column_score": 0.4444444444444444,
  "time_ms": 21
}