{
  "sum_of_pairs": 0.876413110698825,
  "column_score": 0.6114285714285714,
  "time_ms": 77
}