{
  "sum_of_pairs": 0.8910806174957119,
  "column_score": 0.7295597484276729,
  "time_ms": 133
}