{
  "sum_of_pairs": 0.6128877709905378,
  "column_score": 0.21212121212121213,
  "time_ms": 21
}