{
  "sum_of_pairs": 0.8897029897718332,
  "column_score": 0.5691056910569106,
  "time_ms": 217
}