{
  "sum_of_pairs": 0.7529887482419128,
  "column_score": 0.5126582278481012,
  "time_ms": 12
}