{
  "sum_of_pairs": 0.7208688189080346,
  "column_score": 0.04938271604938271,
  "time_ms": 382
}