{
  "sum_of_pairs": 0.8301629405077681,
  "column_score": 0.6896551724137931,
  "time_ms": 14
}