{
  "sum_of_pairs": 0.8514009661835749,
  "column_score": 0.23333333333333334,
  "time_ms": 195
}