{
  "sum_of_pairs": 0.9000622869131917,
  "column_score": 0.6747967479674797,
  "time_ms": 92
}