{
  "sum_of_pairs": 0.6152547143259217,
  "column_score": 0.18421052631578946,
  "time_ms": 182
}