{
  "sum_of_pairs": 0.6115984405458089,
  "column_score": 0.2013888888888889,
  "time_ms": 42
}