{
  "sum_of_pairs": 0.8651762031072376,
  "column_score": 0.23076923076923078,
  "time_ms": 95
}