{
  "sum_of_pairs": 0.7922985019759213,
  "column_score": 0.4435483870967742,
  "time_ms": 124
}