{
  "sum_of_pairs": 0.36684957862625,
  "column_score": 0.0681648961779534,
  "time_ms": 160
}