{
  "sum_of_pairs": 0.3668495786262501,
  "column_score": 0.0681648961779534,
  "time_ms": 308
}