{
  "sum_of_pairs": 0.36694301118190914,
  "column_score": 0.0681648961779534,
  "time_ms": 67
}