{
  "sum_of_pairs": 0.44532348804500704,
  "column_score": 0.21518987341772153,
  "time_ms": 15
}