{
  "sum_of_pairs": 0.37104166666666666,
  "column_score": 0.07386363636363637,
  "time_ms": 51
}