{
  "sum_of_pairs": 0.6158798816715142,
  "column_score": 0.24528301886792453,
  "time_ms": 138
}