{
  "sum_of_pairs": 0.6439026458616011,
  "column_score": 0.009375,
  "time_ms": 724
}