{
  "sum_of_pairs": 0.8607301397999072,
  "column_score": 0.5465116279069767,
  "time_ms": 128
}