{
  "sum_of_pairs": 0.48245384883315917,
  "column_score": 0.1867816091954023,
  "time_ms": 36
}