{
  "sum_of_pairs": 0.14279835390946502,
  "column_score": 0.07407407407407407,
  "time_ms": 15
}