{
  "sum_of_pairs": 0.22336917562724015,
  "column_score": 0.035483870967741936,
  "time_ms": 24
}