{
  "sum_of_pairs": 0.6496969696969697,
  "column_score": 0.24571428571428572,
  "time_ms": 57
}