{
  "sum_of_pairs": 0.7009222661396575,
  "column_score": 0.5817610062893082,
  "time_ms": 170
}