{
  "sum_of_pairs": 0.3709944270289098,
  "column_score": 0.16091954022988506,
  "time_ms": 36
}