{
  "sum_of_pairs": 0.45786023500309214,
  "column_score": 0.06857142857142857,
  "time_ms": 56
}