{
  "sum_of_pairs": 0.5646308680828743,
  "column_score": 0.11382113821138211,
  "time_ms": 120
}