{
  "sum_of_pairs": 0.4373040752351097,
  "column_score": 0.29022988505747127,
  "time_ms": 50
}