{
  "sum_of_pairs": 0.5129062114356232,
  "column_score": 0.09615384615384616,
  "time_ms": 403
}