{
  "sum_of_pairs": 0.33311563915012193,
  "column_score": 0.05459770114942529,
  "time_ms": 35
}