{
  "sum_of_pairs": 0.6738397193739881,
  "column_score": 0.22706422018348624,
  "time_ms": 158
}