{
  "sum_of_pairs": 0.26349291738614267,
  "column_score": 0.07394617288296969,
  "time_ms": 12
}