{
  "sum_of_pairs": 0.1997983870967742,
  "column_score": 0.03024193548387097,
  "time_ms": 13
}