{
  "sum_of_pairs": 0.2683798209366391,
  "column_score": 0.13068181818181818,
  "time_ms": 46
}