{
  "sum_of_pairs": 0.5601990049751244,
  "column_score": 0.4044776119402985,
  "time_ms": 12
}