{
  "sum_of_pairs": 0.7102217938564811,
  "column_score": 0.36797453286628373,
  "time_ms": 1678
}