{
  "sum_of_pairs": 0.7076609534790468,
  "column_score": 0.3540792928828106,
  "time_ms": 3220
}