{
  "sum_of_pairs": 0.5409620146462252,
  "column_score": 0.2222222222222222,
  "time_ms": 217
}