{
  "sum_of_pairs": 0.9207094275587426,
  "column_score": 0.6643835616438356,
  "time_ms": 5006
}