{
  "sum_of_pairs": 0.6763053939524528,
  "column_score": 0.21266968325791855,
  "time_ms": 1134
}