{
  "sum_of_pairs": 0.3300865800865801,
  "column_score": 0.18181818181818182,
  "time_ms": 61
}