{
  "sum_of_pairs": 0.8593945578231292,
  "column_score": 0.5958333333333333,
  "time_ms": 2156
}