{
  "sum_of_pairs": 0.5887951432873635,
  "column_score": 0.20930232558139536,
  "time_ms": 5220
}