{
  "sum_of_pairs": 0.7900075874278619,
  "column_score": 0.5043478260869565,
  "time_ms": 1159
}