{
  "sum_of_pairs": 0.8181628018168778,
  "column_score": 0.0425531914893617,
  "time_ms": 3431
}