{
  "sum_of_pairs": 0.6291177628076023,
  "column_score": 0.24675324675324675,
  "time_ms": 300
}