{
  "sum_of_pairs": 0.7331923890063425,
  "column_score": 0.5294117647058824,
  "time_ms": 212
}