{
  "sum_of_pairs": 0.8556817916169904,
  "column_score": 0.6706349206349206,
  "time_ms": 10581
}