{
  "sum_of_pairs": 0.841272221032341,
  "column_score": 0.4835164835164835,
  "time_ms": 6503
}