{
  "sum_of_pairs": 0.8603469387755102,
  "column_score": 0.6166666666666667,
  "time_ms": 1108
}