{
  "sum_of_pairs": 0.7001000250062516,
  "column_score": 0.3178294573643411,
  "time_ms": 725
}