{
  "sum_of_pairs": 0.8181302023341229,
  "column_score": 0.0425531914893617,
  "time_ms": 6207
}