{
  "sum_of_pairs": 0.9208850510220373,
  "column_score": 0.6712328767123288,
  "time_ms": 2239
}