{
  "sum_of_pairs": 0.32316017316017315,
  "column_score": 0.18181818181818182,
  "time_ms": 94
}