{
  "sum_of_pairs": 0.8768754760091394,
  "column_score": 0.5544554455445545,
  "time_ms": 2891
}