{
  "sum_of_pairs": 0.9198149219201851,
  "column_score": 0.4777327935222672,
  "time_ms": 2907
}