{
  "sum_of_pairs": 0.7320731252331799,
  "column_score": 0.5058823529411764,
  "time_ms": 322
}