{
  "sum_of_pairs": 0.9121187363834423,
  "column_score": 0.6911764705882353,
  "time_ms": 4184
}