{
  "sum_of_pairs": 0.9371260683760684,
  "column_score": 0.8011695906432749,
  "time_ms": 877
}