{
  "sum_of_pairs": 0.8411091157717845,
  "column_score": 0.4835164835164835,
  "time_ms": 12670
}