{
  "sum_of_pairs": 0.8727523228554245,
  "column_score": 0.6699029126213593,
  "time_ms": 5321
}