{
  "sum_of_pairs": 0.7085945399393326,
  "column_score": 0.40869565217391307,
  "time_ms": 9986
}