{
  "sum_of_pairs": 0.9229744691398827,
  "column_score": 0.5344129554655871,
  "time_ms": 1685
}