{
  "sum_of_pairs": 0.6691871455576559,
  "column_score": 0.4782608695652174,
  "time_ms": 57
}