{
  "sum_of_pairs": 0.8559522974629223,
  "column_score": 0.6746031746031746,
  "time_ms": 5093
}