{
  "sum_of_pairs": 0.4308390022675737,
  "column_score": 0.20952380952380953,
  "time_ms": 66
}