{
  "sum_of_pairs": 0.8725283222662723,
  "column_score": 0.6310679611650486,
  "time_ms": 8126
}