{
  "sum_of_pairs": 0.4378009537966773,
  "column_score": 0.07505084573899057,
  "time_ms": 116
}