{
  "sum_of_pairs": 0.5231649291633254,
  "column_score": 0.2372093023255814,
  "time_ms": 149
}