{
  "sum_of_pairs": 0.6049382716049383,
  "column_score": 0.2839506172839506,
  "time_ms": 52
}