{
  "sum_of_pairs": 0.7250372578241431,
  "column_score": 0.32786885245901637,
  "time_ms": 29
}