{
  "sum_of_pairs": 0.4140147730538011,
  "column_score": 0.037067528100567265,
  "time_ms": 437
}