{
  "sum_of_pairs": 0.03060735007818298,
  "column_score": 0.000531632110579479,
  "time_ms": 6
}