{
  "sum_of_pairs": 0.5702319034816699,
  "column_score": 0.18997862367587298,
  "time_ms": 374
}