{
  "sum_of_pairs": 0.5709661474008022,
  "column_score": 0.189978623675873,
  "time_ms": 319
}