{
  "sum_of_pairs": 0.5570055056848322,
  "column_score": 0.17250495665916885,
  "time_ms": 258
}