{
  "sum_of_pairs": 0.5702319034816697,
  "column_score": 0.189978623675873,
  "time_ms": 1105
}