{
  "sum_of_pairs": 0.5773497681046583,
  "column_score": 0.1981331013590593,
  "time_ms": 136
}