{
  "sum_of_pairs": 0.7744318181818182,
  "column_score": 0.36363636363636365,
  "time_ms": 57
}