{
  "sum_of_pairs": 0.7895554773633592,
  "column_score": 0.06547619047619048,
  "time_ms": 86
}