{
  "sum_of_pairs": 0.8211443728685108,
  "column_score": 0.6758620689655173,
  "time_ms": 14
}