{
  "sum_of_pairs": 0.4165517875195295,
  "column_score": 0.07258064516129033,
  "time_ms": 261
}