{
  "sum_of_pairs": 0.42746530649756453,
  "column_score": 0.08064516129032258,
  "time_ms": 150
}