{
  "sum_of_pairs": 0.48113684404006984,
  "column_score": 0.1532258064516129,
  "time_ms": 336
}