{
  "sum_of_pairs": 0.8046987495263357,
  "column_score": 0.08791208791208792,
  "time_ms": 92
}