{
  "sum_of_pairs": 0.6411522633744856,
  "column_score": 0.43209876543209874,
  "time_ms": 11
}