{
  "sum_of_pairs": 0.552831541218638,
  "column_score": 0.2032258064516129,
  "time_ms": 42
}