{
  "sum_of_pairs": 0.47706093189964155,
  "column_score": 0.16129032258064516,
  "time_ms": 35
}