{
  "sum_of_pairs": 0.6903953326367119,
  "column_score": 0.3936781609195402,
  "time_ms": 178
}