{
  "sum_of_pairs": 0.6171630094043887,
  "column_score": 0.3936781609195402,
  "time_ms": 48
}