{
  "sum_of_pairs": 0.43729694606887587,
  "column_score": 0.1746031746031746,
  "time_ms": 53
}