{
  "sum_of_pairs": 0.7910824807376532,
  "column_score": 0.08791208791208792,
  "time_ms": 169
}