{
  "sum_of_pairs": 0.4809989890635052,
  "column_score": 0.1532258064516129,
  "time_ms": 1276
}