{
  "sum_of_pairs": 0.7215178859969672,
  "column_score": 0.5094339622641509,
  "time_ms": 373
}