{
  "sum_of_pairs": 0.7961030595813204,
  "column_score": 0.3333333333333333,
  "time_ms": 281
}