{
  "sum_of_pairs": 0.6454197143852316,
  "column_score": 0.3218390804597701,
  "time_ms": 66
}