{
  "sum_of_pairs": 0.8548072443512695,
  "column_score": 0.4479166666666667,
  "time_ms": 526
}