{
  "sum_of_pairs": 0.6929641239986067,
  "column_score": 0.3936781609195402,
  "time_ms": 30
}