{
  "sum_of_pairs": 0.5946220601537766,
  "column_score": 0.103125,
  "time_ms": 996
}