{
  "sum_of_pairs": 0.6912568306010929,
  "column_score": 0.4262295081967213,
  "time_ms": 5
}