{
  "sum_of_pairs": 0.9690679690679691,
  "column_score": 0.8148148148148148,
  "time_ms": 20
}