{
  "sum_of_pairs": 0.8900963808025177,
  "column_score": 0.5853658536585366,
  "time_ms": 218
}