{
  "sum_of_pairs": 0.40736099508029333,
  "column_score": 0.09523809523809523,
  "time_ms": 106
}