{
  "sum_of_pairs": 0.7726366408632418,
  "column_score": 0.02976190476190476,
  "time_ms": 170
}