{
  "sum_of_pairs": 0.7589393939393939,
  "column_score": 0.32954545454545453,
  "time_ms": 130
}