{
  "sum_of_pairs": 0.32895506860003904,
  "column_score": 0.11834319526627218,
  "time_ms": 40
}