{
  "sum_of_pairs": 0.6491640543364682,
  "column_score": 0.4396551724137931,
  "time_ms": 57
}