{
  "sum_of_pairs": 0.3325617283950617,
  "column_score": 0.10416666666666667,
  "time_ms": 398
}