{
  "sum_of_pairs": 0.47453703703703703,
  "column_score": 0.21666666666666667,
  "time_ms": 10
}