{
  "sum_of_pairs": 0.7184726676113058,
  "column_score": 0.5125786163522013,
  "time_ms": 129
}