{
  "sum_of_pairs": 0.30121020142949967,
  "column_score": 0.09027777777777778,
  "time_ms": 101
}