{
  "sum_of_pairs": 0.8010610079575596,
  "column_score": 0.5448275862068965,
  "time_ms": 32
}