{
  "sum_of_pairs": 0.4262125902992776,
  "column_score": 0.07894736842105263,
  "time_ms": 99
}