{
  "sum_of_pairs": 0.8630835300288486,
  "column_score": 0.5447154471544715,
  "time_ms": 238
}