{
  "sum_of_pairs": 0.4810142238713667,
  "column_score": 0.07755102040816327,
  "time_ms": 36
}