{
  "sum_of_pairs": 0.6493382096830372,
  "column_score": 0.4482758620689655,
  "time_ms": 24
}