{
  "sum_of_pairs": 0.7750757575757575,
  "column_score": 0.36363636363636365,
  "time_ms": 239
}