{
  "sum_of_pairs": 0.7580210265924552,
  "column_score": 0.49714285714285716,
  "time_ms": 41
}