{
  "sum_of_pairs": 0.5425806451612903,
  "column_score": 0.2032258064516129,
  "time_ms": 49
}