{
  "sum_of_pairs": 0.6998945147679325,
  "column_score": 0.4810126582278481,
  "time_ms": 19
}