{
  "sum_of_pairs": 0.8220790609821911,
  "column_score": 0.5160550458715596,
  "time_ms": 162
}