{
  "sum_of_pairs": 0.9796499796499797,
  "column_score": 0.8888888888888888,
  "time_ms": 13
}