{
  "sum_of_pairs": 0.3325211176088369,
  "column_score": 0.10416666666666667,
  "time_ms": 91
}