{
  "sum_of_pairs": 0.4129374237733371,
  "column_score": 0.07894736842105263,
  "time_ms": 285
}