{
  "sum_of_pairs": 0.7386023500309215,
  "column_score": 0.4514285714285714,
  "time_ms": 104
}