{
  "sum_of_pairs": 0.6045267489711934,
  "column_score": 0.42592592592592593,
  "time_ms": 122
}