{
  "sum_of_pairs": 0.7119223407164342,
  "column_score": 0.4748427672955975,
  "time_ms": 232
}