{
  "sum_of_pairs": 0.7306369820655535,
  "column_score": 0.42857142857142855,
  "time_ms": 102
}