{
  "sum_of_pairs": 0.5753086419753086,
  "column_score": 0.36419753086419754,
  "time_ms": 20
}