{
  "sum_of_pairs": 0.2961831068339944,
  "column_score": 0.10650887573964497,
  "time_ms": 33
}