{
  "sum_of_pairs": 0.7930594651653765,
  "column_score": 0.06547619047619048,
  "time_ms": 223
}