{
  "sum_of_pairs": 0.3387751786874594,
  "column_score": 0.10416666666666667,
  "time_ms": 43
}