{
  "sum_of_pairs": 0.7316347867818456,
  "column_score": 0.32211538461538464,
  "time_ms": 483
}