{
  "sum_of_pairs": 0.3358475843682944,
  "column_score": 0.11834319526627218,
  "time_ms": 22
}