{
  "sum_of_pairs": 0.7550219388454683,
  "column_score": 0.35096153846153844,
  "time_ms": 561
}