{
  "sum_of_pairs": 0.8536789541113441,
  "column_score": 0.4479166666666667,
  "time_ms": 3546
}