{
  "sum_of_pairs": 0.7390991361579596,
  "column_score": 0.35096153846153844,
  "time_ms": 263
}