{
  "sum_of_pairs": 0.7559681697612732,
  "column_score": 0.4827586206896552,
  "time_ms": 30
}