{
  "sum_of_pairs": 0.8394664058283864,
  "column_score": 0.6100917431192661,
  "time_ms": 76
}