{
  "sum_of_pairs": 0.7216947960618847,
  "column_score": 0.43670886075949367,
  "time_ms": 54
}