{
  "sum_of_pairs": 0.7210331369478211,
  "column_score": 0.5094339622641509,
  "time_ms": 299
}