{
  "sum_of_pairs": 0.875081956464726,
  "column_score": 0.6016260162601627,
  "time_ms": 97
}