{
  "sum_of_pairs": 0.7238342609771181,
  "column_score": 0.42857142857142855,
  "time_ms": 87
}