{
  "sum_of_pairs": 0.6079758078691895,
  "column_score": 0.011574265460168726,
  "time_ms": 573
}