{
  "sum_of_pairs": 0.535359282752073,
  "column_score": 0.13679412931174645,
  "time_ms": 545
}