{
  "sum_of_pairs": 0.5232873849460905,
  "column_score": 0.13207476495046488,
  "time_ms": 447
}