{
  "sum_of_pairs": 0.5309200614204963,
  "column_score": 0.14376416523507243,
  "time_ms": 280
}