{
  "sum_of_pairs": 0.7003388046445841,
  "column_score": 0.25742574257425743,
  "time_ms": 1074
}