{
  "sum_of_pairs": 0.7487882177479492,
  "column_score": 0.3859060402684564,
  "time_ms": 35
}