{
  "sum_of_pairs": 0.7726490243250468,
  "column_score": 0.4418604651162791,
  "time_ms": 592
}