{
  "sum_of_pairs": 0.7183072334079046,
  "column_score": 0.31208053691275167,
  "time_ms": 22
}