{
  "sum_of_pairs": 0.6800670640834575,
  "column_score": 0.23770491803278687,
  "time_ms": 83
}