{
  "sum_of_pairs": 0.6919523099850968,
  "column_score": 0.1864754098360656,
  "time_ms": 85
}