{
  "sum_of_pairs": 0.8199294532627865,
  "column_score": 0.09333333333333334,
  "time_ms": 293
}