{
  "sum_of_pairs": 0.4127270540117888,
  "column_score": 0.15337423312883436,
  "time_ms": 82
}