{
  "sum_of_pairs": 0.8315289648622982,
  "column_score": 0.5802469135802469,
  "time_ms": 61
}