{
  "sum_of_pairs": 0.7292470794091915,
  "column_score": 0.15748031496062992,
  "time_ms": 45
}