{
  "sum_of_pairs": 0.7607912322908313,
  "column_score": 0.4186046511627907,
  "time_ms": 243
}