{
  "sum_of_pairs": 0.7060403714790083,
  "column_score": 0.27722772277227725,
  "time_ms": 554
}