{
  "sum_of_pairs": 0.7572841486233627,
  "column_score": 0.413953488372093,
  "time_ms": 434
}