{
  "sum_of_pairs": 0.8381386514719849,
  "column_score": 0.5802469135802469,
  "time_ms": 154
}