{
  "sum_of_pairs": 0.7405853840417599,
  "column_score": 0.3422818791946309,
  "time_ms": 14
}