{
  "sum_of_pairs": 0.7061390524434503,
  "column_score": 0.27722772277227725,
  "time_ms": 1255
}