{
  "sum_of_pairs": 0.44945667428525604,
  "column_score": 0.15950920245398773,
  "time_ms": 192
}