{
  "sum_of_pairs": 0.39524439632703795,
  "column_score": 0.12269938650306748,
  "time_ms": 136
}