{
  "sum_of_pairs": 0.6316223517810088,
  "column_score": 0.3933316988961913,
  "time_ms": 20
}