{
  "sum_of_pairs": 0.6565483696631238,
  "column_score": 0.5220680958385876,
  "time_ms": 38
}