{
  "sum_of_pairs": 0.5416666666666666,
  "column_score": 0.4268292682926829,
  "time_ms": 4
}