{
  "sum_of_pairs": 0.29038961038961036,
  "column_score": 0.37142857142857144,
  "time_ms": 7
}