{
  "sum_of_pairs": 0.5091683884297521,
  "column_score": 0.26420454545454547,
  "time_ms": 58
}