{
  "sum_of_pairs": 0.6799763383614316,
  "column_score": 0.4968944099378882,
  "time_ms": 11
}