{
  "sum_of_pairs": 0.7025210084033613,
  "column_score": 0.42857142857142855,
  "time_ms": 31
}