{
  "sum_of_pairs": 0.8822843822843823,
  "column_score": 0.5897435897435898,
  "time_ms": 27
}