{
  "sum_of_pairs": 0.7738916256157635,
  "column_score": 0.6157635467980296,
  "time_ms": 23
}