{
  "sum_of_pairs": 0.8156934306569343,
  "column_score": 0.5985401459854015,
  "time_ms": 7
}