{
  "sum_of_pairs": 0.6190476190476191,
  "column_score": 0.3155339805825243,
  "time_ms": 9
}