{
  "sum_of_pairs": 0.7606226196390131,
  "column_score": 0.6289120715350224,
  "time_ms": 50
}