{
  "sum_of_pairs": 0.6808591162834705,
  "column_score": 0.28413284132841327,
  "time_ms": 26
}