{
  "sum_of_pairs": 0.7706467661691542,
  "column_score": 0.664179104477612,
  "time_ms": 18
}