{
  "sum_of_pairs": 0.8632543926661573,
  "column_score": 0.44285714285714284,
  "time_ms": 154
}