{
  "sum_of_pairs": 0.6575623491552695,
  "column_score": 0.3141592920353982,
  "time_ms": 55
}