{
  "sum_of_pairs": 0.6432190760059613,
  "column_score": 0.38524590163934425,
  "time_ms": 21
}