{
  "sum_of_pairs": 0.6666666666666666,
  "column_score": 0.5217391304347826,
  "time_ms": 25
}