{
  "sum_of_pairs": 0.2310483870967742,
  "column_score": 0.20362903225806453,
  "time_ms": 13
}