{
  "sum_of_pairs": 0.6063297419732104,
  "column_score": 0.15355983218126312,
  "time_ms": 701
}