{
  "sum_of_pairs": 0.5895772022102186,
  "column_score": 0.11450113141903599,
  "time_ms": 1226
}