{
  "sum_of_pairs": 0.6045011965845373,
  "column_score": 0.14907915585276071,
  "time_ms": 1594
}