{
  "sum_of_pairs": 0.8220059025133283,
  "column_score": 0.33663366336633666,
  "time_ms": 1211
}