{
  "sum_of_pairs": 0.7114829931972789,
  "column_score": 0.2791666666666667,
  "time_ms": 858
}