{
  "sum_of_pairs": 0.584554159930357,
  "column_score": 0.12941176470588237,
  "time_ms": 191
}