{
  "sum_of_pairs": 0.7138357223576994,
  "column_score": 0.3130434782608696,
  "time_ms": 1754
}