{
  "sum_of_pairs": 0.8436519871106337,
  "column_score": 0.1417004048582996,
  "time_ms": 1404
}