{
  "sum_of_pairs": 0.6727380952380952,
  "column_score": 0.22083333333333333,
  "time_ms": 2236
}