{
  "sum_of_pairs": 0.6278945404800398,
  "column_score": 0.27058823529411763,
  "time_ms": 93
}