{
  "sum_of_pairs": 0.4599873976055451,
  "column_score": 0.2391304347826087,
  "time_ms": 12
}