{
  "sum_of_pairs": 0.8232519812048531,
  "column_score": 0.5317460317460317,
  "time_ms": 3944
}