{
  "sum_of_pairs": 0.4966813260355171,
  "column_score": 0.16279069767441862,
  "time_ms": 1363
}