{
  "sum_of_pairs": 0.31006493506493504,
  "column_score": 0.045454545454545456,
  "time_ms": 57
}