{
  "sum_of_pairs": 0.6845710680297147,
  "column_score": 0.08791208791208792,
  "time_ms": 1175
}