{
  "sum_of_pairs": 0.785816432443119,
  "column_score": 0.2857142857142857,
  "time_ms": 2603
}