{
  "sum_of_pairs": 0.8222041884991601,
  "column_score": 0.5317460317460317,
  "time_ms": 2168
}