{
  "sum_of_pairs": 0.8236195456590193,
  "column_score": 0.391812865497076,
  "time_ms": 459
}