{
  "sum_of_pairs": 0.8053217821782178,
  "column_score": 0.25742574257425743,
  "time_ms": 954
}