{
  "sum_of_pairs": 0.5808505220269926,
  "column_score": 0.19480519480519481,
  "time_ms": 171
}