{
  "sum_of_pairs": 0.8467820627692609,
  "column_score": 0.3106796116504854,
  "time_ms": 2293
}