{
  "sum_of_pairs": 0.8102198605488079,
  "column_score": 0.25146198830409355,
  "time_ms": 874
}