{
  "sum_of_pairs": 0.41603654694391934,
  "column_score": 0.1956521739130435,
  "time_ms": 38
}