{
  "sum_of_pairs": 0.5558487857953098,
  "column_score": 0.15584415584415584,
  "time_ms": 145
}