{
  "sum_of_pairs": 0.7113781002795456,
  "column_score": 0.28695652173913044,
  "time_ms": 3993
}