{
  "sum_of_pairs": 0.7752178855627131,
  "column_score": 0.18681318681318682,
  "time_ms": 5104
}