{
  "sum_of_pairs": 0.8353365532139482,
  "column_score": 0.20388349514563106,
  "time_ms": 2896
}