{
  "sum_of_pairs": 0.11592196533731954,
  "column_score": 0.02599776064288863,
  "time_ms": 6
}