{
  "sum_of_pairs": 0.09011685173821396,
  "column_score": 0.015467117849049472,
  "time_ms": 9
}