{
  "sum_of_pairs": 0.11638577048308596,
  "column_score": 0.032088056402958004,
  "time_ms": 13
}