{
  "sum_of_pairs": 0.25405405405405407,
  "column_score": 0.13513513513513514,
  "time_ms": 0
}