{
  "sum_of_pairs": 0.2543859649122807,
  "column_score": 0.03508771929824561,
  "time_ms": 0
}