{
  "sum_of_pairs": 0.08164983164983165,
  "column_score": 0.03535353535353535,
  "time_ms": 2
}