{
  "sum_of_pairs": 0.1434878587196468,
  "column_score": 0.026490066225165563,
  "time_ms": 4
}