{
  "sum_of_pairs": 0.17280385078219013,
  "column_score": 0.032490974729241874,
  "time_ms": 18
}