{
  "sum_of_pairs": 0.17208182912154033,
  "column_score": 0.032490974729241874,
  "time_ms": 11
}