{
  "sum_of_pairs": 0.30272108843537415,
  "column_score": 0.1836734693877551,
  "time_ms": 1
}