{
  "sum_of_pairs": 0.17549668874172186,
  "column_score": 0.046357615894039736,
  "time_ms": 1
}