{
  "sum_of_pairs": 0.18101545253863136,
  "column_score": 0.046357615894039736,
  "time_ms": 1
}