{
  "sum_of_pairs": 0.25163398692810457,
  "column_score": 0.17647058823529413,
  "time_ms": 0
}