{
  "sum_of_pairs": 0.2908496732026144,
  "column_score": 0.17647058823529413,
  "time_ms": 0
}