{
  "sum_of_pairs": 0.23883928571428573,
  "column_score": 0.08333333333333333,
  "time_ms": 10
}