{
  "sum_of_pairs": 0.27837837837837837,
  "column_score": 0.1891891891891892,
  "time_ms": 0
}