{
  "sum_of_pairs": 0.37250996015936255,
  "column_score": 0.18725099601593626,
  "time_ms": 2
}