{
  "sum_of_pairs": 0.13720538720538722,
  "column_score": 0.03535353535353535,
  "time_ms": 3
}