{
  "sum_of_pairs": 0.11868686868686869,
  "column_score": 0.03535353535353535,
  "time_ms": 1
}