{
  "sum_of_pairs": 0.36157903190077517,
  "column_score": 0.05789439125079269,
  "time_ms": 187
}