{
  "sum_of_pairs": 0.36157903190077517,
  "column_score": 0.057894391250792696,
  "time_ms": 217
}