{
  "sum_of_pairs": 0.5232861400894188,
  "column_score": 0.19057377049180327,
  "time_ms": 72
}