{
  "sum_of_pairs": 0.48903042836606136,
  "column_score": 0.1167597227930603,
  "time_ms": 140
}