{
  "sum_of_pairs": 0.6964482431149098,
  "column_score": 0.5061728395061729,
  "time_ms": 57
}