{
  "sum_of_pairs": 0.688487468478205,
  "column_score": 0.31496062992125984,
  "time_ms": 36
}