{
  "sum_of_pairs": 0.4804045512010114,
  "column_score": 0.21238938053097345,
  "time_ms": 139
}