{
  "sum_of_pairs": 0.7379753914988815,
  "column_score": 0.40268456375838924,
  "time_ms": 18
}