{
  "sum_of_pairs": 0.5240283850805488,
  "column_score": 0.13394012144873219,
  "time_ms": 186
}