{
  "sum_of_pairs": 0.7686369000786782,
  "column_score": 0.3902439024390244,
  "time_ms": 116
}