{
  "sum_of_pairs": 0.4061591143634487,
  "column_score": 0.10526315789473684,
  "time_ms": 127
}