{
  "sum_of_pairs": 0.7399014778325124,
  "column_score": 0.47586206896551725,
  "time_ms": 21
}