{
  "sum_of_pairs": 0.5975274725274725,
  "column_score": 0.07692307692307693,
  "time_ms": 80
}