{
  "sum_of_pairs": 0.6362765586903518,
  "column_score": 0.3735632183908046,
  "time_ms": 36
}