{
  "sum_of_pairs": 0.3966714802912582,
  "column_score": 0.038461538461538464,
  "time_ms": 1640
}