{
  "sum_of_pairs": 0.5323072139303483,
  "column_score": 0.01875,
  "time_ms": 1268
}