{
  "sum_of_pairs": 0.4275801856447018,
  "column_score": 0.07258064516129033,
  "time_ms": 225
}