{
  "sum_of_pairs": 0.7297344514325647,
  "column_score": 0.2708333333333333,
  "time_ms": 716
}