{
  "sum_of_pairs": 0.5833333333333334,
  "column_score": 0.23333333333333334,
  "time_ms": 10
}