{
  "sum_of_pairs": 0.8864705492612469,
  "column_score": 0.38372093023255816,
  "time_ms": 130
}