{
  "sum_of_pairs": 0.6010752688172043,
  "column_score": 0.035483870967741936,
  "time_ms": 35
}