{
  "sum_of_pairs": 0.40865800865800866,
  "column_score": 0.024489795918367346,
  "time_ms": 29
}