{
  "sum_of_pairs": 0.6810829817158931,
  "column_score": 0.4873417721518987,
  "time_ms": 19
}