{
  "sum_of_pairs": 0.698399085191538,
  "column_score": 0.44654088050314467,
  "time_ms": 193
}