{
  "sum_of_pairs": 0.6675572047000619,
  "column_score": 0.2057142857142857,
  "time_ms": 56
}