{
  "sum_of_pairs": 0.38477366255144035,
  "column_score": 0.19135802469135801,
  "time_ms": 19
}