{
  "sum_of_pairs": 0.45778074469663255,
  "column_score": 0.1588785046728972,
  "time_ms": 280
}