{
  "sum_of_pairs": 0.7032954545454545,
  "column_score": 0.2556818181818182,
  "time_ms": 74
}