{
  "sum_of_pairs": 0.13092578210636924,
  "column_score": 0.013962231467727255,
  "time_ms": 15
}