{
  "sum_of_pairs": 0.18267148014440432,
  "column_score": 0.007220216606498195,
  "time_ms": 19
}