{
  "sum_of_pairs": 0.15344107800951243,
  "column_score": 0.03451470739882005,
  "time_ms": 4
}