{
  "sum_of_pairs": 0.13088578935261852,
  "column_score": 0.02141154842405798,
  "time_ms": 11
}