{
  "sum_of_pairs": 0.249667994687915,
  "column_score": 0.08764940239043825,
  "time_ms": 2
}