{
  "sum_of_pairs": 0.31156015037593987,
  "column_score": 0.15789473684210525,
  "time_ms": 7
}