{
  "sum_of_pairs": 0.34063745019920316,
  "column_score": 0.16733067729083664,
  "time_ms": 7
}