{
  "sum_of_pairs": 0.13584965758878803,
  "column_score": 0.014492753623188406,
  "time_ms": 13
}