{
  "sum_of_pairs": 0.327027027027027,
  "column_score": 0.24324324324324326,
  "time_ms": 0
}