{
  "sum_of_pairs": 0.30780075187969924,
  "column_score": 0.19736842105263158,
  "time_ms": 18
}