{
  "sum_of_pairs": 0.3425751879699248,
  "column_score": 0.19736842105263158,
  "time_ms": 4
}