{
  "sum_of_pairs": 0.2755102040816326,
  "column_score": 0.1836734693877551,
  "time_ms": 1
}