{
  "sum_of_pairs": 0.1545209176788124,
  "column_score": 0.012145748987854251,
  "time_ms": 5
}