{
  "sum_of_pairs": 0.1264532568880395,
  "column_score": 0.014492753623188406,
  "time_ms": 32
}