{
  "sum_of_pairs": 0.25135135135135134,
  "column_score": 0.10810810810810811,
  "time_ms": 1
}