{
  "sum_of_pairs": 0.36005291005291007,
  "column_score": 0.14814814814814814,
  "time_ms": 6
}