{
  "sum_of_pairs": 0.34285714285714286,
  "column_score": 0.13333333333333333,
  "time_ms": 13
}