{
  "sum_of_pairs": 0.2563176895306859,
  "column_score": 0.08303249097472924,
  "time_ms": 12
}