{
  "sum_of_pairs": 0.1750841750841751,
  "column_score": 0.08080808080808081,
  "time_ms": 1
}