{
  "sum_of_pairs": 0.3114320096269555,
  "column_score": 0.10108303249097472,
  "time_ms": 7
}