{
  "sum_of_pairs": 0.6849878951553285,
  "column_score": 0.4657799381299686,
  "time_ms": 17
}