{
  "sum_of_pairs": 0.644547022675048,
  "column_score": 0.4055807733341324,
  "time_ms": 33
}