{
  "sum_of_pairs": 0.6820873601340918,
  "column_score": 0.46576626093925044,
  "time_ms": 50
}