{
  "sum_of_pairs": 0.6226756198347108,
  "column_score": 0.3977272727272727,
  "time_ms": 77
}