{
  "sum_of_pairs": 0.8572915365721661,
  "column_score": 0.7006369426751592,
  "time_ms": 98
}