{
  "sum_of_pairs": 0.7930905695611578,
  "column_score": 0.5546218487394958,
  "time_ms": 28
}