{
  "sum_of_pairs": 0.798768472906404,
  "column_score": 0.6502463054187192,
  "time_ms": 19
}