{
  "sum_of_pairs": 0.7470443349753695,
  "column_score": 0.5714285714285714,
  "time_ms": 17
}