{
  "sum_of_pairs": 0.7449799196787149,
  "column_score": 0.6927710843373494,
  "time_ms": 2
}