{
  "sum_of_pairs": 0.7741854636591479,
  "column_score": 0.5131578947368421,
  "time_ms": 24
}