{
  "sum_of_pairs": 0.7163018433179723,
  "column_score": 0.46774193548387094,
  "time_ms": 11
}