{
  "sum_of_pairs": 0.8041431261770244,
  "column_score": 0.7005649717514124,
  "time_ms": 14
}