{
  "sum_of_pairs": 0.7761017450458444,
  "column_score": 0.6521739130434783,
  "time_ms": 23
}