{
  "sum_of_pairs": 0.8041362530413625,
  "column_score": 0.5109489051094891,
  "time_ms": 8
}