{
  "sum_of_pairs": 0.23505747126436782,
  "column_score": 0.1103448275862069,
  "time_ms": 6
}