{
  "sum_of_pairs": 0.5739583333333333,
  "column_score": 0.3020833333333333,
  "time_ms": 1
}