{
  "sum_of_pairs": 0.9428904428904429,
  "column_score": 0.8358974358974359,
  "time_ms": 25
}