{
  "sum_of_pairs": 0.8839285714285714,
  "column_score": 0.8392857142857143,
  "time_ms": 1
}