{
  "sum_of_pairs": 0.7361111111111112,
  "column_score": 0.6071428571428571,
  "time_ms": 2
}