{
  "sum_of_pairs": 0.7116567319519349,
  "column_score": 0.3210332103321033,
  "time_ms": 68
}