{
  "sum_of_pairs": 0.8614258265421056,
  "column_score": 0.5813953488372093,
  "time_ms": 58
}