{
  "sum_of_pairs": 0.7861163227016885,
  "column_score": 0.3821138211382114,
  "time_ms": 96
}