{
  "sum_of_pairs": 0.777027027027027,
  "column_score": 0.5135135135135135,
  "time_ms": 1
}