{
  "sum_of_pairs": 0.6626506024096386,
  "column_score": 0.5903614457831325,
  "time_ms": 2
}