{
  "sum_of_pairs": 0.6376068376068376,
  "column_score": 0.38461538461538464,
  "time_ms": 1
}