{
  "sum_of_pairs": 0.8075880758807588,
  "column_score": 0.4146341463414634,
  "time_ms": 88
}