{
  "sum_of_pairs": 0.7122950819672131,
  "column_score": 0.5819672131147541,
  "time_ms": 109
}