{
  "sum_of_pairs": 0.7594966053982447,
  "column_score": 0.6050670640834576,
  "time_ms": 233
}