{
  "sum_of_pairs": 0.72964330751216,
  "column_score": 0.5308953341740227,
  "time_ms": 90
}