{
  "sum_of_pairs": 0.8291505791505791,
  "column_score": 0.7297297297297297,
  "time_ms": 1
}