{
  "sum_of_pairs": 0.5705412599822538,
  "column_score": 0.34782608695652173,
  "time_ms": 14
}