{
  "sum_of_pairs": 0.573170731707317,
  "column_score": 0.45121951219512196,
  "time_ms": 2
}