{
  "sum_of_pairs": 0.6428571428571429,
  "column_score": 0.26119402985074625,
  "time_ms": 15
}