{
  "sum_of_pairs": 0.6111828512396694,
  "column_score": 0.39204545454545453,
  "time_ms": 184
}