{
  "sum_of_pairs": 0.781305114638448,
  "column_score": 0.5679012345679012,
  "time_ms": 2
}