{
  "sum_of_pairs": 0.750438596491228,
  "column_score": 0.5131578947368421,
  "time_ms": 34
}