{
  "sum_of_pairs": 0.3774193548387097,
  "column_score": 0.08064516129032258,
  "time_ms": 15
}