{
  "sum_of_pairs": 0.7248592115848753,
  "column_score": 0.48008849557522126,
  "time_ms": 59
}