{
  "sum_of_pairs": 0.7213541666666666,
  "column_score": 0.609375,
  "time_ms": 1
}