{
  "sum_of_pairs": 0.8766149870801033,
  "column_score": 0.6046511627906976,
  "time_ms": 2
}