{
  "sum_of_pairs": 0.8497979195653614,
  "column_score": 0.5348837209302325,
  "time_ms": 113
}