{
  "sum_of_pairs": 0.2620967741935484,
  "column_score": 0.036290322580645164,
  "time_ms": 49
}