{
  "sum_of_pairs": 0.7446115288220552,
  "column_score": 0.45394736842105265,
  "time_ms": 31
}