{
  "sum_of_pairs": 0.7684856551316178,
  "column_score": 0.6521739130434783,
  "time_ms": 47
}