{
  "sum_of_pairs": 0.7373737373737373,
  "column_score": 0.5529061102831595,
  "time_ms": 126
}