{
  "sum_of_pairs": 0.7880184331797235,
  "column_score": 0.6359447004608295,
  "time_ms": 2
}