{
  "sum_of_pairs": 0.8104477611940298,
  "column_score": 0.735820895522388,
  "time_ms": 17
}