{
  "sum_of_pairs": 0.8321167883211679,
  "column_score": 0.5474452554744526,
  "time_ms": 6
}