{
  "sum_of_pairs": 0.6502057613168725,
  "column_score": 0.2222222222222222,
  "time_ms": 13
}