{
  "sum_of_pairs": 0.5447154471544715,
  "column_score": 0.4146341463414634,
  "time_ms": 3
}