{
  "sum_of_pairs": 0.6132686084142395,
  "column_score": 0.30097087378640774,
  "time_ms": 9
}