{
  "sum_of_pairs": 0.6684931506849315,
  "column_score": 0.4657534246575342,
  "time_ms": 3
}