{
  "sum_of_pairs": 0.8663669289371799,
  "column_score": 0.7452229299363057,
  "time_ms": 46
}