{
  "sum_of_pairs": 0.735969868173258,
  "column_score": 0.5423728813559322,
  "time_ms": 23
}