{
  "sum_of_pairs": 0.5390625,
  "column_score": 0.328125,
  "time_ms": 1
}