{
  "sum_of_pairs": 0.679815209665956,
  "column_score": 0.332089552238806,
  "time_ms": 8
}