{
  "sum_of_pairs": 0.3167883211678832,
  "column_score": 0.11678832116788321,
  "time_ms": 3
}