{
  "sum_of_pairs": 0.8817829457364341,
  "column_score": 0.627906976744186,
  "time_ms": 1
}