{
  "sum_of_pairs": 0.6933885786344802,
  "column_score": 0.47793190416141235,
  "time_ms": 84
}