{
  "sum_of_pairs": 0.7329192546583851,
  "column_score": 0.5548654244306418,
  "time_ms": 40
}