{
  "sum_of_pairs": 0.6092871931381248,
  "column_score": 0.38509316770186336,
  "time_ms": 8
}