{
  "sum_of_pairs": 0.6256410256410256,
  "column_score": 0.358974358974359,
  "time_ms": 0
}