{
  "sum_of_pairs": 0.8809523809523809,
  "column_score": 0.8452380952380952,
  "time_ms": 2
}