{
  "sum_of_pairs": 0.7616915422885572,
  "column_score": 0.6805970149253732,
  "time_ms": 14
}