{
  "sum_of_pairs": 0.9301757066462949,
  "column_score": 0.6285714285714286,
  "time_ms": 159
}