{
  "sum_of_pairs": 0.2045977011494253,
  "column_score": 0.09655172413793103,
  "time_ms": 5
}