{
  "sum_of_pairs": 0.8139303482587065,
  "column_score": 0.7417910447761195,
  "time_ms": 8
}