{
  "sum_of_pairs": 0.761136712749616,
  "column_score": 0.5944700460829493,
  "time_ms": 1
}