{
  "sum_of_pairs": 0.713697824808936,
  "column_score": 0.47530864197530864,
  "time_ms": 22
}