{
  "sum_of_pairs": 0.7154415164123902,
  "column_score": 0.35436893203883496,
  "time_ms": 10
}