{
  "sum_of_pairs": 0.740506838294449,
  "column_score": 0.49336283185840707,
  "time_ms": 73
}