{
  "sum_of_pairs": 0.9372803666921314,
  "column_score": 0.6571428571428571,
  "time_ms": 353
}