{
  "sum_of_pairs": 0.6065771349862259,
  "column_score": 0.39488636363636365,
  "time_ms": 255
}