{
  "sum_of_pairs": 0.6136712749615976,
  "column_score": 0.3824884792626728,
  "time_ms": 2
}