{
  "sum_of_pairs": 0.8632030306814871,
  "column_score": 0.7388535031847133,
  "time_ms": 120
}