{
  "sum_of_pairs": 0.6588486140724946,
  "column_score": 0.29850746268656714,
  "time_ms": 18
}