{
  "sum_of_pairs": 0.8687802292453455,
  "column_score": 0.5930232558139535,
  "time_ms": 203
}