{
  "sum_of_pairs": 0.3502016129032258,
  "column_score": 0.08064516129032258,
  "time_ms": 15
}