{
  "sum_of_pairs": 0.7058867362146051,
  "column_score": 0.5655737704918032,
  "time_ms": 36
}