{
  "sum_of_pairs": 0.7261549925484352,
  "column_score": 0.6024590163934426,
  "time_ms": 32
}