{
  "sum_of_pairs": 0.6819472040874255,
  "column_score": 0.25461254612546125,
  "time_ms": 29
}