{
  "sum_of_pairs": 0.8030570252792475,
  "column_score": 0.6296296296296297,
  "time_ms": 5
}