{
  "sum_of_pairs": 0.9505050505050505,
  "column_score": 0.8358974358974359,
  "time_ms": 51
}