{
  "sum_of_pairs": 0.8104023347925787,
  "column_score": 0.3983739837398374,
  "time_ms": 33
}