{
  "sum_of_pairs": 0.6599015990159902,
  "column_score": 0.24723247232472326,
  "time_ms": 56
}