{
  "sum_of_pairs": 0.8199813258636788,
  "column_score": 0.6218487394957983,
  "time_ms": 41
}