{
  "sum_of_pairs": 0.7416331456154465,
  "column_score": 0.5132743362831859,
  "time_ms": 34
}