{
  "sum_of_pairs": 0.0923042373672741,
  "column_score": 0.014052989616899393,
  "time_ms": 7
}