{
  "sum_of_pairs": 0.391156462585034,
  "column_score": 0.3673469387755102,
  "time_ms": 1
}