{
  "sum_of_pairs": 0.36897663231206596,
  "column_score": 0.15427060135253626,
  "time_ms": 7
}