{
  "sum_of_pairs": 0.46581696991533056,
  "column_score": 0.31273644388398486,
  "time_ms": 17
}