{
  "sum_of_pairs": 0.6253684384831926,
  "column_score": 0.39940387481371087,
  "time_ms": 23
}