{
  "sum_of_pairs": 0.11264367816091954,
  "column_score": 0.020689655172413793,
  "time_ms": 4
}