{
  "sum_of_pairs": 0.5226468222043443,
  "column_score": 0.25663716814159293,
  "time_ms": 15
}