{
  "sum_of_pairs": 0.4086345381526104,
  "column_score": 0.4759036144578313,
  "time_ms": 1
}