{
  "sum_of_pairs": 0.25012165450121654,
  "column_score": 0.051094890510948905,
  "time_ms": 2
}