{
  "sum_of_pairs": 0.38636788048552756,
  "column_score": 0.2689075630252101,
  "time_ms": 9
}