{
  "sum_of_pairs": 0.5125078173858661,
  "column_score": 0.17886178861788618,
  "time_ms": 15
}