{
  "sum_of_pairs": 0.37672176308539945,
  "column_score": 0.14488636363636365,
  "time_ms": 26
}