{
  "sum_of_pairs": 0.3933467741935484,
  "column_score": 0.2721774193548387,
  "time_ms": 6
}