{
  "sum_of_pairs": 0.655367231638418,
  "column_score": 0.4124293785310734,
  "time_ms": 9
}