{
  "sum_of_pairs": 0.6449106449106449,
  "column_score": 0.4205128205128205,
  "time_ms": 12
}