{
  "sum_of_pairs": 0.6405472636815921,
  "column_score": 0.49850746268656715,
  "time_ms": 6
}