{
  "sum_of_pairs": 0.49448231740255083,
  "column_score": 0.26750400583942363,
  "time_ms": 543
}