{
  "sum_of_pairs": 0.6437246963562753,
  "column_score": 0.47368421052631576,
  "time_ms": 286
}