{
  "sum_of_pairs": 0.773015873015873,
  "column_score": 0.5259259259259259,
  "time_ms": 805
}