{
  "sum_of_pairs": 0.328046953046953,
  "column_score": 0.13636363636363635,
  "time_ms": 2578
}