{
  "sum_of_pairs": 0.7347405070177347,
  "column_score": 0.6237623762376238,
  "time_ms": 2829
}