{
  "sum_of_pairs": 0.6874021909233177,
  "column_score": 0.4225352112676056,
  "time_ms": 1176
}