{
  "sum_of_pairs": 0.597706641184902,
  "column_score": 0.18840579710144928,
  "time_ms": 1613
}