{
  "sum_of_pairs": 0.9824561403508771,
  "column_score": 0.9649122807017544,
  "time_ms": 32
}