{
  "sum_of_pairs": 0.7869757174392936,
  "column_score": 0.6887417218543046,
  "time_ms": 89
}