{
  "sum_of_pairs": 0.5345117845117845,
  "column_score": 0.4494949494949495,
  "time_ms": 160
}