{
  "sum_of_pairs": 0.756109022556391,
  "column_score": 0.5657894736842105,
  "time_ms": 437
}