{
  "sum_of_pairs": 0.6068181818181818,
  "column_score": 0.13636363636363635,
  "time_ms": 1204
}