{
  "sum_of_pairs": 0.5711111111111111,
  "column_score": 0.38666666666666666,
  "time_ms": 348
}