{
  "sum_of_pairs": 0.6180505415162455,
  "column_score": 0.4007220216606498,
  "time_ms": 790
}