{
  "sum_of_pairs": 0.5216216216216216,
  "column_score": 0.1891891891891892,
  "time_ms": 46
}