{
  "sum_of_pairs": 0.35598141695702673,
  "column_score": 0.13414634146341464,
  "time_ms": 483
}