{
  "sum_of_pairs": 0.8658698539176627,
  "column_score": 0.8007968127490039,
  "time_ms": 161
}