{
  "sum_of_pairs": 0.45069875776397517,
  "column_score": 0.17391304347826086,
  "time_ms": 715
}