{
  "sum_of_pairs": 0.5986394557823129,
  "column_score": 0.5714285714285714,
  "time_ms": 101
}