{
  "sum_of_pairs": 0.5561594202898551,
  "column_score": 0.41847826086956524,
  "time_ms": 195
}