{
  "sum_of_pairs": 0.37783251231527093,
  "column_score": 0.1625615763546798,
  "time_ms": 560
}