{
  "sum_of_pairs": 0.5544217687074829,
  "column_score": 0.30612244897959184,
  "time_ms": 39
}