{
  "sum_of_pairs": 0.33026391486861745,
  "column_score": 0.13333822545919294,
  "time_ms": 16
}