{
  "sum_of_pairs": 0.513904405985743,
  "column_score": 0.29170558956224624,
  "time_ms": 19
}