{
  "sum_of_pairs": 0.5108728580441156,
  "column_score": 0.29054795825383883,
  "time_ms": 10
}