{
  "sum_of_pairs": 0.5139044059857429,
  "column_score": 0.29170558956224624,
  "time_ms": 19
}