{
  "sum_of_pairs": 0.513904405985743,
  "column_score": 0.2917055895622463,
  "time_ms": 42
}