{
  "sum_of_pairs": 0.33962531933011636,
  "column_score": 0.04059040590405904,
  "time_ms": 22
}