{
  "sum_of_pairs": 0.5311071357582986,
  "column_score": 0.2441860465116279,
  "time_ms": 76
}