{
  "sum_of_pairs": 0.43774031351671105,
  "column_score": 0.30434782608695654,
  "time_ms": 5
}