{
  "sum_of_pairs": 0.45481927710843373,
  "column_score": 0.5421686746987951,
  "time_ms": 4
}