{
  "sum_of_pairs": 0.29961549837326235,
  "column_score": 0.13664596273291926,
  "time_ms": 10
}