{
  "sum_of_pairs": 0.7665413533834586,
  "column_score": 0.4144736842105263,
  "time_ms": 22
}