{
  "sum_of_pairs": 0.4362027353177796,
  "column_score": 0.14380530973451328,
  "time_ms": 25
}