{
  "sum_of_pairs": 0.41930251419302517,
  "column_score": 0.18248175182481752,
  "time_ms": 6
}