{
  "sum_of_pairs": 0.2608272506082725,
  "column_score": 0.0948905109489051,
  "time_ms": 6
}