{
  "sum_of_pairs": 0.4857524104683196,
  "column_score": 0.2215909090909091,
  "time_ms": 59
}