{
  "sum_of_pairs": 0.5611221496830353,
  "column_score": 0.17712177121771217,
  "time_ms": 26
}