{
  "sum_of_pairs": 0.6526806526806527,
  "column_score": 0.3282051282051282,
  "time_ms": 29
}