{
  "sum_of_pairs": 0.4415420644928842,
  "column_score": 0.2723833543505675,
  "time_ms": 32
}