{
  "sum_of_pairs": 0.6335209505941213,
  "column_score": 0.23577235772357724,
  "time_ms": 66
}