{
  "sum_of_pairs": 0.3143145161290323,
  "column_score": 0.1774193548387097,
  "time_ms": 21
}