{
  "sum_of_pairs": 0.38649276859504134,
  "column_score": 0.15056818181818182,
  "time_ms": 57
}