{
  "sum_of_pairs": 0.8905205905205905,
  "column_score": 0.6871794871794872,
  "time_ms": 27
}