{
  "sum_of_pairs": 0.7724867724867724,
  "column_score": 0.5123456790123457,
  "time_ms": 8
}