{
  "sum_of_pairs": 0.26301369863013696,
  "column_score": 0.1095890410958904,
  "time_ms": 6
}