{
  "sum_of_pairs": 0.6212151328430399,
  "column_score": 0.29069767441860467,
  "time_ms": 109
}