{
  "sum_of_pairs": 0.5667660208643815,
  "column_score": 0.29918032786885246,
  "time_ms": 21
}