{
  "sum_of_pairs": 0.46733870967741936,
  "column_score": 0.31048387096774194,
  "time_ms": 11
}