{
  "sum_of_pairs": 0.4862466725820763,
  "column_score": 0.3416149068322981,
  "time_ms": 11
}