{
  "sum_of_pairs": 0.4610874200426439,
  "column_score": 0.15298507462686567,
  "time_ms": 12
}