{
  "sum_of_pairs": 0.5085279019705249,
  "column_score": 0.2533532041728763,
  "time_ms": 57
}