{
  "sum_of_pairs": 0.44934930493936703,
  "column_score": 0.2463768115942029,
  "time_ms": 22
}