{
  "sum_of_pairs": 0.46691542288557214,
  "column_score": 0.35522388059701493,
  "time_ms": 11
}