{
  "sum_of_pairs": 0.3220762976860538,
  "column_score": 0.024390243902439025,
  "time_ms": 44
}