{
  "sum_of_pairs": 0.7440304686206326,
  "column_score": 0.5484351713859911,
  "time_ms": 51
}