{
  "sum_of_pairs": 0.30694980694980695,
  "column_score": 0.02702702702702703,
  "time_ms": 1
}