{
  "sum_of_pairs": 0.3980392156862745,
  "column_score": 0.21568627450980393,
  "time_ms": 2
}