{
  "sum_of_pairs": 0.4095890410958904,
  "column_score": 0.1917808219178082,
  "time_ms": 4
}