{
  "sum_of_pairs": 0.5545634920634921,
  "column_score": 0.30357142857142855,
  "time_ms": 2
}