{
  "sum_of_pairs": 0.619234360410831,
  "column_score": 0.36134453781512604,
  "time_ms": 18
}