{
  "sum_of_pairs": 0.4731853906611188,
  "column_score": 0.16019417475728157,
  "time_ms": 25
}