{
  "sum_of_pairs": 0.6115114393802918,
  "column_score": 0.45901639344262296,
  "time_ms": 29
}