{
  "sum_of_pairs": 0.30257936507936506,
  "column_score": 0.10119047619047619,
  "time_ms": 7
}