{
  "sum_of_pairs": 0.8052537363140585,
  "column_score": 0.5222929936305732,
  "time_ms": 33
}