{
  "sum_of_pairs": 0.6898009950248756,
  "column_score": 0.5850746268656717,
  "time_ms": 6
}