{
  "sum_of_pairs": 0.3150406504065041,
  "column_score": 0.20121951219512196,
  "time_ms": 4
}