{
  "sum_of_pairs": 0.2894585253456221,
  "column_score": 0.12096774193548387,
  "time_ms": 6
}