{
  "sum_of_pairs": 0.6154062751407884,
  "column_score": 0.33849557522123896,
  "time_ms": 81
}