{
  "sum_of_pairs": 0.6595874713521772,
  "column_score": 0.2714285714285714,
  "time_ms": 88
}