{
  "sum_of_pairs": 0.606329488317066,
  "column_score": 0.453416149068323,
  "time_ms": 28
}