{
  "sum_of_pairs": 0.527832512315271,
  "column_score": 0.312807881773399,
  "time_ms": 12
}