{
  "sum_of_pairs": 0.7416256157635468,
  "column_score": 0.5738916256157636,
  "time_ms": 7
}