{
  "sum_of_pairs": 0.8206152949502519,
  "column_score": 0.5159235668789809,
  "time_ms": 26
}