{
  "sum_of_pairs": 0.4084033613445378,
  "column_score": 0.17647058823529413,
  "time_ms": 35
}