{
  "sum_of_pairs": 0.14759036144578314,
  "column_score": 0.04216867469879518,
  "time_ms": 2
}