{
  "sum_of_pairs": 0.08505747126436781,
  "column_score": 0.04482758620689655,
  "time_ms": 4
}