{
  "sum_of_pairs": 0.49581672482372263,
  "column_score": 0.13776051962472288,
  "time_ms": 135
}