{
  "sum_of_pairs": 0.3347242921013413,
  "column_score": 0.09221311475409837,
  "time_ms": 41
}