{
  "sum_of_pairs": 0.43860092709650234,
  "column_score": 0.1415929203539823,
  "time_ms": 131
}