{
  "sum_of_pairs": 0.5615330961846969,
  "column_score": 0.037037037037037035,
  "time_ms": 604
}