{
  "sum_of_pairs": 0.6770489174017642,
  "column_score": 0.35348837209302325,
  "time_ms": 154
}