{
  "sum_of_pairs": 0.8367946894602164,
  "column_score": 0.18988044389974407,
  "time_ms": 512
}