{
  "sum_of_pairs": 0.8320007654508412,
  "column_score": 0.17254411417566884,
  "time_ms": 970
}