{
  "sum_of_pairs": 0.9176259431192457,
  "column_score": 0.22900763358778625,
  "time_ms": 2468
}