{
  "sum_of_pairs": 0.8491596135419993,
  "column_score": 0.2871287128712871,
  "time_ms": 559
}