{
  "sum_of_pairs": 0.9237412521722793,
  "column_score": 0.2119205298013245,
  "time_ms": 1267
}