{
  "sum_of_pairs": 0.900994018296974,
  "column_score": 0.5982142857142857,
  "time_ms": 331
}