{
  "sum_of_pairs": 0.9608441113070743,
  "column_score": 0.15873015873015872,
  "time_ms": 3724
}