{
  "sum_of_pairs": 0.924263773425391,
  "column_score": 0.2119205298013245,
  "time_ms": 736
}