{
  "sum_of_pairs": 0.96626552169005,
  "column_score": 0.5486111111111112,
  "time_ms": 841
}