{
  "sum_of_pairs": 0.9597255635748018,
  "column_score": 0.5648148148148148,
  "time_ms": 3463
}