{
  "sum_of_pairs": 0.842512077294686,
  "column_score": 0.6304347826086957,
  "time_ms": 25
}