{
  "sum_of_pairs": 0.8030603804797353,
  "column_score": 0.10256410256410256,
  "time_ms": 139
}