{
  "sum_of_pairs": 0.9373367665067907,
  "column_score": 0.09049773755656108,
  "time_ms": 1558
}