{
  "sum_of_pairs": 0.7634199134199134,
  "column_score": 0.22727272727272727,
  "time_ms": 17
}