{
  "sum_of_pairs": 0.9537955310682583,
  "column_score": 0.3787878787878788,
  "time_ms": 1665
}