{
  "sum_of_pairs": 0.8569758704183017,
  "column_score": 0.4406779661016949,
  "time_ms": 1345
}