{
  "sum_of_pairs": 0.7591991341991342,
  "column_score": 0.22727272727272727,
  "time_ms": 34
}