{
  "sum_of_pairs": 0.7458133971291866,
  "column_score": 0.32894736842105265,
  "time_ms": 82
}