{
  "sum_of_pairs": 0.9762781649574103,
  "column_score": 0.5608108108108109,
  "time_ms": 1143
}