{
  "sum_of_pairs": 0.8988199604798085,
  "column_score": 0.14285714285714285,
  "time_ms": 1162
}