{
  "sum_of_pairs": 0.9602515172215788,
  "column_score": 0.5740740740740741,
  "time_ms": 2348
}