{
  "sum_of_pairs": 0.9518069584736252,
  "column_score": 0.22916666666666666,
  "time_ms": 2219
}