{
  "sum_of_pairs": 0.8822534858478751,
  "column_score": 0.1016949152542373,
  "time_ms": 150
}