{
  "sum_of_pairs": 0.9027753342716397,
  "column_score": 0.5982142857142857,
  "time_ms": 162
}