{
  "sum_of_pairs": 0.9370905027633473,
  "column_score": 0.08144796380090498,
  "time_ms": 2938
}