{
  "sum_of_pairs": 0.8105155826161622,
  "column_score": 0.07258064516129033,
  "time_ms": 1141
}