{
  "sum_of_pairs": 0.8559565633982753,
  "column_score": 0.30198019801980197,
  "time_ms": 312
}