{
  "sum_of_pairs": 0.7207764242647964,
  "column_score": 0.29069767441860467,
  "time_ms": 349
}