{
  "sum_of_pairs": 0.8270531400966183,
  "column_score": 0.5434782608695652,
  "time_ms": 44
}