{
  "sum_of_pairs": 0.900795970053714,
  "column_score": 0.15476190476190477,
  "time_ms": 404
}