{
  "sum_of_pairs": 0.9479582146248813,
  "column_score": 0.05555555555555555,
  "time_ms": 739
}