{
  "sum_of_pairs": 0.9574801040710131,
  "column_score": 0.45075757575757575,
  "time_ms": 818
}