{
  "sum_of_pairs": 0.8616491305855202,
  "column_score": 0.6531543753006531,
  "time_ms": 19334
}