{
  "sum_of_pairs": 0.8757063221263556,
  "column_score": 0.5957446808510638,
  "time_ms": 22192
}