{
  "sum_of_pairs": 0.8156238430211032,
  "column_score": 0.5483870967741935,
  "time_ms": 4582
}