{
  "sum_of_pairs": 0.988832234796667,
  "column_score": 0.8823529411764706,
  "time_ms": 2103
}