{
  "sum_of_pairs": 0.9312330725122646,
  "column_score": 0.8055555555555556,
  "time_ms": 57980
}