{
  "sum_of_pairs": 0.9666208437150958,
  "column_score": 0.6990291262135923,
  "time_ms": 10065
}