{
  "sum_of_pairs": 0.8915315529649676,
  "column_score": 0.782608695652174,
  "time_ms": 56523
}