{
  "sum_of_pairs": 0.8799685163321527,
  "column_score": 0.6493506493506493,
  "time_ms": 6444
}