{
  "sum_of_pairs": 0.6157874198163856,
  "column_score": 0.18620650515532022,
  "time_ms": 133
}