{
  "sum_of_pairs": 0.6884360849878092,
  "column_score": 0.41379310344827586,
  "time_ms": 35
}