{
  "sum_of_pairs": 0.9052823315118397,
  "column_score": 0.8688524590163934,
  "time_ms": 4
}