{
  "sum_of_pairs": 0.7705871212121213,
  "column_score": 0.17613636363636365,
  "time_ms": 66
}