{
  "sum_of_pairs": 0.6916315049226441,
  "column_score": 0.25949367088607594,
  "time_ms": 18
}