{
  "sum_of_pairs": 0.9917180149738289,
  "column_score": 0.9651162790697675,
  "time_ms": 119
}