{
  "sum_of_pairs": 0.6894710681475388,
  "column_score": 0.27884615384615385,
  "time_ms": 259
}