{
  "sum_of_pairs": 0.6271604938271605,
  "column_score": 0.4691358024691358,
  "time_ms": 21
}