{
  "sum_of_pairs": 0.7974137931034483,
  "column_score": 0.45689655172413796,
  "time_ms": 41
}