{
  "sum_of_pairs": 0.7538355625491738,
  "column_score": 0.18699186991869918,
  "time_ms": 108
}