{
  "sum_of_pairs": 0.8366162939669229,
  "column_score": 0.20833333333333334,
  "time_ms": 491
}