{
  "sum_of_pairs": 0.8823305184142622,
  "column_score": 0.24404761904761904,
  "time_ms": 103
}