{
  "sum_of_pairs": 0.7213358070500928,
  "column_score": 0.3673469387755102,
  "time_ms": 29
}