{
  "sum_of_pairs": 0.7026731078904992,
  "column_score": 0.13333333333333333,
  "time_ms": 117
}