{
  "sum_of_pairs": 0.8498148010043006,
  "column_score": 0.6855345911949685,
  "time_ms": 139
}