{
  "sum_of_pairs": 0.6901856763925729,
  "column_score": 0.38620689655172413,
  "time_ms": 21
}