{
  "sum_of_pairs": 0.3519497780039527,
  "column_score": 0.06276911987920628,
  "time_ms": 66
}