{
  "sum_of_pairs": 0.30036702338904125,
  "column_score": 0.04393417459426189,
  "time_ms": 133
}