{
  "sum_of_pairs": 0.36150296064089166,
  "column_score": 0.011494252873563218,
  "time_ms": 53
}