{
  "sum_of_pairs": 0.7847072315164598,
  "column_score": 0.5275229357798165,
  "time_ms": 65
}