{
  "sum_of_pairs": 0.5601232625229479,
  "column_score": 0.17073170731707318,
  "time_ms": 62
}