{
  "sum_of_pairs": 0.7311117107393416,
  "column_score": 0.4288990825688073,
  "time_ms": 135
}