{
  "sum_of_pairs": 0.6623106060606061,
  "column_score": 0.10625,
  "time_ms": 709
}