{
  "sum_of_pairs": 0.4962991988854058,
  "column_score": 0.011494252873563218,
  "time_ms": 21
}