{
  "sum_of_pairs": 0.654361498496035,
  "column_score": 0.3333333333333333,
  "time_ms": 169
}