{
  "sum_of_pairs": 0.3894113549285963,
  "column_score": 0.13793103448275862,
  "time_ms": 43
}