{
  "sum_of_pairs": 0.44426863572433195,
  "column_score": 0.2088607594936709,
  "time_ms": 15
}