{
  "sum_of_pairs": 0.8920029152587292,
  "column_score": 0.6744186046511628,
  "time_ms": 153
}