{
  "sum_of_pairs": 0.4895361990950226,
  "column_score": 0.18269230769230768,
  "time_ms": 403
}