{
  "sum_of_pairs": 0.10999840466704403,
  "column_score": 0.017308616918569344,
  "time_ms": 9
}