{
  "sum_of_pairs": 0.1526456234927637,
  "column_score": 0.033936733506503516,
  "time_ms": 14
}