{
  "sum_of_pairs": 0.1526456234927637,
  "column_score": 0.03393673350650352,
  "time_ms": 20
}