{
  "sum_of_pairs": 0.1800240673886883,
  "column_score": 0.04693140794223827,
  "time_ms": 12
}