{
  "sum_of_pairs": 0.22075055187637968,
  "column_score": 0.10596026490066225,
  "time_ms": 2
}