{
  "sum_of_pairs": 0.23573883161512027,
  "column_score": 0.05154639175257732,
  "time_ms": 7
}