{
  "sum_of_pairs": 0.24765342960288808,
  "column_score": 0.06859205776173286,
  "time_ms": 6
}