{
  "sum_of_pairs": 0.44228049178544226,
  "column_score": 0.22772277227722773,
  "time_ms": 36
}