{
  "sum_of_pairs": 0.3224867724867725,
  "column_score": 0.15555555555555556,
  "time_ms": 5
}