{
  "sum_of_pairs": 0.4133391361114133,
  "column_score": 0.19801980198019803,
  "time_ms": 38
}