{
  "sum_of_pairs": 0.2894736842105263,
  "column_score": 0.2236842105263158,
  "time_ms": 12
}