{
  "sum_of_pairs": 0.31851851851851853,
  "column_score": 0.15555555555555556,
  "time_ms": 10
}