{
  "sum_of_pairs": 0.19083619702176402,
  "column_score": 0.030927835051546393,
  "time_ms": 13
}