{
  "sum_of_pairs": 0.3333333333333333,
  "column_score": 0.12244897959183673,
  "time_ms": 3
}