{
  "sum_of_pairs": 0.35209713024282563,
  "column_score": 0.16556291390728478,
  "time_ms": 5
}