{
  "sum_of_pairs": 0.3843537414965986,
  "column_score": 0.22448979591836735,
  "time_ms": 3
}