{
  "sum_of_pairs": 0.8308250134045382,
  "column_score": 0.19006250236137592,
  "time_ms": 896
}