{
  "sum_of_pairs": 0.8355066805923864,
  "column_score": 0.2095012322059264,
  "time_ms": 508
}