{
  "sum_of_pairs": 0.8565918009518243,
  "column_score": 0.33559322033898303,
  "time_ms": 664
}