{
  "sum_of_pairs": 0.851713747645951,
  "column_score": 0.13333333333333333,
  "time_ms": 694
}