{
  "sum_of_pairs": 0.7688267110463907,
  "column_score": 0.4144736842105263,
  "time_ms": 160
}