{
  "sum_of_pairs": 0.7683438155136268,
  "column_score": 0.07547169811320754,
  "time_ms": 138
}