{
  "sum_of_pairs": 0.9569958847736626,
  "column_score": 0.19047619047619047,
  "time_ms": 3511
}