{
  "sum_of_pairs": 0.9689736906718038,
  "column_score": 0.6554054054054054,
  "time_ms": 872
}