{
  "sum_of_pairs": 0.9621356929979009,
  "column_score": 0.3574660633484163,
  "time_ms": 1530
}