{
  "sum_of_pairs": 0.9557162534435262,
  "column_score": 0.4053030303030303,
  "time_ms": 1843
}