{
  "sum_of_pairs": 0.8951462525395898,
  "column_score": 0.19047619047619047,
  "time_ms": 807
}