{
  "sum_of_pairs": 0.7417866371354743,
  "column_score": 0.5232558139534884,
  "time_ms": 182
}