{
  "sum_of_pairs": 0.837638681900977,
  "column_score": 0.15151515151515152,
  "time_ms": 150
}