{
  "sum_of_pairs": 0.7932107800089768,
  "column_score": 0.10483870967741936,
  "time_ms": 1057
}