{
  "sum_of_pairs": 0.8499396135265701,
  "column_score": 0.463768115942029,
  "time_ms": 25
}