{
  "sum_of_pairs": 0.8414638185129989,
  "column_score": 0.15151515151515152,
  "time_ms": 376
}