{
  "sum_of_pairs": 0.8989799894241741,
  "column_score": 0.19047619047619047,
  "time_ms": 396
}