{
  "sum_of_pairs": 0.9585437710437711,
  "column_score": 0.29583333333333334,
  "time_ms": 1118
}