{
  "sum_of_pairs": 0.967978955007257,
  "column_score": 0.6319444444444444,
  "time_ms": 426
}