{
  "sum_of_pairs": 0.870980587356894,
  "column_score": 0.14285714285714285,
  "time_ms": 175
}