{
  "sum_of_pairs": 0.846316425120773,
  "column_score": 0.45652173913043476,
  "time_ms": 49
}