{
  "sum_of_pairs": 0.7507690414667159,
  "column_score": 0.5465116279069767,
  "time_ms": 365
}