{
  "sum_of_pairs": 0.8546490737783455,
  "column_score": 0.3118811881188119,
  "time_ms": 598
}