{
  "sum_of_pairs": 0.9613164891166502,
  "column_score": 0.35294117647058826,
  "time_ms": 3008
}