{
  "sum_of_pairs": 0.9633193739047788,
  "column_score": 0.5046296296296297,
  "time_ms": 3064
}