{
  "sum_of_pairs": 0.8607267297162767,
  "column_score": 0.14285714285714285,
  "time_ms": 166
}