{
  "sum_of_pairs": 0.8494390769722133,
  "column_score": 0.2871287128712871,
  "time_ms": 532
}