{
  "sum_of_pairs": 0.9455832011355098,
  "column_score": 0.3305084745762712,
  "time_ms": 236
}