{
  "sum_of_pairs": 0.8533940051765885,
  "column_score": 0.3288135593220339,
  "time_ms": 1275
}