{
  "sum_of_pairs": 0.9161555769848924,
  "column_score": 0.3114754098360656,
  "time_ms": 308
}