{
  "sum_of_pairs": 0.8297565822155986,
  "column_score": 0.15151515151515152,
  "time_ms": 289
}