{
  "sum_of_pairs": 0.9168241722918675,
  "column_score": 0.3114754098360656,
  "time_ms": 584
}