{
  "sum_of_pairs": 0.9633379369746651,
  "column_score": 0.5462962962962963,
  "time_ms": 3201
}