{
  "sum_of_pairs": 0.9656672545561434,
  "column_score": 0.23809523809523808,
  "time_ms": 3859
}