{
  "sum_of_pairs": 0.8967047953021068,
  "column_score": 0.19047619047619047,
  "time_ms": 854
}