{
  "sum_of_pairs": 0.9110670404059429,
  "column_score": 0.21374045801526717,
  "time_ms": 2203
}