{
  "sum_of_pairs": 0.8020022246941045,
  "column_score": 0.20967741935483872,
  "time_ms": 1191
}