{
  "sum_of_pairs": 0.8322463768115942,
  "column_score": 0.4057971014492754,
  "time_ms": 43
}