{
  "sum_of_pairs": 0.9578189300411523,
  "column_score": 0.2222222222222222,
  "time_ms": 1853
}