{
  "sum_of_pairs": 0.9702249419230551,
  "column_score": 0.6891891891891891,
  "time_ms": 449
}