{
  "sum_of_pairs": 0.8532816991376557,
  "column_score": 0.3118811881188119,
  "time_ms": 306
}