{
  "sum_of_pairs": 0.767292490118577,
  "column_score": 0.4144736842105263,
  "time_ms": 98
}