{
  "sum_of_pairs": 0.8276674737691687,
  "column_score": 0.13333333333333333,
  "time_ms": 549
}