{
  "sum_of_pairs": 0.7978260445329118,
  "column_score": 0.1532258064516129,
  "time_ms": 576
}