{
  "sum_of_pairs": 0.9119367597691089,
  "column_score": 0.22900763358778625,
  "time_ms": 1145
}