{
  "sum_of_pairs": 0.9518709825528008,
  "column_score": 0.3409090909090909,
  "time_ms": 792
}