{
  "sum_of_pairs": 0.9644950349975744,
  "column_score": 0.5462962962962963,
  "time_ms": 2315
}