{
  "sum_of_pairs": 0.9136540400403284,
  "column_score": 0.22900763358778625,
  "time_ms": 2479
}