{
  "sum_of_pairs": 0.9510292317110499,
  "column_score": 0.32196969696969696,
  "time_ms": 1514
}