{
  "sum_of_pairs": 0.7364341085271318,
  "column_score": 0.46511627906976744,
  "time_ms": 337
}