{
  "sum_of_pairs": 0.9656708595387841,
  "column_score": 0.5902777777777778,
  "time_ms": 787
}