{
  "sum_of_pairs": 0.9079653413089374,
  "column_score": 0.4642857142857143,
  "time_ms": 317
}