{
  "sum_of_pairs": 0.9633318311803405,
  "column_score": 0.39819004524886875,
  "time_ms": 3428
}