{
  "sum_of_pairs": 0.9143812279009965,
  "column_score": 0.3114754098360656,
  "time_ms": 531
}