{
  "sum_of_pairs": 0.958577441077441,
  "column_score": 0.29583333333333334,
  "time_ms": 2320
}