{
  "sum_of_pairs": 0.3784323022325337,
  "column_score": 0.05464126769884034,
  "time_ms": 73
}