{
  "sum_of_pairs": 0.3019456525995769,
  "column_score": 0.02158741287181416,
  "time_ms": 140
}