{
  "sum_of_pairs": 0.37875830819378553,
  "column_score": 0.05643430048572559,
  "time_ms": 163
}