{
  "sum_of_pairs": 0.4757454890788224,
  "column_score": 0.19753086419753085,
  "time_ms": 59
}