{
  "sum_of_pairs": 0.5623736968724939,
  "column_score": 0.2558139534883721,
  "time_ms": 272
}