{
  "sum_of_pairs": 0.4309608357778807,
  "column_score": 0.015748031496062992,
  "time_ms": 58
}