{
  "sum_of_pairs": 0.5892697466467959,
  "column_score": 0.11885245901639344,
  "time_ms": 23
}