{
  "sum_of_pairs": 0.4836140069500134,
  "column_score": 0.11162790697674418,
  "time_ms": 249
}