{
  "sum_of_pairs": 0.4950851731768823,
  "column_score": 0.14960629921259844,
  "time_ms": 43
}