{
  "sum_of_pairs": 0.5944858420268256,
  "column_score": 0.14754098360655737,
  "time_ms": 110
}