{
  "sum_of_pairs": 0.5593162393162393,
  "column_score": 0.2962962962962963,
  "time_ms": 85
}