{
  "sum_of_pairs": 0.43806664169968235,
  "column_score": 0.08671991396153993,
  "time_ms": 100
}