{
  "sum_of_pairs": 0.5093952709771918,
  "column_score": 0.037037037037037035,
  "time_ms": 490
}