{
  "sum_of_pairs": 0.6540937803692906,
  "column_score": 0.061224489795918366,
  "time_ms": 251
}