{
  "sum_of_pairs": 0.47328614008941877,
  "column_score": 0.0778688524590164,
  "time_ms": 26
}