{
  "sum_of_pairs": 0.5168030466779888,
  "column_score": 0.2204724409448819,
  "time_ms": 24
}