{
  "sum_of_pairs": 0.43947183593201294,
  "column_score": 0.1415929203539823,
  "time_ms": 91
}