{
  "sum_of_pairs": 0.48136574454787673,
  "column_score": 0.039603960396039604,
  "time_ms": 234
}