{
  "sum_of_pairs": 0.6014969259556269,
  "column_score": 0.2930232558139535,
  "time_ms": 129
}