{
  "sum_of_pairs": 0.44663362316453303,
  "column_score": 0.08591534041571133,
  "time_ms": 335
}