{
  "sum_of_pairs": 0.8328672632363907,
  "column_score": 0.4395973154362416,
  "time_ms": 26
}