{
  "sum_of_pairs": 0.46371087928464977,
  "column_score": 0.29918032786885246,
  "time_ms": 84
}