{
  "sum_of_pairs": 0.5320676360630517,
  "column_score": 0.014882864847661539,
  "time_ms": 611
}