{
  "sum_of_pairs": 0.9143135904499541,
  "column_score": 0.24621212121212122,
  "time_ms": 1058
}