{
  "sum_of_pairs": 0.467536697739205,
  "column_score": 0.12568306010928962,
  "time_ms": 321
}