{
  "sum_of_pairs": 0.7090579710144927,
  "column_score": 0.18115942028985507,
  "time_ms": 50
}