{
  "sum_of_pairs": 0.7644267463082794,
  "column_score": 0.05714285714285714,
  "time_ms": 92
}