{
  "sum_of_pairs": 0.42160602991154805,
  "column_score": 0.06288383754226927,
  "time_ms": 120
}