{
  "sum_of_pairs": 0.5567436661698957,
  "column_score": 0.13319672131147542,
  "time_ms": 42
}