{
  "sum_of_pairs": 0.6630313199105146,
  "column_score": 0.20134228187919462,
  "time_ms": 21
}