{
  "sum_of_pairs": 0.5098315958299919,
  "column_score": 0.2372093023255814,
  "time_ms": 139
}