{
  "sum_of_pairs": 0.46242449782272793,
  "column_score": 0.1504424778761062,
  "time_ms": 117
}