{
  "sum_of_pairs": 0.4114214992068046,
  "column_score": 0.08059955225455126,
  "time_ms": 331
}