{
  "sum_of_pairs": 0.7974459358687547,
  "column_score": 0.36577181208053694,
  "time_ms": 26
}