{
  "sum_of_pairs": 0.6843703360609336,
  "column_score": 0.2204724409448819,
  "time_ms": 52
}