{
  "sum_of_pairs": 0.6191820368885325,
  "column_score": 0.25116279069767444,
  "time_ms": 351
}