{
  "sum_of_pairs": 0.6123949672770698,
  "column_score": 0.19762155012351754,
  "time_ms": 756
}