{
  "sum_of_pairs": 0.6137162042603705,
  "column_score": 0.1955113984347679,
  "time_ms": 133
}