{
  "sum_of_pairs": 0.6106839372082881,
  "column_score": 0.1976215501235175,
  "time_ms": 444
}