{
  "sum_of_pairs": 0.8213164530904226,
  "column_score": 0.5669291338582677,
  "time_ms": 127
}