{
  "sum_of_pairs": 0.572354694485842,
  "column_score": 0.2069672131147541,
  "time_ms": 77
}