{
  "sum_of_pairs": 0.7542624694363124,
  "column_score": 0.19801980198019803,
  "time_ms": 265
}