{
  "sum_of_pairs": 0.6562484944837886,
  "column_score": 0.060810810810810814,
  "time_ms": 171
}