{
  "sum_of_pairs": 0.49560928665944903,
  "column_score": 0.13496932515337423,
  "time_ms": 62
}