{
  "sum_of_pairs": 0.6237775208363444,
  "column_score": 0.04054054054054054,
  "time_ms": 340
}