{
  "sum_of_pairs": 0.45930608231493186,
  "column_score": 0.12389380530973451,
  "time_ms": 121
}