{
  "sum_of_pairs": 0.7636152319550892,
  "column_score": 0.19801980198019803,
  "time_ms": 1334
}