{
  "sum_of_pairs": 0.6886651752423565,
  "column_score": 0.32550335570469796,
  "time_ms": 22
}