{
  "sum_of_pairs": 0.8017337807606264,
  "column_score": 0.5067114093959731,
  "time_ms": 40
}