{
  "sum_of_pairs": 0.8230424822990421,
  "column_score": 0.32653061224489793,
  "time_ms": 1299
}