{
  "sum_of_pairs": 0.4349487287540385,
  "column_score": 0.07964601769911504,
  "time_ms": 220
}