{
  "sum_of_pairs": 0.7583747661053194,
  "column_score": 0.44651162790697674,
  "time_ms": 280
}