{
  "sum_of_pairs": 0.8055460588793922,
  "column_score": 0.4074074074074074,
  "time_ms": 87
}