{
  "sum_of_pairs": 0.8362773029439696,
  "column_score": 0.5185185185185185,
  "time_ms": 48
}