{
  "sum_of_pairs": 0.822963306057331,
  "column_score": 0.5748031496062992,
  "time_ms": 28
}