{
  "sum_of_pairs": 0.6651266766020865,
  "column_score": 0.17418032786885246,
  "time_ms": 31
}