{
  "sum_of_pairs": 0.45128529287821323,
  "column_score": 0.13274336283185842,
  "time_ms": 418
}