{
  "sum_of_pairs": 0.8154328057753714,
  "column_score": 0.2653061224489796,
  "time_ms": 606
}