{
  "sum_of_pairs": 0.778251804330393,
  "column_score": 0.4790697674418605,
  "time_ms": 146
}