{
  "sum_of_pairs": 0.6500337235631354,
  "column_score": 0.060810810810810814,
  "time_ms": 865
}