{
  "sum_of_pairs": 0.8176624980700942,
  "column_score": 0.5275590551181102,
  "time_ms": 50
}