{
  "sum_of_pairs": 0.5456408345752608,
  "column_score": 0.2069672131147541,
  "time_ms": 117
}