{
  "sum_of_pairs": 0.550142347327479,
  "column_score": 0.1656441717791411,
  "time_ms": 41
}