{
  "sum_of_pairs": 0.6082339791356185,
  "column_score": 0.16598360655737704,
  "time_ms": 66
}