{
  "sum_of_pairs": 0.7841112002138466,
  "column_score": 0.4790697674418605,
  "time_ms": 478
}