{
  "sum_of_pairs": 0.5447291390994026,
  "column_score": 0.1656441717791411,
  "time_ms": 272
}