{
  "sum_of_pairs": 0.7402936306919728,
  "column_score": 0.1485148514851485,
  "time_ms": 459
}