{
  "sum_of_pairs": 0.8850957042801543,
  "column_score": 0.34060255121262584,
  "time_ms": 482
}