{
  "sum_of_pairs": 0.8850957042801545,
  "column_score": 0.3406025512126259,
  "time_ms": 425
}