{
  "sum_of_pairs": 0.8908395879910572,
  "column_score": 0.4801980198019802,
  "time_ms": 694
}