{
  "sum_of_pairs": 0.9784397000306091,
  "column_score": 0.6628787878787878,
  "time_ms": 594
}