{
  "sum_of_pairs": 0.9329257565095004,
  "column_score": 0.7232142857142857,
  "time_ms": 479
}