{
  "sum_of_pairs": 0.9613629058180649,
  "column_score": 0.639344262295082,
  "time_ms": 299
}