{
  "sum_of_pairs": 0.9590465058027887,
  "column_score": 0.4576271186440678,
  "time_ms": 270
}