{
  "sum_of_pairs": 0.9628386550556362,
  "column_score": 0.7638888888888888,
  "time_ms": 335
}