{
  "sum_of_pairs": 0.9444922379763865,
  "column_score": 0.2753623188405797,
  "time_ms": 576
}