{
  "sum_of_pairs": 0.7894981355828596,
  "column_score": 0.07368421052631578,
  "time_ms": 391
}