{
  "sum_of_pairs": 0.9795683911424652,
  "column_score": 0.5079365079365079,
  "time_ms": 552
}