{
  "sum_of_pairs": 0.9397179228664178,
  "column_score": 0.366412213740458,
  "time_ms": 661
}