{
  "sum_of_pairs": 0.9034886309871698,
  "column_score": 0.20238095238095238,
  "time_ms": 469
}