{
  "sum_of_pairs": 0.8254368629082588,
  "column_score": 0.3684210526315789,
  "time_ms": 311
}