{
  "sum_of_pairs": 0.8899891458629039,
  "column_score": 0.3898305084745763,
  "time_ms": 824
}