{
  "sum_of_pairs": 0.9729994388327722,
  "column_score": 0.7916666666666666,
  "time_ms": 644
}