{
  "sum_of_pairs": 0.8820984665052461,
  "column_score": 0.12380952380952381,
  "time_ms": 285
}