{
  "sum_of_pairs": 0.9724268370521393,
  "column_score": 0.4660633484162896,
  "time_ms": 574
}