{
  "sum_of_pairs": 0.9349083302571675,
  "column_score": 0.7441860465116279,
  "time_ms": 444
}