{
  "sum_of_pairs": 0.4999684368919189,
  "column_score": 0.21946553209446507,
  "time_ms": 25
}