{
  "sum_of_pairs": 0.5533022533022534,
  "column_score": 0.14358974358974358,
  "time_ms": 40
}