{
  "sum_of_pairs": 0.46678424456202233,
  "column_score": 0.30246913580246915,
  "time_ms": 5
}