{
  "sum_of_pairs": 0.5986308773194019,
  "column_score": 0.3883984867591425,
  "time_ms": 61
}