{
  "sum_of_pairs": 0.3438961038961039,
  "column_score": 0.42857142857142855,
  "time_ms": 3
}