{
  "sum_of_pairs": 0.3931873479318735,
  "column_score": 0.12408759124087591,
  "time_ms": 5
}