{
  "sum_of_pairs": 0.4971177944862155,
  "column_score": 0.019736842105263157,
  "time_ms": 43
}