{
  "sum_of_pairs": 0.5294117647058824,
  "column_score": 0.21568627450980393,
  "time_ms": 2
}