{
  "sum_of_pairs": 0.7118473895582329,
  "column_score": 0.6024096385542169,
  "time_ms": 2
}