{
  "sum_of_pairs": 0.47546487603305787,
  "column_score": 0.11363636363636363,
  "time_ms": 86
}