{
  "sum_of_pairs": 0.7118226600985221,
  "column_score": 0.5738916256157636,
  "time_ms": 15
}