{
  "sum_of_pairs": 0.683531746031746,
  "column_score": 0.5892857142857143,
  "time_ms": 3
}