{
  "sum_of_pairs": 0.5890937019969278,
  "column_score": 0.41935483870967744,
  "time_ms": 2
}