{
  "sum_of_pairs": 0.629059829059829,
  "column_score": 0.28205128205128205,
  "time_ms": 0
}