{
  "sum_of_pairs": 0.693050193050193,
  "column_score": 0.6216216216216216,
  "time_ms": 1
}