{
  "sum_of_pairs": 0.5168798862828714,
  "column_score": 0.2574626865671642,
  "time_ms": 16
}