{
  "sum_of_pairs": 0.24052419354838708,
  "column_score": 0.04233870967741935,
  "time_ms": 25
}