{
  "sum_of_pairs": 0.7512919896640827,
  "column_score": 0.11627906976744186,
  "time_ms": 1
}