{
  "sum_of_pairs": 0.5244815668202765,
  "column_score": 0.1774193548387097,
  "time_ms": 10
}