{
  "sum_of_pairs": 0.23275862068965517,
  "column_score": 0.05172413793103448,
  "time_ms": 6
}