{
  "sum_of_pairs": 0.5942028985507246,
  "column_score": 0.4782608695652174,
  "time_ms": 0
}