{
  "sum_of_pairs": 0.8507462686567164,
  "column_score": 0.808955223880597,
  "time_ms": 13
}