{
  "sum_of_pairs": 0.6379769299023957,
  "column_score": 0.2712215320910973,
  "time_ms": 33
}