{
  "sum_of_pairs": 0.6360502838605029,
  "column_score": 0.25547445255474455,
  "time_ms": 11
}