{
  "sum_of_pairs": 0.5499058380414312,
  "column_score": 0.3107344632768362,
  "time_ms": 22
}