{
  "sum_of_pairs": 0.5603907931776784,
  "column_score": 0.2846497764530551,
  "time_ms": 75
}