{
  "sum_of_pairs": 0.5922015941271453,
  "column_score": 0.3455022155013362,
  "time_ms": 16
}