{
  "sum_of_pairs": 0.6617276166456494,
  "column_score": 0.5220680958385876,
  "time_ms": 35
}