{
  "sum_of_pairs": 0.27896103896103897,
  "column_score": 0.2857142857142857,
  "time_ms": 3
}