{
  "sum_of_pairs": 0.827734066025561,
  "column_score": 0.6687898089171974,
  "time_ms": 30
}