{
  "sum_of_pairs": 0.7634980195955806,
  "column_score": 0.3333333333333333,
  "time_ms": 30
}