{
  "sum_of_pairs": 0.4467871485943775,
  "column_score": 0.2289156626506024,
  "time_ms": 3
}