{
  "sum_of_pairs": 0.18729838709677418,
  "column_score": 0.08870967741935484,
  "time_ms": 12
}