{
  "sum_of_pairs": 0.7683694427880474,
  "column_score": 0.3372093023255814,
  "time_ms": 49
}