{
  "sum_of_pairs": 0.8444444444444444,
  "column_score": 0.6205128205128205,
  "time_ms": 24
}