{
  "sum_of_pairs": 0.7360275689223058,
  "column_score": 0.46710526315789475,
  "time_ms": 21
}