{
  "sum_of_pairs": 0.6409026297085999,
  "column_score": 0.3246268656716418,
  "time_ms": 15
}