{
  "sum_of_pairs": 0.4989648033126294,
  "column_score": 0.16770186335403728,
  "time_ms": 11
}