{
  "sum_of_pairs": 0.34057971014492755,
  "column_score": 0.18840579710144928,
  "time_ms": 1
}