{
  "sum_of_pairs": 0.7584577114427861,
  "column_score": 0.6462686567164179,
  "time_ms": 13
}