{
  "sum_of_pairs": 0.7644311972180825,
  "column_score": 0.5782414307004471,
  "time_ms": 47
}