{
  "sum_of_pairs": 0.2517241379310345,
  "column_score": 0.12413793103448276,
  "time_ms": 6
}