{
  "sum_of_pairs": 0.860707919531449,
  "column_score": 0.38571428571428573,
  "time_ms": 104
}