{
  "sum_of_pairs": 0.49918216253443526,
  "column_score": 0.2840909090909091,
  "time_ms": 55
}