{
  "sum_of_pairs": 0.022401625178012842,
  "column_score": 0.0002658160552897395,
  "time_ms": 3
}