{
  "sum_of_pairs": 0.6958796222257778,
  "column_score": 0.27747119096854117,
  "time_ms": 241
}