{
  "sum_of_pairs": 0.7160234772422627,
  "column_score": 0.3161218723929881,
  "time_ms": 129
}