{
  "sum_of_pairs": 0.6347059779077323,
  "column_score": 0.2777777777777778,
  "time_ms": 75
}