{
  "sum_of_pairs": 0.901123623436995,
  "column_score": 0.7610062893081762,
  "time_ms": 133
}