{
  "sum_of_pairs": 0.5399283154121863,
  "column_score": 0.0032258064516129032,
  "time_ms": 19
}