{
  "sum_of_pairs": 0.7850487634970393,
  "column_score": 0.5057471264367817,
  "time_ms": 59
}