{
  "sum_of_pairs": 0.35311004784688993,
  "column_score": 0.07894736842105263,
  "time_ms": 10
}