{
  "sum_of_pairs": 0.8050189393939394,
  "column_score": 0.4431818181818182,
  "time_ms": 99
}