{
  "sum_of_pairs": 0.9774731441398108,
  "column_score": 0.7575757575757576,
  "time_ms": 83
}