{
  "sum_of_pairs": 0.6429016466399644,
  "column_score": 0.2616822429906542,
  "time_ms": 400
}