{
  "sum_of_pairs": 0.7388941398865785,
  "column_score": 0.41304347826086957,
  "time_ms": 39
}