{
  "sum_of_pairs": 0.8670015864621893,
  "column_score": 0.27884615384615385,
  "time_ms": 889
}