{
  "sum_of_pairs": 0.6717024041585445,
  "column_score": 0.3680555555555556,
  "time_ms": 45
}