{
  "sum_of_pairs": 0.5213496704724775,
  "column_score": 0.12698412698412698,
  "time_ms": 87
}