{
  "sum_of_pairs": 0.8997740151106314,
  "column_score": 0.7247706422018348,
  "time_ms": 158
}