{
  "sum_of_pairs": 0.6868893011750155,
  "column_score": 0.27755102040816326,
  "time_ms": 21
}