{
  "sum_of_pairs": 0.8895485466914038,
  "column_score": 0.6114285714285714,
  "time_ms": 41
}