{
  "sum_of_pairs": 0.8631422120977912,
  "column_score": 0.2692307692307692,
  "time_ms": 1544
}