{
  "sum_of_pairs": 0.6773772204806687,
  "column_score": 0.4942528735632184,
  "time_ms": 52
}