{
  "sum_of_pairs": 0.8074277255311738,
  "column_score": 0.5545977011494253,
  "time_ms": 33
}