{
  "sum_of_pairs": 0.5995884773662551,
  "column_score": 0.4567901234567901,
  "time_ms": 19
}