{
  "sum_of_pairs": 0.38564593301435407,
  "column_score": 0.07894736842105263,
  "time_ms": 5
}