{
  "sum_of_pairs": 0.7749287749287749,
  "column_score": 0.4444444444444444,
  "time_ms": 22
}