{
  "sum_of_pairs": 0.7187882992253439,
  "column_score": 0.06451612903225806,
  "time_ms": 151
}