{
  "sum_of_pairs": 0.712710228839261,
  "column_score": 0.3548387096774194,
  "time_ms": 143
}