{
  "sum_of_pairs": 0.9120682676740421,
  "column_score": 0.7637614678899083,
  "time_ms": 86
}