{
  "sum_of_pairs": 0.920178934871099,
  "column_score": 0.41875,
  "time_ms": 1013
}