{
  "sum_of_pairs": 0.5279402209226771,
  "column_score": 0.12698412698412698,
  "time_ms": 55
}