{
  "sum_of_pairs": 0.6957031616474341,
  "column_score": 0.2894736842105263,
  "time_ms": 107
}