{
  "sum_of_pairs": 0.9743589743589743,
  "column_score": 0.8372093023255814,
  "time_ms": 177
}