{
  "sum_of_pairs": 0.742989918084436,
  "column_score": 0.41304347826086957,
  "time_ms": 23
}