{
  "sum_of_pairs": 0.8228977272727273,
  "column_score": 0.4943181818181818,
  "time_ms": 54
}