{
  "sum_of_pairs": 0.8638375295043274,
  "column_score": 0.6016260162601627,
  "time_ms": 98
}