{
  "sum_of_pairs": 0.7237112769027663,
  "column_score": 0.23404255319148937,
  "time_ms": 92
}