{
  "sum_of_pairs": 0.9173224785165084,
  "column_score": 0.378125,
  "time_ms": 2055
}