{
  "sum_of_pairs": 0.9593153759820426,
  "column_score": 0.5757575757575758,
  "time_ms": 180
}