{
  "sum_of_pairs": 0.9171220400728597,
  "column_score": 0.9180327868852459,
  "time_ms": 3
}