{
  "sum_of_pairs": 0.7445054945054945,
  "column_score": 0.27884615384615385,
  "time_ms": 47
}