{
  "sum_of_pairs": 0.9088268693221523,
  "column_score": 0.5104166666666666,
  "time_ms": 908
}