{
  "sum_of_pairs": 0.6926510989010989,
  "column_score": 0.25961538461538464,
  "time_ms": 84
}