{
  "sum_of_pairs": 0.9207424349049965,
  "column_score": 0.39880952380952384,
  "time_ms": 163
}