{
  "sum_of_pairs": 0.6904824103099965,
  "column_score": 0.5258620689655172,
  "time_ms": 26
}