{
  "sum_of_pairs": 0.9752203008016962,
  "column_score": 0.8488372093023255,
  "time_ms": 94
}