{
  "sum_of_pairs": 0.898003828274542,
  "column_score": 0.7389937106918238,
  "time_ms": 233
}