{
  "sum_of_pairs": 0.6744855967078189,
  "column_score": 0.6296296296296297,
  "time_ms": 13
}