{
  "sum_of_pairs": 0.9241877785596997,
  "column_score": 0.4226190476190476,
  "time_ms": 88
}