{
  "sum_of_pairs": 0.811377348142054,
  "column_score": 0.41346153846153844,
  "time_ms": 287
}