{
  "sum_of_pairs": 0.7877984084880637,
  "column_score": 0.5724137931034483,
  "time_ms": 24
}