{
  "sum_of_pairs": 0.41703890995926396,
  "column_score": 0.008849557522123894,
  "time_ms": 77
}