{
  "sum_of_pairs": 0.609053651266766,
  "column_score": 0.18032786885245902,
  "time_ms": 24
}