{
  "sum_of_pairs": 0.5300702827757859,
  "column_score": 0.13861386138613863,
  "time_ms": 198
}