{
  "sum_of_pairs": 0.699168623484358,
  "column_score": 0.026829996447760983,
  "time_ms": 286
}