{
  "sum_of_pairs": 0.9276485788113695,
  "column_score": 0.4537037037037037,
  "time_ms": 1331
}