{
  "sum_of_pairs": 0.5901570048309178,
  "column_score": 0.17391304347826086,
  "time_ms": 15
}