{
  "sum_of_pairs": 0.9056703397612489,
  "column_score": 0.030303030303030304,
  "time_ms": 435
}