{
  "sum_of_pairs": 0.8959463972614177,
  "column_score": 0.0847457627118644,
  "time_ms": 92
}