{
  "sum_of_pairs": 0.6988644902730233,
  "column_score": 0.1016949152542373,
  "time_ms": 399
}