{
  "sum_of_pairs": 0.8858702225447509,
  "column_score": 0.10416666666666667,
  "time_ms": 273
}