{
  "sum_of_pairs": 0.08129712783268342,
  "column_score": 0.00866950821712372,
  "time_ms": 5
}