{
  "sum_of_pairs": 0.737279825632676,
  "column_score": 0.050336710393528744,
  "time_ms": 742
}