{
  "sum_of_pairs": 0.7372798256326757,
  "column_score": 0.050336710393528744,
  "time_ms": 741
}