{
  "sum_of_pairs": 0.937245247893396,
  "column_score": 0.05555555555555555,
  "time_ms": 3092
}