{
  "sum_of_pairs": 0.9068927417984022,
  "column_score": 0.006756756756756757,
  "time_ms": 855
}