{
  "sum_of_pairs": 0.71531268264173,
  "column_score": 0.16271186440677965,
  "time_ms": 687
}