{
  "sum_of_pairs": 0.9162075298438935,
  "column_score": 0.15151515151515152,
  "time_ms": 1209
}