{
  "sum_of_pairs": 0.8106747009148487,
  "column_score": 0.2767857142857143,
  "time_ms": 325
}