{
  "sum_of_pairs": 0.45073868117895105,
  "column_score": 0.20674113175667522,
  "time_ms": 15
}