{
  "sum_of_pairs": 0.22833481218574386,
  "column_score": 0.10559006211180125,
  "time_ms": 11
}