{
  "sum_of_pairs": 0.28353658536585363,
  "column_score": 0.21951219512195122,
  "time_ms": 4
}