{
  "sum_of_pairs": 0.7589192789642396,
  "column_score": 0.24203821656050956,
  "time_ms": 25
}