{
  "sum_of_pairs": 0.445468509984639,
  "column_score": 0.2903225806451613,
  "time_ms": 3
}