{
  "sum_of_pairs": 0.2638888888888889,
  "column_score": 0.07738095238095238,
  "time_ms": 3
}