{
  "sum_of_pairs": 0.8852369852369852,
  "column_score": 0.6717948717948717,
  "time_ms": 28
}