{
  "sum_of_pairs": 0.7266169154228855,
  "column_score": 0.682089552238806,
  "time_ms": 13
}