{
  "sum_of_pairs": 0.19435483870967743,
  "column_score": 0.09475806451612903,
  "time_ms": 13
}