{
  "sum_of_pairs": 0.7296572280178838,
  "column_score": 0.5469448584202683,
  "time_ms": 45
}