{
  "sum_of_pairs": 0.5973895582329317,
  "column_score": 0.6566265060240963,
  "time_ms": 3
}