{
  "sum_of_pairs": 0.44402603364486454,
  "column_score": 0.05351279784803218,
  "time_ms": 296
}