{
  "sum_of_pairs": 0.5414336917562724,
  "column_score": 0.04838709677419355,
  "time_ms": 43
}