{
  "sum_of_pairs": 0.6852577499129223,
  "column_score": 0.41379310344827586,
  "time_ms": 65
}