{
  "sum_of_pairs": 0.37812703053931124,
  "column_score": 0.034722222222222224,
  "time_ms": 106
}