{
  "sum_of_pairs": 0.6331071171103985,
  "column_score": 0.07232704402515723,
  "time_ms": 275
}