{
  "sum_of_pairs": 0.5408829676071055,
  "column_score": 0.15517241379310345,
  "time_ms": 48
}