{
  "sum_of_pairs": 0.6395541014570966,
  "column_score": 0.009174311926605505,
  "time_ms": 152
}