{
  "sum_of_pairs": 0.41293877690936515,
  "column_score": 0.07211538461538461,
  "time_ms": 541
}