{
  "sum_of_pairs": 0.4869901547116737,
  "column_score": 0.10126582278481013,
  "time_ms": 25
}