{
  "sum_of_pairs": 0.4272400478551057,
  "column_score": 0.04661161205826191,
  "time_ms": 887
}