{
  "sum_of_pairs": 0.3512662664071032,
  "column_score": 0.006330126182103899,
  "time_ms": 707
}