{
  "sum_of_pairs": 0.4273345040137492,
  "column_score": 0.04706823306282812,
  "time_ms": 386
}