{
  "sum_of_pairs": 0.42724004785510583,
  "column_score": 0.0466116120582619,
  "time_ms": 869
}