{
  "sum_of_pairs": 0.4272400478551058,
  "column_score": 0.0466116120582619,
  "time_ms": 2134
}