{
  "sum_of_pairs": 0.6627859477124183,
  "column_score": 0.16176470588235295,
  "time_ms": 943
}