{
  "sum_of_pairs": 0.7242301077917517,
  "column_score": 0.1095890410958904,
  "time_ms": 3339
}