{
  "sum_of_pairs": 0.6503036437246964,
  "column_score": 0.04093567251461988,
  "time_ms": 614
}