{
  "sum_of_pairs": 0.6595868240670221,
  "column_score": 0.2079207920792079,
  "time_ms": 578
}