{
  "sum_of_pairs": 0.61010255845097,
  "column_score": 0.0992063492063492,
  "time_ms": 2350
}