{
  "sum_of_pairs": 0.727180915036987,
  "column_score": 0.21978021978021978,
  "time_ms": 7870
}