{
  "sum_of_pairs": 0.330558940519164,
  "column_score": 0.05217391304347826,
  "time_ms": 481
}