{
  "sum_of_pairs": 0.597306776478097,
  "column_score": 0.04854368932038835,
  "time_ms": 5133
}