{
  "sum_of_pairs": 0.6541791541791542,
  "column_score": 0.00684931506849315,
  "time_ms": 1333
}