{
  "sum_of_pairs": 0.2573289249062531,
  "column_score": 0.08170529035716433,
  "time_ms": 17
}