{
  "sum_of_pairs": 0.25732892490625314,
  "column_score": 0.08170529035716433,
  "time_ms": 28
}