{
  "sum_of_pairs": 0.12967491848135448,
  "column_score": 0.03238713079314706,
  "time_ms": 14
}