{
  "sum_of_pairs": 0.2809056473829201,
  "column_score": 0.14204545454545456,
  "time_ms": 27
}