{
  "sum_of_pairs": 0.34753694581280786,
  "column_score": 0.21921182266009853,
  "time_ms": 11
}