{
  "sum_of_pairs": 0.23612862547288777,
  "column_score": 0.11601513240857503,
  "time_ms": 29
}