{
  "sum_of_pairs": 0.3658119658119658,
  "column_score": 0.035897435897435895,
  "time_ms": 24
}