{
  "sum_of_pairs": 0.4611801242236025,
  "column_score": 0.3498964803312629,
  "time_ms": 66
}