{
  "sum_of_pairs": 0.5827505827505828,
  "column_score": 0.17435897435897435,
  "time_ms": 57
}