{
  "sum_of_pairs": 0.1510737628384687,
  "column_score": 0.10084033613445378,
  "time_ms": 21
}