{
  "sum_of_pairs": 0.14877255249926058,
  "column_score": 0.09316770186335403,
  "time_ms": 8
}