{
  "sum_of_pairs": 0.3527363184079602,
  "column_score": 0.2537313432835821,
  "time_ms": 20
}