{
  "sum_of_pairs": 0.21222847948511667,
  "column_score": 0.0420353982300885,
  "time_ms": 21
}