{
  "sum_of_pairs": 0.169150521609538,
  "column_score": 0.040983606557377046,
  "time_ms": 17
}