{
  "sum_of_pairs": 0.1409274193548387,
  "column_score": 0.06451612903225806,
  "time_ms": 11
}