{
  "sum_of_pairs": 0.05837173579109063,
  "column_score": 0.05069124423963134,
  "time_ms": 3
}