{
  "sum_of_pairs": 0.2880940553071701,
  "column_score": 0.12220566318926974,
  "time_ms": 38
}