{
  "sum_of_pairs": 0.49408842523596624,
  "column_score": 0.3412816691505216,
  "time_ms": 41
}