{
  "sum_of_pairs": 0.30732790035115615,
  "column_score": 0.011627906976744186,
  "time_ms": 31
}