{
  "sum_of_pairs": 0.25044365572315885,
  "column_score": 0.11801242236024845,
  "time_ms": 40
}