{
  "sum_of_pairs": 0.14429723502304148,
  "column_score": 0.06451612903225806,
  "time_ms": 7
}