{
  "sum_of_pairs": 0.27661290322580645,
  "column_score": 0.1028225806451613,
  "time_ms": 11
}