{
  "sum_of_pairs": 0.9423319670913897,
  "column_score": 0.5601851851851852,
  "time_ms": 1525
}