{
  "sum_of_pairs": 0.6860925404644617,
  "column_score": 0.16071428571428573,
  "time_ms": 77
}