{
  "sum_of_pairs": 0.3651371813811711,
  "column_score": 0.007980615875352719,
  "time_ms": 1186
}