{
  "sum_of_pairs": 0.6680922085433364,
  "column_score": 0.012145748987854251,
  "time_ms": 1174
}