{
  "sum_of_pairs": 0.40334928229665074,
  "column_score": 0.045454545454545456,
  "time_ms": 10
}