{
  "sum_of_pairs": 0.45865800865800865,
  "column_score": 0.18181818181818182,
  "time_ms": 44
}