{
  "sum_of_pairs": 0.5219312615853646,
  "column_score": 0.26433391774342774,
  "time_ms": 217
}