{
  "sum_of_pairs": 0.5219312615853645,
  "column_score": 0.2643339177434278,
  "time_ms": 275
}