{
  "sum_of_pairs": 0.39657738095238093,
  "column_score": 0.22916666666666666,
  "time_ms": 284
}