{
  "sum_of_pairs": 0.6581481481481481,
  "column_score": 0.25333333333333335,
  "time_ms": 221
}