{
  "sum_of_pairs": 0.5222672064777328,
  "column_score": 0.3724696356275304,
  "time_ms": 275
}