{
  "sum_of_pairs": 0.6207298136645962,
  "column_score": 0.32608695652173914,
  "time_ms": 254
}