{
  "sum_of_pairs": 0.9077025232403718,
  "column_score": 0.8446215139442231,
  "time_ms": 310
}