{
  "sum_of_pairs": 0.7029914529914529,
  "column_score": 0.5769230769230769,
  "time_ms": 248
}