{
  "sum_of_pairs": 0.7278911564625851,
  "column_score": 0.6122448979591837,
  "time_ms": 194
}