{
  "sum_of_pairs": 0.785078219013237,
  "column_score": 0.6678700361010831,
  "time_ms": 237
}