{
  "sum_of_pairs": 0.716374269005848,
  "column_score": 0.49122807017543857,
  "time_ms": 304
}