{
  "sum_of_pairs": 0.5042087542087542,
  "column_score": 0.31313131313131315,
  "time_ms": 225
}