{
  "sum_of_pairs": 0.6788617886178862,
  "column_score": 0.4634146341463415,
  "time_ms": 375
}