{
  "sum_of_pairs": 0.6592331768388107,
  "column_score": 0.43661971830985913,
  "time_ms": 343
}