{
  "sum_of_pairs": 0.5578231292517006,
  "column_score": 0.3673469387755102,
  "time_ms": 200
}