{
  "sum_of_pairs": 0.3758169934640523,
  "column_score": 0.3137254901960784,
  "time_ms": 221
}