{
  "sum_of_pairs": 0.7428571428571429,
  "column_score": 0.4962962962962963,
  "time_ms": 226
}