{
  "sum_of_pairs": 0.46216216216216216,
  "column_score": 0.13513513513513514,
  "time_ms": 190
}