{
  "sum_of_pairs": 0.43194305694305696,
  "column_score": 0.045454545454545456,
  "time_ms": 281
}