{
  "sum_of_pairs": 0.8245033112582781,
  "column_score": 0.7152317880794702,
  "time_ms": 201
}