{
  "sum_of_pairs": 0.5434782608695652,
  "column_score": 0.3804347826086957,
  "time_ms": 211
}