{
  "sum_of_pairs": 0.5142857142857142,
  "column_score": 0.2714285714285714,
  "time_ms": 212
}