{
  "sum_of_pairs": 0.7121405314310967,
  "column_score": 0.3264444763119449,
  "time_ms": 1891
}