{
  "sum_of_pairs": 0.717734976728737,
  "column_score": 0.34941845949401695,
  "time_ms": 2471
}