{
  "sum_of_pairs": 0.7141775769927702,
  "column_score": 0.3342282208813275,
  "time_ms": 1024
}