{
  "sum_of_pairs": 0.8101720026853717,
  "column_score": 0.4675324675324675,
  "time_ms": 133
}