{
  "sum_of_pairs": 0.7558973260622436,
  "column_score": 0.34065934065934067,
  "time_ms": 3742
}