{
  "sum_of_pairs": 0.7624401913875598,
  "column_score": 0.3181818181818182,
  "time_ms": 19
}