{
  "sum_of_pairs": 0.7555216897045982,
  "column_score": 0.34065934065934067,
  "time_ms": 7210
}