{
  "sum_of_pairs": 0.9521395636527216,
  "column_score": 0.7134502923976608,
  "time_ms": 1606
}