{
  "sum_of_pairs": 0.5830374260231724,
  "column_score": 0.10465116279069768,
  "time_ms": 206
}