{
  "sum_of_pairs": 0.7816689466484268,
  "column_score": 0.49411764705882355,
  "time_ms": 294
}