{
  "sum_of_pairs": 0.6736382561113424,
  "column_score": 0.11304347826086956,
  "time_ms": 6911
}