{
  "sum_of_pairs": 0.8286913086913087,
  "column_score": 0.22857142857142856,
  "time_ms": 165
}