{
  "sum_of_pairs": 0.6702789508118717,
  "column_score": 0.11304347826086956,
  "time_ms": 2438
}