{
  "sum_of_pairs": 0.7007110536522301,
  "column_score": 0.33031674208144796,
  "time_ms": 340
}