{
  "sum_of_pairs": 0.8421353083007218,
  "column_score": 0.4175824175824176,
  "time_ms": 1449
}