{
  "sum_of_pairs": 0.8344497607655502,
  "column_score": 0.7272727272727273,
  "time_ms": 32
}