{
  "sum_of_pairs": 0.7420504448991792,
  "column_score": 0.1826086956521739,
  "time_ms": 1378
}