{
  "sum_of_pairs": 0.8800937120272974,
  "column_score": 0.5922330097087378,
  "time_ms": 6351
}