{
  "sum_of_pairs": 0.838360544217687,
  "column_score": 0.6166666666666667,
  "time_ms": 1244
}