{
  "sum_of_pairs": 0.7474007561436673,
  "column_score": 0.5652173913043478,
  "time_ms": 33
}