{
  "sum_of_pairs": 0.8198471084258796,
  "column_score": 0.0425531914893617,
  "time_ms": 2332
}