{
  "sum_of_pairs": 0.8192358681242258,
  "column_score": 0.0425531914893617,
  "time_ms": 5774
}