{
  "sum_of_pairs": 0.4745670995670996,
  "column_score": 0.13636363636363635,
  "time_ms": 74
}