{
  "sum_of_pairs": 0.9519877417903734,
  "column_score": 0.7543859649122807,
  "time_ms": 644
}