{
  "sum_of_pairs": 0.5776944236059015,
  "column_score": 0.09689922480620156,
  "time_ms": 371
}