{
  "sum_of_pairs": 0.8401768707482993,
  "column_score": 0.6583333333333333,
  "time_ms": 654
}