{
  "sum_of_pairs": 0.9041031149301826,
  "column_score": 0.39271255060728744,
  "time_ms": 947
}