{
  "sum_of_pairs": 0.880170424557829,
  "column_score": 0.5922330097087378,
  "time_ms": 3394
}