{
  "sum_of_pairs": 0.42984126984126986,
  "column_score": 0.17142857142857143,
  "time_ms": 62
}