{
  "sum_of_pairs": 0.7833354060440244,
  "column_score": 0.5294117647058824,
  "time_ms": 142
}