{
  "sum_of_pairs": 0.9067074279104355,
  "column_score": 0.4493927125506073,
  "time_ms": 2422
}