{
  "sum_of_pairs": 0.7425930609523371,
  "column_score": 0.1826086956521739,
  "time_ms": 745
}