{
  "sum_of_pairs": 0.42943722943722945,
  "column_score": 0.13636363636363635,
  "time_ms": 86
}