{
  "sum_of_pairs": 0.7587429111531191,
  "column_score": 0.5652173913043478,
  "time_ms": 43
}