{
  "sum_of_pairs": 0.8284227188336777,
  "column_score": 0.2054794520547945,
  "time_ms": 2789
}