{
  "sum_of_pairs": 0.8292916086414929,
  "column_score": 0.5833333333333334,
  "time_ms": 4366
}