{
  "sum_of_pairs": 0.7665071770334928,
  "column_score": 0.3181818181818182,
  "time_ms": 10
}