{
  "sum_of_pairs": 0.6991955756661639,
  "column_score": 0.33031674208144796,
  "time_ms": 631
}