{
  "sum_of_pairs": 0.7562482495016228,
  "column_score": 0.34065934065934067,
  "time_ms": 10064
}