{
  "sum_of_pairs": 0.6039093106609986,
  "column_score": 0.10465116279069768,
  "time_ms": 506
}