{
  "sum_of_pairs": 0.5990790255496138,
  "column_score": 0.3181818181818182,
  "time_ms": 80
}