{
  "sum_of_pairs": 0.9340504720406682,
  "column_score": 0.8382352941176471,
  "time_ms": 1344
}