{
  "sum_of_pairs": 0.8491996725079431,
  "column_score": 0.4945054945054945,
  "time_ms": 1706
}