{
  "sum_of_pairs": 0.8402448979591837,
  "column_score": 0.6583333333333333,
  "time_ms": 1560
}