{
  "sum_of_pairs": 0.844677878512465,
  "column_score": 0.4725274725274725,
  "time_ms": 728
}