{
  "sum_of_pairs": 0.4254875283446712,
  "column_score": 0.17142857142857143,
  "time_ms": 40
}