{
  "sum_of_pairs": 0.829072753730288,
  "column_score": 0.21232876712328766,
  "time_ms": 1435
}