{
  "sum_of_pairs": 0.48138528138528136,
  "column_score": 0.13636363636363635,
  "time_ms": 37
}