{
  "sum_of_pairs": 0.669945875215607,
  "column_score": 0.11304347826086956,
  "time_ms": 5018
}