{
  "sum_of_pairs": 0.9309277414669571,
  "column_score": 0.8235294117647058,
  "time_ms": 3244
}