{
  "sum_of_pairs": 0.933510348583878,
  "column_score": 0.8382352941176471,
  "time_ms": 2512
}