{
  "sum_of_pairs": 0.8629522086824067,
  "column_score": 0.7128712871287128,
  "time_ms": 1490
}