{
  "sum_of_pairs": 0.7424918952475111,
  "column_score": 0.1826086956521739,
  "time_ms": 1849
}