{
  "sum_of_pairs": 0.5790166531101503,
  "column_score": 0.17857142857142858,
  "time_ms": 4070
}