{
  "sum_of_pairs": 0.8693450114242194,
  "column_score": 0.7425742574257426,
  "time_ms": 1901
}