{
  "sum_of_pairs": 0.8296110282411653,
  "column_score": 0.22602739726027396,
  "time_ms": 3550
}