{
  "sum_of_pairs": 0.5954408566170319,
  "column_score": 0.16279069767441862,
  "time_ms": 1796
}