{
  "sum_of_pairs": 0.8320175394654671,
  "column_score": 0.5833333333333334,
  "time_ms": 5253
}