{
  "sum_of_pairs": 0.9017367594811204,
  "column_score": 0.38461538461538464,
  "time_ms": 1764
}