{
  "sum_of_pairs": 0.8198416751787538,
  "column_score": 0.0425531914893617,
  "time_ms": 4580
}