{
  "sum_of_pairs": 0.9513776428250112,
  "column_score": 0.7309941520467836,
  "time_ms": 1278
}