{
  "sum_of_pairs": 0.48534187965997205,
  "column_score": 0.015998718630297577,
  "time_ms": 1898
}