{
  "sum_of_pairs": 0.4853418796599721,
  "column_score": 0.015998718630297577,
  "time_ms": 1667
}