{
  "sum_of_pairs": 0.7543105607485999,
  "column_score": 0.23015873015873015,
  "time_ms": 5291
}