{
  "sum_of_pairs": 0.6387793895804715,
  "column_score": 0.18485953656452875,
  "time_ms": 1733
}