{
  "sum_of_pairs": 0.626441305508013,
  "column_score": 0.15496723594782064,
  "time_ms": 1426
}