{
  "sum_of_pairs": 0.637017433419435,
  "column_score": 0.1830353906398968,
  "time_ms": 733
}