{
  "sum_of_pairs": 0.7344860536764585,
  "column_score": 0.1978021978021978,
  "time_ms": 5813
}