{
  "sum_of_pairs": 0.5916518122400475,
  "column_score": 0.06818181818181818,
  "time_ms": 39
}