{
  "sum_of_pairs": 0.7135797535797536,
  "column_score": 0.17142857142857143,
  "time_ms": 258
}