{
  "sum_of_pairs": 0.6943539360776023,
  "column_score": 0.27058823529411763,
  "time_ms": 446
}