{
  "sum_of_pairs": 0.8719568103129747,
  "column_score": 0.3904109589041096,
  "time_ms": 1115
}