{
  "sum_of_pairs": 0.6953760525189097,
  "column_score": 0.08791208791208792,
  "time_ms": 1301
}