{
  "sum_of_pairs": 0.6866103820991039,
  "column_score": 0.08791208791208792,
  "time_ms": 509
}