{
  "sum_of_pairs": 0.8096659919028341,
  "column_score": 0.38011695906432746,
  "time_ms": 1186
}