{
  "sum_of_pairs": 0.8621267454350161,
  "column_score": 0.291497975708502,
  "time_ms": 655
}