{
  "sum_of_pairs": 0.8128236862147753,
  "column_score": 0.36633663366336633,
  "time_ms": 1142
}