{
  "sum_of_pairs": 0.5722274732199117,
  "column_score": 0.2391304347826087,
  "time_ms": 78
}