{
  "sum_of_pairs": 0.7683957489878542,
  "column_score": 0.25146198830409355,
  "time_ms": 1125
}