{
  "sum_of_pairs": 0.8129285096463721,
  "column_score": 0.5079365079365079,
  "time_ms": 3328
}