{
  "sum_of_pairs": 0.7048151848151848,
  "column_score": 0.17142857142857143,
  "time_ms": 342
}