{
  "sum_of_pairs": 0.6121505083514888,
  "column_score": 0.17647058823529413,
  "time_ms": 1955
}