{
  "sum_of_pairs": 0.6932844173610248,
  "column_score": 0.27058823529411763,
  "time_ms": 103
}