{
  "sum_of_pairs": 0.8209063214013709,
  "column_score": 0.40594059405940597,
  "time_ms": 1273
}