{
  "sum_of_pairs": 0.6218545751633987,
  "column_score": 0.20588235294117646,
  "time_ms": 881
}