{
  "sum_of_pairs": 0.8524564157646864,
  "column_score": 0.23481781376518218,
  "time_ms": 1244
}