{
  "sum_of_pairs": 0.8195241768774274,
  "column_score": 0.5079365079365079,
  "time_ms": 2134
}