{
  "sum_of_pairs": 0.555566576639021,
  "column_score": 0.16279069767441862,
  "time_ms": 3133
}