{
  "sum_of_pairs": 0.6446249925652768,
  "column_score": 0.10434782608695652,
  "time_ms": 1667
}