{
  "sum_of_pairs": 0.6415083566287991,
  "column_score": 0.10434782608695652,
  "time_ms": 7607
}