{
  "sum_of_pairs": 0.7437288759110662,
  "column_score": 0.2956521739130435,
  "time_ms": 933
}