{
  "sum_of_pairs": 0.6710207086146935,
  "column_score": 0.06593406593406594,
  "time_ms": 1038
}