{
  "sum_of_pairs": 0.6017421021922147,
  "column_score": 0.15891472868217055,
  "time_ms": 245
}