{
  "sum_of_pairs": 0.8464291851288157,
  "column_score": 0.27184466019417475,
  "time_ms": 6134
}