{
  "sum_of_pairs": 0.8657278794265095,
  "column_score": 0.2671232876712329,
  "time_ms": 2007
}