{
  "sum_of_pairs": 0.8721164680068789,
  "column_score": 0.3904109589041096,
  "time_ms": 5029
}