{
  "sum_of_pairs": 0.7751405757984705,
  "column_score": 0.30409356725146197,
  "time_ms": 461
}