{
  "sum_of_pairs": 0.7538224541880303,
  "column_score": 0.3739130434782609,
  "time_ms": 2423
}