{
  "sum_of_pairs": 0.8200257044935263,
  "column_score": 0.40594059405940597,
  "time_ms": 541
}