{
  "sum_of_pairs": 0.6223348843669699,
  "column_score": 0.35064935064935066,
  "time_ms": 436
}