{
  "sum_of_pairs": 0.5569470699432892,
  "column_score": 0.21739130434782608,
  "time_ms": 37
}