{
  "sum_of_pairs": 0.8340094264357517,
  "column_score": 0.22330097087378642,
  "time_ms": 3331
}