{
  "sum_of_pairs": 0.6968038497450262,
  "column_score": 0.334841628959276,
  "time_ms": 436
}