{
  "sum_of_pairs": 0.8382792458851399,
  "column_score": 0.2621359223300971,
  "time_ms": 2480
}