{
  "sum_of_pairs": 0.8160885856551752,
  "column_score": 0.44841269841269843,
  "time_ms": 4049
}