{
  "sum_of_pairs": 0.5783933650421855,
  "column_score": 0.16279069767441862,
  "time_ms": 3512
}