{
  "sum_of_pairs": 0.6045617772711209,
  "column_score": 0.19596488224934971,
  "time_ms": 248
}