{
  "sum_of_pairs": 0.8414262256626789,
  "column_score": 0.2916666666666667,
  "time_ms": 171
}