{
  "sum_of_pairs": 0.527511961722488,
  "column_score": 0.19736842105263158,
  "time_ms": 239
}