{
  "sum_of_pairs": 0.8359079870480303,
  "column_score": 0.5825688073394495,
  "time_ms": 177
}