{
  "sum_of_pairs": 0.4388401559454191,
  "column_score": 0.08333333333333333,
  "time_ms": 93
}