{
  "sum_of_pairs": 0.8223332587565565,
  "column_score": 0.6886792452830188,
  "time_ms": 231
}