{
  "sum_of_pairs": 0.7763244164699712,
  "column_score": 0.21138211382113822,
  "time_ms": 257
}