{
  "sum_of_pairs": 0.8756830601092896,
  "column_score": 0.7540983606557377,
  "time_ms": 17
}