{
  "sum_of_pairs": 0.3316210416802133,
  "column_score": 0.11834319526627218,
  "time_ms": 36
}