{
  "sum_of_pairs": 0.6916144200626959,
  "column_score": 0.382183908045977,
  "time_ms": 75
}