{
  "sum_of_pairs": 0.7077934320581379,
  "column_score": 0.34134615384615385,
  "time_ms": 487
}