{
  "sum_of_pairs": 0.5492142266335814,
  "column_score": 0.12903225806451613,
  "time_ms": 223
}