{
  "sum_of_pairs": 0.849888342379014,
  "column_score": 0.240625,
  "time_ms": 2494
}