{
  "sum_of_pairs": 0.5211864053564957,
  "column_score": 0.15113509295896374,
  "time_ms": 227
}