{
  "sum_of_pairs": 0.5211864053564959,
  "column_score": 0.1511350929589637,
  "time_ms": 232
}