{
  "sum_of_pairs": 0.7329693102200585,
  "column_score": 0.1485148514851485,
  "time_ms": 460
}