{
  "sum_of_pairs": 0.37732066241629575,
  "column_score": 0.07975460122699386,
  "time_ms": 100
}