{
  "sum_of_pairs": 0.7476923076923077,
  "column_score": 0.4444444444444444,
  "time_ms": 96
}