{
  "sum_of_pairs": 0.4456946200309032,
  "column_score": 0.07964601769911504,
  "time_ms": 283
}