{
  "sum_of_pairs": 0.686771137026239,
  "column_score": 0.3469387755102041,
  "time_ms": 478
}