{
  "sum_of_pairs": 0.4952257158792931,
  "column_score": 0.015584359707985851,
  "time_ms": 731
}