{
  "sum_of_pairs": 0.551861672162424,
  "column_score": 0.03296703296703297,
  "time_ms": 481
}