{
  "sum_of_pairs": 0.48732744683497076,
  "column_score": 0.12941176470588237,
  "time_ms": 114
}