{
  "sum_of_pairs": 0.4720897615708275,
  "column_score": 0.17391304347826086,
  "time_ms": 465
}