{
  "sum_of_pairs": 0.44355027605822317,
  "column_score": 0.05813953488372093,
  "time_ms": 1631
}