{
  "sum_of_pairs": 0.6107470970715237,
  "column_score": 0.05555555555555555,
  "time_ms": 1999
}