{
  "sum_of_pairs": 0.364710136986377,
  "column_score": 0.08026337785432137,
  "time_ms": 57
}