{
  "sum_of_pairs": 0.28326764888760403,
  "column_score": 0.04000669547919595,
  "time_ms": 120
}