{
  "sum_of_pairs": 0.36284903509052047,
  "column_score": 0.08026337785432139,
  "time_ms": 312
}