{
  "sum_of_pairs": 0.4040530303030303,
  "column_score": 0.07386363636363637,
  "time_ms": 27
}