{
  "sum_of_pairs": 0.6475774536408865,
  "column_score": 0.040625,
  "time_ms": 1314
}