{
  "sum_of_pairs": 0.45521779641276494,
  "column_score": 0.08333333333333333,
  "time_ms": 437
}