{
  "sum_of_pairs": 0.6183553696708041,
  "column_score": 0.26376146788990823,
  "time_ms": 90
}