{
  "sum_of_pairs": 0.36912225705329155,
  "column_score": 0.14942528735632185,
  "time_ms": 36
}