{
  "sum_of_pairs": 0.24267161410018553,
  "column_score": 0.024489795918367346,
  "time_ms": 17
}