{
  "sum_of_pairs": 0.2209170140204623,
  "column_score": 0.06206896551724138,
  "time_ms": 15
}