{
  "sum_of_pairs": 0.6136572252819302,
  "column_score": 0.12195121951219512,
  "time_ms": 140
}