{
  "sum_of_pairs": 0.2800417972831766,
  "column_score": 0.04597701149425287,
  "time_ms": 29
}