{
  "sum_of_pairs": 0.641713581984518,
  "column_score": 0.02976190476190476,
  "time_ms": 55
}