{
  "sum_of_pairs": 0.38449367088607594,
  "column_score": 0.12658227848101267,
  "time_ms": 22
}