{
  "sum_of_pairs": 0.5489750757046354,
  "column_score": 0.16666666666666666,
  "time_ms": 507
}