{
  "sum_of_pairs": 0.47757749912922326,
  "column_score": 0.28160919540229884,
  "time_ms": 37
}