{
  "sum_of_pairs": 0.3238672916092271,
  "column_score": 0.08870967741935484,
  "time_ms": 113
}