{
  "sum_of_pairs": 0.29426129426129427,
  "column_score": 0.25925925925925924,
  "time_ms": 30
}