{
  "sum_of_pairs": 0.8490691048830584,
  "column_score": 0.5232558139534884,
  "time_ms": 112
}