{
  "sum_of_pairs": 0.5222645002056767,
  "column_score": 0.15384615384615385,
  "time_ms": 369
}