{
  "sum_of_pairs": 0.5673591114767585,
  "column_score": 0.2548076923076923,
  "time_ms": 363
}