{
  "sum_of_pairs": 0.3324810606060606,
  "column_score": 0.056818181818181816,
  "time_ms": 77
}