{
  "sum_of_pairs": 0.8766315510501557,
  "column_score": 0.686046511627907,
  "time_ms": 61
}