{
  "sum_of_pairs": 0.3716440222918277,
  "column_score": 0.0673076923076923,
  "time_ms": 534
}