{
  "sum_of_pairs": 0.5740644583571006,
  "column_score": 0.17789664821906861,
  "time_ms": 426
}