{
  "sum_of_pairs": 0.5844157060745484,
  "column_score": 0.1910856378822356,
  "time_ms": 241
}