{
  "sum_of_pairs": 0.5714588156499039,
  "column_score": 0.18813082503178602,
  "time_ms": 488
}