{
  "sum_of_pairs": 0.704775399607229,
  "column_score": 0.4937106918238994,
  "time_ms": 394
}