{
  "sum_of_pairs": 0.8769505638604773,
  "column_score": 0.5284552845528455,
  "time_ms": 322
}