{
  "sum_of_pairs": 0.6463775687913619,
  "column_score": 0.4396551724137931,
  "time_ms": 94
}