{
  "sum_of_pairs": 0.7618935097668557,
  "column_score": 0.34782608695652173,
  "time_ms": 40
}