{
  "sum_of_pairs": 0.7005398815743643,
  "column_score": 0.43103448275862066,
  "time_ms": 90
}