{
  "sum_of_pairs": 0.43435805532579724,
  "column_score": 0.08064516129032258,
  "time_ms": 291
}