{
  "sum_of_pairs": 0.42245989304812837,
  "column_score": 0.07894736842105263,
  "time_ms": 325
}