{
  "sum_of_pairs": 0.9584859584859585,
  "column_score": 0.7407407407407407,
  "time_ms": 19
}