{
  "sum_of_pairs": 0.812807881773399,
  "column_score": 0.593103448275862,
  "time_ms": 56
}