{
  "sum_of_pairs": 0.48703703703703705,
  "column_score": 0.18333333333333332,
  "time_ms": 9
}