{
  "sum_of_pairs": 0.7997221169634963,
  "column_score": 0.08791208791208792,
  "time_ms": 288
}