{
  "sum_of_pairs": 0.8394832703723691,
  "column_score": 0.5573394495412844,
  "time_ms": 211
}