{
  "sum_of_pairs": 0.7341213612747657,
  "column_score": 0.5125786163522013,
  "time_ms": 440
}