{
  "sum_of_pairs": 0.6300411522633745,
  "column_score": 0.5185185185185185,
  "time_ms": 15
}