{
  "sum_of_pairs": 0.7336065573770492,
  "column_score": 0.4426229508196721,
  "time_ms": 2
}