{
  "sum_of_pairs": 0.8513390447922288,
  "column_score": 0.6032110091743119,
  "time_ms": 228
}