{
  "sum_of_pairs": 0.6262918362731795,
  "column_score": 0.090625,
  "time_ms": 3383
}