{
  "sum_of_pairs": 0.7689855072463768,
  "column_score": 0.3333333333333333,
  "time_ms": 151
}