{
  "sum_of_pairs": 0.8344069723380069,
  "column_score": 0.6551724137931034,
  "time_ms": 17
}