{
  "sum_of_pairs": 0.7131581653640477,
  "column_score": 0.27884615384615385,
  "time_ms": 722
}