{
  "sum_of_pairs": 0.8119742326638878,
  "column_score": 0.5310344827586206,
  "time_ms": 34
}