{
  "sum_of_pairs": 0.7600494743351887,
  "column_score": 0.5085714285714286,
  "time_ms": 60
}