{
  "sum_of_pairs": 0.33734313024253854,
  "column_score": 0.1242603550295858,
  "time_ms": 27
}