{
  "sum_of_pairs": 0.4297399136108814,
  "column_score": 0.07258064516129033,
  "time_ms": 547
}