{
  "sum_of_pairs": 0.8021220159151193,
  "column_score": 0.08791208791208792,
  "time_ms": 144
}