{
  "sum_of_pairs": 0.5901234567901235,
  "column_score": 0.4012345679012346,
  "time_ms": 38
}