{
  "sum_of_pairs": 0.7703213610586012,
  "column_score": 0.3695652173913043,
  "time_ms": 22
}