{
  "sum_of_pairs": 0.4024412884062007,
  "column_score": 0.023809523809523808,
  "time_ms": 137
}