{
  "sum_of_pairs": 0.7683522369250158,
  "column_score": 0.3695652173913043,
  "time_ms": 45
}