{
  "sum_of_pairs": 0.8026136363636364,
  "column_score": 0.3977272727272727,
  "time_ms": 142
}