{
  "sum_of_pairs": 0.28127030539311243,
  "column_score": 0.10416666666666667,
  "time_ms": 167
}