{
  "sum_of_pairs": 0.7561533052039381,
  "column_score": 0.5126582278481012,
  "time_ms": 13
}