{
  "sum_of_pairs": 0.7108378870673953,
  "column_score": 0.4262295081967213,
  "time_ms": 3
}