{
  "sum_of_pairs": 0.8632803400885162,
  "column_score": 0.53125,
  "time_ms": 2016
}