{
  "sum_of_pairs": 0.8505801403130059,
  "column_score": 0.6009174311926605,
  "time_ms": 111
}