{
  "sum_of_pairs": 0.7622120526532291,
  "column_score": 0.36538461538461536,
  "time_ms": 975
}