{
  "sum_of_pairs": 0.6016460905349794,
  "column_score": 0.4506172839506173,
  "time_ms": 35
}