{
  "sum_of_pairs": 0.43369453044375644,
  "column_score": 0.07894736842105263,
  "time_ms": 262
}