{
  "sum_of_pairs": 0.32173743416346967,
  "column_score": 0.11834319526627218,
  "time_ms": 58
}