{
  "sum_of_pairs": 0.6280041797283177,
  "column_score": 0.4109195402298851,
  "time_ms": 46
}