{
  "sum_of_pairs": 0.6929205851619644,
  "column_score": 0.4454022988505747,
  "time_ms": 38
}