{
  "sum_of_pairs": 0.5253046594982079,
  "column_score": 0.1774193548387097,
  "time_ms": 27
}