{
  "sum_of_pairs": 0.7901565798733287,
  "column_score": 0.06547619047619048,
  "time_ms": 244
}