{
  "sum_of_pairs": 0.48408602150537633,
  "column_score": 0.17096774193548386,
  "time_ms": 45
}