{
  "sum_of_pairs": 0.7796739385409336,
  "column_score": 0.02976190476190476,
  "time_ms": 166
}