{
  "sum_of_pairs": 0.8833431681091004,
  "column_score": 0.5772357723577236,
  "time_ms": 126
}