{
  "sum_of_pairs": 0.6274663613749435,
  "column_score": 0.071875,
  "time_ms": 2992
}