{
  "sum_of_pairs": 0.4426716141001855,
  "column_score": 0.08979591836734693,
  "time_ms": 41
}