{
  "sum_of_pairs": 0.7896141215106732,
  "column_score": 0.06547619047619048,
  "time_ms": 101
}