{
  "sum_of_pairs": 0.811780303030303,
  "column_score": 0.42045454545454547,
  "time_ms": 75
}