{
  "sum_of_pairs": 0.8064583333333334,
  "column_score": 0.39204545454545453,
  "time_ms": 163
}