{
  "sum_of_pairs": 0.7095358838590996,
  "column_score": 0.5157232704402516,
  "time_ms": 208
}