{
  "sum_of_pairs": 0.6476837338906305,
  "column_score": 0.4396551724137931,
  "time_ms": 34
}