{
  "sum_of_pairs": 0.4658008658008658,
  "column_score": 0.08979591836734693,
  "time_ms": 26
}