{
  "sum_of_pairs": 0.3156902269328305,
  "column_score": 0.10650887573964497,
  "time_ms": 50
}