{
  "sum_of_pairs": 0.4412937423773337,
  "column_score": 0.07894736842105263,
  "time_ms": 139
}