{
  "sum_of_pairs": 0.5767025089605735,
  "column_score": 0.17096774193548386,
  "time_ms": 56
}