{
  "sum_of_pairs": 0.8121946288015102,
  "column_score": 0.46728120945697643,
  "time_ms": 455
}