{
  "sum_of_pairs": 0.7047619047619048,
  "column_score": 0.5142857142857142,
  "time_ms": 310
}