{
  "sum_of_pairs": 0.7340854226917469,
  "column_score": 0.13953488372093023,
  "time_ms": 418
}