{
  "sum_of_pairs": 0.7410102525631408,
  "column_score": 0.4069767441860465,
  "time_ms": 426
}