{
  "sum_of_pairs": 0.9745726495726496,
  "column_score": 0.8654970760233918,
  "time_ms": 383
}