{
  "sum_of_pairs": 0.9695767134941254,
  "column_score": 0.7913043478260869,
  "time_ms": 530
}