{
  "sum_of_pairs": 0.8113487819370172,
  "column_score": 0.5454545454545454,
  "time_ms": 290
}