{
  "sum_of_pairs": 0.8656444418009873,
  "column_score": 0.5217391304347826,
  "time_ms": 1006
}