{
  "sum_of_pairs": 0.8866146230007617,
  "column_score": 0.7623762376237624,
  "time_ms": 498
}