{
  "sum_of_pairs": 0.7251167133520074,
  "column_score": 0.3755656108597285,
  "time_ms": 409
}