{
  "sum_of_pairs": 0.9671900506916402,
  "column_score": 0.6990291262135923,
  "time_ms": 686
}