{
  "sum_of_pairs": 0.8701761696414103,
  "column_score": 0.5064935064935064,
  "time_ms": 346
}