{
  "sum_of_pairs": 0.9294107718765253,
  "column_score": 0.7808219178082192,
  "time_ms": 609
}