{
  "sum_of_pairs": 0.8701032301032301,
  "column_score": 0.45714285714285713,
  "time_ms": 231
}