{
  "sum_of_pairs": 0.9469594872893223,
  "column_score": 0.4065934065934066,
  "time_ms": 881
}