{
  "sum_of_pairs": 0.3726655405150792,
  "column_score": 0.009659297817192554,
  "time_ms": 854
}