{
  "sum_of_pairs": 0.42842206655454873,
  "column_score": 0.02466401979406875,
  "time_ms": 444
}