{
  "sum_of_pairs": 0.38905408317173024,
  "column_score": 0.08597285067873303,
  "time_ms": 245
}