{
  "sum_of_pairs": 0.6790974121607406,
  "column_score": 0.3531746031746032,
  "time_ms": 6956
}