{
  "sum_of_pairs": 0.655195681511471,
  "column_score": 0.017543859649122806,
  "time_ms": 298
}