{
  "sum_of_pairs": 0.5418353576248313,
  "column_score": 0.011695906432748537,
  "time_ms": 490
}