{
  "sum_of_pairs": 0.6830915478611671,
  "column_score": 0.3531746031746032,
  "time_ms": 1404
}