{
  "sum_of_pairs": 0.41582273935215114,
  "column_score": 0.13122171945701358,
  "time_ms": 333
}