{
  "sum_of_pairs": 0.7170486656200942,
  "column_score": 0.004048582995951417,
  "time_ms": 497
}