{
  "sum_of_pairs": 0.6228330311014931,
  "column_score": 0.1626984126984127,
  "time_ms": 2516
}