{
  "sum_of_pairs": 0.4684889209833926,
  "column_score": 0.19647701237157633,
  "time_ms": 21
}