{
  "sum_of_pairs": 0.35093167701863354,
  "column_score": 0.2608695652173913,
  "time_ms": 1
}