{
  "sum_of_pairs": 0.8303571428571429,
  "column_score": 0.7440476190476191,
  "time_ms": 1
}