{
  "sum_of_pairs": 0.20862068965517241,
  "column_score": 0.09655172413793103,
  "time_ms": 5
}