{
  "sum_of_pairs": 0.7092463092463093,
  "column_score": 0.2564102564102564,
  "time_ms": 32
}