{
  "sum_of_pairs": 0.73661800486618,
  "column_score": 0.46715328467153283,
  "time_ms": 6
}