{
  "sum_of_pairs": 0.32311435523114357,
  "column_score": 0.17518248175182483,
  "time_ms": 3
}