{
  "sum_of_pairs": 0.5402427637721755,
  "column_score": 0.20168067226890757,
  "time_ms": 27
}