{
  "sum_of_pairs": 0.4726175463880382,
  "column_score": 0.09457755359394704,
  "time_ms": 46
}