{
  "sum_of_pairs": 0.6078431372549019,
  "column_score": 0.43137254901960786,
  "time_ms": 2
}