{
  "sum_of_pairs": 0.5365783410138248,
  "column_score": 0.27419354838709675,
  "time_ms": 9
}