{
  "sum_of_pairs": 0.7906976744186046,
  "column_score": 0.6511627906976745,
  "time_ms": 2
}