{
  "sum_of_pairs": 0.524093392945852,
  "column_score": 0.23546944858420268,
  "time_ms": 68
}