{
  "sum_of_pairs": 0.45582329317269077,
  "column_score": 0.21084337349397592,
  "time_ms": 1
}