{
  "sum_of_pairs": 0.7513842054868657,
  "column_score": 0.4713375796178344,
  "time_ms": 37
}