{
  "sum_of_pairs": 0.6565317035905271,
  "column_score": 0.3142857142857143,
  "time_ms": 159
}