{
  "sum_of_pairs": 0.33747412008281574,
  "column_score": 0.012422360248447204,
  "time_ms": 13
}