{
  "sum_of_pairs": 0.5447154471544715,
  "column_score": 0.45121951219512196,
  "time_ms": 4
}