{
  "sum_of_pairs": 0.438822652757079,
  "column_score": 0.1885245901639344,
  "time_ms": 30
}