{
  "sum_of_pairs": 0.5314963797264682,
  "column_score": 0.1836283185840708,
  "time_ms": 40
}