{
  "sum_of_pairs": 0.5836159433514612,
  "column_score": 0.18024378718717257,
  "time_ms": 324
}