{
  "sum_of_pairs": 0.5776633038550113,
  "column_score": 0.1868722071113884,
  "time_ms": 402
}