{
  "sum_of_pairs": 0.5786436503527758,
  "column_score": 0.18802487104581467,
  "time_ms": 1080
}