{
  "sum_of_pairs": 0.5786436503527759,
  "column_score": 0.18802487104581464,
  "time_ms": 523
}