{
  "sum_of_pairs": 0.5957241151137787,
  "column_score": 0.19319425909829632,
  "time_ms": 190
}