{
  "sum_of_pairs": 0.690016312647508,
  "column_score": 0.09183673469387756,
  "time_ms": 883
}