{
  "sum_of_pairs": 0.6157600596125187,
  "column_score": 0.1290983606557377,
  "time_ms": 42
}