{
  "sum_of_pairs": 0.8959544159544159,
  "column_score": 0.7160493827160493,
  "time_ms": 142
}