{
  "sum_of_pairs": 0.46497453787240867,
  "column_score": 0.1411042944785276,
  "time_ms": 145
}