{
  "sum_of_pairs": 0.7946580206885904,
  "column_score": 0.48031496062992124,
  "time_ms": 32
}