{
  "sum_of_pairs": 0.634053651266766,
  "column_score": 0.1290983606557377,
  "time_ms": 94
}