{
  "sum_of_pairs": 0.4915193071093468,
  "column_score": 0.22085889570552147,
  "time_ms": 103
}