{
  "sum_of_pairs": 0.793886058360352,
  "column_score": 0.48031496062992124,
  "time_ms": 93
}