{
  "sum_of_pairs": 0.7894295302013423,
  "column_score": 0.49328859060402686,
  "time_ms": 24
}