{
  "sum_of_pairs": 0.6196116201582674,
  "column_score": 0.09183673469387756,
  "time_ms": 3663
}