{
  "sum_of_pairs": 0.7913392141138733,
  "column_score": 0.5581395348837209,
  "time_ms": 1020
}