{
  "sum_of_pairs": 0.594672131147541,
  "column_score": 0.11065573770491803,
  "time_ms": 73
}