{
  "sum_of_pairs": 0.8938271604938272,
  "column_score": 0.7160493827160493,
  "time_ms": 64
}