{
  "sum_of_pairs": 0.478803202697008,
  "column_score": 0.12389380530973451,
  "time_ms": 164
}