{
  "sum_of_pairs": 0.7971130713712911,
  "column_score": 0.5023255813953489,
  "time_ms": 440
}