{
  "sum_of_pairs": 0.49897750511247446,
  "column_score": 0.2392638036809816,
  "time_ms": 58
}