{
  "sum_of_pairs": 0.6787496025350044,
  "column_score": 0.12871287128712872,
  "time_ms": 1994
}