{
  "sum_of_pairs": 0.7441531528568139,
  "column_score": 0.1782178217821782,
  "time_ms": 383
}