{
  "sum_of_pairs": 0.4696305660907431,
  "column_score": 0.11504424778761062,
  "time_ms": 312
}