{
  "sum_of_pairs": 0.4792246101980615,
  "column_score": 0.12389380530973451,
  "time_ms": 487
}