{
  "sum_of_pairs": 0.8583146905294556,
  "column_score": 0.6208053691275168,
  "time_ms": 55
}