{
  "sum_of_pairs": 0.882962962962963,
  "column_score": 0.691358024691358,
  "time_ms": 106
}