{
  "sum_of_pairs": 0.8039882384389201,
  "column_score": 0.5116279069767442,
  "time_ms": 206
}