{
  "sum_of_pairs": 0.6517144323452176,
  "column_score": 0.44329446228512254,
  "time_ms": 13
}