{
  "sum_of_pairs": 0.5641330773169224,
  "column_score": 0.33178593582946286,
  "time_ms": 23
}