{
  "sum_of_pairs": 0.6190476190476191,
  "column_score": 0.3880597014925373,
  "time_ms": 8
}