{
  "sum_of_pairs": 0.2988505747126437,
  "column_score": 0.1793103448275862,
  "time_ms": 3
}