{
  "sum_of_pairs": 0.6804855275443511,
  "column_score": 0.4789915966386555,
  "time_ms": 11
}