{
  "sum_of_pairs": 0.35100806451612904,
  "column_score": 0.14516129032258066,
  "time_ms": 14
}