{
  "sum_of_pairs": 0.7199918896999189,
  "column_score": 0.43795620437956206,
  "time_ms": 8
}