{
  "sum_of_pairs": 0.6982587064676616,
  "column_score": 0.6313432835820896,
  "time_ms": 29
}