{
  "sum_of_pairs": 0.5555555555555556,
  "column_score": 0.5384615384615384,
  "time_ms": 0
}