{
  "sum_of_pairs": 0.6978680611423974,
  "column_score": 0.4225663716814159,
  "time_ms": 24
}