{
  "sum_of_pairs": 0.5331221198156681,
  "column_score": 0.28225806451612906,
  "time_ms": 9
}