{
  "sum_of_pairs": 0.7969868173258003,
  "column_score": 0.615819209039548,
  "time_ms": 12
}