{
  "sum_of_pairs": 0.7106827598630877,
  "column_score": 0.5397225725094578,
  "time_ms": 40
}