{
  "sum_of_pairs": 0.36155717761557177,
  "column_score": 0.08759124087591241,
  "time_ms": 4
}