{
  "sum_of_pairs": 0.897979797979798,
  "column_score": 0.6666666666666666,
  "time_ms": 29
}