{
  "sum_of_pairs": 0.814204237958453,
  "column_score": 0.5095541401273885,
  "time_ms": 35
}