{
  "sum_of_pairs": 0.7226074895977809,
  "column_score": 0.5097087378640777,
  "time_ms": 5
}