{
  "sum_of_pairs": 0.8636096413874191,
  "column_score": 0.6358024691358025,
  "time_ms": 3
}