{
  "sum_of_pairs": 0.8268402570728152,
  "column_score": 0.32558139534883723,
  "time_ms": 85
}