{
  "sum_of_pairs": 0.49401709401709404,
  "column_score": 0.4358974358974359,
  "time_ms": 1
}