{
  "sum_of_pairs": 0.7033304948434099,
  "column_score": 0.34686346863468637,
  "time_ms": 46
}