{
  "sum_of_pairs": 0.5030487804878049,
  "column_score": 0.4024390243902439,
  "time_ms": 2
}