{
  "sum_of_pairs": 0.571285140562249,
  "column_score": 0.4819277108433735,
  "time_ms": 2
}