{
  "sum_of_pairs": 0.6420464781120518,
  "column_score": 0.4703656998738966,
  "time_ms": 50
}