{
  "sum_of_pairs": 0.7952887221179904,
  "column_score": 0.5040650406504065,
  "time_ms": 36
}