{
  "sum_of_pairs": 0.5331008953168044,
  "column_score": 0.30113636363636365,
  "time_ms": 73
}