{
  "sum_of_pairs": 0.629399585921325,
  "column_score": 0.4306418219461698,
  "time_ms": 21
}