{
  "sum_of_pairs": 0.705050505050505,
  "column_score": 0.21666666666666667,
  "time_ms": 18
}