{
  "sum_of_pairs": 0.57821108815427,
  "column_score": 0.3380681818181818,
  "time_ms": 45
}