{
  "sum_of_pairs": 0.6532258064516129,
  "column_score": 0.3548387096774194,
  "time_ms": 6
}