{
  "sum_of_pairs": 0.4618004866180049,
  "column_score": 0.10218978102189781,
  "time_ms": 4
}