{
  "sum_of_pairs": 0.5274509803921569,
  "column_score": 0.23529411764705882,
  "time_ms": 10
}