{
  "sum_of_pairs": 0.6951345755693582,
  "column_score": 0.5238095238095238,
  "time_ms": 16
}