{
  "sum_of_pairs": 0.8507139586195412,
  "column_score": 0.5859872611464968,
  "time_ms": 36
}