{
  "sum_of_pairs": 0.45535714285714285,
  "column_score": 0.25595238095238093,
  "time_ms": 2
}