{
  "sum_of_pairs": 0.49324324324324326,
  "column_score": 0.3783783783783784,
  "time_ms": 1
}