{
  "sum_of_pairs": 0.4603658536585366,
  "column_score": 0.3719512195121951,
  "time_ms": 4
}