{
  "sum_of_pairs": 0.7996240601503759,
  "column_score": 0.4144736842105263,
  "time_ms": 23
}