{
  "sum_of_pairs": 0.9256410256410257,
  "column_score": 0.8153846153846154,
  "time_ms": 20
}