{
  "sum_of_pairs": 0.7952020202020202,
  "column_score": 0.5333333333333333,
  "time_ms": 5
}