{
  "sum_of_pairs": 0.5900894187779434,
  "column_score": 0.3401639344262295,
  "time_ms": 50
}