{
  "sum_of_pairs": 0.7204585537918872,
  "column_score": 0.5246913580246914,
  "time_ms": 7
}