{
  "sum_of_pairs": 0.7726369571388022,
  "column_score": 0.4870848708487085,
  "time_ms": 21
}