{
  "sum_of_pairs": 0.665424739195231,
  "column_score": 0.4713114754098361,
  "time_ms": 17
}