{
  "sum_of_pairs": 0.6770688858067498,
  "column_score": 0.42718446601941745,
  "time_ms": 8
}