{
  "sum_of_pairs": 0.6773144040224786,
  "column_score": 0.40372670807453415,
  "time_ms": 7
}