{
  "sum_of_pairs": 0.3255208333333333,
  "column_score": 0.171875,
  "time_ms": 2
}