{
  "sum_of_pairs": 0.6655367231638418,
  "column_score": 0.3559322033898305,
  "time_ms": 18
}