{
  "sum_of_pairs": 0.8626184323858742,
  "column_score": 0.38372093023255816,
  "time_ms": 43
}