{
  "sum_of_pairs": 0.2551440329218107,
  "column_score": 0.07407407407407407,
  "time_ms": 1
}