{
  "sum_of_pairs": 0.40273972602739727,
  "column_score": 0.2191780821917808,
  "time_ms": 15
}