{
  "sum_of_pairs": 0.15919540229885057,
  "column_score": 0.08275862068965517,
  "time_ms": 15
}