{
  "sum_of_pairs": 0.6394207562349156,
  "column_score": 0.35176991150442477,
  "time_ms": 62
}