{
  "sum_of_pairs": 0.8586616635397123,
  "column_score": 0.6341463414634146,
  "time_ms": 38
}