{
  "sum_of_pairs": 0.8621339444868856,
  "column_score": 0.5857142857142857,
  "time_ms": 87
}