{
  "sum_of_pairs": 0.5669864960909737,
  "column_score": 0.2947761194029851,
  "time_ms": 33
}