{
  "sum_of_pairs": 0.8296409472880061,
  "column_score": 0.45714285714285713,
  "time_ms": 132
}