{
  "sum_of_pairs": 0.5330118100738636,
  "column_score": 0.12898410573830807,
  "time_ms": 209
}