{
  "sum_of_pairs": 0.5721942178263664,
  "column_score": 0.1678872290896713,
  "time_ms": 262
}