{
  "sum_of_pairs": 0.5718667381192359,
  "column_score": 0.1678872290896713,
  "time_ms": 122
}