{
  "sum_of_pairs": 0.5588706278971766,
  "column_score": 0.17699115044247787,
  "time_ms": 115
}