{
  "sum_of_pairs": 0.5236128669756989,
  "column_score": 0.10619469026548672,
  "time_ms": 216
}