{
  "sum_of_pairs": 0.6142246925016726,
  "column_score": 0.14960629921259844,
  "time_ms": 28
}