{
  "sum_of_pairs": 0.7774104539775094,
  "column_score": 0.23469387755102042,
  "time_ms": 500
}