{
  "sum_of_pairs": 0.679775461106656,
  "column_score": 0.39069767441860465,
  "time_ms": 265
}