{
  "sum_of_pairs": 0.7851416853094706,
  "column_score": 0.5436241610738255,
  "time_ms": 18
}