{
  "sum_of_pairs": 0.6046008954763008,
  "column_score": 0.14960629921259844,
  "time_ms": 49
}