{
  "sum_of_pairs": 0.5577890153111392,
  "column_score": 0.17699115044247787,
  "time_ms": 618
}