{
  "sum_of_pairs": 0.7717213114754098,
  "column_score": 0.2581967213114754,
  "time_ms": 29
}