{
  "sum_of_pairs": 0.7113010446343779,
  "column_score": 0.5185185185185185,
  "time_ms": 87
}