{
  "sum_of_pairs": 0.6682639324823882,
  "column_score": 0.08641975308641975,
  "time_ms": 1190
}