{
  "sum_of_pairs": 0.7431339031339032,
  "column_score": 0.6296296296296297,
  "time_ms": 96
}