{
  "sum_of_pairs": 0.7042846497764531,
  "column_score": 0.1885245901639344,
  "time_ms": 75
}