{
  "sum_of_pairs": 0.7951114119117034,
  "column_score": 0.2653061224489796,
  "time_ms": 332
}