{
  "sum_of_pairs": 0.7069125902165196,
  "column_score": 0.42790697674418604,
  "time_ms": 149
}