{
  "sum_of_pairs": 0.6679291344074771,
  "column_score": 0.08641975308641975,
  "time_ms": 588
}