{
  "sum_of_pairs": 0.6587941186145193,
  "column_score": 0.13861386138613863,
  "time_ms": 462
}