{
  "sum_of_pairs": 0.663124533929903,
  "column_score": 0.2751677852348993,
  "time_ms": 19
}