{
  "sum_of_pairs": 0.7473955381159885,
  "column_score": 0.044688371762088924,
  "time_ms": 326
}