{
  "sum_of_pairs": 0.918939393939394,
  "column_score": 0.11363636363636363,
  "time_ms": 516
}