{
  "sum_of_pairs": 0.9099439606515078,
  "column_score": 0.034722222222222224,
  "time_ms": 288
}