{
  "sum_of_pairs": 0.8165904292751583,
  "column_score": 0.2767857142857143,
  "time_ms": 97
}