{
  "sum_of_pairs": 0.7591466978375219,
  "column_score": 0.15593220338983052,
  "time_ms": 372
}