{
  "sum_of_pairs": 0.8630836815600558,
  "column_score": 0.2568306010928962,
  "time_ms": 201
}