{
  "sum_of_pairs": 0.9281930955280328,
  "column_score": 0.1527777777777778,
  "time_ms": 1466
}