{
  "sum_of_pairs": 0.6971913925263494,
  "column_score": 0.11386138613861387,
  "time_ms": 166
}