{
  "sum_of_pairs": 0.9385848112263206,
  "column_score": 0.13513513513513514,
  "time_ms": 343
}