{
  "sum_of_pairs": 0.5834306902680025,
  "column_score": 0.1874773120768078,
  "time_ms": 590
}