{
  "sum_of_pairs": 0.5753946035749816,
  "column_score": 0.1771038265519443,
  "time_ms": 626
}