{
  "sum_of_pairs": 0.8089135916833925,
  "column_score": 0.48031496062992124,
  "time_ms": 56
}