{
  "sum_of_pairs": 0.463210232968443,
  "column_score": 0.13496932515337423,
  "time_ms": 195
}