{
  "sum_of_pairs": 0.4757269279393173,
  "column_score": 0.12389380530973451,
  "time_ms": 240
}