{
  "sum_of_pairs": 0.6208524226016937,
  "column_score": 0.09183673469387756,
  "time_ms": 1949
}