{
  "sum_of_pairs": 0.58774217585693,
  "column_score": 0.13524590163934427,
  "time_ms": 88
}