{
  "sum_of_pairs": 0.6993293591654247,
  "column_score": 0.319672131147541,
  "time_ms": 44
}