{
  "sum_of_pairs": 0.8872174738841405,
  "column_score": 0.7160493827160493,
  "time_ms": 63
}