{
  "sum_of_pairs": 0.8104060521846533,
  "column_score": 0.48031496062992124,
  "time_ms": 99
}