{
  "sum_of_pairs": 0.4610048518384859,
  "column_score": 0.15337423312883436,
  "time_ms": 251
}