{
  "sum_of_pairs": 0.8132193732193732,
  "column_score": 0.5555555555555556,
  "time_ms": 161
}