{
  "sum_of_pairs": 0.8164615958240119,
  "column_score": 0.5234899328859061,
  "time_ms": 52
}