{
  "sum_of_pairs": 0.6806259314456036,
  "column_score": 0.2930327868852459,
  "time_ms": 84
}