{
  "sum_of_pairs": 0.46838285416416053,
  "column_score": 0.1411042944785276,
  "time_ms": 84
}