{
  "sum_of_pairs": 0.7808928094092489,
  "column_score": 0.5162790697674419,
  "time_ms": 250
}