{
  "sum_of_pairs": 0.7777920342154504,
  "column_score": 0.5023255813953489,
  "time_ms": 540
}