{
  "sum_of_pairs": 0.6207049146189088,
  "column_score": 0.09183673469387756,
  "time_ms": 1083
}