{
  "sum_of_pairs": 0.848434004474273,
  "column_score": 0.6140939597315436,
  "time_ms": 30
}