{
  "sum_of_pairs": 0.7397454031117398,
  "column_score": 0.15841584158415842,
  "time_ms": 1508
}