{
  "sum_of_pairs": 0.4784660766961652,
  "column_score": 0.12389380530973451,
  "time_ms": 649
}