{
  "sum_of_pairs": 0.8604586129753915,
  "column_score": 0.6140939597315436,
  "time_ms": 14
}