{
  "sum_of_pairs": 0.47262255934822306,
  "column_score": 0.12389380530973451,
  "time_ms": 401
}