{
  "sum_of_pairs": 0.6158718589476607,
  "column_score": 0.09183673469387756,
  "time_ms": 2236
}