{
  "sum_of_pairs": 0.42390965563069294,
  "column_score": 0.08234518160687054,
  "time_ms": 115
}