{
  "sum_of_pairs": 0.5738253306571972,
  "column_score": 0.2677165354330709,
  "time_ms": 33
}