{
  "sum_of_pairs": 0.5777404921700223,
  "column_score": 0.2181208053691275,
  "time_ms": 17
}