{
  "sum_of_pairs": 0.45059699395982583,
  "column_score": 0.1504424778761062,
  "time_ms": 106
}