{
  "sum_of_pairs": 0.3529061102831595,
  "column_score": 0.05327868852459016,
  "time_ms": 39
}