{
  "sum_of_pairs": 0.5153658366464393,
  "column_score": 0.037037037037037035,
  "time_ms": 508
}