{
  "sum_of_pairs": 0.5642448543170275,
  "column_score": 0.30697674418604654,
  "time_ms": 136
}