{
  "sum_of_pairs": 0.24498107200838015,
  "column_score": 0.07770643240437944,
  "time_ms": 26
}