{
  "sum_of_pairs": 0.24650233300544755,
  "column_score": 0.07889778137798649,
  "time_ms": 7
}