{
  "sum_of_pairs": 0.12852086698693185,
  "column_score": 0.02726627615898697,
  "time_ms": 12
}