{
  "sum_of_pairs": 0.5708955223880597,
  "column_score": 0.373134328358209,
  "time_ms": 22
}