{
  "sum_of_pairs": 0.30401493930905693,
  "column_score": 0.19327731092436976,
  "time_ms": 8
}