{
  "sum_of_pairs": 0.17419354838709677,
  "column_score": 0.034274193548387094,
  "time_ms": 26
}