{
  "sum_of_pairs": 0.2966716343765524,
  "column_score": 0.12220566318926974,
  "time_ms": 34
}