{
  "sum_of_pairs": 0.2411290322580645,
  "column_score": 0.08669354838709678,
  "time_ms": 7
}