{
  "sum_of_pairs": 0.5014737539327703,
  "column_score": 0.2727272727272727,
  "time_ms": 22
}