{
  "sum_of_pairs": 0.233467417538214,
  "column_score": 0.05752212389380531,
  "time_ms": 18
}