{
  "sum_of_pairs": 0.2527022158169699,
  "column_score": 0.1223203026481715,
  "time_ms": 27
}