{
  "sum_of_pairs": 0.17204301075268819,
  "column_score": 0.05069124423963134,
  "time_ms": 3
}