{
  "sum_of_pairs": 0.13588709677419356,
  "column_score": 0.05241935483870968,
  "time_ms": 22
}