{
  "sum_of_pairs": 0.14936409346347235,
  "column_score": 0.006211180124223602,
  "time_ms": 8
}