{
  "sum_of_pairs": 0.3656716417910448,
  "column_score": 0.22686567164179106,
  "time_ms": 10
}