{
  "sum_of_pairs": 0.3810344827586207,
  "column_score": 0.2660098522167488,
  "time_ms": 12
}