{
  "sum_of_pairs": 0.26811594202898553,
  "column_score": 0.11594202898550725,
  "time_ms": 24
}