{
  "sum_of_pairs": 0.19365530303030304,
  "column_score": 0.08522727272727272,
  "time_ms": 40
}