{
  "sum_of_pairs": 0.3559670781893004,
  "column_score": 0.19753086419753085,
  "time_ms": 2
}