{
  "sum_of_pairs": 0.19626926196269262,
  "column_score": 0.072992700729927,
  "time_ms": 5
}