{
  "sum_of_pairs": 0.37968624296057923,
  "column_score": 0.19690265486725664,
  "time_ms": 14
}