{
  "sum_of_pairs": 0.2653061224489796,
  "column_score": 0.13664596273291926,
  "time_ms": 12
}