{
  "sum_of_pairs": 0.4271186440677966,
  "column_score": 0.192090395480226,
  "time_ms": 14
}