{
  "sum_of_pairs": 0.587192118226601,
  "column_score": 0.49507389162561577,
  "time_ms": 7
}