{
  "sum_of_pairs": 0.2197352587244284,
  "column_score": 0.11552346570397112,
  "time_ms": 10
}