{
  "sum_of_pairs": 0.6788419344173605,
  "column_score": 0.05555555555555555,
  "time_ms": 3800
}