{
  "sum_of_pairs": 0.6648134044173648,
  "column_score": 0.0891089108910891,
  "time_ms": 1331
}