{
  "sum_of_pairs": 0.5404551672677528,
  "column_score": 0.09411764705882353,
  "time_ms": 281
}