{
  "sum_of_pairs": 0.5033757092580622,
  "column_score": 0.14479638009049775,
  "time_ms": 458
}