{
  "sum_of_pairs": 0.4986038859084504,
  "column_score": 0.06889930194726396,
  "time_ms": 661
}