{
  "sum_of_pairs": 0.6948324336482231,
  "column_score": 0.13450292397660818,
  "time_ms": 416
}