{
  "sum_of_pairs": 0.7009615384615384,
  "column_score": 0.2376237623762376,
  "time_ms": 473
}