{
  "sum_of_pairs": 0.7782533256217466,
  "column_score": 0.06882591093117409,
  "time_ms": 566
}