{
  "sum_of_pairs": 0.6232004876682538,
  "column_score": 0.07692307692307693,
  "time_ms": 2381
}