{
  "sum_of_pairs": 0.5701683221316838,
  "column_score": 0.06956521739130435,
  "time_ms": 1688
}