{
  "sum_of_pairs": 0.38750376183531265,
  "column_score": 0.16883116883116883,
  "time_ms": 66
}