{
  "sum_of_pairs": 0.49093877175637457,
  "column_score": 0.09565217391304348,
  "time_ms": 368
}