{
  "sum_of_pairs": 0.8120059511286105,
  "column_score": 0.5555555555555556,
  "time_ms": 2381
}