{
  "sum_of_pairs": 0.8278433894872251,
  "column_score": 0.1917808219178082,
  "time_ms": 970
}