{
  "sum_of_pairs": 0.8334469088181721,
  "column_score": 0.15300546448087432,
  "time_ms": 156
}