{
  "sum_of_pairs": 0.717341571345078,
  "column_score": 0.10847457627118644,
  "time_ms": 370
}