{
  "sum_of_pairs": 0.9189214608888493,
  "column_score": 0.20833333333333334,
  "time_ms": 1255
}