{
  "sum_of_pairs": 0.781975721323012,
  "column_score": 0.07142857142857142,
  "time_ms": 72
}