{
  "sum_of_pairs": 0.8944017700592802,
  "column_score": 0.0423728813559322,
  "time_ms": 84
}