{
  "sum_of_pairs": 0.9159203142536476,
  "column_score": 0.11666666666666667,
  "time_ms": 614
}