{
  "sum_of_pairs": 0.7681787360577002,
  "column_score": 0.08349764963933755,
  "time_ms": 1622
}