{
  "sum_of_pairs": 0.7800698951218039,
  "column_score": 0.09596105761462448,
  "time_ms": 548
}