{
  "sum_of_pairs": 0.5868004992718951,
  "column_score": 0.03289473684210526,
  "time_ms": 223
}