{
  "sum_of_pairs": 0.9240418118466899,
  "column_score": 0.17142857142857143,
  "time_ms": 57
}