{
  "sum_of_pairs": 0.9071117561683599,
  "column_score": 0.183206106870229,
  "time_ms": 1361
}