{
  "sum_of_pairs": 0.7990340839178048,
  "column_score": 0.45348837209302323,
  "time_ms": 349
}