{
  "sum_of_pairs": 0.6164314936962512,
  "column_score": 0.09523809523809523,
  "time_ms": 765
}