{
  "sum_of_pairs": 0.8020789847207147,
  "column_score": 0.18983050847457628,
  "time_ms": 2303
}