{
  "sum_of_pairs": 0.9621573257298999,
  "column_score": 0.4675925925925926,
  "time_ms": 2505
}