{
  "sum_of_pairs": 0.9616301345451306,
  "column_score": 0.4537037037037037,
  "time_ms": 3400
}