{
  "sum_of_pairs": 0.7255170073458959,
  "column_score": 0.0297029702970297,
  "time_ms": 1245
}