{
  "sum_of_pairs": 0.7667748917748918,
  "column_score": 0.36363636363636365,
  "time_ms": 14
}