{
  "sum_of_pairs": 0.9628779723119346,
  "column_score": 0.28378378378378377,
  "time_ms": 428
}