{
  "sum_of_pairs": 0.5678437695028085,
  "column_score": 0.03289473684210526,
  "time_ms": 158
}