{
  "sum_of_pairs": 0.6528306305251449,
  "column_score": 0.024193548387096774,
  "time_ms": 1133
}