{
  "sum_of_pairs": 0.9179405162738496,
  "column_score": 0.10416666666666667,
  "time_ms": 3588
}