{
  "sum_of_pairs": 0.7367654104120089,
  "column_score": 0.0297029702970297,
  "time_ms": 408
}