{
  "sum_of_pairs": 0.6574312589036552,
  "column_score": 0.056451612903225805,
  "time_ms": 586
}