{
  "sum_of_pairs": 0.6595437425599594,
  "column_score": 0.056451612903225805,
  "time_ms": 1992
}