{
  "sum_of_pairs": 0.7311062759501756,
  "column_score": 0.0297029702970297,
  "time_ms": 689
}