{
  "sum_of_pairs": 0.7607142857142857,
  "column_score": 0.3181818181818182,
  "time_ms": 41
}