{
  "sum_of_pairs": 0.7661498708010336,
  "column_score": 0.43023255813953487,
  "time_ms": 918
}