{
  "sum_of_pairs": 0.7917874396135266,
  "column_score": 0.4057971014492754,
  "time_ms": 46
}