{
  "sum_of_pairs": 0.6239946007625727,
  "column_score": 0.13095238095238096,
  "time_ms": 386
}