{
  "sum_of_pairs": 0.9266161616161617,
  "column_score": 0.10416666666666667,
  "time_ms": 2384
}