{
  "sum_of_pairs": 0.9584254065386141,
  "column_score": 0.23648648648648649,
  "time_ms": 873
}