{
  "sum_of_pairs": 0.7870000834933623,
  "column_score": 0.17966101694915254,
  "time_ms": 1318
}