{
  "sum_of_pairs": 0.6533223049352082,
  "column_score": 0.05128205128205128,
  "time_ms": 169
}