{
  "sum_of_pairs": 0.8508646737383478,
  "column_score": 0.2677595628415301,
  "time_ms": 486
}