{
  "sum_of_pairs": 0.6562172594430659,
  "column_score": 0.10256410256410256,
  "time_ms": 220
}