{
  "sum_of_pairs": 0.7814009661835749,
  "column_score": 0.38405797101449274,
  "time_ms": 52
}