{
  "sum_of_pairs": 0.9605123991916444,
  "column_score": 0.24324324324324326,
  "time_ms": 1449
}