{
  "sum_of_pairs": 0.907372118015932,
  "column_score": 0.19083969465648856,
  "time_ms": 4373
}