{
  "sum_of_pairs": 0.9059484372749532,
  "column_score": 0.183206106870229,
  "time_ms": 2543
}