{
  "sum_of_pairs": 0.8544605164470159,
  "column_score": 0.2677595628415301,
  "time_ms": 268
}