{
  "sum_of_pairs": 0.8617507768134576,
  "column_score": 0.273224043715847,
  "time_ms": 915
}