{
  "sum_of_pairs": 0.7902980713033314,
  "column_score": 0.18983050847457628,
  "time_ms": 741
}