{
  "sum_of_pairs": 0.798792270531401,
  "column_score": 0.43478260869565216,
  "time_ms": 21
}