{
  "sum_of_pairs": 0.6637992831541218,
  "column_score": 0.10256410256410256,
  "time_ms": 61
}