{
  "sum_of_pairs": 0.6027523491338378,
  "column_score": 0.009550931667508766,
  "time_ms": 638
}