{
  "sum_of_pairs": 0.8583996653697269,
  "column_score": 0.24074074074074073,
  "time_ms": 2000
}