{
  "sum_of_pairs": 0.023768680096673954,
  "column_score": 0.0002658160552897395,
  "time_ms": 6
}