{
  "sum_of_pairs": 0.3475637757166461,
  "column_score": 0.15020031623069138,
  "time_ms": 13
}