{
  "sum_of_pairs": 0.4815477373616909,
  "column_score": 0.22093023255813954,
  "time_ms": 35
}