{
  "sum_of_pairs": 0.4866049879324216,
  "column_score": 0.21238938053097345,
  "time_ms": 26
}