{
  "sum_of_pairs": 0.36251920122887865,
  "column_score": 0.19815668202764977,
  "time_ms": 3
}