{
  "sum_of_pairs": 0.6285529715762274,
  "column_score": 0.4186046511627907,
  "time_ms": 2
}