{
  "sum_of_pairs": 0.2842354333037563,
  "column_score": 0.16149068322981366,
  "time_ms": 11
}