{
  "sum_of_pairs": 0.5229961549837326,
  "column_score": 0.37267080745341613,
  "time_ms": 21
}