{
  "sum_of_pairs": 0.21451612903225806,
  "column_score": 0.06653225806451613,
  "time_ms": 12
}