{
  "sum_of_pairs": 0.6196741854636592,
  "column_score": 0.28289473684210525,
  "time_ms": 15
}