{
  "sum_of_pairs": 0.4130718954248366,
  "column_score": 0.2689075630252101,
  "time_ms": 16
}