{
  "sum_of_pairs": 0.2261904761904762,
  "column_score": 0.1130952380952381,
  "time_ms": 3
}