{
  "sum_of_pairs": 0.6067796610169491,
  "column_score": 0.2824858757062147,
  "time_ms": 16
}