{
  "sum_of_pairs": 0.3747417355371901,
  "column_score": 0.13352272727272727,
  "time_ms": 52
}