{
  "sum_of_pairs": 0.2815040650406504,
  "column_score": 0.2073170731707317,
  "time_ms": 4
}