{
  "sum_of_pairs": 0.5819140308191403,
  "column_score": 0.291970802919708,
  "time_ms": 6
}