{
  "sum_of_pairs": 0.0707070707070707,
  "column_score": 0.020202020202020204,
  "time_ms": 2
}