{
  "sum_of_pairs": 0.03226914221243574,
  "column_score": 0.0011695906432748538,
  "time_ms": 8
}