{
  "sum_of_pairs": 0.061252377522710975,
  "column_score": 0.0049800685939770115,
  "time_ms": 3
}