{
  "sum_of_pairs": 0.13783068783068783,
  "column_score": 0.044444444444444446,
  "time_ms": 21
}