{
  "sum_of_pairs": 0.3433572185521506,
  "column_score": 0.1348901733638709,
  "time_ms": 62
}