{
  "sum_of_pairs": 0.42433795712484235,
  "column_score": 0.23076923076923078,
  "time_ms": 136
}