{
  "sum_of_pairs": 0.6001984126984127,
  "column_score": 0.42857142857142855,
  "time_ms": 2
}