{
  "sum_of_pairs": 0.3299145299145299,
  "column_score": 0.2564102564102564,
  "time_ms": 1
}