{
  "sum_of_pairs": 0.5568475452196382,
  "column_score": 0.20930232558139536,
  "time_ms": 10
}