{
  "sum_of_pairs": 0.3095890410958904,
  "column_score": 0.1095890410958904,
  "time_ms": 21
}