{
  "sum_of_pairs": 0.1935483870967742,
  "column_score": 0.05069124423963134,
  "time_ms": 2
}