{
  "sum_of_pairs": 0.39156626506024095,
  "column_score": 0.2710843373493976,
  "time_ms": 2
}