{
  "sum_of_pairs": 0.4553933495539335,
  "column_score": 0.15328467153284672,
  "time_ms": 25
}