{
  "sum_of_pairs": 0.5717225161669606,
  "column_score": 0.38271604938271603,
  "time_ms": 5
}