{
  "sum_of_pairs": 0.46223776223776225,
  "column_score": 0.07179487179487179,
  "time_ms": 91
}