{
  "sum_of_pairs": 0.35630885122410544,
  "column_score": 0.10734463276836158,
  "time_ms": 54
}