{
  "sum_of_pairs": 0.22586206896551725,
  "column_score": 0.11724137931034483,
  "time_ms": 31
}