{
  "sum_of_pairs": 0.444980694980695,
  "column_score": 0.21621621621621623,
  "time_ms": 1
}