{
  "sum_of_pairs": 0.3386707988980716,
  "column_score": 0.028409090909090908,
  "time_ms": 217
}