{
  "sum_of_pairs": 0.492798353909465,
  "column_score": 0.14814814814814814,
  "time_ms": 1
}