{
  "sum_of_pairs": 0.3181818181818182,
  "column_score": 0.09836065573770492,
  "time_ms": 104
}