{
  "sum_of_pairs": 0.39410092395167023,
  "column_score": 0.208955223880597,
  "time_ms": 56
}