{
  "sum_of_pairs": 0.41472431077694233,
  "column_score": 0.1513157894736842,
  "time_ms": 57
}