{
  "sum_of_pairs": 0.6972636815920398,
  "column_score": 0.5850746268656717,
  "time_ms": 59
}