{
  "sum_of_pairs": 0.2919254658385093,
  "column_score": 0.08695652173913043,
  "time_ms": 18
}