{
  "sum_of_pairs": 0.21014492753623187,
  "column_score": 0.11594202898550725,
  "time_ms": 7
}