{
  "sum_of_pairs": 0.3505184331797235,
  "column_score": 0.12096774193548387,
  "time_ms": 19
}