{
  "sum_of_pairs": 0.4940886699507389,
  "column_score": 0.312807881773399,
  "time_ms": 51
}