{
  "sum_of_pairs": 0.2218487394957983,
  "column_score": 0.058823529411764705,
  "time_ms": 33
}