{
  "sum_of_pairs": 0.4627450980392157,
  "column_score": 0.19607843137254902,
  "time_ms": 2
}