{
  "sum_of_pairs": 0.38165259148865704,
  "column_score": 0.043219076005961254,
  "time_ms": 163
}