{
  "sum_of_pairs": 0.2920756234915527,
  "column_score": 0.017699115044247787,
  "time_ms": 143
}