{
  "sum_of_pairs": 0.4392191659272405,
  "column_score": 0.2153209109730849,
  "time_ms": 88
}