{
  "sum_of_pairs": 0.3861788617886179,
  "column_score": 0.3170731707317073,
  "time_ms": 15
}