{
  "sum_of_pairs": 0.48752813094538416,
  "column_score": 0.012535605807619036,
  "time_ms": 557
}