{
  "sum_of_pairs": 0.7726392715029079,
  "column_score": 0.1856060606060606,
  "time_ms": 937
}