{
  "sum_of_pairs": 0.6761292477248059,
  "column_score": 0.11864406779661017,
  "time_ms": 150
}