{
  "sum_of_pairs": 0.6550135040701078,
  "column_score": 0.033783783783783786,
  "time_ms": 473
}