{
  "sum_of_pairs": 0.428987594919164,
  "column_score": 0.05092592592592592,
  "time_ms": 2190
}