{
  "sum_of_pairs": 0.3685998723943974,
  "column_score": 0.06744073554595867,
  "time_ms": 170
}