{
  "sum_of_pairs": 0.8822964288080567,
  "column_score": 0.6511627906976745,
  "time_ms": 205
}