{
  "sum_of_pairs": 0.18510396361273554,
  "column_score": 0.027777777777777776,
  "time_ms": 113
}