{
  "sum_of_pairs": 0.5223657252538938,
  "column_score": 0.03813570443817402,
  "time_ms": 723
}