{
  "sum_of_pairs": 0.39705882352941174,
  "column_score": 0.06818181818181818,
  "time_ms": 25
}