{
  "sum_of_pairs": 0.7976945569050832,
  "column_score": 0.2807017543859649,
  "time_ms": 488
}