{
  "sum_of_pairs": 0.5428357089272318,
  "column_score": 0.06201550387596899,
  "time_ms": 142
}