{
  "sum_of_pairs": 0.8133447145381949,
  "column_score": 0.13262140783750367,
  "time_ms": 409
}