{
  "sum_of_pairs": 0.8048701079689,
  "column_score": 0.11364048353070293,
  "time_ms": 722
}