{
  "sum_of_pairs": 0.9087348630053512,
  "column_score": 0.22900763358778625,
  "time_ms": 1939
}