{
  "sum_of_pairs": 0.9510814787937429,
  "column_score": 0.4236111111111111,
  "time_ms": 631
}