{
  "sum_of_pairs": 0.9098815630574236,
  "column_score": 0.22900763358778625,
  "time_ms": 868
}