{
  "sum_of_pairs": 0.8979749276759884,
  "column_score": 0.3224043715846995,
  "time_ms": 227
}