{
  "sum_of_pairs": 0.8833787825475018,
  "column_score": 0.3482142857142857,
  "time_ms": 120
}