{
  "sum_of_pairs": 0.6814937861449489,
  "column_score": 0.18604651162790697,
  "time_ms": 275
}