{
  "sum_of_pairs": 0.7719278984350048,
  "column_score": 0.034653465346534656,
  "time_ms": 423
}