{
  "sum_of_pairs": 0.8322534858478751,
  "column_score": 0.3016949152542373,
  "time_ms": 542
}