{
  "sum_of_pairs": 0.951262583338055,
  "column_score": 0.20270270270270271,
  "time_ms": 751
}