{
  "sum_of_pairs": 0.8891031822565092,
  "column_score": 0.3114754098360656,
  "time_ms": 560
}