{
  "sum_of_pairs": 0.8787258912916424,
  "column_score": 0.06779661016949153,
  "time_ms": 239
}