{
  "sum_of_pairs": 0.9684291682754661,
  "column_score": 0.4675925925925926,
  "time_ms": 2448
}