{
  "sum_of_pairs": 0.7174380476267269,
  "column_score": 0.16037735849056603,
  "time_ms": 121
}