{
  "sum_of_pairs": 0.6722943722943723,
  "column_score": 0.2727272727272727,
  "time_ms": 68
}