{
  "sum_of_pairs": 0.9274693532478512,
  "column_score": 0.17880794701986755,
  "time_ms": 548
}