{
  "sum_of_pairs": 0.95152699869681,
  "column_score": 0.20945945945945946,
  "time_ms": 406
}