{
  "sum_of_pairs": 0.9394819406183043,
  "column_score": 0.3446969696969697,
  "time_ms": 1072
}