{
  "sum_of_pairs": 0.7979468599033817,
  "column_score": 0.3695652173913043,
  "time_ms": 38
}