{
  "sum_of_pairs": 0.9435409652076319,
  "column_score": 0.17083333333333334,
  "time_ms": 825
}