{
  "sum_of_pairs": 0.963196460248347,
  "column_score": 0.5902777777777778,
  "time_ms": 368
}