{
  "sum_of_pairs": 0.9708101913728752,
  "column_score": 0.5648148148148148,
  "time_ms": 1970
}