{
  "sum_of_pairs": 0.6872529644268774,
  "column_score": 0.20394736842105263,
  "time_ms": 115
}