{
  "sum_of_pairs": 0.9218742661218355,
  "column_score": 0.152317880794702,
  "time_ms": 1002
}