{
  "sum_of_pairs": 0.7811402107952731,
  "column_score": 0.034653465346534656,
  "time_ms": 247
}