{
  "sum_of_pairs": 0.8777709359605911,
  "column_score": 0.33035714285714285,
  "time_ms": 211
}