{
  "sum_of_pairs": 0.6896148640334687,
  "column_score": 0.18604651162790697,
  "time_ms": 147
}