{
  "sum_of_pairs": 0.8221014492753623,
  "column_score": 0.463768115942029,
  "time_ms": 22
}