{
  "sum_of_pairs": 0.9679796198314717,
  "column_score": 0.3492063492063492,
  "time_ms": 1396
}