{
  "sum_of_pairs": 0.7154491211094984,
  "column_score": 0.11320754716981132,
  "time_ms": 229
}