{
  "sum_of_pairs": 0.762821263392073,
  "column_score": 0.016129032258064516,
  "time_ms": 491
}