{
  "sum_of_pairs": 0.9507053697222916,
  "column_score": 0.17647058823529413,
  "time_ms": 1153
}