{
  "sum_of_pairs": 0.9437710437710438,
  "column_score": 0.3787878787878788,
  "time_ms": 621
}