{
  "sum_of_pairs": 0.9271907821569018,
  "column_score": 0.48651055191695575,
  "time_ms": 14676
}