{
  "sum_of_pairs": 0.9525888163135255,
  "column_score": 0.2753623188405797,
  "time_ms": 20632
}