{
  "sum_of_pairs": 0.9565446868402533,
  "column_score": 0.7767857142857143,
  "time_ms": 17789
}