{
  "sum_of_pairs": 0.9635038913727438,
  "column_score": 0.15151515151515152,
  "time_ms": 260
}