{
  "sum_of_pairs": 0.8583708994399235,
  "column_score": 0.3629032258064516,
  "time_ms": 389
}