{
  "sum_of_pairs": 0.9845505883241732,
  "column_score": 0.7972972972972973,
  "time_ms": 419
}