{
  "sum_of_pairs": 0.8319894640649358,
  "column_score": 0.5094339622641509,
  "time_ms": 6148
}