{
  "sum_of_pairs": 0.9535714285714286,
  "column_score": 0.6590909090909091,
  "time_ms": 1936
}