{
  "sum_of_pairs": 0.9910526003148297,
  "column_score": 0.7777777777777778,
  "time_ms": 39503
}