{
  "sum_of_pairs": 0.933756038647343,
  "column_score": 0.7681159420289855,
  "time_ms": 254
}