{
  "sum_of_pairs": 0.9536057346081831,
  "column_score": 0.5114503816793893,
  "time_ms": 25624
}