{
  "sum_of_pairs": 0.9200968523002422,
  "column_score": 0.559322033898305,
  "time_ms": 16314
}