{
  "sum_of_pairs": 0.8196305486628067,
  "column_score": 0.1794871794871795,
  "time_ms": 235
}