{
  "sum_of_pairs": 0.8878480963253518,
  "column_score": 0.5483870967741935,
  "time_ms": 11415
}