{
  "sum_of_pairs": 0.9710264900662252,
  "column_score": 0.6688741721854304,
  "time_ms": 842
}