{
  "sum_of_pairs": 0.5538073326215809,
  "column_score": 0.10665761923386895,
  "time_ms": 1636
}