{
  "sum_of_pairs": 0.5504161647052835,
  "column_score": 0.09301638044209207,
  "time_ms": 669
}