{
  "sum_of_pairs": 0.5325850465932905,
  "column_score": 0.06983059888542992,
  "time_ms": 1208
}