{
  "sum_of_pairs": 0.7170918586525598,
  "column_score": 0.0970873786407767,
  "time_ms": 2680
}