{
  "sum_of_pairs": 0.4722222222222222,
  "column_score": 0.09090909090909091,
  "time_ms": 17
}