{
  "sum_of_pairs": 0.24571428571428572,
  "column_score": 0.06666666666666667,
  "time_ms": 61
}