{
  "sum_of_pairs": 0.471862723742423,
  "column_score": 0.06593406593406594,
  "time_ms": 769
}