{
  "sum_of_pairs": 0.804674777277517,
  "column_score": 0.08904109589041095,
  "time_ms": 2616
}