{
  "sum_of_pairs": 0.8013385111129472,
  "column_score": 0.06072874493927125,
  "time_ms": 1577
}