{
  "sum_of_pairs": 0.6588689179375454,
  "column_score": 0.16176470588235295,
  "time_ms": 1498
}