{
  "sum_of_pairs": 0.7278285444257607,
  "column_score": 0.17475728155339806,
  "time_ms": 2204
}