{
  "sum_of_pairs": 0.7644578695493907,
  "column_score": 0.39285714285714285,
  "time_ms": 1880
}