{
  "sum_of_pairs": 0.7560680138525709,
  "column_score": 0.32936507936507936,
  "time_ms": 3688
}