{
  "sum_of_pairs": 0.7925142526646286,
  "column_score": 0.03643724696356275,
  "time_ms": 1123
}