{
  "sum_of_pairs": 0.28634920634920635,
  "column_score": 0.0761904761904762,
  "time_ms": 110
}