{
  "sum_of_pairs": 0.46704176044011003,
  "column_score": 0.027131782945736434,
  "time_ms": 795
}