{
  "sum_of_pairs": 0.6171083818142642,
  "column_score": 0.2986425339366516,
  "time_ms": 199
}