{
  "sum_of_pairs": 0.4953768036474803,
  "column_score": 0.07692307692307693,
  "time_ms": 455
}