{
  "sum_of_pairs": 0.4411764705882353,
  "column_score": 0.09090909090909091,
  "time_ms": 35
}