{
  "sum_of_pairs": 0.6098613804496158,
  "column_score": 0.26244343891402716,
  "time_ms": 368
}