{
  "sum_of_pairs": 0.5514726507713885,
  "column_score": 0.17391304347826086,
  "time_ms": 778
}