{
  "sum_of_pairs": 0.5762218629523691,
  "column_score": 0.1411764705882353,
  "time_ms": 220
}