{
  "sum_of_pairs": 0.5743191145379928,
  "column_score": 0.1411764705882353,
  "time_ms": 93
}