{
  "sum_of_pairs": 0.5737888855677925,
  "column_score": 0.20869565217391303,
  "time_ms": 1086
}