{
  "sum_of_pairs": 0.7357174988753936,
  "column_score": 0.16374269005847952,
  "time_ms": 1156
}