{
  "sum_of_pairs": 0.5752235991998712,
  "column_score": 0.20869565217391303,
  "time_ms": 2526
}