{
  "sum_of_pairs": 0.8052251507890605,
  "column_score": 0.06072874493927125,
  "time_ms": 612
}