{
  "sum_of_pairs": 0.7026315789473684,
  "column_score": 0.13636363636363635,
  "time_ms": 32
}