{
  "sum_of_pairs": 0.7993100944081336,
  "column_score": 0.5294117647058824,
  "time_ms": 4016
}