{
  "sum_of_pairs": 0.7632339140860075,
  "column_score": 0.39285714285714285,
  "time_ms": 3688
}