{
  "sum_of_pairs": 0.6672340232389252,
  "column_score": 0.20588235294117646,
  "time_ms": 854
}