{
  "sum_of_pairs": 0.5731738849385908,
  "column_score": 0.10407239819004525,
  "time_ms": 1010
}