{
  "sum_of_pairs": 0.4246880570409982,
  "column_score": 0.09090909090909091,
  "time_ms": 28
}