{
  "sum_of_pairs": 0.1325415272860894,
  "column_score": 0.013962231467727251,
  "time_ms": 7
}