{
  "sum_of_pairs": 0.2281786941580756,
  "column_score": 0.07216494845360824,
  "time_ms": 12
}