{
  "sum_of_pairs": 0.1740072202166065,
  "column_score": 0.007220216606498195,
  "time_ms": 11
}