{
  "sum_of_pairs": 0.48338342533331585,
  "column_score": 0.23618662219531436,
  "time_ms": 39
}