{
  "sum_of_pairs": 0.48338342533331585,
  "column_score": 0.2361866221953144,
  "time_ms": 32
}