{
  "sum_of_pairs": 0.6644257703081232,
  "column_score": 0.12857142857142856,
  "time_ms": 228
}