{
  "sum_of_pairs": 0.2030241935483871,
  "column_score": 0.04838709677419355,
  "time_ms": 52
}