{
  "sum_of_pairs": 0.5640089418777944,
  "column_score": 0.3319672131147541,
  "time_ms": 58
}