{
  "sum_of_pairs": 0.5624940864793263,
  "column_score": 0.1881918819188192,
  "time_ms": 48
}