{
  "sum_of_pairs": 0.7787769035427334,
  "column_score": 0.3503184713375796,
  "time_ms": 100
}