{
  "sum_of_pairs": 0.7191919191919192,
  "column_score": 0.5409836065573771,
  "time_ms": 81
}