{
  "sum_of_pairs": 0.6174175382139984,
  "column_score": 0.3075221238938053,
  "time_ms": 81
}