{
  "sum_of_pairs": 0.6640308191403081,
  "column_score": 0.36496350364963503,
  "time_ms": 12
}