{
  "sum_of_pairs": 0.9200466200466201,
  "column_score": 0.7589743589743589,
  "time_ms": 40
}