{
  "sum_of_pairs": 0.7542288557213931,
  "column_score": 0.6791044776119403,
  "time_ms": 20
}