{
  "sum_of_pairs": 0.37327188940092165,
  "column_score": 0.2995391705069124,
  "time_ms": 6
}