{
  "sum_of_pairs": 0.7682266009852217,
  "column_score": 0.6477832512315271,
  "time_ms": 22
}