{
  "sum_of_pairs": 0.4493801652892562,
  "column_score": 0.20454545454545456,
  "time_ms": 145
}