{
  "sum_of_pairs": 0.3382936507936508,
  "column_score": 0.023809523809523808,
  "time_ms": 5
}