{
  "sum_of_pairs": 0.4821299915737417,
  "column_score": 0.02149111843880771,
  "time_ms": 804
}