{
  "sum_of_pairs": 0.383008658008658,
  "column_score": 0.13636363636363635,
  "time_ms": 39
}