{
  "sum_of_pairs": 0.694064889788574,
  "column_score": 0.011695906432748537,
  "time_ms": 522
}