{
  "sum_of_pairs": 0.5381178627990331,
  "column_score": 0.08914728682170543,
  "time_ms": 163
}