{
  "sum_of_pairs": 0.7335984958539135,
  "column_score": 0.06746031746031746,
  "time_ms": 2436
}