{
  "sum_of_pairs": 0.6252991788690732,
  "column_score": 0.1262135922330097,
  "time_ms": 2799
}