{
  "sum_of_pairs": 0.5491217086041092,
  "column_score": 0.08365642128627093,
  "time_ms": 1116
}