{
  "sum_of_pairs": 0.5813559990638205,
  "column_score": 0.12730477066584378,
  "time_ms": 1480
}