{
  "sum_of_pairs": 0.5843109672270204,
  "column_score": 0.12570135939643853,
  "time_ms": 604
}