{
  "sum_of_pairs": 0.817172601834256,
  "column_score": 0.10121457489878542,
  "time_ms": 538
}