{
  "sum_of_pairs": 0.8140758489630671,
  "column_score": 0.10121457489878542,
  "time_ms": 1289
}