{
  "sum_of_pairs": 0.7578441295546559,
  "column_score": 0.17543859649122806,
  "time_ms": 727
}