{
  "sum_of_pairs": 0.8014338731443995,
  "column_score": 0.3567251461988304,
  "time_ms": 1676
}