{
  "sum_of_pairs": 0.7916567057136027,
  "column_score": 0.010638297872340425,
  "time_ms": 1579
}