{
  "sum_of_pairs": 0.6625301849759115,
  "column_score": 0.10434782608695652,
  "time_ms": 2705
}