{
  "sum_of_pairs": 0.4992664832874885,
  "column_score": 0.12015503875968993,
  "time_ms": 116
}