{
  "sum_of_pairs": 0.7717173173934924,
  "column_score": 0.14563106796116504,
  "time_ms": 4746
}