{
  "sum_of_pairs": 0.5475740390674229,
  "column_score": 0.2391304347826087,
  "time_ms": 10
}