{
  "sum_of_pairs": 0.5613146252243997,
  "column_score": 0.01098901098901099,
  "time_ms": 383
}