{
  "sum_of_pairs": 0.49646578311244477,
  "column_score": 0.11627906976744186,
  "time_ms": 347
}