{
  "sum_of_pairs": 0.8027037319116527,
  "column_score": 0.42574257425742573,
  "time_ms": 427
}