{
  "sum_of_pairs": 0.4925571834890891,
  "column_score": 0.10465116279069768,
  "time_ms": 2334
}