{
  "sum_of_pairs": 0.5474816565103843,
  "column_score": 0.15294117647058825,
  "time_ms": 201
}