{
  "sum_of_pairs": 0.7744496120661553,
  "column_score": 0.010638297872340425,
  "time_ms": 3023
}