{
  "sum_of_pairs": 0.7698257806549885,
  "column_score": 0.3069306930693069,
  "time_ms": 794
}