{
  "sum_of_pairs": 0.44973743435858965,
  "column_score": 0.08527131782945736,
  "time_ms": 215
}