{
  "sum_of_pairs": 0.5909272756535534,
  "column_score": 0.16521739130434782,
  "time_ms": 387
}