{
  "sum_of_pairs": 0.7917246213026753,
  "column_score": 0.010638297872340425,
  "time_ms": 3912
}