{
  "sum_of_pairs": 0.5914606948244545,
  "column_score": 0.16521739130434782,
  "time_ms": 693
}