{
  "sum_of_pairs": 0.5555121570159164,
  "column_score": 0.02197802197802198,
  "time_ms": 1109
}