{
  "sum_of_pairs": 0.5744418642080334,
  "column_score": 0.14782608695652175,
  "time_ms": 699
}