{
  "sum_of_pairs": 0.5186273572504123,
  "column_score": 0.13953488372093023,
  "time_ms": 3087
}