{
  "sum_of_pairs": 0.6660460978302057,
  "column_score": 0.18681318681318682,
  "time_ms": 10064
}