{
  "sum_of_pairs": 0.6597572362278245,
  "column_score": 0.25339366515837103,
  "time_ms": 191
}