{
  "sum_of_pairs": 0.678160946886338,
  "column_score": 0.12173913043478261,
  "time_ms": 3432
}