{
  "sum_of_pairs": 0.8027846534653466,
  "column_score": 0.4158415841584158,
  "time_ms": 2045
}