{
  "sum_of_pairs": 0.6589169000933707,
  "column_score": 0.24434389140271492,
  "time_ms": 1001
}