{
  "sum_of_pairs": 0.5193037596500872,
  "column_score": 0.13953488372093023,
  "time_ms": 1230
}