{
  "sum_of_pairs": 0.4839224946176818,
  "column_score": 0.09090909090909091,
  "time_ms": 67
}