{
  "sum_of_pairs": 0.7409814686797644,
  "column_score": 0.24206349206349206,
  "time_ms": 1687
}