{
  "sum_of_pairs": 0.7870412294472445,
  "column_score": 0.04048582995951417,
  "time_ms": 1044
}