{
  "sum_of_pairs": 0.7424881055018041,
  "column_score": 0.03424657534246575,
  "time_ms": 919
}