{
  "sum_of_pairs": 0.723190504829821,
  "column_score": 0.11650485436893204,
  "time_ms": 3293
}