{
  "sum_of_pairs": 0.7253096624020251,
  "column_score": 0.1984126984126984,
  "time_ms": 3084
}