{
  "sum_of_pairs": 0.4544297057666042,
  "column_score": 0.09090909090909091,
  "time_ms": 131
}