{
  "sum_of_pairs": 0.43643667296786387,
  "column_score": 0.06521739130434782,
  "time_ms": 16
}