{
  "sum_of_pairs": 0.7622080321087967,
  "column_score": 0.14563106796116504,
  "time_ms": 1971
}