{
  "sum_of_pairs": 0.7409029885886608,
  "column_score": 0.24206349206349206,
  "time_ms": 3372
}