{
  "sum_of_pairs": 0.4965622612681436,
  "column_score": 0.19480519480519481,
  "time_ms": 178
}