{
  "sum_of_pairs": 0.5871515308769232,
  "column_score": 0.3173666244591653,
  "time_ms": 22
}