{
  "sum_of_pairs": 0.5067650676506765,
  "column_score": 0.12177121771217712,
  "time_ms": 36
}