{
  "sum_of_pairs": 0.7954802259887006,
  "column_score": 0.6497175141242938,
  "time_ms": 23
}