{
  "sum_of_pairs": 0.49838187702265374,
  "column_score": 0.15048543689320387,
  "time_ms": 10
}