{
  "sum_of_pairs": 0.744110275689223,
  "column_score": 0.5460526315789473,
  "time_ms": 24
}