{
  "sum_of_pairs": 0.2132183908045977,
  "column_score": 0.06896551724137931,
  "time_ms": 7
}