{
  "sum_of_pairs": 0.6384553499597747,
  "column_score": 0.35398230088495575,
  "time_ms": 46
}