{
  "sum_of_pairs": 0.5918778801843319,
  "column_score": 0.22580645161290322,
  "time_ms": 10
}