{
  "sum_of_pairs": 0.6034188034188034,
  "column_score": 0.3333333333333333,
  "time_ms": 1
}