{
  "sum_of_pairs": 0.6729517894114168,
  "column_score": 0.4865424430641822,
  "time_ms": 32
}