{
  "sum_of_pairs": 0.7327731092436974,
  "column_score": 0.5126050420168067,
  "time_ms": 23
}