{
  "sum_of_pairs": 0.7879355563881604,
  "column_score": 0.43312101910828027,
  "time_ms": 38
}