{
  "sum_of_pairs": 0.4888211382113821,
  "column_score": 0.24390243902439024,
  "time_ms": 5
}