{
  "sum_of_pairs": 0.6223958333333334,
  "column_score": 0.390625,
  "time_ms": 2
}