{
  "sum_of_pairs": 0.5271982116244411,
  "column_score": 0.3729508196721312,
  "time_ms": 27
}