{
  "sum_of_pairs": 0.5165289256198347,
  "column_score": 0.20170454545454544,
  "time_ms": 86
}