{
  "sum_of_pairs": 0.4897959183673469,
  "column_score": 0.30434782608695654,
  "time_ms": 14
}