{
  "sum_of_pairs": 0.7472636815920398,
  "column_score": 0.6507462686567164,
  "time_ms": 15
}