{
  "sum_of_pairs": 0.6464150603494866,
  "column_score": 0.4691046658259773,
  "time_ms": 51
}