{
  "sum_of_pairs": 0.6732902798476569,
  "column_score": 0.45752608047690013,
  "time_ms": 83
}