{
  "sum_of_pairs": 0.5419331911869225,
  "column_score": 0.3358208955223881,
  "time_ms": 15
}