{
  "sum_of_pairs": 0.8329004329004329,
  "column_score": 0.11428571428571428,
  "time_ms": 130
}