{
  "sum_of_pairs": 0.5993975903614458,
  "column_score": 0.46987951807228917,
  "time_ms": 3
}