{
  "sum_of_pairs": 0.7377260981912145,
  "column_score": 0.5116279069767442,
  "time_ms": 3
}