{
  "sum_of_pairs": 0.5561187305373352,
  "column_score": 0.046511627906976744,
  "time_ms": 65
}