{
  "sum_of_pairs": 0.4416282642089094,
  "column_score": 0.0967741935483871,
  "time_ms": 3
}