{
  "sum_of_pairs": 0.7705882352941177,
  "column_score": 0.5490196078431373,
  "time_ms": 4
}