{
  "sum_of_pairs": 0.6857258718572588,
  "column_score": 0.3284671532846715,
  "time_ms": 8
}