{
  "sum_of_pairs": 0.5041095890410959,
  "column_score": 0.3287671232876712,
  "time_ms": 9
}