{
  "sum_of_pairs": 0.3960585874271977,
  "column_score": 0.003778677462887989,
  "time_ms": 1478
}