{
  "sum_of_pairs": 0.7781707014789722,
  "column_score": 0.11336032388663968,
  "time_ms": 1661
}