{
  "sum_of_pairs": 0.388893415357203,
  "column_score": 0.0018518518518518517,
  "time_ms": 1323
}