{
  "sum_of_pairs": 0.4762681213869937,
  "column_score": 0.05555555555555555,
  "time_ms": 3720
}