{
  "sum_of_pairs": 0.07663064277260365,
  "column_score": 0.0020775623268698058,
  "time_ms": 12
}