{
  "sum_of_pairs": 0.7141126025354213,
  "column_score": 0.2785234899328859,
  "time_ms": 24
}