{
  "sum_of_pairs": 0.483532041728763,
  "column_score": 0.18442622950819673,
  "time_ms": 77
}