{
  "sum_of_pairs": 0.7154236835070836,
  "column_score": 0.386046511627907,
  "time_ms": 277
}