{
  "sum_of_pairs": 0.7773219373219373,
  "column_score": 0.49382716049382713,
  "time_ms": 80
}