{
  "sum_of_pairs": 0.7443260768874479,
  "column_score": 0.4409448818897638,
  "time_ms": 45
}