{
  "sum_of_pairs": 0.7524475233928573,
  "column_score": 0.052156592727000524,
  "time_ms": 361
}