{
  "sum_of_pairs": 0.9284879352091508,
  "column_score": 0.025423728813559324,
  "time_ms": 97
}