{
  "sum_of_pairs": 0.8784656594878388,
  "column_score": 0.15846994535519127,
  "time_ms": 225
}