{
  "sum_of_pairs": 0.6342391304347826,
  "column_score": 0.37681159420289856,
  "time_ms": 23
}