{
  "sum_of_pairs": 0.7351173081740001,
  "column_score": 0.14915254237288136,
  "time_ms": 426
}