{
  "sum_of_pairs": 0.9256142935388219,
  "column_score": 0.20270270270270271,
  "time_ms": 374
}