{
  "sum_of_pairs": 0.7906184025334272,
  "column_score": 0.15178571428571427,
  "time_ms": 109
}