{
  "sum_of_pairs": 0.9590572930588969,
  "column_score": 0.49074074074074076,
  "time_ms": 1651
}