{
  "sum_of_pairs": 0.9311600857055402,
  "column_score": 0.3333333333333333,
  "time_ms": 553
}