{
  "sum_of_pairs": 0.5005296542465467,
  "column_score": 0.027769267769267768,
  "time_ms": 800
}