{
  "sum_of_pairs": 0.7698471141033733,
  "column_score": 0.3412698412698413,
  "time_ms": 2447
}