{
  "sum_of_pairs": 0.5970420556886722,
  "column_score": 0.08791208791208792,
  "time_ms": 528
}