{
  "sum_of_pairs": 0.5014791676963182,
  "column_score": 0.1000349444108353,
  "time_ms": 351
}