{
  "sum_of_pairs": 0.5014791676963184,
  "column_score": 0.10003494441083531,
  "time_ms": 343
}