{
  "sum_of_pairs": 0.76371087425796,
  "column_score": 0.2591743119266055,
  "time_ms": 213
}