{
  "sum_of_pairs": 0.24118745938921377,
  "column_score": 0.10416666666666667,
  "time_ms": 108
}