{
  "sum_of_pairs": 0.6815569487983281,
  "column_score": 0.2672413793103448,
  "time_ms": 123
}