{
  "sum_of_pairs": 0.8230232100708104,
  "column_score": 0.3170731707317073,
  "time_ms": 239
}