{
  "sum_of_pairs": 0.5618131868131868,
  "column_score": 0.10576923076923077,
  "time_ms": 136
}