{
  "sum_of_pairs": 0.5851851851851851,
  "column_score": 0.3333333333333333,
  "time_ms": 41
}