{
  "sum_of_pairs": 0.6910919540229885,
  "column_score": 0.4339080459770115,
  "time_ms": 63
}