{
  "sum_of_pairs": 0.6107713724612822,
  "column_score": 0.08490566037735849,
  "time_ms": 317
}