{
  "sum_of_pairs": 0.6353727144866386,
  "column_score": 0.43037974683544306,
  "time_ms": 58
}