{
  "sum_of_pairs": 0.7931792345585449,
  "column_score": 0.5379310344827586,
  "time_ms": 39
}