{
  "sum_of_pairs": 0.9131716689856225,
  "column_score": 0.5348837209302325,
  "time_ms": 276
}