{
  "sum_of_pairs": 0.4114503318709461,
  "column_score": 0.023225412290057597,
  "time_ms": 527
}