{
  "sum_of_pairs": 0.3761701623506514,
  "column_score": 0.008054859370648844,
  "time_ms": 878
}