{
  "sum_of_pairs": 0.7321148881742191,
  "column_score": 0.21825396825396826,
  "time_ms": 2312
}