{
  "sum_of_pairs": 0.49741340530814215,
  "column_score": 0.023391812865497075,
  "time_ms": 580
}