{
  "sum_of_pairs": 0.7760796021894275,
  "column_score": 0.3968253968253968,
  "time_ms": 2319
}