{
  "sum_of_pairs": 0.32826353681968656,
  "column_score": 0.06493506493506493,
  "time_ms": 103
}