{
  "sum_of_pairs": 0.21176040025611328,
  "column_score": 0.007117979150621631,
  "time_ms": 574
}