{
  "sum_of_pairs": 0.48599105812220567,
  "column_score": 0.02663934426229508,
  "time_ms": 110
}