{
  "sum_of_pairs": 0.436055182699478,
  "column_score": 0.087248322147651,
  "time_ms": 24
}