{
  "sum_of_pairs": 0.7420814168593514,
  "column_score": 0.3444886440052163,
  "time_ms": 365
}