{
  "sum_of_pairs": 0.7490225266668918,
  "column_score": 0.3709429004383118,
  "time_ms": 201
}