{
  "sum_of_pairs": 0.810126582278481,
  "column_score": 0.5316455696202531,
  "time_ms": 17
}