{
  "sum_of_pairs": 0.7970467032967034,
  "column_score": 0.46153846153846156,
  "time_ms": 181
}