{
  "sum_of_pairs": 0.7440901771336554,
  "column_score": 0.36666666666666664,
  "time_ms": 157
}