{
  "sum_of_pairs": 0.5177033492822967,
  "column_score": 0.34210526315789475,
  "time_ms": 12
}