{
  "sum_of_pairs": 0.9123856439127375,
  "column_score": 0.5535714285714286,
  "time_ms": 219
}