{
  "sum_of_pairs": 0.9755090588423921,
  "column_score": 0.7727272727272727,
  "time_ms": 141
}