{
  "sum_of_pairs": 0.7245589161940769,
  "column_score": 0.43478260869565216,
  "time_ms": 44
}