{
  "sum_of_pairs": 0.8299053030303031,
  "column_score": 0.5340909090909091,
  "time_ms": 147
}