{
  "sum_of_pairs": 0.8179641239986067,
  "column_score": 0.7298850574712644,
  "time_ms": 38
}