{
  "sum_of_pairs": 0.6306042884990254,
  "column_score": 0.373015873015873,
  "time_ms": 138
}