{
  "sum_of_pairs": 0.7900719969685487,
  "column_score": 0.6137931034482759,
  "time_ms": 28
}