{
  "sum_of_pairs": 0.6891244314489928,
  "column_score": 0.4652777777777778,
  "time_ms": 69
}