{
  "sum_of_pairs": 0.8107366771159875,
  "column_score": 0.7097701149425287,
  "time_ms": 77
}