{
  "sum_of_pairs": 0.7270435888542028,
  "column_score": 0.03225806451612903,
  "time_ms": 97
}