{
  "sum_of_pairs": 0.9065304397543938,
  "column_score": 0.7704402515723271,
  "time_ms": 197
}