{
  "sum_of_pairs": 0.7410488325521005,
  "column_score": 0.09876543209876543,
  "time_ms": 584
}