{
  "sum_of_pairs": 0.8218390804597702,
  "column_score": 0.5775862068965517,
  "time_ms": 40
}