{
  "sum_of_pairs": 0.809299895506792,
  "column_score": 0.5402298850574713,
  "time_ms": 79
}