{
  "sum_of_pairs": 0.8966218966218966,
  "column_score": 0.8518518518518519,
  "time_ms": 20
}