{
  "sum_of_pairs": 0.7492572786690433,
  "column_score": 0.09876543209876543,
  "time_ms": 258
}