{
  "sum_of_pairs": 0.5287081339712919,
  "column_score": 0.34210526315789475,
  "time_ms": 8
}