{
  "sum_of_pairs": 0.7041152263374486,
  "column_score": 0.5802469135802469,
  "time_ms": 33
}