{
  "sum_of_pairs": 0.8177212858063921,
  "column_score": 0.524822695035461,
  "time_ms": 69
}