{
  "sum_of_pairs": 0.9219846195358877,
  "column_score": 0.8073394495412844,
  "time_ms": 209
}