{
  "sum_of_pairs": 0.904280706987844,
  "column_score": 0.7578616352201258,
  "time_ms": 366
}