{
  "sum_of_pairs": 0.9152445460942998,
  "column_score": 0.5892857142857143,
  "time_ms": 117
}