{
  "sum_of_pairs": 0.7065843621399177,
  "column_score": 0.5802469135802469,
  "time_ms": 26
}