{
  "sum_of_pairs": 0.7134253078178312,
  "column_score": 0.2616822429906542,
  "time_ms": 630
}