{
  "sum_of_pairs": 0.9101564089004597,
  "column_score": 0.3269230769230769,
  "time_ms": 2419
}