{
  "sum_of_pairs": 0.7157988429016466,
  "column_score": 0.2616822429906542,
  "time_ms": 349
}