{
  "sum_of_pairs": 0.9249151967435549,
  "column_score": 0.471875,
  "time_ms": 2571
}