{
  "sum_of_pairs": 0.9129105520614954,
  "column_score": 0.5729166666666666,
  "time_ms": 723
}