{
  "sum_of_pairs": 0.782097233710137,
  "column_score": 0.5241935483870968,
  "time_ms": 237
}