{
  "sum_of_pairs": 0.8123861566484517,
  "column_score": 0.45901639344262296,
  "time_ms": 6
}