{
  "sum_of_pairs": 0.8844032158317873,
  "column_score": 0.6571428571428571,
  "time_ms": 53
}