{
  "sum_of_pairs": 0.7702187298961493,
  "column_score": 0.46774193548387094,
  "time_ms": 430
}