{
  "sum_of_pairs": 0.8777865198006819,
  "column_score": 0.6341463414634146,
  "time_ms": 226
}