{
  "sum_of_pairs": 0.6333890281258703,
  "column_score": 0.3888888888888889,
  "time_ms": 76
}