{
  "sum_of_pairs": 0.7998484274346344,
  "column_score": 0.696551724137931,
  "time_ms": 20
}