{
  "sum_of_pairs": 0.8438999725764431,
  "column_score": 0.4951923076923077,
  "time_ms": 753
}