{
  "sum_of_pairs": 0.8319318181818182,
  "column_score": 0.5397727272727273,
  "time_ms": 74
}