{
  "sum_of_pairs": 0.8800649095200629,
  "column_score": 0.6422764227642277,
  "time_ms": 130
}