{
  "sum_of_pairs": 0.7351921865154379,
  "column_score": 0.45652173913043476,
  "time_ms": 30
}