{
  "sum_of_pairs": 0.7737167594310451,
  "column_score": 0.37142857142857144,
  "time_ms": 49
}