{
  "sum_of_pairs": 0.9066576403447473,
  "column_score": 0.53125,
  "time_ms": 1294
}