{
  "sum_of_pairs": 0.972382555715889,
  "column_score": 0.7727272727272727,
  "time_ms": 250
}