{
  "sum_of_pairs": 0.799929676511955,
  "column_score": 0.4873417721518987,
  "time_ms": 28
}