{
  "sum_of_pairs": 0.8485105580693816,
  "column_score": 0.5288461538461539,
  "time_ms": 403
}