{
  "sum_of_pairs": 0.9110360818451776,
  "column_score": 0.3269230769230769,
  "time_ms": 1675
}