{
  "sum_of_pairs": 0.9270102536427415,
  "column_score": 0.8165137614678899,
  "time_ms": 118
}