{
  "sum_of_pairs": 0.7099349967043982,
  "column_score": 0.3088164139754016,
  "time_ms": 353
}