{
  "sum_of_pairs": 0.7268920916475211,
  "column_score": 0.34735328560454987,
  "time_ms": 140
}