{
  "sum_of_pairs": 0.655534941249227,
  "column_score": 0.22448979591836735,
  "time_ms": 51
}