{
  "sum_of_pairs": 0.9753487253487253,
  "column_score": 0.7424242424242424,
  "time_ms": 274
}