{
  "sum_of_pairs": 0.9143062397372742,
  "column_score": 0.5535714285714286,
  "time_ms": 211
}