{
  "sum_of_pairs": 0.7863068181818181,
  "column_score": 0.42045454545454547,
  "time_ms": 134
}