{
  "sum_of_pairs": 0.8753822059810575,
  "column_score": 0.7358490566037735,
  "time_ms": 361
}