{
  "sum_of_pairs": 0.5647809362979641,
  "column_score": 0.19736842105263158,
  "time_ms": 107
}