{
  "sum_of_pairs": 0.8839340194443315,
  "column_score": 0.3173076923076923,
  "time_ms": 1559
}