{
  "sum_of_pairs": 0.7569661232512429,
  "column_score": 0.24731182795698925,
  "time_ms": 200
}