{
  "sum_of_pairs": 0.5938435740807282,
  "column_score": 0.21212121212121213,
  "time_ms": 23
}