{
  "sum_of_pairs": 0.44664802652968333,
  "column_score": 0.14201183431952663,
  "time_ms": 20
}