{
  "sum_of_pairs": 0.6438434048083171,
  "column_score": 0.3819444444444444,
  "time_ms": 54
}