{
  "sum_of_pairs": 0.7187988236375333,
  "column_score": 0.31451612903225806,
  "time_ms": 144
}