{
  "sum_of_pairs": 0.7226576105886451,
  "column_score": 0.5431034482758621,
  "time_ms": 28
}