{
  "sum_of_pairs": 0.7300411522633745,
  "column_score": 0.6111111111111112,
  "time_ms": 14
}