{
  "sum_of_pairs": 0.7087912087912088,
  "column_score": 0.41346153846153844,
  "time_ms": 122
}