{
  "sum_of_pairs": 0.6522633744855967,
  "column_score": 0.4382716049382716,
  "time_ms": 27
}