{
  "sum_of_pairs": 0.7047373430352154,
  "column_score": 0.44680851063829785,
  "time_ms": 60
}