{
  "sum_of_pairs": 0.5658162654210085,
  "column_score": 0.18181818181818182,
  "time_ms": 72
}