{
  "sum_of_pairs": 0.7159323542501113,
  "column_score": 0.3177570093457944,
  "time_ms": 249
}