{
  "sum_of_pairs": 0.7856891701828411,
  "column_score": 0.5063291139240507,
  "time_ms": 13
}