{
  "sum_of_pairs": 0.7084137487363293,
  "column_score": 0.29838709677419356,
  "time_ms": 503
}