{
  "sum_of_pairs": 0.9230808148947652,
  "column_score": 0.7935779816513762,
  "time_ms": 83
}