{
  "sum_of_pairs": 0.9288522012578616,
  "column_score": 0.5208333333333334,
  "time_ms": 1352
}