{
  "sum_of_pairs": 0.6875748365110067,
  "column_score": 0.3829787234042553,
  "time_ms": 139
}