{
  "sum_of_pairs": 0.8306878306878307,
  "column_score": 0.5185185185185185,
  "time_ms": 15
}