{
  "sum_of_pairs": 0.8158393330807124,
  "column_score": 0.496551724137931,
  "time_ms": 99
}