{
  "sum_of_pairs": 0.7815221177290143,
  "column_score": 0.47413793103448276,
  "time_ms": 33
}