{
  "sum_of_pairs": 0.7667938489998843,
  "column_score": 0.3225806451612903,
  "time_ms": 78
}