{
  "sum_of_pairs": 0.5266406757634828,
  "column_score": 0.1984126984126984,
  "time_ms": 179
}