{
  "sum_of_pairs": 0.6996691048415187,
  "column_score": 0.47126436781609193,
  "time_ms": 56
}