{
  "sum_of_pairs": 0.8100575894693541,
  "column_score": 0.34134615384615385,
  "time_ms": 964
}