{
  "sum_of_pairs": 0.8909090909090909,
  "column_score": 0.6857142857142857,
  "time_ms": 46
}