{
  "sum_of_pairs": 0.6862865835989568,
  "column_score": 0.04411764705882353,
  "time_ms": 267
}