{
  "sum_of_pairs": 0.8442622950819673,
  "column_score": 0.6229508196721312,
  "time_ms": 13
}