{
  "sum_of_pairs": 0.7992424242424242,
  "column_score": 0.42045454545454547,
  "time_ms": 62
}