{
  "sum_of_pairs": 0.9230735397607319,
  "column_score": 0.6428571428571429,
  "time_ms": 89
}