{
  "sum_of_pairs": 0.8812863327149042,
  "column_score": 0.6228571428571429,
  "time_ms": 101
}