{
  "sum_of_pairs": 0.8463812050018946,
  "column_score": 0.18681318681318682,
  "time_ms": 255
}