{
  "sum_of_pairs": 0.8707874377130868,
  "column_score": 0.6422764227642277,
  "time_ms": 110
}