{
  "sum_of_pairs": 0.7084408841418187,
  "column_score": 0.3177570093457944,
  "time_ms": 1217
}