{
  "sum_of_pairs": 0.7314560439560439,
  "column_score": 0.47115384615384615,
  "time_ms": 54
}