{
  "sum_of_pairs": 0.6941828455520139,
  "column_score": 0.04411764705882353,
  "time_ms": 110
}