{
  "sum_of_pairs": 0.8172568172568172,
  "column_score": 0.48148148148148145,
  "time_ms": 32
}