{
  "sum_of_pairs": 0.534910394265233,
  "column_score": 0.20967741935483872,
  "time_ms": 21
}