{
  "sum_of_pairs": 0.8633293994230264,
  "column_score": 0.5853658536585366,
  "time_ms": 215
}