{
  "sum_of_pairs": 0.9206467661691542,
  "column_score": 0.38125,
  "time_ms": 2699
}