{
  "sum_of_pairs": 0.695856524427953,
  "column_score": 0.2530612244897959,
  "time_ms": 21
}