{
  "sum_of_pairs": 0.7032923755513547,
  "column_score": 0.5434782608695652,
  "time_ms": 69
}