{
  "sum_of_pairs": 0.937783892382949,
  "column_score": 0.5208333333333334,
  "time_ms": 555
}