{
  "sum_of_pairs": 0.8554755589238348,
  "column_score": 0.18681318681318682,
  "time_ms": 108
}