{
  "sum_of_pairs": 0.5415390327671029,
  "column_score": 0.2619047619047619,
  "time_ms": 64
}