{
  "sum_of_pairs": 0.7137681159420289,
  "column_score": 0.5434782608695652,
  "time_ms": 20
}