{
  "sum_of_pairs": 0.6144005847953217,
  "column_score": 0.3194444444444444,
  "time_ms": 112
}