{
  "sum_of_pairs": 0.41147018661811563,
  "column_score": 0.10059171597633136,
  "time_ms": 134
}