{
  "sum_of_pairs": 0.6611111111111111,
  "column_score": 0.21666666666666667,
  "time_ms": 16
}