{
  "sum_of_pairs": 0.880242125935317,
  "column_score": 0.7421383647798742,
  "time_ms": 150
}