{
  "sum_of_pairs": 0.3306080089947049,
  "column_score": 0.12865556264982078,
  "time_ms": 13
}