{
  "sum_of_pairs": 0.5902882205513784,
  "column_score": 0.11842105263157894,
  "time_ms": 15
}