{
  "sum_of_pairs": 0.4612682399567645,
  "column_score": 0.3026481715006305,
  "time_ms": 31
}