{
  "sum_of_pairs": 0.6301153157653719,
  "column_score": 0.10191082802547771,
  "time_ms": 21
}