{
  "sum_of_pairs": 0.36347926267281105,
  "column_score": 0.12096774193548387,
  "time_ms": 7
}