{
  "sum_of_pairs": 0.354924578527063,
  "column_score": 0.14906832298136646,
  "time_ms": 10
}