{
  "sum_of_pairs": 0.24193548387096775,
  "column_score": 0.05069124423963134,
  "time_ms": 3
}