{
  "sum_of_pairs": 0.23588709677419356,
  "column_score": 0.06854838709677419,
  "time_ms": 12
}