{
  "sum_of_pairs": 0.4311858076563959,
  "column_score": 0.226890756302521,
  "time_ms": 16
}