{
  "sum_of_pairs": 0.6758706467661691,
  "column_score": 0.5268656716417911,
  "time_ms": 13
}