{
  "sum_of_pairs": 0.26953305594082294,
  "column_score": 0.07766990291262135,
  "time_ms": 8
}