{
  "sum_of_pairs": 0.5948362100734018,
  "column_score": 0.33873606332785444,
  "time_ms": 44
}