{
  "sum_of_pairs": 0.26520681265206814,
  "column_score": 0.13138686131386862,
  "time_ms": 8
}