{
  "sum_of_pairs": 0.6621621621621622,
  "column_score": 0.6756756756756757,
  "time_ms": 4
}