{
  "sum_of_pairs": 0.5679156908665105,
  "column_score": 0.3530895334174023,
  "time_ms": 98
}