{
  "sum_of_pairs": 0.6810115350488021,
  "column_score": 0.5134575569358178,
  "time_ms": 67
}