{
  "sum_of_pairs": 0.5914307004470939,
  "column_score": 0.27459016393442626,
  "time_ms": 54
}