{
  "sum_of_pairs": 0.4506849315068493,
  "column_score": 0.1780821917808219,
  "time_ms": 17
}