{
  "sum_of_pairs": 0.5714285714285714,
  "column_score": 0.06521739130434782,
  "time_ms": 14
}