{
  "sum_of_pairs": 0.7954706298655343,
  "column_score": 0.49044585987261147,
  "time_ms": 83
}