{
  "sum_of_pairs": 0.25517241379310346,
  "column_score": 0.15172413793103448,
  "time_ms": 13
}