{
  "sum_of_pairs": 0.5775655716832188,
  "column_score": 0.11428571428571428,
  "time_ms": 244
}