{
  "sum_of_pairs": 0.6853906611188164,
  "column_score": 0.3640776699029126,
  "time_ms": 26
}