{
  "sum_of_pairs": 0.6323917137476459,
  "column_score": 0.3728813559322034,
  "time_ms": 60
}