{
  "sum_of_pairs": 0.7729064039408867,
  "column_score": 0.6798029556650246,
  "time_ms": 25
}