{
  "sum_of_pairs": 0.7033730158730159,
  "column_score": 0.5297619047619048,
  "time_ms": 6
}