{
  "sum_of_pairs": 0.5223294540637714,
  "column_score": 0.2066420664206642,
  "time_ms": 56
}