{
  "sum_of_pairs": 0.5524691358024691,
  "column_score": 0.14814814814814814,
  "time_ms": 4
}