{
  "sum_of_pairs": 0.7967365967365967,
  "column_score": 0.35384615384615387,
  "time_ms": 58
}