{
  "sum_of_pairs": 0.7116935483870968,
  "column_score": 0.3387096774193548,
  "time_ms": 17
}