{
  "sum_of_pairs": 0.6461538461538462,
  "column_score": 0.48717948717948717,
  "time_ms": 2
}