{
  "sum_of_pairs": 0.17391304347826086,
  "column_score": 0.2753623188405797,
  "time_ms": 3
}