{
  "sum_of_pairs": 0.424931129476584,
  "column_score": 0.15056818181818182,
  "time_ms": 197
}