{
  "sum_of_pairs": 0.20362903225806453,
  "column_score": 0.18346774193548387,
  "time_ms": 26
}