{
  "sum_of_pairs": 0.5325824617860017,
  "column_score": 0.2013274336283186,
  "time_ms": 63
}