{
  "sum_of_pairs": 0.6290322580645161,
  "column_score": 0.4470046082949309,
  "time_ms": 7
}