{
  "sum_of_pairs": 0.38361431529133394,
  "column_score": 0.09937888198757763,
  "time_ms": 47
}