{
  "sum_of_pairs": 0.7398496240601504,
  "column_score": 0.29605263157894735,
  "time_ms": 43
}