{
  "sum_of_pairs": 0.6365461847389559,
  "column_score": 0.5662650602409639,
  "time_ms": 7
}