{
  "sum_of_pairs": 0.3541371814506695,
  "column_score": 0.04662100789762112,
  "time_ms": 105
}