{
  "sum_of_pairs": 0.5422981956315289,
  "column_score": 0.09876543209876543,
  "time_ms": 46
}