{
  "sum_of_pairs": 0.506152125279642,
  "column_score": 0.10067114093959731,
  "time_ms": 17
}