{
  "sum_of_pairs": 0.39418777943368105,
  "column_score": 0.10040983606557377,
  "time_ms": 38
}