{
  "sum_of_pairs": 0.4995625546806649,
  "column_score": 0.16535433070866143,
  "time_ms": 35
}