{
  "sum_of_pairs": 0.173625287875882,
  "column_score": 0.028948361290550013,
  "time_ms": 9
}