{
  "sum_of_pairs": 0.41636582430806257,
  "column_score": 0.259927797833935,
  "time_ms": 15
}