{
  "sum_of_pairs": 0.32222222222222224,
  "column_score": 0.16666666666666666,
  "time_ms": 2
}