{
  "sum_of_pairs": 0.16326530612244897,
  "column_score": 0.08163265306122448,
  "time_ms": 1
}