{
  "sum_of_pairs": 0.301056338028169,
  "column_score": 0.15492957746478872,
  "time_ms": 20
}