{
  "sum_of_pairs": 0.24634794156706508,
  "column_score": 0.07171314741035857,
  "time_ms": 5
}