{
  "sum_of_pairs": 0.4853801169590643,
  "column_score": 0.19298245614035087,
  "time_ms": 1
}