{
  "sum_of_pairs": 0.6418070458873274,
  "column_score": 0.25485459322901927,
  "time_ms": 287
}