{
  "sum_of_pairs": 0.6423530720153174,
  "column_score": 0.25491836873922336,
  "time_ms": 848
}