{
  "sum_of_pairs": 0.5988086672775121,
  "column_score": 0.18126142084325925,
  "time_ms": 195
}