{
  "sum_of_pairs": 0.5162443144899286,
  "column_score": 0.09523809523809523,
  "time_ms": 44
}