{
  "sum_of_pairs": 0.8941243928764167,
  "column_score": 0.6857798165137615,
  "time_ms": 147
}