{
  "sum_of_pairs": 0.44767332770428747,
  "column_score": 0.14473684210526316,
  "time_ms": 162
}