{
  "sum_of_pairs": 0.7931578225695872,
  "column_score": 0.40865384615384615,
  "time_ms": 444
}