{
  "sum_of_pairs": 0.44692170240415857,
  "column_score": 0.11805555555555555,
  "time_ms": 75
}