{
  "sum_of_pairs": 0.5445269016697588,
  "column_score": 0.0163265306122449,
  "time_ms": 59
}