{
  "sum_of_pairs": 0.6713333947376501,
  "column_score": 0.2198581560283688,
  "time_ms": 42
}