{
  "sum_of_pairs": 0.7768588531821046,
  "column_score": 0.45652173913043476,
  "time_ms": 29
}