{
  "sum_of_pairs": 0.8491466540744739,
  "column_score": 0.5344036697247706,
  "time_ms": 108
}