{
  "sum_of_pairs": 0.7648953301127214,
  "column_score": 0.23333333333333334,
  "time_ms": 97
}