{
  "sum_of_pairs": 0.873508392341988,
  "column_score": 0.5609756097560976,
  "time_ms": 81
}