{
  "sum_of_pairs": 0.8440568954854669,
  "column_score": 0.6171428571428571,
  "time_ms": 130
}