{
  "sum_of_pairs": 0.8971460638127304,
  "column_score": 0.3787878787878788,
  "time_ms": 156
}