{
  "sum_of_pairs": 0.8655805963195901,
  "column_score": 0.3645833333333333,
  "time_ms": 434
}