{
  "sum_of_pairs": 0.8093462909639381,
  "column_score": 0.4519230769230769,
  "time_ms": 217
}