{
  "sum_of_pairs": 0.6531293952180028,
  "column_score": 0.3860759493670886,
  "time_ms": 18
}