{
  "sum_of_pairs": 0.4676970203285993,
  "column_score": 0.05555555555555555,
  "time_ms": 71
}