{
  "sum_of_pairs": 0.8597965048088201,
  "column_score": 0.1130952380952381,
  "time_ms": 153
}