{
  "sum_of_pairs": 0.7401288366805608,
  "column_score": 0.3931034482758621,
  "time_ms": 59
}