{
  "sum_of_pairs": 0.5086021505376344,
  "column_score": 0.10967741935483871,
  "time_ms": 38
}