{
  "sum_of_pairs": 0.647234875993046,
  "column_score": 0.09876543209876543,
  "time_ms": 132
}