{
  "sum_of_pairs": 0.8585070102311482,
  "column_score": 0.0989010989010989,
  "time_ms": 191
}