{
  "sum_of_pairs": 0.7822881880024737,
  "column_score": 0.4857142857142857,
  "time_ms": 56
}