{
  "sum_of_pairs": 0.8733280881195908,
  "column_score": 0.5609756097560976,
  "time_ms": 198
}