{
  "sum_of_pairs": 0.5961538461538461,
  "column_score": 0.09615384615384616,
  "time_ms": 39
}