{
  "sum_of_pairs": 0.5937413840639647,
  "column_score": 0.1532258064516129,
  "time_ms": 196
}