{
  "sum_of_pairs": 0.7658511420171868,
  "column_score": 0.13125,
  "time_ms": 2114
}