{
  "sum_of_pairs": 0.849802371541502,
  "column_score": 0.5974842767295597,
  "time_ms": 222
}