{
  "sum_of_pairs": 0.7627375201288245,
  "column_score": 0.23333333333333334,
  "time_ms": 212
}