{
  "sum_of_pairs": 0.6151933276116283,
  "column_score": 0.09876543209876543,
  "time_ms": 246
}