{
  "sum_of_pairs": 0.8260199570544399,
  "column_score": 0.0989010989010989,
  "time_ms": 165
}