{
  "sum_of_pairs": 0.7093347265761059,
  "column_score": 0.47701149425287354,
  "time_ms": 26
}