{
  "sum_of_pairs": 0.29007087586969243,
  "column_score": 0.09467455621301775,
  "time_ms": 42
}