{
  "sum_of_pairs": 0.8430948637316562,
  "column_score": 0.28125,
  "time_ms": 633
}