{
  "sum_of_pairs": 0.44362139917695476,
  "column_score": 0.15432098765432098,
  "time_ms": 17
}