{
  "sum_of_pairs": 0.5123626373626373,
  "column_score": 0.009615384615384616,
  "time_ms": 78
}