{
  "sum_of_pairs": 0.5200965376403973,
  "column_score": 0.18253968253968253,
  "time_ms": 89
}