{
  "sum_of_pairs": 0.6117206548241031,
  "column_score": 0.34195402298850575,
  "time_ms": 55
}