{
  "sum_of_pairs": 0.9704585537918872,
  "column_score": 0.7424242424242424,
  "time_ms": 136
}