{
  "sum_of_pairs": 0.9812495859007487,
  "column_score": 0.7790697674418605,
  "time_ms": 135
}