{
  "sum_of_pairs": 0.6893459915611815,
  "column_score": 0.47468354430379744,
  "time_ms": 24
}