{
  "sum_of_pairs": 0.6115476518702325,
  "column_score": 0.25806451612903225,
  "time_ms": 797
}