{
  "sum_of_pairs": 0.8392531876138434,
  "column_score": 0.5737704918032787,
  "time_ms": 2
}