{
  "sum_of_pairs": 0.6579472536919345,
  "column_score": 0.2198581560283688,
  "time_ms": 162
}