{
  "sum_of_pairs": 0.8882242552193291,
  "column_score": 0.2916666666666667,
  "time_ms": 321
}