{
  "sum_of_pairs": 0.6194513371932727,
  "column_score": 0.1774193548387097,
  "time_ms": 109
}