{
  "sum_of_pairs": 0.6041152263374485,
  "column_score": 0.29012345679012347,
  "time_ms": 13
}