{
  "sum_of_pairs": 0.46331738437001596,
  "column_score": 0.15789473684210525,
  "time_ms": 306
}