{
  "sum_of_pairs": 0.36293859649122806,
  "column_score": 0.09722222222222222,
  "time_ms": 98
}