{
  "sum_of_pairs": 0.64349376114082,
  "column_score": 0.09876543209876543,
  "time_ms": 466
}