{
  "sum_of_pairs": 0.808420745920746,
  "column_score": 0.4519230769230769,
  "time_ms": 527
}