{
  "sum_of_pairs": 0.6887843956809474,
  "column_score": 0.47701149425287354,
  "time_ms": 74
}