{
  "sum_of_pairs": 0.8588354174561071,
  "column_score": 0.0989010989010989,
  "time_ms": 79
}