{
  "sum_of_pairs": 0.7045889933820968,
  "column_score": 0.5718390804597702,
  "time_ms": 48
}