{
  "sum_of_pairs": 0.7643812189054726,
  "column_score": 0.128125,
  "time_ms": 2676
}