{
  "sum_of_pairs": 0.8906726483696927,
  "column_score": 0.2916666666666667,
  "time_ms": 81
}