{
  "sum_of_pairs": 0.881447783826783,
  "column_score": 0.7484276729559748,
  "time_ms": 265
}