{
  "sum_of_pairs": 0.4498456790123457,
  "column_score": 0.11805555555555555,
  "time_ms": 35
}