{
  "sum_of_pairs": 0.7967863894139886,
  "column_score": 0.4782608695652174,
  "time_ms": 69
}