{
  "sum_of_pairs": 0.4010013654984069,
  "column_score": 0.1893491124260355,
  "time_ms": 15
}