{
  "sum_of_pairs": 0.7373247442212959,
  "column_score": 0.3931034482758621,
  "time_ms": 13
}