{
  "sum_of_pairs": 0.6939890710382514,
  "column_score": 0.4098360655737705,
  "time_ms": 4
}