{
  "sum_of_pairs": 0.6286572622779519,
  "column_score": 0.4281609195402299,
  "time_ms": 40
}