{
  "sum_of_pairs": 0.31999341009271265,
  "column_score": 0.13090030291101484,
  "time_ms": 16
}