{
  "sum_of_pairs": 0.5078407326618954,
  "column_score": 0.2957961608723918,
  "time_ms": 8
}