{
  "sum_of_pairs": 0.5037915640910566,
  "column_score": 0.2935234335996645,
  "time_ms": 19
}