{
  "sum_of_pairs": 0.5080645161290323,
  "column_score": 0.24193548387096775,
  "time_ms": 16
}