{
  "sum_of_pairs": 0.2713709677419355,
  "column_score": 0.16129032258064516,
  "time_ms": 22
}