{
  "sum_of_pairs": 0.41045856798069186,
  "column_score": 0.1261061946902655,
  "time_ms": 33
}