{
  "sum_of_pairs": 0.5387348969438521,
  "column_score": 0.23134328358208955,
  "time_ms": 14
}