{
  "sum_of_pairs": 0.46330532212885156,
  "column_score": 0.15966386554621848,
  "time_ms": 16
}