{
  "sum_of_pairs": 0.34368530020703936,
  "column_score": 0.14906832298136646,
  "time_ms": 10
}