{
  "sum_of_pairs": 0.8331450094161958,
  "column_score": 0.8022598870056498,
  "time_ms": 35
}