{
  "sum_of_pairs": 0.562015503875969,
  "column_score": 0.22093023255813954,
  "time_ms": 90
}