{
  "sum_of_pairs": 0.2431807674526121,
  "column_score": 0.043689320388349516,
  "time_ms": 7
}