{
  "sum_of_pairs": 0.4643835616438356,
  "column_score": 0.1780821917808219,
  "time_ms": 10
}