{
  "sum_of_pairs": 0.2916666666666667,
  "column_score": 0.17857142857142858,
  "time_ms": 2
}