{
  "sum_of_pairs": 0.4531954887218045,
  "column_score": 0.19078947368421054,
  "time_ms": 17
}