{
  "sum_of_pairs": 0.31232876712328766,
  "column_score": 0.1506849315068493,
  "time_ms": 6
}