{
  "sum_of_pairs": 0.40652879156528793,
  "column_score": 0.18248175182481752,
  "time_ms": 6
}