{
  "sum_of_pairs": 0.07183908045977011,
  "column_score": 0.04482758620689655,
  "time_ms": 4
}