{
  "sum_of_pairs": 0.6718782572441109,
  "column_score": 0.2032520325203252,
  "time_ms": 16
}