{
  "sum_of_pairs": 0.2958652663449711,
  "column_score": 0.007380073800738007,
  "time_ms": 21
}