{
  "sum_of_pairs": 0.6828945189600927,
  "column_score": 0.4143070044709389,
  "time_ms": 125
}