{
  "sum_of_pairs": 0.40943073320122503,
  "column_score": 0.23203026481715006,
  "time_ms": 30
}