{
  "sum_of_pairs": 0.40784313725490196,
  "column_score": 0.21568627450980393,
  "time_ms": 2
}