{
  "sum_of_pairs": 0.38556067588325654,
  "column_score": 0.2073732718894009,
  "time_ms": 1
}