{
  "sum_of_pairs": 0.35368663594470046,
  "column_score": 0.10483870967741936,
  "time_ms": 7
}