{
  "sum_of_pairs": 0.27606177606177607,
  "column_score": 0.08108108108108109,
  "time_ms": 1
}