{
  "sum_of_pairs": 0.19477911646586346,
  "column_score": 0.09036144578313253,
  "time_ms": 2
}