{
  "sum_of_pairs": 0.5184619302266361,
  "column_score": 0.02857142857142857,
  "time_ms": 103
}