{
  "sum_of_pairs": 0.35584740462789244,
  "column_score": 0.07317073170731707,
  "time_ms": 27
}