{
  "sum_of_pairs": 0.5980904341560079,
  "column_score": 0.47162673392181587,
  "time_ms": 19
}