{
  "sum_of_pairs": 0.47306967984934084,
  "column_score": 0.2598870056497175,
  "time_ms": 16
}