{
  "sum_of_pairs": 0.5585675087520106,
  "column_score": 0.1918819188191882,
  "time_ms": 32
}