{
  "sum_of_pairs": 0.38166915052160955,
  "column_score": 0.18032786885245902,
  "time_ms": 19
}