{
  "sum_of_pairs": 0.3451274104683196,
  "column_score": 0.12215909090909091,
  "time_ms": 45
}