{
  "sum_of_pairs": 0.35074626865671643,
  "column_score": 0.08582089552238806,
  "time_ms": 10
}