{
  "sum_of_pairs": 0.6838308457711443,
  "column_score": 0.573134328358209,
  "time_ms": 6
}