{
  "sum_of_pairs": 0.6140460430456683,
  "column_score": 0.3375796178343949,
  "time_ms": 29
}