{
  "sum_of_pairs": 0.5220349009168885,
  "column_score": 0.34782608695652173,
  "time_ms": 10
}