{
  "sum_of_pairs": 0.46358668653750623,
  "column_score": 0.20864381520119224,
  "time_ms": 43
}