{
  "sum_of_pairs": 0.44003253475303167,
  "column_score": 0.2422360248447205,
  "time_ms": 48
}