{
  "sum_of_pairs": 0.42096774193548386,
  "column_score": 0.33669354838709675,
  "time_ms": 49
}