{
  "sum_of_pairs": 0.6484071484071484,
  "column_score": 0.3641025641025641,
  "time_ms": 31
}