{
  "sum_of_pairs": 0.6234841762792074,
  "column_score": 0.4472049689440994,
  "time_ms": 24
}