{
  "sum_of_pairs": 0.699918896999189,
  "column_score": 0.38686131386861317,
  "time_ms": 12
}