{
  "sum_of_pairs": 0.4388059701492537,
  "column_score": 0.3208955223880597,
  "time_ms": 10
}