{
  "sum_of_pairs": 0.3199923440458978,
  "column_score": 0.11447170082139134,
  "time_ms": 8
}