{
  "sum_of_pairs": 0.46820392722032067,
  "column_score": 0.3203026481715006,
  "time_ms": 20
}