{
  "sum_of_pairs": 0.22791164658634538,
  "column_score": 0.1746987951807229,
  "time_ms": 1
}