{
  "sum_of_pairs": 0.5726043503821282,
  "column_score": 0.3271604938271605,
  "time_ms": 3
}