{
  "sum_of_pairs": 0.6691542288557214,
  "column_score": 0.5373134328358209,
  "time_ms": 7
}