{
  "sum_of_pairs": 0.6234544773323342,
  "column_score": 0.17834394904458598,
  "time_ms": 15
}