{
  "sum_of_pairs": 0.24404761904761904,
  "column_score": 0.05952380952380952,
  "time_ms": 1
}