{
  "sum_of_pairs": 0.4653284671532847,
  "column_score": 0.26277372262773724,
  "time_ms": 3
}