{
  "sum_of_pairs": 0.6041431261770245,
  "column_score": 0.2655367231638418,
  "time_ms": 9
}