{
  "sum_of_pairs": 0.6966588966588967,
  "column_score": 0.24615384615384617,
  "time_ms": 14
}