{
  "sum_of_pairs": 0.3809239390167481,
  "column_score": 0.057444142769816214,
  "time_ms": 73
}