{
  "sum_of_pairs": 0.381706142923952,
  "column_score": 0.057444142769816214,
  "time_ms": 151
}