{
  "sum_of_pairs": 0.3946485795856509,
  "column_score": 0.0684584870321113,
  "time_ms": 397
}