{
  "sum_of_pairs": 0.39464857958565097,
  "column_score": 0.0684584870321113,
  "time_ms": 153
}