{
  "sum_of_pairs": 0.2969530274098408,
  "column_score": 0.026198907208008035,
  "time_ms": 244
}