{
  "sum_of_pairs": 0.3820879703232644,
  "column_score": 0.02027027027027027,
  "time_ms": 545
}