{
  "sum_of_pairs": 0.5771504945201817,
  "column_score": 0.23255813953488372,
  "time_ms": 472
}