{
  "sum_of_pairs": 0.6522727272727272,
  "column_score": 0.27459016393442626,
  "time_ms": 109
}