{
  "sum_of_pairs": 0.3175856929955291,
  "column_score": 0.020491803278688523,
  "time_ms": 146
}