{
  "sum_of_pairs": 0.53329534662868,
  "column_score": 0.2839506172839506,
  "time_ms": 71
}