{
  "sum_of_pairs": 0.5224126395965211,
  "column_score": 0.1732283464566929,
  "time_ms": 40
}