{
  "sum_of_pairs": 0.5043250467789361,
  "column_score": 0.10232558139534884,
  "time_ms": 314
}