{
  "sum_of_pairs": 0.34619686800894856,
  "column_score": 0.03355704697986577,
  "time_ms": 31
}