{
  "sum_of_pairs": 0.45914529914529917,
  "column_score": 0.18518518518518517,
  "time_ms": 86
}