{
  "sum_of_pairs": 0.44519374068554396,
  "column_score": 0.09836065573770492,
  "time_ms": 23
}