{
  "sum_of_pairs": 0.06510633432659409,
  "column_score": 0.009036789095678255,
  "time_ms": 4
}