{
  "sum_of_pairs": 0.19540855184419542,
  "column_score": 0.009900990099009901,
  "time_ms": 33
}