{
  "sum_of_pairs": 0.2305655836341757,
  "column_score": 0.10108303249097472,
  "time_ms": 5
}