{
  "sum_of_pairs": 0.17915234822451317,
  "column_score": 0.1134020618556701,
  "time_ms": 14
}