{
  "sum_of_pairs": 0.08664259927797834,
  "column_score": 0.007220216606498195,
  "time_ms": 9
}