{
  "sum_of_pairs": 0.6504470357630082,
  "column_score": 0.012234719853076342,
  "time_ms": 654
}