{
  "sum_of_pairs": 0.8549750146972369,
  "column_score": 0.07142857142857142,
  "time_ms": 2328
}