{
  "sum_of_pairs": 0.8107284643638559,
  "column_score": 0.10648148148148148,
  "time_ms": 2656
}