{
  "sum_of_pairs": 0.901837822671156,
  "column_score": 0.029166666666666667,
  "time_ms": 1467
}