{
  "sum_of_pairs": 0.7090579710144927,
  "column_score": 0.15217391304347827,
  "time_ms": 34
}