{
  "sum_of_pairs": 0.5398931284962846,
  "column_score": 0.1423728813559322,
  "time_ms": 943
}