{
  "sum_of_pairs": 0.41296420608657436,
  "column_score": 0.09549960637332766,
  "time_ms": 367
}