{
  "sum_of_pairs": 0.5912536754878375,
  "column_score": 0.24186046511627907,
  "time_ms": 431
}