{
  "sum_of_pairs": 0.8017337807606264,
  "column_score": 0.48322147651006714,
  "time_ms": 40
}