{
  "sum_of_pairs": 0.547312440645774,
  "column_score": 0.2962962962962963,
  "time_ms": 129
}