{
  "sum_of_pairs": 0.7391281972106428,
  "column_score": 0.33858267716535434,
  "time_ms": 72
}