{
  "sum_of_pairs": 0.47880029806259317,
  "column_score": 0.1680327868852459,
  "time_ms": 109
}