{
  "sum_of_pairs": 0.8264637616592023,
  "column_score": 0.1589117118946389,
  "time_ms": 857
}