{
  "sum_of_pairs": 0.8136890994334366,
  "column_score": 0.12850067908486085,
  "time_ms": 695
}