{
  "sum_of_pairs": 0.8323486682808716,
  "column_score": 0.10476190476190476,
  "time_ms": 648
}