{
  "sum_of_pairs": 0.9638600865015959,
  "column_score": 0.38513513513513514,
  "time_ms": 662
}