{
  "sum_of_pairs": 0.8096768806879853,
  "column_score": 0.2305084745762712,
  "time_ms": 420
}