{
  "sum_of_pairs": 0.9703448770877265,
  "column_score": 0.5277777777777778,
  "time_ms": 1726
}