{
  "sum_of_pairs": 0.7939383818986391,
  "column_score": 0.1864406779661017,
  "time_ms": 757
}