{
  "sum_of_pairs": 0.8896903460837887,
  "column_score": 0.41530054644808745,
  "time_ms": 403
}