{
  "sum_of_pairs": 0.9339644609588204,
  "column_score": 0.05429864253393665,
  "time_ms": 2269
}