{
  "sum_of_pairs": 0.9219337062703515,
  "column_score": 0.059322033898305086,
  "time_ms": 193
}