{
  "sum_of_pairs": 0.8905260380014075,
  "column_score": 0.5714285714285714,
  "time_ms": 205
}