{
  "sum_of_pairs": 0.7422672365005952,
  "column_score": 0.11290322580645161,
  "time_ms": 418
}