{
  "sum_of_pairs": 0.6714686914915747,
  "column_score": 0.06578947368421052,
  "time_ms": 111
}