{
  "sum_of_pairs": 0.8266908212560387,
  "column_score": 0.2753623188405797,
  "time_ms": 34
}