{
  "sum_of_pairs": 0.9189055939019931,
  "column_score": 0.21374045801526717,
  "time_ms": 1358
}