{
  "sum_of_pairs": 0.941657595549105,
  "column_score": 0.3333333333333333,
  "time_ms": 321
}