{
  "sum_of_pairs": 0.8041360587671671,
  "column_score": 0.21287128712871287,
  "time_ms": 523
}