{
  "sum_of_pairs": 0.9396082032445668,
  "column_score": 0.22348484848484848,
  "time_ms": 1308
}