{
  "sum_of_pairs": 0.8510869565217392,
  "column_score": 0.39855072463768115,
  "time_ms": 73
}