{
  "sum_of_pairs": 0.9318759071117562,
  "column_score": 0.2638888888888889,
  "time_ms": 579
}