{
  "sum_of_pairs": 0.7758157286459173,
  "column_score": 0.1509433962264151,
  "time_ms": 405
}