{
  "sum_of_pairs": 0.7519480519480519,
  "column_score": 0.38636363636363635,
  "time_ms": 37
}