{
  "sum_of_pairs": 0.9202949603118689,
  "column_score": 0.23841059602649006,
  "time_ms": 507
}