{
  "sum_of_pairs": 0.9415347923681257,
  "column_score": 0.10416666666666667,
  "time_ms": 1863
}