{
  "sum_of_pairs": 0.7135097877033361,
  "column_score": 0.16666666666666666,
  "time_ms": 53
}