{
  "sum_of_pairs": 0.9394436792164065,
  "column_score": 0.22348484848484848,
  "time_ms": 558
}