{
  "sum_of_pairs": 0.9143006434643747,
  "column_score": 0.2251655629139073,
  "time_ms": 921
}