{
  "sum_of_pairs": 0.7986865218779943,
  "column_score": 0.21287128712871287,
  "time_ms": 198
}