{
  "sum_of_pairs": 0.9194761741211402,
  "column_score": 0.22137404580152673,
  "time_ms": 3343
}