{
  "sum_of_pairs": 0.9419269886634914,
  "column_score": 0.08597285067873303,
  "time_ms": 3038
}