{
  "sum_of_pairs": 0.9176170577520626,
  "column_score": 0.47540983606557374,
  "time_ms": 212
}