{
  "sum_of_pairs": 0.9292602488102196,
  "column_score": 0.059322033898305086,
  "time_ms": 380
}