{
  "sum_of_pairs": 0.8965297325826882,
  "column_score": 0.5714285714285714,
  "time_ms": 549
}