{
  "sum_of_pairs": 0.931095041322314,
  "column_score": 0.17424242424242425,
  "time_ms": 974
}