{
  "sum_of_pairs": 0.9691011766483465,
  "column_score": 0.47297297297297297,
  "time_ms": 348
}