{
  "sum_of_pairs": 0.8204089319343557,
  "column_score": 0.10476190476190476,
  "time_ms": 508
}