{
  "sum_of_pairs": 0.7315096696134106,
  "column_score": 0.06451612903225806,
  "time_ms": 769
}