{
  "sum_of_pairs": 0.7861471861471861,
  "column_score": 0.45454545454545453,
  "time_ms": 13
}