{
  "sum_of_pairs": 0.9363509917755201,
  "column_score": 0.3333333333333333,
  "time_ms": 1461
}