{
  "sum_of_pairs": 0.7729858671351006,
  "column_score": 0.19801980198019803,
  "time_ms": 332
}