{
  "sum_of_pairs": 0.931073717948718,
  "column_score": 0.18333333333333332,
  "time_ms": 1428
}