{
  "sum_of_pairs": 0.9672943459364203,
  "column_score": 0.46296296296296297,
  "time_ms": 3522
}