{
  "sum_of_pairs": 0.6259881422924901,
  "column_score": 0.05921052631578947,
  "time_ms": 90
}