{
  "sum_of_pairs": 0.8190782332804541,
  "column_score": 0.2305084745762712,
  "time_ms": 960
}