{
  "sum_of_pairs": 0.7424965361122495,
  "column_score": 0.11290322580645161,
  "time_ms": 987
}