{
  "sum_of_pairs": 0.9690870115398418,
  "column_score": 0.47297297297297297,
  "time_ms": 900
}