{
  "sum_of_pairs": 0.08080258042738088,
  "column_score": 0.00866950821712372,
  "time_ms": 18
}