{
  "sum_of_pairs": 0.11696750902527075,
  "column_score": 0.039711191335740074,
  "time_ms": 17
}