{
  "sum_of_pairs": 0.07348470038258102,
  "column_score": 0.004408935084953957,
  "time_ms": 7
}