{
  "sum_of_pairs": 0.03849033133494037,
  "column_score": 0.0007506563225065766,
  "time_ms": 7
}