{
  "sum_of_pairs": 0.07339163050858329,
  "column_score": 0.004408935084953957,
  "time_ms": 5
}