{
  "sum_of_pairs": 0.09747292418772563,
  "column_score": 0.01444043321299639,
  "time_ms": 9
}