{
  "sum_of_pairs": 0.11541471048513302,
  "column_score": 0.08450704225352113,
  "time_ms": 12
}