{
  "sum_of_pairs": 0.7635734253256409,
  "column_score": 0.4608695652173913,
  "time_ms": 5270
}