{
  "sum_of_pairs": 0.8932892671238536,
  "column_score": 0.3643724696356275,
  "time_ms": 1876
}