{
  "sum_of_pairs": 0.5238657844990549,
  "column_score": 0.17391304347826086,
  "time_ms": 25
}