{
  "sum_of_pairs": 0.6469645546021654,
  "column_score": 0.18604651162790697,
  "time_ms": 2018
}