{
  "sum_of_pairs": 0.801838090608144,
  "column_score": 0.3246753246753247,
  "time_ms": 140
}