{
  "sum_of_pairs": 0.8830095612128013,
  "column_score": 0.7222222222222222,
  "time_ms": 3482
}