{
  "sum_of_pairs": 0.641506859153918,
  "column_score": 0.24434389140271492,
  "time_ms": 715
}