{
  "sum_of_pairs": 0.904655530052901,
  "column_score": 0.6407766990291263,
  "time_ms": 3679
}