{
  "sum_of_pairs": 0.8437653061224489,
  "column_score": 0.5541666666666667,
  "time_ms": 719
}