{
  "sum_of_pairs": 0.7605131860299359,
  "column_score": 0.25217391304347825,
  "time_ms": 811
}