{
  "sum_of_pairs": 0.919441289304303,
  "column_score": 0.6917808219178082,
  "time_ms": 2766
}