{
  "sum_of_pairs": 0.6573559773559774,
  "column_score": 0.22857142857142856,
  "time_ms": 179
}