{
  "sum_of_pairs": 0.8290146135723347,
  "column_score": 0.3956043956043956,
  "time_ms": 3925
}