{
  "sum_of_pairs": 0.8825436900336964,
  "column_score": 0.7222222222222222,
  "time_ms": 4923
}