{
  "sum_of_pairs": 0.9067946623093682,
  "column_score": 0.7352941176470589,
  "time_ms": 2721
}