{
  "sum_of_pairs": 0.8836490860624524,
  "column_score": 0.7227722772277227,
  "time_ms": 1783
}