{
  "sum_of_pairs": 0.9198655226052487,
  "column_score": 0.7054794520547946,
  "time_ms": 1551
}