{
  "sum_of_pairs": 0.8372090496164127,
  "column_score": 0.20212765957446807,
  "time_ms": 4876
}