{
  "sum_of_pairs": 0.8372199161106644,
  "column_score": 0.20212765957446807,
  "time_ms": 2523
}