{
  "sum_of_pairs": 0.8843440594059406,
  "column_score": 0.7326732673267327,
  "time_ms": 884
}