{
  "sum_of_pairs": 0.8956622325043377,
  "column_score": 0.3967611336032389,
  "time_ms": 1024
}