{
  "sum_of_pairs": 0.7601774998275584,
  "column_score": 0.24347826086956523,
  "time_ms": 1573
}