{
  "sum_of_pairs": 0.6225490196078431,
  "column_score": 0.38636363636363635,
  "time_ms": 32
}