{
  "sum_of_pairs": 0.6459224646860585,
  "column_score": 0.18604651162790697,
  "time_ms": 3617
}