{
  "sum_of_pairs": 0.82834406972338,
  "column_score": 0.37362637362637363,
  "time_ms": 7490
}