{
  "sum_of_pairs": 0.6426775838540545,
  "column_score": 0.24434389140271492,
  "time_ms": 433
}