{
  "sum_of_pairs": 0.9127699055330635,
  "column_score": 0.7017543859649122,
  "time_ms": 1325
}