{
  "sum_of_pairs": 0.707260148370426,
  "column_score": 0.4418604651162791,
  "time_ms": 262
}