{
  "sum_of_pairs": 0.8179330928988932,
  "column_score": 0.4117647058823529,
  "time_ms": 284
}