{
  "sum_of_pairs": 0.54782061161294,
  "column_score": 0.16071428571428573,
  "time_ms": 7564
}