{
  "sum_of_pairs": 0.7020671834625323,
  "column_score": 0.42248062015503873,
  "time_ms": 451
}