{
  "sum_of_pairs": 0.5482397933701499,
  "column_score": 0.17857142857142858,
  "time_ms": 4403
}