{
  "sum_of_pairs": 0.783448381807313,
  "column_score": 0.4603174603174603,
  "time_ms": 1565
}