{
  "sum_of_pairs": 0.5102320801166376,
  "column_score": 0.1511627906976744,
  "time_ms": 1048
}