{
  "sum_of_pairs": 0.8049838882921589,
  "column_score": 0.06477732793522267,
  "time_ms": 485
}