{
  "sum_of_pairs": 0.6599640371656867,
  "column_score": 0.21359223300970873,
  "time_ms": 1645
}