{
  "sum_of_pairs": 0.783075372116468,
  "column_score": 0.1506849315068493,
  "time_ms": 860
}