{
  "sum_of_pairs": 0.5653691398615869,
  "column_score": 0.21739130434782608,
  "time_ms": 337
}