{
  "sum_of_pairs": 0.7378404139433551,
  "column_score": 0.20588235294117646,
  "time_ms": 666
}