{
  "sum_of_pairs": 0.5885421994884911,
  "column_score": 0.08695652173913043,
  "time_ms": 1227
}