{
  "sum_of_pairs": 0.7614972733413513,
  "column_score": 0.13186813186813187,
  "time_ms": 2118
}