{
  "sum_of_pairs": 0.7523448043184885,
  "column_score": 0.27485380116959063,
  "time_ms": 345
}