{
  "sum_of_pairs": 0.6019911603812089,
  "column_score": 0.3648461472475131,
  "time_ms": 18
}