{
  "sum_of_pairs": 0.4445430346051464,
  "column_score": 0.037267080745341616,
  "time_ms": 12
}