{
  "sum_of_pairs": 0.4990960743801653,
  "column_score": 0.29261363636363635,
  "time_ms": 64
}