{
  "sum_of_pairs": 0.35523114355231145,
  "column_score": 0.058394160583941604,
  "time_ms": 4
}