{
  "sum_of_pairs": 0.6736959761549925,
  "column_score": 0.4057377049180328,
  "time_ms": 23
}