{
  "sum_of_pairs": 0.7401444378188564,
  "column_score": 0.2441860465116279,
  "time_ms": 70
}