{
  "sum_of_pairs": 0.8138896773583121,
  "column_score": 0.4981549815498155,
  "time_ms": 29
}