{
  "sum_of_pairs": 0.829512051734274,
  "column_score": 0.7530864197530864,
  "time_ms": 5
}