{
  "sum_of_pairs": 0.7520703933747412,
  "column_score": 0.5962732919254659,
  "time_ms": 27
}