{
  "sum_of_pairs": 0.5871474803513639,
  "column_score": 0.28640776699029125,
  "time_ms": 9
}