{
  "sum_of_pairs": 0.7741379310344828,
  "column_score": 0.6379310344827587,
  "time_ms": 15
}