{
  "sum_of_pairs": 0.6313131313131313,
  "column_score": 0.06666666666666667,
  "time_ms": 9
}