{
  "sum_of_pairs": 0.6707949308755761,
  "column_score": 0.3709677419354839,
  "time_ms": 9
}