{
  "sum_of_pairs": 0.17802419354838708,
  "column_score": 0.04435483870967742,
  "time_ms": 14
}