{
  "sum_of_pairs": 0.18115942028985507,
  "column_score": 0.17391304347826086,
  "time_ms": 1
}