{
  "sum_of_pairs": 0.8915306915306915,
  "column_score": 0.6512820512820513,
  "time_ms": 27
}