{
  "sum_of_pairs": 0.8608505315822389,
  "column_score": 0.5691056910569106,
  "time_ms": 34
}