{
  "sum_of_pairs": 0.7756913396257659,
  "column_score": 0.6199701937406855,
  "time_ms": 55
}