{
  "sum_of_pairs": 0.8417293233082707,
  "column_score": 0.631578947368421,
  "time_ms": 20
}