{
  "sum_of_pairs": 0.8369759793514009,
  "column_score": 0.5859872611464968,
  "time_ms": 29
}