{
  "sum_of_pairs": 0.22425163313766538,
  "column_score": 0.06723536754810137,
  "time_ms": 13
}