{
  "sum_of_pairs": 0.24956507870136216,
  "column_score": 0.08679672219212212,
  "time_ms": 6
}