{
  "sum_of_pairs": 0.48688327316486163,
  "column_score": 0.2527075812274368,
  "time_ms": 18
}