{
  "sum_of_pairs": 0.416471048513302,
  "column_score": 0.18309859154929578,
  "time_ms": 13
}