{
  "sum_of_pairs": 0.21322537112010798,
  "column_score": 0.10121457489878542,
  "time_ms": 7
}