{
  "sum_of_pairs": 0.3651315789473684,
  "column_score": 0.013157894736842105,
  "time_ms": 11
}