{
  "sum_of_pairs": 0.49947089947089945,
  "column_score": 0.21481481481481482,
  "time_ms": 8
}