{
  "sum_of_pairs": 0.5371841155234657,
  "column_score": 0.3212996389891697,
  "time_ms": 11
}