{
  "sum_of_pairs": 0.4381898454746137,
  "column_score": 0.24503311258278146,
  "time_ms": 2
}