{
  "sum_of_pairs": 0.3380952380952381,
  "column_score": 0.18571428571428572,
  "time_ms": 3
}