{
  "sum_of_pairs": 0.384192439862543,
  "column_score": 0.13402061855670103,
  "time_ms": 21
}