{
  "sum_of_pairs": 0.6666666666666666,
  "column_score": 0.49122807017543857,
  "time_ms": 0
}