{
  "sum_of_pairs": 0.445578231292517,
  "column_score": 0.3469387755102041,
  "time_ms": 2
}