{
  "sum_of_pairs": 0.5701754385964912,
  "column_score": 0.3508771929824561,
  "time_ms": 2
}