{
  "sum_of_pairs": 0.3605577689243028,
  "column_score": 0.23107569721115537,
  "time_ms": 7
}