{
  "sum_of_pairs": 0.544989663801545,
  "column_score": 0.33663366336633666,
  "time_ms": 36
}