{
  "sum_of_pairs": 0.3980829420970266,
  "column_score": 0.15492957746478872,
  "time_ms": 37
}