{
  "sum_of_pairs": 0.399070385126162,
  "column_score": 0.26693227091633465,
  "time_ms": 3
}