{
  "sum_of_pairs": 0.27462887989203777,
  "column_score": 0.145748987854251,
  "time_ms": 4
}