{
  "sum_of_pairs": 0.3251700680272109,
  "column_score": 0.18571428571428572,
  "time_ms": 6
}