{
  "sum_of_pairs": 0.24877902227468277,
  "column_score": 0.08787478629529126,
  "time_ms": 6
}