{
  "sum_of_pairs": 0.22388016047498888,
  "column_score": 0.07105072607576166,
  "time_ms": 12
}