{
  "sum_of_pairs": 0.40733104238258877,
  "column_score": 0.10309278350515463,
  "time_ms": 23
}