{
  "sum_of_pairs": 0.5982339955849889,
  "column_score": 0.47019867549668876,
  "time_ms": 2
}