{
  "sum_of_pairs": 0.47316486161251503,
  "column_score": 0.3249097472924188,
  "time_ms": 29
}