{
  "sum_of_pairs": 0.5633772168425634,
  "column_score": 0.36633663366336633,
  "time_ms": 63
}