{
  "sum_of_pairs": 0.255050505050505,
  "column_score": 0.1717171717171717,
  "time_ms": 2
}