{
  "sum_of_pairs": 0.19163292847503374,
  "column_score": 0.07692307692307693,
  "time_ms": 4
}