{
  "sum_of_pairs": 0.37649402390438247,
  "column_score": 0.1952191235059761,
  "time_ms": 11
}