{
  "sum_of_pairs": 0.4215349369988545,
  "column_score": 0.10309278350515463,
  "time_ms": 12
}