{
  "sum_of_pairs": 0.41455026455026456,
  "column_score": 0.22962962962962963,
  "time_ms": 8
}