{
  "sum_of_pairs": 0.5432009626955475,
  "column_score": 0.45126353790613716,
  "time_ms": 10
}