{
  "sum_of_pairs": 0.3858082706766917,
  "column_score": 0.23684210526315788,
  "time_ms": 10
}