{
  "sum_of_pairs": 0.38862433862433865,
  "column_score": 0.2074074074074074,
  "time_ms": 13
}