{
  "sum_of_pairs": 0.5708845609835709,
  "column_score": 0.39603960396039606,
  "time_ms": 36
}