{
  "sum_of_pairs": 0.17586206896551723,
  "column_score": 0.059113300492610835,
  "time_ms": 6
}