{
  "sum_of_pairs": 0.39473684210526316,
  "column_score": 0.10526315789473684,
  "time_ms": 1
}