{
  "sum_of_pairs": 0.5408388520971302,
  "column_score": 0.3841059602649007,
  "time_ms": 3
}