{
  "sum_of_pairs": 0.41832669322709165,
  "column_score": 0.2549800796812749,
  "time_ms": 3
}