{
  "sum_of_pairs": 0.336734693877551,
  "column_score": 0.2714285714285714,
  "time_ms": 3
}