{
  "sum_of_pairs": 0.13793103448275862,
  "column_score": 0.0049261083743842365,
  "time_ms": 10
}