{
  "sum_of_pairs": 0.4211658841940532,
  "column_score": 0.1267605633802817,
  "time_ms": 21
}