{
  "sum_of_pairs": 0.14777327935222673,
  "column_score": 0.05668016194331984,
  "time_ms": 6
}