{
  "sum_of_pairs": 0.2281144781144781,
  "column_score": 0.1717171717171717,
  "time_ms": 4
}