{
  "sum_of_pairs": 0.4272300469483568,
  "column_score": 0.13380281690140844,
  "time_ms": 13
}