{
  "sum_of_pairs": 0.15579423934878642,
  "column_score": 0.042065124917989395,
  "time_ms": 29
}