{
  "sum_of_pairs": 0.12380753484447427,
  "column_score": 0.01772640142272261,
  "time_ms": 9
}