{
  "sum_of_pairs": 0.1558304122552794,
  "column_score": 0.042065124917989395,
  "time_ms": 13
}