{
  "sum_of_pairs": 0.206401766004415,
  "column_score": 0.019867549668874173,
  "time_ms": 2
}