{
  "sum_of_pairs": 0.32894736842105265,
  "column_score": 0.19736842105263158,
  "time_ms": 5
}