{
  "sum_of_pairs": 0.35529100529100527,
  "column_score": 0.14814814814814814,
  "time_ms": 17
}