{
  "sum_of_pairs": 0.12542087542087543,
  "column_score": 0.045454545454545456,
  "time_ms": 3
}