{
  "sum_of_pairs": 0.26040914560770156,
  "column_score": 0.07942238267148015,
  "time_ms": 15
}