{
  "sum_of_pairs": 0.29931972789115646,
  "column_score": 0.24489795918367346,
  "time_ms": 5
}