{
  "sum_of_pairs": 0.11740890688259109,
  "column_score": 0.016194331983805668,
  "time_ms": 4
}