{
  "sum_of_pairs": 0.31772486772486774,
  "column_score": 0.1259259259259259,
  "time_ms": 12
}