{
  "sum_of_pairs": 0.1750841750841751,
  "column_score": 0.08585858585858586,
  "time_ms": 18
}