{
  "sum_of_pairs": 0.14699792960662525,
  "column_score": 0.014492753623188406,
  "time_ms": 76
}