{
  "sum_of_pairs": 0.31860902255639095,
  "column_score": 0.19736842105263158,
  "time_ms": 11
}