{
  "sum_of_pairs": 0.16114790286975716,
  "column_score": 0.013245033112582781,
  "time_ms": 2
}