{
  "sum_of_pairs": 0.3265944645006017,
  "column_score": 0.10108303249097472,
  "time_ms": 20
}