{
  "sum_of_pairs": 0.18083670715249664,
  "column_score": 0.044534412955465584,
  "time_ms": 3
}