{
  "sum_of_pairs": 0.33212996389891697,
  "column_score": 0.10108303249097472,
  "time_ms": 7
}