{
  "sum_of_pairs": 0.24489795918367346,
  "column_score": 0.16326530612244897,
  "time_ms": 1
}