{
  "sum_of_pairs": 0.3108108108108108,
  "column_score": 0.21621621621621623,
  "time_ms": 2
}