{
  "sum_of_pairs": 0.31341301460823373,
  "column_score": 0.20717131474103587,
  "time_ms": 18
}