{
  "sum_of_pairs": 0.25510204081632654,
  "column_score": 0.16326530612244897,
  "time_ms": 0
}