{
  "sum_of_pairs": 0.18265993265993266,
  "column_score": 0.08585858585858586,
  "time_ms": 2
}