{
  "sum_of_pairs": 0.1145602802226097,
  "column_score": 0.02026715687667915,
  "time_ms": 9
}