{
  "sum_of_pairs": 0.14414253564401167,
  "column_score": 0.02577945656759119,
  "time_ms": 4
}