{
  "sum_of_pairs": 0.42465455336742464,
  "column_score": 0.2376237623762376,
  "time_ms": 23
}