{
  "sum_of_pairs": 0.12121212121212122,
  "column_score": 0.010101010101010102,
  "time_ms": 2
}