{
  "sum_of_pairs": 0.3694344163658243,
  "column_score": 0.13357400722021662,
  "time_ms": 9
}