{
  "sum_of_pairs": 0.3131167268351384,
  "column_score": 0.09025270758122744,
  "time_ms": 11
}