{
  "sum_of_pairs": 0.22775564409030544,
  "column_score": 0.11155378486055777,
  "time_ms": 5
}