{
  "sum_of_pairs": 0.18690958164642374,
  "column_score": 0.10931174089068826,
  "time_ms": 3
}