{
  "sum_of_pairs": 0.08569500674763833,
  "column_score": 0.05263157894736842,
  "time_ms": 5
}