{
  "sum_of_pairs": 0.3353253652058433,
  "column_score": 0.17131474103585656,
  "time_ms": 2
}