{
  "sum_of_pairs": 0.2639175257731959,
  "column_score": 0.13402061855670103,
  "time_ms": 13
}