{
  "sum_of_pairs": 0.3333333333333333,
  "column_score": 0.1836734693877551,
  "time_ms": 3
}