{
  "sum_of_pairs": 0.30630011454753725,
  "column_score": 0.13402061855670103,
  "time_ms": 8
}