{
  "sum_of_pairs": 0.40115330214340117,
  "column_score": 0.19801980198019803,
  "time_ms": 40
}