{
  "sum_of_pairs": 0.41057899447982216,
  "column_score": 0.06570385710398807,
  "time_ms": 367
}