{
  "sum_of_pairs": 0.4105789944798222,
  "column_score": 0.06570385710398807,
  "time_ms": 377
}