{
  "sum_of_pairs": 0.44166310318739516,
  "column_score": 0.12871287128712872,
  "time_ms": 857
}