{
  "sum_of_pairs": 0.5525727069351231,
  "column_score": 0.14093959731543623,
  "time_ms": 34
}