{
  "sum_of_pairs": 0.3539261132181486,
  "column_score": 0.11504424778761062,
  "time_ms": 416
}