{
  "sum_of_pairs": 0.5677113010446344,
  "column_score": 0.30864197530864196,
  "time_ms": 123
}