{
  "sum_of_pairs": 0.42011922503725785,
  "column_score": 0.17008196721311475,
  "time_ms": 112
}