{
  "sum_of_pairs": 0.2634837531632688,
  "column_score": 0.07394617288296969,
  "time_ms": 25
}