{
  "sum_of_pairs": 0.2634837531632689,
  "column_score": 0.0739461728829697,
  "time_ms": 26
}