{
  "sum_of_pairs": 0.30537335188497977,
  "column_score": 0.05813953488372093,
  "time_ms": 78
}