{
  "sum_of_pairs": 0.40569266798774994,
  "column_score": 0.22824716267339218,
  "time_ms": 51
}