{
  "sum_of_pairs": 0.16973886328725038,
  "column_score": 0.07373271889400922,
  "time_ms": 12
}