{
  "sum_of_pairs": 0.35268256333830106,
  "column_score": 0.12295081967213115,
  "time_ms": 29
}