{
  "sum_of_pairs": 0.4449106449106449,
  "column_score": 0.08717948717948718,
  "time_ms": 49
}