{
  "sum_of_pairs": 0.10341365461847389,
  "column_score": 0.1746987951807229,
  "time_ms": 5
}