{
  "sum_of_pairs": 0.3947796509908311,
  "column_score": 0.2028985507246377,
  "time_ms": 33
}