{
  "sum_of_pairs": 0.5042408383118538,
  "column_score": 0.2999245345988279,
  "time_ms": 32
}