{
  "sum_of_pairs": 0.504240838311854,
  "column_score": 0.2999245345988278,
  "time_ms": 34
}