{
  "sum_of_pairs": 0.5886162510056315,
  "column_score": 0.2588495575221239,
  "time_ms": 51
}