{
  "sum_of_pairs": 0.7527924750146973,
  "column_score": 0.7345679012345679,
  "time_ms": 9
}