{
  "sum_of_pairs": 0.564921620822242,
  "column_score": 0.34782608695652173,
  "time_ms": 19
}