{
  "sum_of_pairs": 0.42378048780487804,
  "column_score": 0.3719512195121951,
  "time_ms": 22
}