{
  "sum_of_pairs": 0.45290977961432505,
  "column_score": 0.20454545454545456,
  "time_ms": 95
}