{
  "sum_of_pairs": 0.6755754263950985,
  "column_score": 0.40536512667660207,
  "time_ms": 74
}