{
  "sum_of_pairs": 0.6757830404889228,
  "column_score": 0.2714285714285714,
  "time_ms": 156
}