{
  "sum_of_pairs": 0.5513293594474407,
  "column_score": 0.14760147601476015,
  "time_ms": 45
}