{
  "sum_of_pairs": 0.5416666666666666,
  "column_score": 0.43452380952380953,
  "time_ms": 18
}