{
  "sum_of_pairs": 0.6327105280593652,
  "column_score": 0.29069767441860467,
  "time_ms": 77
}