{
  "sum_of_pairs": 0.8061383061383062,
  "column_score": 0.6923076923076923,
  "time_ms": 43
}