{
  "sum_of_pairs": 0.25142857142857145,
  "column_score": 0.2857142857142857,
  "time_ms": 6
}