{
  "sum_of_pairs": 0.4733436312371154,
  "column_score": 0.12046771688442948,
  "time_ms": 62
}