{
  "sum_of_pairs": 0.7845640074211503,
  "column_score": 0.5885714285714285,
  "time_ms": 23
}