{
  "sum_of_pairs": 0.38300966319542173,
  "column_score": 0.10526315789473684,
  "time_ms": 49
}