{
  "sum_of_pairs": 0.7836616297895305,
  "column_score": 0.5619266055045872,
  "time_ms": 50
}