{
  "sum_of_pairs": 0.6241847193105055,
  "column_score": 0.22916666666666666,
  "time_ms": 237
}