{
  "sum_of_pairs": 0.8662818662818663,
  "column_score": 0.2727272727272727,
  "time_ms": 43
}