{
  "sum_of_pairs": 0.8861392698602001,
  "column_score": 0.5697674418604651,
  "time_ms": 60
}