{
  "sum_of_pairs": 0.5675287356321839,
  "column_score": 0.42528735632183906,
  "time_ms": 17
}