{
  "sum_of_pairs": 0.13489796805292203,
  "column_score": 0.03365158904374709,
  "time_ms": 15
}