{
  "sum_of_pairs": 0.2322095907353762,
  "column_score": 0.06808382116764668,
  "time_ms": 7
}