{
  "sum_of_pairs": 0.3126847341909163,
  "column_score": 0.03184713375796178,
  "time_ms": 22
}