{
  "sum_of_pairs": 0.35595333869670154,
  "column_score": 0.17920353982300885,
  "time_ms": 15
}