{
  "sum_of_pairs": 0.09193548387096774,
  "column_score": 0.012096774193548387,
  "time_ms": 11
}