{
  "sum_of_pairs": 0.16834677419354838,
  "column_score": 0.0967741935483871,
  "time_ms": 7
}