{
  "sum_of_pairs": 0.4977077787636794,
  "column_score": 0.35403726708074534,
  "time_ms": 13
}