{
  "sum_of_pairs": 0.3294254015565491,
  "column_score": 0.14157973174366617,
  "time_ms": 43
}