{
  "sum_of_pairs": 0.1152073732718894,
  "column_score": 0.05069124423963134,
  "time_ms": 1
}