{
  "sum_of_pairs": 0.2513060709782021,
  "column_score": 0.11349306431273644,
  "time_ms": 63
}