{
  "sum_of_pairs": 0.3920398009950249,
  "column_score": 0.3194029850746269,
  "time_ms": 13
}