{
  "sum_of_pairs": 0.2692533803644915,
  "column_score": 0.11728395061728394,
  "time_ms": 4
}