{
  "sum_of_pairs": 0.38240857503152587,
  "column_score": 0.19293820933165196,
  "time_ms": 21
}