{
  "sum_of_pairs": 0.5778953556731334,
  "column_score": 0.17901234567901234,
  "time_ms": 2
}