{
  "sum_of_pairs": 0.6201970443349754,
  "column_score": 0.5591133004926109,
  "time_ms": 7
}