{
  "sum_of_pairs": 0.5297852184859337,
  "column_score": 0.16187075418716826,
  "time_ms": 148
}