{
  "sum_of_pairs": 0.8765846383296048,
  "column_score": 0.785234899328859,
  "time_ms": 19
}