{
  "sum_of_pairs": 0.5131520119225037,
  "column_score": 0.18442622950819673,
  "time_ms": 48
}