{
  "sum_of_pairs": 0.6517683604053867,
  "column_score": 0.09183673469387756,
  "time_ms": 417
}