{
  "sum_of_pairs": 0.7170168404170008,
  "column_score": 0.3953488372093023,
  "time_ms": 163
}