{
  "sum_of_pairs": 0.5018668401021342,
  "column_score": 0.06756756756756757,
  "time_ms": 181
}