{
  "sum_of_pairs": 0.5848670756646217,
  "column_score": 0.1656441717791411,
  "time_ms": 55
}