{
  "sum_of_pairs": 0.7531779115845814,
  "column_score": 0.3937007874015748,
  "time_ms": 40
}