{
  "sum_of_pairs": 0.6318067820996864,
  "column_score": 0.1954806971382655,
  "time_ms": 130
}