{
  "sum_of_pairs": 0.6938349007314525,
  "column_score": 0.46839080459770116,
  "time_ms": 34
}