{
  "sum_of_pairs": 0.6362724014336918,
  "column_score": 0.14838709677419354,
  "time_ms": 30
}