{
  "sum_of_pairs": 0.7725901549430961,
  "column_score": 0.36538461538461536,
  "time_ms": 244
}