{
  "sum_of_pairs": 0.734704641350211,
  "column_score": 0.5126582278481012,
  "time_ms": 18
}