{
  "sum_of_pairs": 0.7768670309653917,
  "column_score": 0.6065573770491803,
  "time_ms": 4
}