{
  "sum_of_pairs": 0.6038961038961039,
  "column_score": 0.10204081632653061,
  "time_ms": 27
}