{
  "sum_of_pairs": 0.8823953823953824,
  "column_score": 0.25757575757575757,
  "time_ms": 93
}