{
  "sum_of_pairs": 0.8325519427954668,
  "column_score": 0.6055045871559633,
  "time_ms": 90
}