{
  "sum_of_pairs": 0.7688172043010753,
  "column_score": 0.18699186991869918,
  "time_ms": 105
}