{
  "sum_of_pairs": 0.7037037037037037,
  "column_score": 0.5166666666666667,
  "time_ms": 11
}