{
  "sum_of_pairs": 0.5536635706914345,
  "column_score": 0.19736842105263158,
  "time_ms": 108
}