{
  "sum_of_pairs": 0.6792852537533388,
  "column_score": 0.15602836879432624,
  "time_ms": 54
}