{
  "sum_of_pairs": 0.8582171178561663,
  "column_score": 0.6918238993710691,
  "time_ms": 138
}