{
  "sum_of_pairs": 0.2687074829931973,
  "column_score": 0.16326530612244897,
  "time_ms": 1
}