{
  "sum_of_pairs": 0.26156022195626155,
  "column_score": 0.0891089108910891,
  "time_ms": 45
}