{
  "sum_of_pairs": 0.44260485651214126,
  "column_score": 0.2185430463576159,
  "time_ms": 3
}