{
  "sum_of_pairs": 0.14271961492178098,
  "column_score": 0.021660649819494584,
  "time_ms": 15
}