{
  "sum_of_pairs": 0.7618319895106653,
  "column_score": 0.3768351146728726,
  "time_ms": 468
}