{
  "sum_of_pairs": 0.7702023534098866,
  "column_score": 0.3978290913991652,
  "time_ms": 279
}