{
  "sum_of_pairs": 0.902867247694834,
  "column_score": 0.24175824175824176,
  "time_ms": 160
}