{
  "sum_of_pairs": 0.5991397849462365,
  "column_score": 0.2709677419354839,
  "time_ms": 54
}