{
  "sum_of_pairs": 0.7588477366255144,
  "column_score": 0.6049382716049383,
  "time_ms": 36
}