{
  "sum_of_pairs": 0.5468899521531101,
  "column_score": 0.07894736842105263,
  "time_ms": 6
}