{
  "sum_of_pairs": 0.9018321028165163,
  "column_score": 0.7515723270440252,
  "time_ms": 501
}