{
  "sum_of_pairs": 0.5287081339712919,
  "column_score": 0.07894736842105263,
  "time_ms": 16
}