{
  "sum_of_pairs": 0.8777864784607249,
  "column_score": 0.2980769230769231,
  "time_ms": 3181
}