{
  "sum_of_pairs": 0.7694235588972431,
  "column_score": 0.5238095238095238,
  "time_ms": 90
}