{
  "sum_of_pairs": 0.9287473016729627,
  "column_score": 0.7889908256880734,
  "time_ms": 293
}