{
  "sum_of_pairs": 0.937558644147314,
  "column_score": 0.5357142857142857,
  "time_ms": 216
}