{
  "sum_of_pairs": 0.6093189964157706,
  "column_score": 0.27419354838709675,
  "time_ms": 30
}