{
  "sum_of_pairs": 0.9921818061352945,
  "column_score": 0.9534883720930233,
  "time_ms": 271
}