{
  "sum_of_pairs": 0.6963199072732541,
  "column_score": 0.22058823529411764,
  "time_ms": 434
}