{
  "sum_of_pairs": 0.8624154589371981,
  "column_score": 0.43333333333333335,
  "time_ms": 348
}