{
  "sum_of_pairs": 0.8688040912667191,
  "column_score": 0.6341463414634146,
  "time_ms": 259
}