{
  "sum_of_pairs": 0.8035963079066527,
  "column_score": 0.6264367816091954,
  "time_ms": 66
}