{
  "sum_of_pairs": 0.9409600046915317,
  "column_score": 0.5773809523809523,
  "time_ms": 114
}