{
  "sum_of_pairs": 0.587749528577931,
  "column_score": 0.21301775147928995,
  "time_ms": 31
}