{
  "sum_of_pairs": 0.8694761342774718,
  "column_score": 0.6341463414634146,
  "time_ms": 144
}