{
  "sum_of_pairs": 0.864927536231884,
  "column_score": 0.43333333333333335,
  "time_ms": 190
}