{
  "sum_of_pairs": 0.7623646343272511,
  "column_score": 0.4672897196261682,
  "time_ms": 924
}