{
  "sum_of_pairs": 0.8847953517071164,
  "column_score": 0.5576923076923077,
  "time_ms": 925
}