{
  "sum_of_pairs": 0.7781921380992588,
  "column_score": 0.4473684210526316,
  "time_ms": 168
}