{
  "sum_of_pairs": 0.7998084291187739,
  "column_score": 0.5517241379310345,
  "time_ms": 112
}