{
  "sum_of_pairs": 0.9042061302110522,
  "column_score": 0.7610062893081762,
  "time_ms": 250
}