{
  "sum_of_pairs": 0.7498424700693131,
  "column_score": 0.6086956521739131,
  "time_ms": 47
}