{
  "sum_of_pairs": 0.7030570849029267,
  "column_score": 0.22058823529411764,
  "time_ms": 207
}