{
  "sum_of_pairs": 0.7591367359798362,
  "column_score": 0.6304347826086957,
  "time_ms": 24
}