{
  "sum_of_pairs": 0.8025355596784168,
  "column_score": 0.6163265306122448,
  "time_ms": 31
}