{
  "sum_of_pairs": 0.8680113636363637,
  "column_score": 0.6647727272727273,
  "time_ms": 86
}