{
  "sum_of_pairs": 0.699317738791423,
  "column_score": 0.4861111111111111,
  "time_ms": 170
}