{
  "sum_of_pairs": 0.7596153846153846,
  "column_score": 0.4807692307692308,
  "time_ms": 113
}