{
  "sum_of_pairs": 0.7610229276895943,
  "column_score": 0.4523809523809524,
  "time_ms": 182
}