{
  "sum_of_pairs": 0.7269552430842754,
  "column_score": 0.3870967741935484,
  "time_ms": 678
}