{
  "sum_of_pairs": 0.9321788376426742,
  "column_score": 0.65625,
  "time_ms": 1052
}