{
  "sum_of_pairs": 0.8619937981640109,
  "column_score": 0.5531914893617021,
  "time_ms": 72
}