{
  "sum_of_pairs": 0.7733324530710152,
  "column_score": 0.14814814814814814,
  "time_ms": 760
}