{
  "sum_of_pairs": 0.8648863636363636,
  "column_score": 0.6534090909090909,
  "time_ms": 190
}