{
  "sum_of_pairs": 0.763061860258122,
  "column_score": 0.4766355140186916,
  "time_ms": 471
}