{
  "sum_of_pairs": 0.855669153541494,
  "column_score": 0.48936170212765956,
  "time_ms": 170
}