{
  "sum_of_pairs": 0.7064814814814815,
  "column_score": 0.26666666666666666,
  "time_ms": 7
}