{
  "sum_of_pairs": 0.9299963251922208,
  "column_score": 0.509375,
  "time_ms": 3544
}