{
  "sum_of_pairs": 0.9324575013491635,
  "column_score": 0.7981651376146789,
  "time_ms": 138
}