{
  "sum_of_pairs": 0.7609053497942386,
  "column_score": 0.6111111111111112,
  "time_ms": 20
}