{
  "sum_of_pairs": 0.5682424084790949,
  "column_score": 0.20118343195266272,
  "time_ms": 57
}