{
  "sum_of_pairs": 0.7773477812177503,
  "column_score": 0.4342105263157895,
  "time_ms": 321
}