{
  "sum_of_pairs": 0.8908371040723982,
  "column_score": 0.6105769230769231,
  "time_ms": 537
}