{
  "sum_of_pairs": 0.795856524427953,
  "column_score": 0.5795918367346938,
  "time_ms": 55
}