{
  "sum_of_pairs": 0.8894278135657446,
  "column_score": 0.7862068965517242,
  "time_ms": 30
}