{
  "sum_of_pairs": 0.6791666666666667,
  "column_score": 0.26666666666666666,
  "time_ms": 26
}