{
  "sum_of_pairs": 0.9042918985776128,
  "column_score": 0.6685714285714286,
  "time_ms": 131
}