{
  "sum_of_pairs": 0.7283337928499218,
  "column_score": 0.3870967741935484,
  "time_ms": 353
}