{
  "sum_of_pairs": 0.8586497890295358,
  "column_score": 0.5189873417721519,
  "time_ms": 16
}