{
  "sum_of_pairs": 0.8974611595301251,
  "column_score": 0.2087912087912088,
  "time_ms": 281
}