{
  "sum_of_pairs": 0.9173789173789174,
  "column_score": 0.7407407407407407,
  "time_ms": 54
}