{
  "sum_of_pairs": 0.7084848445622873,
  "column_score": 0.3555090368292479,
  "time_ms": 1377
}