{
  "sum_of_pairs": 0.7053328573050367,
  "column_score": 0.34584061934486654,
  "time_ms": 2383
}