{
  "sum_of_pairs": 0.5996773345443247,
  "column_score": 0.16279069767441862,
  "time_ms": 2284
}