{
  "sum_of_pairs": 0.7765327695560253,
  "column_score": 0.5294117647058824,
  "time_ms": 301
}