{
  "sum_of_pairs": 0.4887074829931973,
  "column_score": 0.14285714285714285,
  "time_ms": 31
}