{
  "sum_of_pairs": 0.8894706778370145,
  "column_score": 0.6732673267326733,
  "time_ms": 1915
}