{
  "sum_of_pairs": 0.9007452697678262,
  "column_score": 0.41700404858299595,
  "time_ms": 2496
}