{
  "sum_of_pairs": 0.858218201369895,
  "column_score": 0.5912698412698413,
  "time_ms": 4142
}