{
  "sum_of_pairs": 0.7673575300261957,
  "column_score": 0.43956043956043955,
  "time_ms": 5123
}