{
  "sum_of_pairs": 0.9331971677559913,
  "column_score": 0.7941176470588235,
  "time_ms": 1838
}