{
  "sum_of_pairs": 0.6465495289024701,
  "column_score": 0.24675324675324675,
  "time_ms": 191
}