{
  "sum_of_pairs": 0.8132800532800533,
  "column_score": 0.42857142857142855,
  "time_ms": 288
}