{
  "sum_of_pairs": 0.8943699139592257,
  "column_score": 0.5922330097087378,
  "time_ms": 7662
}