{
  "sum_of_pairs": 0.7177332471450119,
  "column_score": 0.3031674208144796,
  "time_ms": 485
}