{
  "sum_of_pairs": 0.9354082321187585,
  "column_score": 0.7894736842105263,
  "time_ms": 1378
}