{
  "sum_of_pairs": 0.6751732829237556,
  "column_score": 0.2826086956521739,
  "time_ms": 34
}