{
  "sum_of_pairs": 0.9285531819778395,
  "column_score": 0.7191780821917808,
  "time_ms": 1906
}