{
  "sum_of_pairs": 0.3827922077922078,
  "column_score": 0.13636363636363635,
  "time_ms": 79
}