{
  "sum_of_pairs": 0.6496457447695257,
  "column_score": 0.20155038759689922,
  "time_ms": 511
}