{
  "sum_of_pairs": 0.5992674299098927,
  "column_score": 0.16279069767441862,
  "time_ms": 3945
}