{
  "sum_of_pairs": 0.6527715262148871,
  "column_score": 0.2248062015503876,
  "time_ms": 282
}