{
  "sum_of_pairs": 0.8315293728827563,
  "column_score": 0.5164835164835165,
  "time_ms": 898
}