{
  "sum_of_pairs": 0.5373205741626794,
  "column_score": 0.22727272727272727,
  "time_ms": 18
}