{
  "sum_of_pairs": 0.5657894736842105,
  "column_score": 0.22727272727272727,
  "time_ms": 9
}