{
  "sum_of_pairs": 0.48072562358276644,
  "column_score": 0.14285714285714285,
  "time_ms": 56
}