{
  "sum_of_pairs": 0.9027117243658597,
  "column_score": 0.4251012145748988,
  "time_ms": 1308
}