{
  "sum_of_pairs": 0.6818683049779458,
  "column_score": 0.32608695652173914,
  "time_ms": 18
}