{
  "sum_of_pairs": 0.8946046543026525,
  "column_score": 0.6116504854368932,
  "time_ms": 4552
}