{
  "sum_of_pairs": 0.9359367971210076,
  "column_score": 0.8011695906432749,
  "time_ms": 848
}