{
  "sum_of_pairs": 0.8906797410510282,
  "column_score": 0.693069306930693,
  "time_ms": 1117
}