{
  "sum_of_pairs": 0.7152481505422682,
  "column_score": 0.29411764705882354,
  "time_ms": 851
}