{
  "sum_of_pairs": 0.5503802959601581,
  "column_score": 0.17857142857142858,
  "time_ms": 5447
}