{
  "sum_of_pairs": 0.7778261410272355,
  "column_score": 0.5411764705882353,
  "time_ms": 169
}