{
  "sum_of_pairs": 0.9273876808123384,
  "column_score": 0.678082191780822,
  "time_ms": 3195
}