{
  "sum_of_pairs": 0.7298921665555377,
  "column_score": 0.3565217391304348,
  "time_ms": 2002
}