{
  "sum_of_pairs": 0.8379115646258504,
  "column_score": 0.6291666666666667,
  "time_ms": 858
}