{
  "sum_of_pairs": 0.5499325741684148,
  "column_score": 0.17857142857142858,
  "time_ms": 8988
}