{
  "sum_of_pairs": 0.857859196697825,
  "column_score": 0.5873015873015873,
  "time_ms": 5941
}