{
  "sum_of_pairs": 0.7323845216471616,
  "column_score": 0.391304347826087,
  "time_ms": 1087
}