{
  "sum_of_pairs": 0.5315476834448423,
  "column_score": 0.12883590347791687,
  "time_ms": 129
}