{
  "sum_of_pairs": 0.5150894187779433,
  "column_score": 0.24385245901639344,
  "time_ms": 43
}