{
  "sum_of_pairs": 0.6785458433573911,
  "column_score": 0.42790697674418604,
  "time_ms": 145
}