{
  "sum_of_pairs": 0.41943483025320893,
  "column_score": 0.05125423362277885,
  "time_ms": 262
}