{
  "sum_of_pairs": 0.35842293906810035,
  "column_score": 0.06129032258064516,
  "time_ms": 37
}