{
  "sum_of_pairs": 0.4625130616509927,
  "column_score": 0.03735632183908046,
  "time_ms": 49
}