{
  "sum_of_pairs": 0.6282386363636364,
  "column_score": 0.23863636363636365,
  "time_ms": 101
}