{
  "sum_of_pairs": 0.95487974557742,
  "column_score": 0.7093023255813954,
  "time_ms": 147
}