{
  "sum_of_pairs": 0.626219087425984,
  "column_score": 0.22701149425287356,
  "time_ms": 43
}