{
  "sum_of_pairs": 0.5292599838100378,
  "column_score": 0.016055045871559634,
  "time_ms": 125
}