{
  "sum_of_pairs": 0.32181069958847736,
  "column_score": 0.1728395061728395,
  "time_ms": 23
}