{
  "sum_of_pairs": 0.5117033831628639,
  "column_score": 0.08943089430894309,
  "time_ms": 154
}