{
  "sum_of_pairs": 0.46923433580429247,
  "column_score": 0.005820521076497894,
  "time_ms": 525
}