{
  "sum_of_pairs": 0.7518343815513627,
  "column_score": 0.013888888888888888,
  "time_ms": 443
}