{
  "sum_of_pairs": 0.283236186521878,
  "column_score": 0.024752475247524754,
  "time_ms": 371
}