{
  "sum_of_pairs": 0.4937731842524833,
  "column_score": 0.015809291789349377,
  "time_ms": 1770
}