{
  "sum_of_pairs": 0.6835357624831309,
  "column_score": 0.023391812865497075,
  "time_ms": 1347
}