{
  "sum_of_pairs": 0.5507499416984768,
  "column_score": 0.13592233009708737,
  "time_ms": 6540
}