{
  "sum_of_pairs": 0.4407705729104424,
  "column_score": 0.16279069767441862,
  "time_ms": 5326
}