{
  "sum_of_pairs": 0.42895400126023947,
  "column_score": 0.15217391304347827,
  "time_ms": 36
}