{
  "sum_of_pairs": 0.46971431306371625,
  "column_score": 0.002173913043478261,
  "time_ms": 814
}