{
  "sum_of_pairs": 0.6056238185255198,
  "column_score": 0.06521739130434782,
  "time_ms": 21
}