{
  "sum_of_pairs": 0.48607871061512403,
  "column_score": 0.014611967487123616,
  "time_ms": 1596
}