{
  "sum_of_pairs": 0.4775152344235792,
  "column_score": 0.12941176470588237,
  "time_ms": 334
}