{
  "sum_of_pairs": 0.46486101211689235,
  "column_score": 0.17391304347826086,
  "time_ms": 933
}