{
  "sum_of_pairs": 0.8337887067395264,
  "column_score": 0.6885245901639344,
  "time_ms": 7
}