{
  "sum_of_pairs": 0.37471572449642626,
  "column_score": 0.16666666666666666,
  "time_ms": 87
}