{
  "sum_of_pairs": 0.9444775723845491,
  "column_score": 0.6395348837209303,
  "time_ms": 164
}