{
  "sum_of_pairs": 0.9238909238909239,
  "column_score": 0.7037037037037037,
  "time_ms": 33
}