{
  "sum_of_pairs": 0.7883712121212121,
  "column_score": 0.32954545454545453,
  "time_ms": 121
}