{
  "sum_of_pairs": 0.8791085457752125,
  "column_score": 0.3181818181818182,
  "time_ms": 154
}