{
  "sum_of_pairs": 0.851314581694204,
  "column_score": 0.4878048780487805,
  "time_ms": 205
}