{
  "sum_of_pairs": 0.8618676561533705,
  "column_score": 0.4857142857142857,
  "time_ms": 85
}