{
  "sum_of_pairs": 0.842940501888829,
  "column_score": 0.5986238532110092,
  "time_ms": 164
}