{
  "sum_of_pairs": 0.7218706047819972,
  "column_score": 0.5189873417721519,
  "time_ms": 40
}