{
  "sum_of_pairs": 0.6890020898641588,
  "column_score": 0.3132183908045977,
  "time_ms": 69
}