{
  "sum_of_pairs": 0.7593608498780913,
  "column_score": 0.5919540229885057,
  "time_ms": 100
}