{
  "sum_of_pairs": 0.7442667626491156,
  "column_score": 0.4326923076923077,
  "time_ms": 518
}