{
  "sum_of_pairs": 0.5058090789316085,
  "column_score": 0.21212121212121213,
  "time_ms": 59
}