{
  "sum_of_pairs": 0.6440329218106996,
  "column_score": 0.43209876543209874,
  "time_ms": 30
}