{
  "sum_of_pairs": 0.7929749103942653,
  "column_score": 0.5645161290322581,
  "time_ms": 46
}