{
  "sum_of_pairs": 0.8882152330428192,
  "column_score": 0.31868131868131866,
  "time_ms": 198
}