{
  "sum_of_pairs": 0.3818543452224533,
  "column_score": 0.0463153494065149,
  "time_ms": 339
}