{
  "sum_of_pairs": 0.7602831594634873,
  "column_score": 0.2520491803278688,
  "time_ms": 66
}