{
  "sum_of_pairs": 0.6911342439380143,
  "column_score": 0.016106014340552508,
  "time_ms": 320
}