{
  "sum_of_pairs": 0.9476818438326057,
  "column_score": 0.41203703703703703,
  "time_ms": 1446
}