{
  "sum_of_pairs": 0.7024964515321032,
  "column_score": 0.17288135593220338,
  "time_ms": 403
}