{
  "sum_of_pairs": 0.5922096131829231,
  "column_score": 0.1058623015146262,
  "time_ms": 1378
}