{
  "sum_of_pairs": 0.6048315688686546,
  "column_score": 0.14764492892012232,
  "time_ms": 746
}