{
  "sum_of_pairs": 0.7049426039374294,
  "column_score": 0.09565217391304348,
  "time_ms": 3380
}