{
  "sum_of_pairs": 0.7851770753998477,
  "column_score": 0.13861386138613863,
  "time_ms": 1027
}