{
  "sum_of_pairs": 0.8713044945921659,
  "column_score": 0.3835616438356164,
  "time_ms": 1135
}