{
  "sum_of_pairs": 0.43653494455633496,
  "column_score": 0.16883116883116883,
  "time_ms": 172
}