{
  "sum_of_pairs": 0.8348290598290599,
  "column_score": 0.40350877192982454,
  "time_ms": 949
}