{
  "sum_of_pairs": 0.6904329432322442,
  "column_score": 0.12173913043478261,
  "time_ms": 485
}