{
  "sum_of_pairs": 0.7746938775510204,
  "column_score": 0.30416666666666664,
  "time_ms": 484
}