{
  "sum_of_pairs": 0.7999668571925326,
  "column_score": 0.02127659574468085,
  "time_ms": 3291
}