{
  "sum_of_pairs": 0.7117920656634746,
  "column_score": 0.21739130434782608,
  "time_ms": 1793
}