{
  "sum_of_pairs": 0.5231568998109641,
  "column_score": 0.2391304347826087,
  "time_ms": 15
}