{
  "sum_of_pairs": 0.8503995255119693,
  "column_score": 0.45054945054945056,
  "time_ms": 2729
}