{
  "sum_of_pairs": 0.8566795134584464,
  "column_score": 0.4077669902912621,
  "time_ms": 4342
}