{
  "sum_of_pairs": 0.8004694325516701,
  "column_score": 0.02127659574468085,
  "time_ms": 1698
}