{
  "sum_of_pairs": 0.8608695518760816,
  "column_score": 0.4368932038834951,
  "time_ms": 2340
}