{
  "sum_of_pairs": 0.8541113549003303,
  "column_score": 0.5277777777777778,
  "time_ms": 3945
}