{
  "sum_of_pairs": 0.5634908727181795,
  "column_score": 0.03488372093023256,
  "time_ms": 151
}