{
  "sum_of_pairs": 0.831245145831612,
  "column_score": 0.08502024291497975,
  "time_ms": 1189
}