{
  "sum_of_pairs": 0.8569975854848567,
  "column_score": 0.5992063492063492,
  "time_ms": 2356
}