{
  "sum_of_pairs": 0.5545931192990017,
  "column_score": 0.28054298642533937,
  "time_ms": 269
}