{
  "sum_of_pairs": 0.8261210965867829,
  "column_score": 0.14705882352941177,
  "time_ms": 1050
}