{
  "sum_of_pairs": 0.8688366428092456,
  "column_score": 0.3150684931506849,
  "time_ms": 2193
}