{
  "sum_of_pairs": 0.6796771894327823,
  "column_score": 0.11304347826086956,
  "time_ms": 841
}