{
  "sum_of_pairs": 0.8478773054430949,
  "column_score": 0.5672514619883041,
  "time_ms": 508
}