{
  "sum_of_pairs": 0.5276209426688223,
  "column_score": 0.10588235294117647,
  "time_ms": 192
}