{
  "sum_of_pairs": 0.7986052932216299,
  "column_score": 0.18811881188118812,
  "time_ms": 565
}