{
  "sum_of_pairs": 0.5366675002083854,
  "column_score": 0.03488372093023256,
  "time_ms": 306
}