{
  "sum_of_pairs": 0.7653605442176871,
  "column_score": 0.23333333333333334,
  "time_ms": 939
}