{
  "sum_of_pairs": 0.8386098159711353,
  "column_score": 0.14285714285714285,
  "time_ms": 5077
}