{
  "sum_of_pairs": 0.8423894902090391,
  "column_score": 0.11336032388663968,
  "time_ms": 616
}