{
  "sum_of_pairs": 0.6952515026082988,
  "column_score": 0.29450195747107916,
  "time_ms": 2017
}