{
  "sum_of_pairs": 0.6872078235103554,
  "column_score": 0.2666536026021872,
  "time_ms": 1377
}