{
  "sum_of_pairs": 0.6958443962191615,
  "column_score": 0.30148816123840927,
  "time_ms": 792
}