{
  "sum_of_pairs": 0.6952515026082989,
  "column_score": 0.29450195747107916,
  "time_ms": 1846
}