{
  "sum_of_pairs": 0.70238776271608,
  "column_score": 0.3764705882352941,
  "time_ms": 491
}