{
  "sum_of_pairs": 0.8536429790374668,
  "column_score": 0.6746031746031746,
  "time_ms": 2393
}