{
  "sum_of_pairs": 0.6500297088532383,
  "column_score": 0.29545454545454547,
  "time_ms": 35
}