{
  "sum_of_pairs": 0.741671875361715,
  "column_score": 0.4025974025974026,
  "time_ms": 99
}