{
  "sum_of_pairs": 0.8653391721060893,
  "column_score": 0.20242914979757085,
  "time_ms": 1357
}