{
  "sum_of_pairs": 0.5155681997787261,
  "column_score": 0.07407407407407407,
  "time_ms": 137
}