{
  "sum_of_pairs": 0.8356802721088435,
  "column_score": 0.5666666666666667,
  "time_ms": 483
}