{
  "sum_of_pairs": 0.7427367641271384,
  "column_score": 0.4025974025974026,
  "time_ms": 257
}