{
  "sum_of_pairs": 0.8662205374534142,
  "column_score": 0.2191780821917808,
  "time_ms": 2207
}