{
  "sum_of_pairs": 0.7932201132201132,
  "column_score": 0.14285714285714285,
  "time_ms": 492
}