{
  "sum_of_pairs": 0.8794707697893972,
  "column_score": 0.4117647058823529,
  "time_ms": 1025
}