{
  "sum_of_pairs": 0.4096320346320346,
  "column_score": 0.18181818181818182,
  "time_ms": 60
}