{
  "sum_of_pairs": 0.8693886022653146,
  "column_score": 0.273972602739726,
  "time_ms": 1167
}