{
  "sum_of_pairs": 0.39192743764172333,
  "column_score": 0.047619047619047616,
  "time_ms": 30
}