{
  "sum_of_pairs": 0.7285459638400815,
  "column_score": 0.37662337662337664,
  "time_ms": 223
}