{
  "sum_of_pairs": 0.8311768707482993,
  "column_score": 0.4708333333333333,
  "time_ms": 812
}