{
  "sum_of_pairs": 0.866984006092917,
  "column_score": 0.5148514851485149,
  "time_ms": 1097
}