{
  "sum_of_pairs": 0.8735157952069716,
  "column_score": 0.38235294117647056,
  "time_ms": 1881
}