{
  "sum_of_pairs": 0.8717127621237211,
  "column_score": 0.2808219178082192,
  "time_ms": 2755
}