{
  "sum_of_pairs": 0.7152409681821447,
  "column_score": 0.334841628959276,
  "time_ms": 576
}