{
  "sum_of_pairs": 0.8749666793602437,
  "column_score": 0.5445544554455446,
  "time_ms": 586
}