{
  "sum_of_pairs": 0.6625029106232114,
  "column_score": 0.08791208791208792,
  "time_ms": 545
}