{
  "sum_of_pairs": 0.6940191387559809,
  "column_score": 0.2727272727272727,
  "time_ms": 22
}