{
  "sum_of_pairs": 0.7255980861244019,
  "column_score": 0.2727272727272727,
  "time_ms": 34
}