{
  "sum_of_pairs": 0.6101921865154379,
  "column_score": 0.41304347826086957,
  "time_ms": 69
}