{
  "sum_of_pairs": 0.7027857231687601,
  "column_score": 0.3764705882352941,
  "time_ms": 114
}