{
  "sum_of_pairs": 0.8778115159694108,
  "column_score": 0.5497076023391813,
  "time_ms": 942
}