{
  "sum_of_pairs": 0.873813104189044,
  "column_score": 0.2631578947368421,
  "time_ms": 678
}