{
  "sum_of_pairs": 0.4147186147186147,
  "column_score": 0.18181818181818182,
  "time_ms": 29
}