{
  "sum_of_pairs": 0.881044759334233,
  "column_score": 0.6023391812865497,
  "time_ms": 1390
}