{
  "sum_of_pairs": 0.661319073083779,
  "column_score": 0.36363636363636365,
  "time_ms": 91
}