{
  "sum_of_pairs": 0.72218878248974,
  "column_score": 0.41739130434782606,
  "time_ms": 7562
}