{
  "sum_of_pairs": 0.9332340161771384,
  "column_score": 0.6019417475728155,
  "time_ms": 2768
}