{
  "sum_of_pairs": 0.44054421768707486,
  "column_score": 0.13333333333333333,
  "time_ms": 38
}