{
  "sum_of_pairs": 0.8109988961563175,
  "column_score": 0.45054945054945056,
  "time_ms": 12620
}