{
  "sum_of_pairs": 0.5180970444128339,
  "column_score": 0.07407407407407407,
  "time_ms": 68
}