{
  "sum_of_pairs": 0.7848817848817848,
  "column_score": 0.14285714285714285,
  "time_ms": 140
}