{
  "sum_of_pairs": 0.5972826539968326,
  "column_score": 0.24031007751937986,
  "time_ms": 325
}