{
  "sum_of_pairs": 0.7202829849888673,
  "column_score": 0.35294117647058826,
  "time_ms": 286
}