{
  "sum_of_pairs": 0.531655871316236,
  "column_score": 0.16279069767441862,
  "time_ms": 2802
}