{
  "sum_of_pairs": 0.5570059181462033,
  "column_score": 0.21705426356589147,
  "time_ms": 292
}