{
  "sum_of_pairs": 0.5653079936650829,
  "column_score": 0.2248062015503876,
  "time_ms": 154
}