{
  "sum_of_pairs": 0.6808159161100338,
  "column_score": 0.28054298642533937,
  "time_ms": 667
}