{
  "sum_of_pairs": 0.7799461982387971,
  "column_score": 0.40869565217391307,
  "time_ms": 533
}