{
  "sum_of_pairs": 0.8082294017826251,
  "column_score": 0.3956043956043956,
  "time_ms": 5524
}