{
  "sum_of_pairs": 0.8666317593297791,
  "column_score": 0.5445544554455446,
  "time_ms": 1413
}