{
  "sum_of_pairs": 0.7833100233100233,
  "column_score": 0.11428571428571428,
  "time_ms": 253
}