{
  "sum_of_pairs": 0.93059050237502,
  "column_score": 0.5436893203883495,
  "time_ms": 3420
}