{
  "sum_of_pairs": 0.8691564075022722,
  "column_score": 0.24696356275303644,
  "time_ms": 1734
}