{
  "sum_of_pairs": 0.8508694592220786,
  "column_score": 0.623015873015873,
  "time_ms": 4011
}