{
  "sum_of_pairs": 0.8511032297062173,
  "column_score": 0.6746031746031746,
  "time_ms": 5303
}