{
  "sum_of_pairs": 0.8810531938821412,
  "column_score": 0.6023391812865497,
  "time_ms": 509
}