{
  "sum_of_pairs": 0.8332811773035458,
  "column_score": 0.19204265268466736,
  "time_ms": 1196
}