{
  "sum_of_pairs": 0.8353734884655359,
  "column_score": 0.19910011332998934,
  "time_ms": 684
}