{
  "sum_of_pairs": 0.7236372585209795,
  "column_score": 0.47674418604651164,
  "time_ms": 256
}