{
  "sum_of_pairs": 0.7180078749846192,
  "column_score": 0.47674418604651164,
  "time_ms": 488
}