{
  "sum_of_pairs": 0.8292924401398978,
  "column_score": 0.14285714285714285,
  "time_ms": 681
}