{
  "sum_of_pairs": 0.9777556039348492,
  "column_score": 0.7291666666666666,
  "time_ms": 515
}