{
  "sum_of_pairs": 0.8697859631657541,
  "column_score": 0.14285714285714285,
  "time_ms": 130
}