{
  "sum_of_pairs": 0.9315304487179488,
  "column_score": 0.23333333333333334,
  "time_ms": 3037
}