{
  "sum_of_pairs": 0.964176440591535,
  "column_score": 0.39864864864864863,
  "time_ms": 624
}