{
  "sum_of_pairs": 0.9237544198007072,
  "column_score": 0.3770491803278688,
  "time_ms": 725
}