{
  "sum_of_pairs": 0.8312994350282485,
  "column_score": 0.14285714285714285,
  "time_ms": 419
}