{
  "sum_of_pairs": 0.9485154576063667,
  "column_score": 0.29924242424242425,
  "time_ms": 1977
}