{
  "sum_of_pairs": 0.8406359789204727,
  "column_score": 0.24257425742574257,
  "time_ms": 683
}