{
  "sum_of_pairs": 0.9641386669688556,
  "column_score": 0.39864864864864863,
  "time_ms": 937
}