{
  "sum_of_pairs": 0.9252716168434587,
  "column_score": 0.3989071038251366,
  "time_ms": 305
}