{
  "sum_of_pairs": 0.8869565217391304,
  "column_score": 0.6521739130434783,
  "time_ms": 27
}