{
  "sum_of_pairs": 0.7828191167574108,
  "column_score": 0.12903225806451613,
  "time_ms": 773
}