{
  "sum_of_pairs": 0.8482007180429156,
  "column_score": 0.3152542372881356,
  "time_ms": 1197
}