{
  "sum_of_pairs": 0.7808773881310618,
  "column_score": 0.0967741935483871,
  "time_ms": 1425
}