{
  "sum_of_pairs": 0.7814935064935065,
  "column_score": 0.4318181818181818,
  "time_ms": 17
}