{
  "sum_of_pairs": 0.9625508628114883,
  "column_score": 0.6481481481481481,
  "time_ms": 4510
}