{
  "sum_of_pairs": 0.8464640561075395,
  "column_score": 0.31186440677966104,
  "time_ms": 1861
}