{
  "sum_of_pairs": 0.9325160256410256,
  "column_score": 0.23333333333333334,
  "time_ms": 1644
}