{
  "sum_of_pairs": 0.9775439445250766,
  "column_score": 0.7291666666666666,
  "time_ms": 1023
}