{
  "sum_of_pairs": 0.8867753623188406,
  "column_score": 0.6521739130434783,
  "time_ms": 47
}