{
  "sum_of_pairs": 0.7642500520074891,
  "column_score": 0.27631578947368424,
  "time_ms": 199
}