{
  "sum_of_pairs": 0.9120918689548965,
  "column_score": 0.22900763358778625,
  "time_ms": 2970
}