{
  "sum_of_pairs": 0.8402966304694985,
  "column_score": 0.22772277227722773,
  "time_ms": 872
}