{
  "sum_of_pairs": 0.7725192427709591,
  "column_score": 0.2894736842105263,
  "time_ms": 108
}