{
  "sum_of_pairs": 0.9578888998711722,
  "column_score": 0.24434389140271492,
  "time_ms": 1989
}