{
  "sum_of_pairs": 0.779004329004329,
  "column_score": 0.4318181818181818,
  "time_ms": 33
}