{
  "sum_of_pairs": 0.9628825229934559,
  "column_score": 0.6620370370370371,
  "time_ms": 2939
}