{
  "sum_of_pairs": 0.948852157943067,
  "column_score": 0.3068181818181818,
  "time_ms": 1068
}