{
  "sum_of_pairs": 0.7256961676316515,
  "column_score": 0.16666666666666666,
  "time_ms": 150
}