{
  "sum_of_pairs": 0.898221591383485,
  "column_score": 0.4491525423728814,
  "time_ms": 206
}