{
  "sum_of_pairs": 0.36496804436482183,
  "column_score": 0.019048967169361098,
  "time_ms": 241
}