{
  "sum_of_pairs": 0.796682402307894,
  "column_score": 0.12195121951219512,
  "time_ms": 140
}