{
  "sum_of_pairs": 0.6056610407876231,
  "column_score": 0.0949367088607595,
  "time_ms": 19
}