{
  "sum_of_pairs": 0.4246594982078853,
  "column_score": 0.00967741935483871,
  "time_ms": 32
}