{
  "sum_of_pairs": 0.4739202368512713,
  "column_score": 0.1235632183908046,
  "time_ms": 37
}