{
  "sum_of_pairs": 0.49618148296287645,
  "column_score": 0.11434227442409324,
  "time_ms": 355
}