{
  "sum_of_pairs": 0.9693897833432717,
  "column_score": 0.9302325581395349,
  "time_ms": 295
}