{
  "sum_of_pairs": 0.5475572047000619,
  "column_score": 0.04081632653061224,
  "time_ms": 55
}