{
  "sum_of_pairs": 0.6073232323232324,
  "column_score": 0.3793103448275862,
  "time_ms": 83
}