{
  "sum_of_pairs": 0.5526695526695526,
  "column_score": 0.09929078014184398,
  "time_ms": 126
}