{
  "sum_of_pairs": 0.6946022727272727,
  "column_score": 0.07954545454545454,
  "time_ms": 163
}