{
  "sum_of_pairs": 0.7876314162028448,
  "column_score": 0.2342857142857143,
  "time_ms": 116
}