{
  "sum_of_pairs": 0.7695122773880194,
  "column_score": 0.3165137614678899,
  "time_ms": 236
}