{
  "sum_of_pairs": 0.7426355432918189,
  "column_score": 0.5408805031446541,
  "time_ms": 340
}