{
  "sum_of_pairs": 0.7574838954149299,
  "column_score": 0.4482758620689655,
  "time_ms": 41
}