{
  "sum_of_pairs": 0.7389240506329114,
  "column_score": 0.44936708860759494,
  "time_ms": 37
}