{
  "sum_of_pairs": 0.7068965517241379,
  "column_score": 0.31896551724137934,
  "time_ms": 79
}