{
  "sum_of_pairs": 0.8866120218579235,
  "column_score": 0.6065573770491803,
  "time_ms": 9
}