{
  "sum_of_pairs": 0.5985110138920868,
  "column_score": 0.1485148514851485,
  "time_ms": 727
}