{
  "sum_of_pairs": 0.6819887730553328,
  "column_score": 0.42790697674418604,
  "time_ms": 286
}