{
  "sum_of_pairs": 0.6840100869744223,
  "column_score": 0.6141732283464567,
  "time_ms": 62
}