{
  "sum_of_pairs": 0.5051552184295547,
  "column_score": 0.168141592920354,
  "time_ms": 260
}