{
  "sum_of_pairs": 0.4241148402101127,
  "column_score": 0.08588957055214724,
  "time_ms": 67
}