{
  "sum_of_pairs": 0.7071215510812826,
  "column_score": 0.3053691275167785,
  "time_ms": 49
}