{
  "sum_of_pairs": 0.5100223546944859,
  "column_score": 0.22131147540983606,
  "time_ms": 76
}