{
  "sum_of_pairs": 0.4885483872308345,
  "column_score": 0.13835359367628589,
  "time_ms": 78
}