{
  "sum_of_pairs": 0.6418397778691897,
  "column_score": 0.21153846153846154,
  "time_ms": 208
}