{
  "sum_of_pairs": 0.7032312925170068,
  "column_score": 0.017857142857142856,
  "time_ms": 65
}