{
  "sum_of_pairs": 0.5578499369482977,
  "column_score": 0.0673076923076923,
  "time_ms": 432
}