{
  "sum_of_pairs": 0.7547045516692769,
  "column_score": 0.5440251572327044,
  "time_ms": 94
}