{
  "sum_of_pairs": 0.6666666666666666,
  "column_score": 0.5555555555555556,
  "time_ms": 9
}