{
  "sum_of_pairs": 0.39651937329955905,
  "column_score": 0.18421052631578946,
  "time_ms": 58
}