{
  "sum_of_pairs": 0.7094315499606609,
  "column_score": 0.44715447154471544,
  "time_ms": 67
}