{
  "sum_of_pairs": 0.6204289732770746,
  "column_score": 0.3291139240506329,
  "time_ms": 9
}