{
  "sum_of_pairs": 0.5062260536398467,
  "column_score": 0.382183908045977,
  "time_ms": 19
}