{
  "sum_of_pairs": 0.8112788331071913,
  "column_score": 0.271875,
  "time_ms": 800
}