{
  "sum_of_pairs": 0.8199709929843497,
  "column_score": 0.6399082568807339,
  "time_ms": 63
}