{
  "sum_of_pairs": 0.734415671446533,
  "column_score": 0.024986597587564573,
  "time_ms": 441
}