{
  "sum_of_pairs": 0.8748851966268681,
  "column_score": 0.2033898305084746,
  "time_ms": 115
}