{
  "sum_of_pairs": 0.9162457912457912,
  "column_score": 0.08712121212121213,
  "time_ms": 712
}