{
  "sum_of_pairs": 0.7853302162478083,
  "column_score": 0.16271186440677965,
  "time_ms": 546
}