{
  "sum_of_pairs": 0.9240348814422888,
  "column_score": 0.07936507936507936,
  "time_ms": 1591
}