{
  "sum_of_pairs": 0.9148252025610516,
  "column_score": 0.0472972972972973,
  "time_ms": 495
}