{
  "sum_of_pairs": 0.7494565217391305,
  "column_score": 0.3695652173913043,
  "time_ms": 29
}