{
  "sum_of_pairs": 0.25744625230260265,
  "column_score": 0.09037171257012681,
  "time_ms": 18
}