{
  "sum_of_pairs": 0.5047619047619047,
  "column_score": 0.25925925925925924,
  "time_ms": 7
}