{
  "sum_of_pairs": 0.44146620847651774,
  "column_score": 0.15463917525773196,
  "time_ms": 12
}