{
  "sum_of_pairs": 0.38095238095238093,
  "column_score": 0.22448979591836735,
  "time_ms": 2
}