{
  "sum_of_pairs": 0.4814077025232404,
  "column_score": 0.35856573705179284,
  "time_ms": 10
}