{
  "sum_of_pairs": 0.7748538011695907,
  "column_score": 0.6491228070175439,
  "time_ms": 0
}