{
  "sum_of_pairs": 0.40476190476190477,
  "column_score": 0.30612244897959184,
  "time_ms": 1
}