{
  "sum_of_pairs": 0.34774436090225563,
  "column_score": 0.05263157894736842,
  "time_ms": 9
}