{
  "sum_of_pairs": 0.1598639455782313,
  "column_score": 0.08163265306122448,
  "time_ms": 0
}