{
  "sum_of_pairs": 0.44813477737665464,
  "column_score": 0.12274368231046931,
  "time_ms": 37
}