{
  "sum_of_pairs": 0.5111111111111111,
  "column_score": 0.4166666666666667,
  "time_ms": 0
}