{
  "sum_of_pairs": 0.2594594594594595,
  "column_score": 0.08108108108108109,
  "time_ms": 0
}