{
  "sum_of_pairs": 0.4953051643192488,
  "column_score": 0.176056338028169,
  "time_ms": 26
}