{
  "sum_of_pairs": 0.4732804232804233,
  "column_score": 0.17037037037037037,
  "time_ms": 24
}