{
  "sum_of_pairs": 0.4216335540838852,
  "column_score": 0.24503311258278146,
  "time_ms": 2
}