{
  "sum_of_pairs": 0.3448979591836735,
  "column_score": 0.2714285714285714,
  "time_ms": 4
}