{
  "sum_of_pairs": 0.38110902255639095,
  "column_score": 0.06578947368421052,
  "time_ms": 5
}