{
  "sum_of_pairs": 0.4642599277978339,
  "column_score": 0.1299638989169675,
  "time_ms": 9
}