{
  "sum_of_pairs": 0.5074334898278561,
  "column_score": 0.18309859154929578,
  "time_ms": 14
}