{
  "sum_of_pairs": 0.533021434011533,
  "column_score": 0.297029702970297,
  "time_ms": 116
}