{
  "sum_of_pairs": 0.18000488009382226,
  "column_score": 0.025685510595872495,
  "time_ms": 9
}