{
  "sum_of_pairs": 0.21120107962213225,
  "column_score": 0.0728744939271255,
  "time_ms": 7
}