{
  "sum_of_pairs": 0.22777777777777777,
  "column_score": 0.05333333333333334,
  "time_ms": 8
}