{
  "sum_of_pairs": 0.11413043478260869,
  "column_score": 0.016304347826086956,
  "time_ms": 6
}