{
  "sum_of_pairs": 0.44687915006640105,
  "column_score": 0.27091633466135456,
  "time_ms": 5
}