{
  "sum_of_pairs": 0.47619047619047616,
  "column_score": 0.16326530612244897,
  "time_ms": 1
}