{
  "sum_of_pairs": 0.33015873015873015,
  "column_score": 0.014814814814814815,
  "time_ms": 13
}