{
  "sum_of_pairs": 0.44370860927152317,
  "column_score": 0.2582781456953642,
  "time_ms": 3
}