{
  "sum_of_pairs": 0.1835016835016835,
  "column_score": 0.12626262626262627,
  "time_ms": 4
}