{
  "sum_of_pairs": 0.4817050284396803,
  "column_score": 0.2383571903062811,
  "time_ms": 15
}