{
  "sum_of_pairs": 0.47883211678832116,
  "column_score": 0.10948905109489052,
  "time_ms": 4
}