{
  "sum_of_pairs": 0.43134469696969696,
  "column_score": 0.21875,
  "time_ms": 52
}