{
  "sum_of_pairs": 0.7461152882205514,
  "column_score": 0.4276315789473684,
  "time_ms": 17
}