{
  "sum_of_pairs": 0.4608294930875576,
  "column_score": 0.3824884792626728,
  "time_ms": 3
}