{
  "sum_of_pairs": 0.6121869933345343,
  "column_score": 0.42370744010088274,
  "time_ms": 35
}