{
  "sum_of_pairs": 0.596379726468222,
  "column_score": 0.2743362831858407,
  "time_ms": 29
}