{
  "sum_of_pairs": 0.6042471042471043,
  "column_score": 0.5945945945945946,
  "time_ms": 1
}