{
  "sum_of_pairs": 0.7512315270935961,
  "column_score": 0.5862068965517241,
  "time_ms": 14
}