{
  "sum_of_pairs": 0.8753690753690754,
  "column_score": 0.6974358974358974,
  "time_ms": 24
}