{
  "sum_of_pairs": 0.7600849256900213,
  "column_score": 0.2356687898089172,
  "time_ms": 24
}