{
  "sum_of_pairs": 0.7313462493790363,
  "column_score": 0.5648286140089419,
  "time_ms": 47
}