{
  "sum_of_pairs": 0.6232850790046363,
  "column_score": 0.2988929889298893,
  "time_ms": 25
}