{
  "sum_of_pairs": 0.5071919949968731,
  "column_score": 0.21138211382113822,
  "time_ms": 29
}