{
  "sum_of_pairs": 0.7001216545012166,
  "column_score": 0.45985401459854014,
  "time_ms": 7
}