{
  "sum_of_pairs": 0.48535936113575867,
  "column_score": 0.32298136645962733,
  "time_ms": 11
}