{
  "sum_of_pairs": 0.15907258064516128,
  "column_score": 0.04838709677419355,
  "time_ms": 13
}