{
  "sum_of_pairs": 0.16058394160583941,
  "column_score": 0.08759124087591241,
  "time_ms": 4
}