{
  "sum_of_pairs": 0.8393905332833771,
  "column_score": 0.6178343949044586,
  "time_ms": 23
}