{
  "sum_of_pairs": 0.48549414600550966,
  "column_score": 0.2215909090909091,
  "time_ms": 44
}