{
  "sum_of_pairs": 0.6396999188969992,
  "column_score": 0.43795620437956206,
  "time_ms": 6
}