{
  "sum_of_pairs": 0.6206519578612602,
  "column_score": 0.29069767441860467,
  "time_ms": 37
}