{
  "sum_of_pairs": 0.24818548387096775,
  "column_score": 0.17137096774193547,
  "time_ms": 12
}