{
  "sum_of_pairs": 0.36893390072068244,
  "column_score": 0.13998369656025222,
  "time_ms": 7
}