{
  "sum_of_pairs": 0.27246543778801846,
  "column_score": 0.13709677419354838,
  "time_ms": 4
}