{
  "sum_of_pairs": 0.38125650487274104,
  "column_score": 0.007380073800738007,
  "time_ms": 12
}