{
  "sum_of_pairs": 0.6640394088669951,
  "column_score": 0.583743842364532,
  "time_ms": 7
}