{
  "sum_of_pairs": 0.505899837867051,
  "column_score": 0.3669609079445145,
  "time_ms": 18
}