{
  "sum_of_pairs": 0.5855379188712522,
  "column_score": 0.16049382716049382,
  "time_ms": 2
}