{
  "sum_of_pairs": 0.3906629318394024,
  "column_score": 0.226890756302521,
  "time_ms": 8
}