{
  "sum_of_pairs": 0.5713706407137064,
  "column_score": 0.26277372262773724,
  "time_ms": 3
}