{
  "sum_of_pairs": 0.19093851132686085,
  "column_score": 0.05339805825242718,
  "time_ms": 4
}