{
  "sum_of_pairs": 0.34930493936705115,
  "column_score": 0.14906832298136646,
  "time_ms": 5
}