{
  "sum_of_pairs": 0.5807915217751284,
  "column_score": 0.32488822652757077,
  "time_ms": 25
}