{
  "sum_of_pairs": 0.38561847988077497,
  "column_score": 0.13524590163934427,
  "time_ms": 10
}