{
  "sum_of_pairs": 0.067816091954023,
  "column_score": 0.027586206896551724,
  "time_ms": 3
}