{
  "sum_of_pairs": 0.49553499597747386,
  "column_score": 0.2721238938053097,
  "time_ms": 15
}