{
  "sum_of_pairs": 0.31183368869936035,
  "column_score": 0.041044776119402986,
  "time_ms": 6
}