{
  "sum_of_pairs": 0.40315436436084207,
  "column_score": 0.018991538252851284,
  "time_ms": 1326
}