{
  "sum_of_pairs": 0.403154364360842,
  "column_score": 0.018991538252851284,
  "time_ms": 1225
}