{
  "sum_of_pairs": 0.3490339725633843,
  "column_score": 0.03619909502262444,
  "time_ms": 436
}