{
  "sum_of_pairs": 0.7207553124342521,
  "column_score": 0.26587301587301587,
  "time_ms": 4241
}