{
  "sum_of_pairs": 0.8113621538279072,
  "column_score": 0.0958904109589041,
  "time_ms": 2170
}