{
  "sum_of_pairs": 0.7386821147455324,
  "column_score": 0.03248726475833938,
  "time_ms": 429
}