{
  "sum_of_pairs": 0.9160265508892043,
  "column_score": 0.059322033898305086,
  "time_ms": 117
}