{
  "sum_of_pairs": 0.9024854862119013,
  "column_score": 0.2847222222222222,
  "time_ms": 391
}