{
  "sum_of_pairs": 0.9095381977927783,
  "column_score": 0.15846994535519127,
  "time_ms": 263
}