{
  "sum_of_pairs": 0.9068181818181819,
  "column_score": 0.03787878787878788,
  "time_ms": 656
}