{
  "sum_of_pairs": 0.9276823993805126,
  "column_score": 0.20270270270270271,
  "time_ms": 442
}