{
  "sum_of_pairs": 0.5530917049765633,
  "column_score": 0.31925994260515783,
  "time_ms": 33
}