{
  "sum_of_pairs": 0.6614167406092872,
  "column_score": 0.42028985507246375,
  "time_ms": 27
}