{
  "sum_of_pairs": 0.3781021897810219,
  "column_score": 0.18248175182481752,
  "time_ms": 12
}