{
  "sum_of_pairs": 0.5121951219512195,
  "column_score": 0.4146341463414634,
  "time_ms": 4
}