{
  "sum_of_pairs": 0.5331325301204819,
  "column_score": 0.463855421686747,
  "time_ms": 2
}