{
  "sum_of_pairs": 0.7570984915705412,
  "column_score": 0.6169772256728778,
  "time_ms": 25
}