{
  "sum_of_pairs": 0.6401267858832435,
  "column_score": 0.21033210332103322,
  "time_ms": 44
}