{
  "sum_of_pairs": 0.8574108818011257,
  "column_score": 0.7398373983739838,
  "time_ms": 35
}