{
  "sum_of_pairs": 0.679718875502008,
  "column_score": 0.6144578313253012,
  "time_ms": 2
}