{
  "sum_of_pairs": 0.6306070978202126,
  "column_score": 0.4728877679697352,
  "time_ms": 59
}