{
  "sum_of_pairs": 0.6771982116244412,
  "column_score": 0.48360655737704916,
  "time_ms": 23
}