{
  "sum_of_pairs": 0.7346249379036264,
  "column_score": 0.5424739195230999,
  "time_ms": 72
}