{
  "sum_of_pairs": 0.7977902855951636,
  "column_score": 0.5934959349593496,
  "time_ms": 98
}