{
  "sum_of_pairs": 0.513536866359447,
  "column_score": 0.20161290322580644,
  "time_ms": 24
}