{
  "sum_of_pairs": 0.49019607843137253,
  "column_score": 0.27450980392156865,
  "time_ms": 2
}