{
  "sum_of_pairs": 0.4196078431372549,
  "column_score": 0.19607843137254902,
  "time_ms": 4
}