{
  "sum_of_pairs": 0.5874225206611571,
  "column_score": 0.28125,
  "time_ms": 67
}