{
  "sum_of_pairs": 0.4777992277992278,
  "column_score": 0.40540540540540543,
  "time_ms": 5
}