{
  "sum_of_pairs": 0.9678321678321679,
  "column_score": 0.9282051282051282,
  "time_ms": 29
}