{
  "sum_of_pairs": 0.6816707218167072,
  "column_score": 0.4744525547445255,
  "time_ms": 40
}