{
  "sum_of_pairs": 0.20057471264367815,
  "column_score": 0.05517241379310345,
  "time_ms": 3
}