{
  "sum_of_pairs": 0.2421875,
  "column_score": 0.203125,
  "time_ms": 1
}