{
  "sum_of_pairs": 0.7507462686567165,
  "column_score": 0.6776119402985075,
  "time_ms": 8
}