{
  "sum_of_pairs": 0.6077188940092166,
  "column_score": 0.2661290322580645,
  "time_ms": 8
}