{
  "sum_of_pairs": 0.7447251395590879,
  "column_score": 0.2988929889298893,
  "time_ms": 30
}