{
  "sum_of_pairs": 0.7926108374384236,
  "column_score": 0.6699507389162561,
  "time_ms": 9
}