{
  "sum_of_pairs": 0.8692394155114275,
  "column_score": 0.6751592356687898,
  "time_ms": 33
}