{
  "sum_of_pairs": 0.8229049581616086,
  "column_score": 0.5668789808917197,
  "time_ms": 106
}