{
  "sum_of_pairs": 0.5705401563610519,
  "column_score": 0.24253731343283583,
  "time_ms": 12
}