{
  "sum_of_pairs": 0.8325757575757575,
  "column_score": 0.5666666666666667,
  "time_ms": 8
}