{
  "sum_of_pairs": 0.6393162393162393,
  "column_score": 0.2564102564102564,
  "time_ms": 1
}