{
  "sum_of_pairs": 0.9106449106449106,
  "column_score": 0.7538461538461538,
  "time_ms": 45
}