{
  "sum_of_pairs": 0.6592039800995025,
  "column_score": 0.2947761194029851,
  "time_ms": 8
}