{
  "sum_of_pairs": 0.321256038647343,
  "column_score": 0.014492753623188406,
  "time_ms": 0
}