{
  "sum_of_pairs": 0.6795253419147225,
  "column_score": 0.3185840707964602,
  "time_ms": 21
}