{
  "sum_of_pairs": 0.6945595388218339,
  "column_score": 0.5472887767969735,
  "time_ms": 38
}