{
  "sum_of_pairs": 0.708128078817734,
  "column_score": 0.5566502463054187,
  "time_ms": 14
}