{
  "sum_of_pairs": 0.7609126984126984,
  "column_score": 0.6607142857142857,
  "time_ms": 2
}