{
  "sum_of_pairs": 0.531206955922865,
  "column_score": 0.26704545454545453,
  "time_ms": 118
}