{
  "sum_of_pairs": 0.71939736346516,
  "column_score": 0.3954802259887006,
  "time_ms": 18
}