{
  "sum_of_pairs": 0.8376114081996435,
  "column_score": 0.42857142857142855,
  "time_ms": 264
}