{
  "sum_of_pairs": 0.5737947352854185,
  "column_score": 0.32919254658385094,
  "time_ms": 11
}