{
  "sum_of_pairs": 0.7712121212121212,
  "column_score": 0.4166666666666667,
  "time_ms": 10
}