{
  "sum_of_pairs": 0.5164092664092664,
  "column_score": 0.5135135135135135,
  "time_ms": 1
}