{
  "sum_of_pairs": 0.664179104477612,
  "column_score": 0.5686567164179105,
  "time_ms": 17
}