{
  "sum_of_pairs": 0.8811051693404635,
  "column_score": 0.5428571428571428,
  "time_ms": 85
}