{
  "sum_of_pairs": 0.5914098972922502,
  "column_score": 0.2773109243697479,
  "time_ms": 16
}