{
  "sum_of_pairs": 0.3439516129032258,
  "column_score": 0.09879032258064516,
  "time_ms": 25
}