{
  "sum_of_pairs": 0.4083333333333333,
  "column_score": 0.15625,
  "time_ms": 6
}