{
  "sum_of_pairs": 0.3033794162826421,
  "column_score": 0.08294930875576037,
  "time_ms": 3
}