{
  "sum_of_pairs": 0.1339080459770115,
  "column_score": 0.04482758620689655,
  "time_ms": 19
}