{
  "sum_of_pairs": 0.45245245245245247,
  "column_score": 0.037037037037037035,
  "time_ms": 215
}