{
  "sum_of_pairs": 0.631859579400563,
  "column_score": 0.368107302533532,
  "time_ms": 44
}