{
  "sum_of_pairs": 0.4118175797142587,
  "column_score": 0.033210332103321034,
  "time_ms": 21
}