{
  "sum_of_pairs": 0.7718725718725719,
  "column_score": 0.4717948717948718,
  "time_ms": 21
}