{
  "sum_of_pairs": 0.13669354838709677,
  "column_score": 0.04838709677419355,
  "time_ms": 11
}