{
  "sum_of_pairs": 0.5154540076900326,
  "column_score": 0.38923395445134573,
  "time_ms": 21
}