{
  "sum_of_pairs": 0.4789637580335255,
  "column_score": 0.22093023255813954,
  "time_ms": 33
}