{
  "sum_of_pairs": 0.06896551724137931,
  "column_score": 0.027586206896551724,
  "time_ms": 6
}