{
  "sum_of_pairs": 0.22941176470588234,
  "column_score": 0.0784313725490196,
  "time_ms": 4
}