{
  "sum_of_pairs": 0.6783582089552239,
  "column_score": 0.5283582089552239,
  "time_ms": 12
}