{
  "sum_of_pairs": 0.259094942324756,
  "column_score": 0.13664596273291926,
  "time_ms": 10
}