{
  "sum_of_pairs": 0.7070800694674858,
  "column_score": 0.3178071404977785,
  "time_ms": 736
}