{
  "sum_of_pairs": 0.7542756660403719,
  "column_score": 0.22972972972972974,
  "time_ms": 401
}