{
  "sum_of_pairs": 0.8798504095515758,
  "column_score": 0.41836734693877553,
  "time_ms": 1357
}