{
  "sum_of_pairs": 0.6825633383010432,
  "column_score": 0.10655737704918032,
  "time_ms": 54
}