{
  "sum_of_pairs": 0.7517296580156354,
  "column_score": 0.4752475247524752,
  "time_ms": 1714
}