{
  "sum_of_pairs": 0.8738839882384389,
  "column_score": 0.5302325581395348,
  "time_ms": 838
}