{
  "sum_of_pairs": 0.7511127150246601,
  "column_score": 0.32515337423312884,
  "time_ms": 241
}