{
  "sum_of_pairs": 0.765668230482377,
  "column_score": 0.3803680981595092,
  "time_ms": 121
}