{
  "sum_of_pairs": 0.5675797162522827,
  "column_score": 0.23893805309734514,
  "time_ms": 288
}