{
  "sum_of_pairs": 0.8176258309591643,
  "column_score": 0.6049382716049383,
  "time_ms": 165
}