{
  "sum_of_pairs": 0.7517945753239871,
  "column_score": 0.22297297297297297,
  "time_ms": 869
}