{
  "sum_of_pairs": 0.561423054070113,
  "column_score": 0.0707070707070707,
  "time_ms": 153
}