{
  "sum_of_pairs": 0.8772627639668538,
  "column_score": 0.5348837209302325,
  "time_ms": 347
}