{
  "sum_of_pairs": 0.7538677455785445,
  "column_score": 0.49504950495049505,
  "time_ms": 751
}