{
  "sum_of_pairs": 0.921793437733035,
  "column_score": 0.8221476510067114,
  "time_ms": 44
}