{
  "sum_of_pairs": 0.8595543204158304,
  "column_score": 0.7559055118110236,
  "time_ms": 39
}