{
  "sum_of_pairs": 0.9388516032811335,
  "column_score": 0.8691275167785235,
  "time_ms": 17
}