{
  "sum_of_pairs": 0.566512150582947,
  "column_score": 0.23893805309734514,
  "time_ms": 665
}