{
  "sum_of_pairs": 0.6838057588991497,
  "column_score": 0.010882596114096733,
  "time_ms": 306
}