{
  "sum_of_pairs": 0.4921816985511683,
  "column_score": 0.06573860784485233,
  "time_ms": 623
}