{
  "sum_of_pairs": 0.5023199023199023,
  "column_score": 0.07692307692307693,
  "time_ms": 236
}