{
  "sum_of_pairs": 0.49047432920240036,
  "column_score": 0.10434782608695652,
  "time_ms": 369
}