{
  "sum_of_pairs": 0.5059196617336152,
  "column_score": 0.1411764705882353,
  "time_ms": 89
}