{
  "sum_of_pairs": 0.779976188430523,
  "column_score": 0.22330097087378642,
  "time_ms": 2124
}