{
  "sum_of_pairs": 0.8065518955929915,
  "column_score": 0.1780821917808219,
  "time_ms": 986
}