{
  "sum_of_pairs": 0.6963618983355826,
  "column_score": 0.1111111111111111,
  "time_ms": 407
}