{
  "sum_of_pairs": 0.731683608745078,
  "column_score": 0.21978021978021978,
  "time_ms": 2488
}