{
  "sum_of_pairs": 0.5828809523809524,
  "column_score": 0.14166666666666666,
  "time_ms": 360
}