{
  "sum_of_pairs": 0.7936048913492523,
  "column_score": 0.1862348178137652,
  "time_ms": 562
}