{
  "sum_of_pairs": 0.7244614095024362,
  "column_score": 0.2976190476190476,
  "time_ms": 1708
}