{
  "sum_of_pairs": 0.6903831627398849,
  "column_score": 0.2840938026143303,
  "time_ms": 512
}