{
  "sum_of_pairs": 0.6968364107239763,
  "column_score": 0.2996920504486409,
  "time_ms": 307
}