{
  "sum_of_pairs": 0.7668592947383035,
  "column_score": 0.2857142857142857,
  "time_ms": 1168
}