{
  "sum_of_pairs": 0.7657833541579897,
  "column_score": 0.2857142857142857,
  "time_ms": 1667
}