{
  "sum_of_pairs": 0.7135802469135802,
  "column_score": 0.09876543209876543,
  "time_ms": 1522
}