{
  "sum_of_pairs": 0.8793542260208926,
  "column_score": 0.6172839506172839,
  "time_ms": 113
}