{
  "sum_of_pairs": 0.6473478826420003,
  "column_score": 0.06756756756756757,
  "time_ms": 648
}