{
  "sum_of_pairs": 0.6463407781991852,
  "column_score": 0.25663716814159293,
  "time_ms": 447
}