{
  "sum_of_pairs": 0.8229982363315697,
  "column_score": 0.18666666666666668,
  "time_ms": 156
}