{
  "sum_of_pairs": 0.8792136277083011,
  "column_score": 0.6377952755905512,
  "time_ms": 52
}