{
  "sum_of_pairs": 0.9407158836689038,
  "column_score": 0.8489932885906041,
  "time_ms": 15
}