{
  "sum_of_pairs": 0.7744783904619971,
  "column_score": 0.3319672131147541,
  "time_ms": 47
}