{
  "sum_of_pairs": 0.8687104590857757,
  "column_score": 0.5346534653465347,
  "time_ms": 1194
}