{
  "sum_of_pairs": 0.7592399403874813,
  "column_score": 0.3155737704918033,
  "time_ms": 86
}