{
  "sum_of_pairs": 0.7120597056566925,
  "column_score": 0.08641975308641975,
  "time_ms": 2442
}