{
  "sum_of_pairs": 0.8794760759155306,
  "column_score": 0.5906976744186047,
  "time_ms": 478
}