{
  "sum_of_pairs": 0.8816359262229351,
  "column_score": 0.5953488372093023,
  "time_ms": 282
}