{
  "sum_of_pairs": 0.6520438263801096,
  "column_score": 0.2743362831858407,
  "time_ms": 256
}