{
  "sum_of_pairs": 0.8711774831968246,
  "column_score": 0.5742574257425742,
  "time_ms": 641
}