{
  "sum_of_pairs": 0.6416456153013352,
  "column_score": 0.2147239263803681,
  "time_ms": 153
}