{
  "sum_of_pairs": 0.8835327635327636,
  "column_score": 0.6666666666666666,
  "time_ms": 67
}