{
  "sum_of_pairs": 0.912565249813572,
  "column_score": 0.7651006711409396,
  "time_ms": 24
}