{
  "sum_of_pairs": 0.6474197040779502,
  "column_score": 0.22699386503067484,
  "time_ms": 90
}