{
  "sum_of_pairs": 0.8215520282186949,
  "column_score": 0.17333333333333334,
  "time_ms": 268
}