{
  "sum_of_pairs": 0.774858337830545,
  "column_score": 0.27293577981651373,
  "time_ms": 147
}