{
  "sum_of_pairs": 0.7489424860853432,
  "column_score": 0.13714285714285715,
  "time_ms": 73
}