{
  "sum_of_pairs": 0.7397499052671467,
  "column_score": 0.10989010989010989,
  "time_ms": 155
}