{
  "sum_of_pairs": 0.6746194981489099,
  "column_score": 0.34134615384615385,
  "time_ms": 461
}