{
  "sum_of_pairs": 0.3104288499025341,
  "column_score": 0.10416666666666667,
  "time_ms": 83
}