{
  "sum_of_pairs": 0.6383614627285513,
  "column_score": 0.43037974683544306,
  "time_ms": 30
}