{
  "sum_of_pairs": 0.648768240236657,
  "column_score": 0.11006289308176101,
  "time_ms": 235
}