{
  "sum_of_pairs": 0.8075786282682834,
  "column_score": 0.5517241379310345,
  "time_ms": 26
}