{
  "sum_of_pairs": 0.6822225133938971,
  "column_score": 0.2604166666666667,
  "time_ms": 855
}