{
  "sum_of_pairs": 0.6641666666666667,
  "column_score": 0.06818181818181818,
  "time_ms": 93
}