{
  "sum_of_pairs": 0.831907290847102,
  "column_score": 0.3089430894308943,
  "time_ms": 143
}