{
  "sum_of_pairs": 0.694226750261233,
  "column_score": 0.4540229885057471,
  "time_ms": 45
}