{
  "sum_of_pairs": 0.7755009107468124,
  "column_score": 0.5245901639344263,
  "time_ms": 5
}