{
  "sum_of_pairs": 0.6259259259259259,
  "column_score": 0.4691358024691358,
  "time_ms": 25
}