{
  "sum_of_pairs": 0.9283111376134632,
  "column_score": 0.5348837209302325,
  "time_ms": 171
}