{
  "sum_of_pairs": 0.15453370175806153,
  "column_score": 0.04009703527155239,
  "time_ms": 7
}