{
  "sum_of_pairs": 0.45112781954887216,
  "column_score": 0.18421052631578946,
  "time_ms": 13
}