{
  "sum_of_pairs": 0.32466543357632466,
  "column_score": 0.06930693069306931,
  "time_ms": 43
}