{
  "sum_of_pairs": 0.8448204231245499,
  "column_score": 0.1913326384479443,
  "time_ms": 582
}