{
  "sum_of_pairs": 0.8413236519437949,
  "column_score": 0.1798043680811626,
  "time_ms": 1117
}