{
  "sum_of_pairs": 0.9204785362420831,
  "column_score": 0.48214285714285715,
  "time_ms": 205
}