{
  "sum_of_pairs": 0.8176448874123293,
  "column_score": 0.6162790697674418,
  "time_ms": 204
}