{
  "sum_of_pairs": 0.7247311827956989,
  "column_score": 0.11538461538461539,
  "time_ms": 70
}