{
  "sum_of_pairs": 0.9536512667660209,
  "column_score": 0.21212121212121213,
  "time_ms": 138
}