{
  "sum_of_pairs": 0.9381107382718986,
  "column_score": 0.12217194570135746,
  "time_ms": 3647
}