{
  "sum_of_pairs": 0.9643737562743177,
  "column_score": 0.5185185185185185,
  "time_ms": 2685
}