{
  "sum_of_pairs": 0.7257451782583285,
  "column_score": 0.09523809523809523,
  "time_ms": 420
}