{
  "sum_of_pairs": 0.7845900903538044,
  "column_score": 0.2903225806451613,
  "time_ms": 635
}