{
  "sum_of_pairs": 0.9558320113550973,
  "column_score": 0.3983050847457627,
  "time_ms": 238
}