{
  "sum_of_pairs": 0.6736530060328687,
  "column_score": 0.1513157894736842,
  "time_ms": 93
}