{
  "sum_of_pairs": 0.94589072543618,
  "column_score": 0.3068181818181818,
  "time_ms": 938
}