{
  "sum_of_pairs": 0.8646299105717024,
  "column_score": 0.38613861386138615,
  "time_ms": 431
}