{
  "sum_of_pairs": 0.9489319423745654,
  "column_score": 0.21212121212121213,
  "time_ms": 292
}