{
  "sum_of_pairs": 0.9183013722730472,
  "column_score": 0.4732142857142857,
  "time_ms": 450
}