{
  "sum_of_pairs": 0.8605577291600128,
  "column_score": 0.3712871287128713,
  "time_ms": 799
}