{
  "sum_of_pairs": 0.8717625448776822,
  "column_score": 0.34576271186440677,
  "time_ms": 844
}