{
  "sum_of_pairs": 0.9365348762455802,
  "column_score": 0.5355191256830601,
  "time_ms": 530
}