{
  "sum_of_pairs": 0.9133897461423593,
  "column_score": 0.05714285714285714,
  "time_ms": 106
}