{
  "sum_of_pairs": 0.9717311651273915,
  "column_score": 0.5337837837837838,
  "time_ms": 446
}