{
  "sum_of_pairs": 0.9620620353044839,
  "column_score": 0.4722222222222222,
  "time_ms": 4807
}