{
  "sum_of_pairs": 0.7188309897987317,
  "column_score": 0.11538461538461539,
  "time_ms": 129
}