{
  "sum_of_pairs": 0.9468634091275601,
  "column_score": 0.1597222222222222,
  "time_ms": 456
}