{
  "sum_of_pairs": 0.9709568058624662,
  "column_score": 0.5135135135135135,
  "time_ms": 1011
}