{
  "sum_of_pairs": 0.9560895551636293,
  "column_score": 0.12698412698412698,
  "time_ms": 1970
}