{
  "sum_of_pairs": 0.9291484664881875,
  "column_score": 0.304635761589404,
  "time_ms": 1452
}