{
  "sum_of_pairs": 0.8690657092761126,
  "column_score": 0.3423728813559322,
  "time_ms": 1445
}