{
  "sum_of_pairs": 0.9526010101010101,
  "column_score": 0.17916666666666667,
  "time_ms": 1345
}