{
  "sum_of_pairs": 0.931579070968954,
  "column_score": 0.32450331125827814,
  "time_ms": 1033
}