{
  "sum_of_pairs": 0.8703463203463203,
  "column_score": 0.6136363636363636,
  "time_ms": 17
}