{
  "sum_of_pairs": 0.9570009184269851,
  "column_score": 0.4152542372881356,
  "time_ms": 135
}