{
  "sum_of_pairs": 0.945270924044509,
  "column_score": 0.14583333333333334,
  "time_ms": 939
}