{
  "sum_of_pairs": 0.8146917681801402,
  "column_score": 0.5930232558139535,
  "time_ms": 385
}