{
  "sum_of_pairs": 0.6602610775951737,
  "column_score": 0.13815789473684212,
  "time_ms": 183
}