{
  "sum_of_pairs": 0.9431052953780227,
  "column_score": 0.2916666666666667,
  "time_ms": 1792
}