{
  "sum_of_pairs": 0.938733936316531,
  "column_score": 0.12669683257918551,
  "time_ms": 1811
}