{
  "sum_of_pairs": 0.9225468760352481,
  "column_score": 0.4883720930232558,
  "time_ms": 176
}