{
  "sum_of_pairs": 0.5138888888888888,
  "column_score": 0.34177215189873417,
  "time_ms": 28
}