{
  "sum_of_pairs": 0.7383241758241759,
  "column_score": 0.27884615384615385,
  "time_ms": 122
}