{
  "sum_of_pairs": 0.5355191256830601,
  "column_score": 0.19672131147540983,
  "time_ms": 3
}