{
  "sum_of_pairs": 0.6131138975966562,
  "column_score": 0.1752873563218391,
  "time_ms": 66
}