{
  "sum_of_pairs": 0.6664645699128458,
  "column_score": 0.0896551724137931,
  "time_ms": 45
}