{
  "sum_of_pairs": 0.5263374485596708,
  "column_score": 0.32098765432098764,
  "time_ms": 31
}