{
  "sum_of_pairs": 0.4881133139616438,
  "column_score": 0.13207980831919341,
  "time_ms": 94
}