{
  "sum_of_pairs": 0.5738825757575757,
  "column_score": 0.32386363636363635,
  "time_ms": 48
}