{
  "sum_of_pairs": 0.4487053194483535,
  "column_score": 0.21052631578947367,
  "time_ms": 80
}