{
  "sum_of_pairs": 0.37325102880658434,
  "column_score": 0.06790123456790123,
  "time_ms": 17
}