{
  "sum_of_pairs": 0.3681720430107527,
  "column_score": 0.05161290322580645,
  "time_ms": 25
}