{
  "sum_of_pairs": 0.7444650587507731,
  "column_score": 0.38857142857142857,
  "time_ms": 37
}