{
  "sum_of_pairs": 0.6082544906074318,
  "column_score": 0.21153846153846154,
  "time_ms": 200
}