{
  "sum_of_pairs": 0.5708509142053446,
  "column_score": 0.2911392405063291,
  "time_ms": 16
}