{
  "sum_of_pairs": 0.673862444269604,
  "column_score": 0.18699186991869918,
  "time_ms": 80
}