{
  "sum_of_pairs": 0.38489838302922413,
  "column_score": 0.11214953271028037,
  "time_ms": 158
}