{
  "sum_of_pairs": 0.38200371057513915,
  "column_score": 0.0163265306122449,
  "time_ms": 21
}