{
  "sum_of_pairs": 0.7760416666666666,
  "column_score": 0.121875,
  "time_ms": 819
}