{
  "sum_of_pairs": 0.784038083874015,
  "column_score": 0.6540880503144654,
  "time_ms": 110
}