{
  "sum_of_pairs": 0.5223354231974922,
  "column_score": 0.4425287356321839,
  "time_ms": 28
}