{
  "sum_of_pairs": 0.6293538836642285,
  "column_score": 0.27298850574712646,
  "time_ms": 34
}