{
  "sum_of_pairs": 0.7318349753694581,
  "column_score": 0.09523809523809523,
  "time_ms": 81
}