{
  "sum_of_pairs": 0.7828805613789891,
  "column_score": 0.34375,
  "time_ms": 339
}