{
  "sum_of_pairs": 0.09046485459576965,
  "column_score": 0.010491425992068065,
  "time_ms": 16
}