{
  "sum_of_pairs": 0.20085470085470086,
  "column_score": 0.11538461538461539,
  "time_ms": 8
}