{
  "sum_of_pairs": 0.23333333333333334,
  "column_score": 0.06666666666666667,
  "time_ms": 1
}