{
  "sum_of_pairs": 0.20088300220750552,
  "column_score": 0.08609271523178808,
  "time_ms": 2
}