{
  "sum_of_pairs": 0.12745098039215685,
  "column_score": 0.09803921568627451,
  "time_ms": 0
}