{
  "sum_of_pairs": 0.7020698744078283,
  "column_score": 0.021088618807896,
  "time_ms": 299
}