{
  "sum_of_pairs": 0.7091341738331802,
  "column_score": 0.10847457627118644,
  "time_ms": 370
}