{
  "sum_of_pairs": 0.8619499062690038,
  "column_score": 0.05429864253393665,
  "time_ms": 961
}