{
  "sum_of_pairs": 0.9275454699983002,
  "column_score": 0.060810810810810814,
  "time_ms": 323
}