{
  "sum_of_pairs": 0.8849670201219003,
  "column_score": 0.0423728813559322,
  "time_ms": 86
}