{
  "sum_of_pairs": 0.8054627023223082,
  "column_score": 0.07142857142857142,
  "time_ms": 87
}