{
  "sum_of_pairs": 0.650819742030218,
  "column_score": 0.2525828929856101,
  "time_ms": 275
}