{
  "sum_of_pairs": 0.6697855326465898,
  "column_score": 0.2823061382567809,
  "time_ms": 157
}