{
  "sum_of_pairs": 0.8285271317829458,
  "column_score": 0.4883720930232558,
  "time_ms": 343
}