{
  "sum_of_pairs": 0.8208392267798208,
  "column_score": 0.504950495049505,
  "time_ms": 356
}