{
  "sum_of_pairs": 0.6506110408765277,
  "column_score": 0.26548672566371684,
  "time_ms": 142
}