{
  "sum_of_pairs": 0.7886736214605067,
  "column_score": 0.2581967213114754,
  "time_ms": 32
}