{
  "sum_of_pairs": 0.6327995504986655,
  "column_score": 0.24778761061946902,
  "time_ms": 260
}