{
  "sum_of_pairs": 0.8474097834803529,
  "column_score": 0.4930232558139535,
  "time_ms": 185
}