{
  "sum_of_pairs": 0.7917968207691239,
  "column_score": 0.19387755102040816,
  "time_ms": 833
}