{
  "sum_of_pairs": 0.8056094646009452,
  "column_score": 0.33663366336633666,
  "time_ms": 632
}