{
  "sum_of_pairs": 0.8680089485458613,
  "column_score": 0.6577181208053692,
  "time_ms": 13
}