{
  "sum_of_pairs": 0.8384540167773146,
  "column_score": 0.7086614173228346,
  "time_ms": 31
}