{
  "sum_of_pairs": 0.7559391783497245,
  "column_score": 0.20987654320987653,
  "time_ms": 740
}