{
  "sum_of_pairs": 0.8369100921208379,
  "column_score": 0.7086614173228346,
  "time_ms": 54
}