{
  "sum_of_pairs": 0.49244155740005613,
  "column_score": 0.10429447852760736,
  "time_ms": 87
}