{
  "sum_of_pairs": 0.7383412824589295,
  "column_score": 0.20270270270270271,
  "time_ms": 191
}