{
  "sum_of_pairs": 0.7157585392879511,
  "column_score": 0.14864864864864866,
  "time_ms": 383
}