{
  "sum_of_pairs": 0.7666169895678092,
  "column_score": 0.21106557377049182,
  "time_ms": 51
}