{
  "sum_of_pairs": 0.7505614842714654,
  "column_score": 0.20987654320987653,
  "time_ms": 1108
}