{
  "sum_of_pairs": 0.5217931753478487,
  "column_score": 0.1165644171779141,
  "time_ms": 45
}