{
  "sum_of_pairs": 0.8418342151675485,
  "column_score": 0.10666666666666667,
  "time_ms": 172
}