{
  "sum_of_pairs": 0.7989986811050951,
  "column_score": 0.21428571428571427,
  "time_ms": 456
}