{
  "sum_of_pairs": 0.6797920914112705,
  "column_score": 0.27363449015421615,
  "time_ms": 295
}