{
  "sum_of_pairs": 0.6576881141578129,
  "column_score": 0.2696642032689702,
  "time_ms": 151
}