{
  "sum_of_pairs": 0.7540140894189858,
  "column_score": 0.2962962962962963,
  "time_ms": 738
}