{
  "sum_of_pairs": 0.7638888888888888,
  "column_score": 0.436241610738255,
  "time_ms": 21
}