{
  "sum_of_pairs": 0.6731984829329962,
  "column_score": 0.3185840707964602,
  "time_ms": 146
}