{
  "sum_of_pairs": 0.5301043219076006,
  "column_score": 0.18032786885245902,
  "time_ms": 58
}