{
  "sum_of_pairs": 0.6538558786346397,
  "column_score": 0.26548672566371684,
  "time_ms": 248
}