{
  "sum_of_pairs": 0.8132635707344162,
  "column_score": 0.3673469387755102,
  "time_ms": 431
}