{
  "sum_of_pairs": 0.5168611411844901,
  "column_score": 0.08588957055214724,
  "time_ms": 63
}