{
  "sum_of_pairs": 0.8084255546645283,
  "column_score": 0.5534883720930233,
  "time_ms": 166
}