{
  "sum_of_pairs": 0.863831233621701,
  "column_score": 0.4752475247524752,
  "time_ms": 708
}