{
  "sum_of_pairs": 0.7974928774928774,
  "column_score": 0.5555555555555556,
  "time_ms": 94
}