{
  "sum_of_pairs": 0.8128991392475358,
  "column_score": 0.3673469387755102,
  "time_ms": 769
}