{
  "sum_of_pairs": 0.8330536912751678,
  "column_score": 0.6006711409395973,
  "time_ms": 13
}