{
  "sum_of_pairs": 0.854160499106389,
  "column_score": 0.39603960396039606,
  "time_ms": 704
}