{
  "sum_of_pairs": 0.7916915052160953,
  "column_score": 0.2581967213114754,
  "time_ms": 67
}