{
  "sum_of_pairs": 0.6746031746031746,
  "column_score": 0.3185840707964602,
  "time_ms": 361
}