{
  "sum_of_pairs": 0.8075107594058032,
  "column_score": 0.336734693877551,
  "time_ms": 672
}