{
  "sum_of_pairs": 0.6604639398757046,
  "column_score": 0.10810810810810811,
  "time_ms": 496
}