{
  "sum_of_pairs": 0.7507707330682849,
  "column_score": 0.2962962962962963,
  "time_ms": 1127
}