{
  "sum_of_pairs": 0.8047483380816715,
  "column_score": 0.691358024691358,
  "time_ms": 114
}