{
  "sum_of_pairs": 0.5401178876458559,
  "column_score": 0.11042944785276074,
  "time_ms": 282
}