{
  "sum_of_pairs": 0.8643919510061242,
  "column_score": 0.5984251968503937,
  "time_ms": 66
}