{
  "sum_of_pairs": 0.794311681368618,
  "column_score": 0.5116279069767442,
  "time_ms": 349
}