{
  "sum_of_pairs": 0.8045204178537512,
  "column_score": 0.691358024691358,
  "time_ms": 51
}