{
  "sum_of_pairs": 0.8088960171077252,
  "column_score": 0.5534883720930233,
  "time_ms": 394
}