{
  "sum_of_pairs": 0.6575462779480656,
  "column_score": 0.4111848006587817,
  "time_ms": 15
}