{
  "sum_of_pairs": 0.6585023151322109,
  "column_score": 0.4203349756726592,
  "time_ms": 37
}