{
  "sum_of_pairs": 0.6589053103169443,
  "column_score": 0.4207362137788154,
  "time_ms": 51
}