{
  "sum_of_pairs": 0.5806892436118576,
  "column_score": 0.3190076409464383,
  "time_ms": 27
}