{
  "sum_of_pairs": 0.6589053103169443,
  "column_score": 0.42073621377881537,
  "time_ms": 81
}