{
  "sum_of_pairs": 0.5150684931506849,
  "column_score": 0.4383561643835616,
  "time_ms": 8
}