{
  "sum_of_pairs": 0.42379032258064514,
  "column_score": 0.1431451612903226,
  "time_ms": 10
}