{
  "sum_of_pairs": 0.6559628895694469,
  "column_score": 0.4817150063051702,
  "time_ms": 82
}