{
  "sum_of_pairs": 0.5618317721638755,
  "column_score": 0.07749077490774908,
  "time_ms": 84
}