{
  "sum_of_pairs": 0.4421875,
  "column_score": 0.234375,
  "time_ms": 1
}