{
  "sum_of_pairs": 0.23333333333333334,
  "column_score": 0.052083333333333336,
  "time_ms": 2
}