{
  "sum_of_pairs": 0.88997668997669,
  "column_score": 0.676923076923077,
  "time_ms": 37
}