{
  "sum_of_pairs": 0.8184523809523809,
  "column_score": 0.7023809523809523,
  "time_ms": 2
}