{
  "sum_of_pairs": 0.38509316770186336,
  "column_score": 0.12422360248447205,
  "time_ms": 27
}