{
  "sum_of_pairs": 0.5927505330490405,
  "column_score": 0.26119402985074625,
  "time_ms": 15
}