{
  "sum_of_pairs": 0.9167055167055167,
  "column_score": 0.7538461538461538,
  "time_ms": 22
}