{
  "sum_of_pairs": 0.6730253353204173,
  "column_score": 0.45081967213114754,
  "time_ms": 86
}