{
  "sum_of_pairs": 0.5782520325203252,
  "column_score": 0.36585365853658536,
  "time_ms": 9
}