{
  "sum_of_pairs": 0.5946969696969697,
  "column_score": 0.26666666666666666,
  "time_ms": 25
}