{
  "sum_of_pairs": 0.5846047156726768,
  "column_score": 0.21844660194174756,
  "time_ms": 10
}