{
  "sum_of_pairs": 0.6963550852439742,
  "column_score": 0.4382716049382716,
  "time_ms": 7
}