{
  "sum_of_pairs": 0.9240132416603005,
  "column_score": 0.5714285714285714,
  "time_ms": 288
}