{
  "sum_of_pairs": 0.7808457711442786,
  "column_score": 0.6850746268656717,
  "time_ms": 8
}