{
  "sum_of_pairs": 0.6890625,
  "column_score": 0.484375,
  "time_ms": 2
}