{
  "sum_of_pairs": 0.8135593220338984,
  "column_score": 0.7627118644067796,
  "time_ms": 28
}