{
  "sum_of_pairs": 0.8064039408866995,
  "column_score": 0.6576354679802956,
  "time_ms": 23
}