{
  "sum_of_pairs": 0.2833333333333333,
  "column_score": 0.10689655172413794,
  "time_ms": 8
}