{
  "sum_of_pairs": 0.7253086419753086,
  "column_score": 0.14814814814814814,
  "time_ms": 15
}