{
  "sum_of_pairs": 0.750140056022409,
  "column_score": 0.44537815126050423,
  "time_ms": 13
}