{
  "sum_of_pairs": 0.6735042735042736,
  "column_score": 0.5128205128205128,
  "time_ms": 1
}