{
  "sum_of_pairs": 0.6541834271922767,
  "column_score": 0.3584070796460177,
  "time_ms": 29
}