{
  "sum_of_pairs": 0.7768656716417911,
  "column_score": 0.6835820895522388,
  "time_ms": 62
}