{
  "sum_of_pairs": 0.8785529715762274,
  "column_score": 0.5348837209302325,
  "time_ms": 6
}