{
  "sum_of_pairs": 0.5662448347107438,
  "column_score": 0.34375,
  "time_ms": 55
}