{
  "sum_of_pairs": 0.7229518449030644,
  "column_score": 0.21951219512195122,
  "time_ms": 28
}