{
  "sum_of_pairs": 0.6770898478215551,
  "column_score": 0.13821138211382114,
  "time_ms": 47
}