{
  "sum_of_pairs": 0.4654471544715447,
  "column_score": 0.29878048780487804,
  "time_ms": 8
}