{
  "sum_of_pairs": 0.7346491228070176,
  "column_score": 0.4934210526315789,
  "time_ms": 57
}