{
  "sum_of_pairs": 0.3817204301075269,
  "column_score": 0.15207373271889402,
  "time_ms": 9
}