{
  "sum_of_pairs": 0.3821354628808045,
  "column_score": 0.12422360248447205,
  "time_ms": 8
}