{
  "sum_of_pairs": 0.7669539153240914,
  "column_score": 0.4968152866242038,
  "time_ms": 42
}