{
  "sum_of_pairs": 0.32708333333333334,
  "column_score": 0.14583333333333334,
  "time_ms": 1
}