{
  "sum_of_pairs": 0.8186907838070628,
  "column_score": 0.3953488372093023,
  "time_ms": 93
}