{
  "sum_of_pairs": 0.5384024577572964,
  "column_score": 0.271889400921659,
  "time_ms": 8
}