{
  "sum_of_pairs": 0.489648033126294,
  "column_score": 0.17391304347826086,
  "time_ms": 3
}