{
  "sum_of_pairs": 0.5681818181818182,
  "column_score": 0.3465909090909091,
  "time_ms": 372
}