{
  "sum_of_pairs": 0.7073412698412699,
  "column_score": 0.5654761904761905,
  "time_ms": 3
}