{
  "sum_of_pairs": 0.6110160331471807,
  "column_score": 0.46532156368221944,
  "time_ms": 60
}