{
  "sum_of_pairs": 0.6518041999408459,
  "column_score": 0.4824016563146998,
  "time_ms": 70
}