{
  "sum_of_pairs": 0.8048374339119937,
  "column_score": 0.554140127388535,
  "time_ms": 26
}