{
  "sum_of_pairs": 0.6692708333333334,
  "column_score": 0.546875,
  "time_ms": 2
}