{
  "sum_of_pairs": 0.6506336405529954,
  "column_score": 0.3951612903225806,
  "time_ms": 11
}