{
  "sum_of_pairs": 0.6214859437751004,
  "column_score": 0.4457831325301205,
  "time_ms": 3
}