{
  "sum_of_pairs": 0.6624087591240876,
  "column_score": 0.23357664233576642,
  "time_ms": 10
}