{
  "sum_of_pairs": 0.510351966873706,
  "column_score": 0.15217391304347827,
  "time_ms": 7
}