{
  "sum_of_pairs": 0.8342749529190208,
  "column_score": 0.7005649717514124,
  "time_ms": 13
}