{
  "sum_of_pairs": 0.7455538996522603,
  "column_score": 0.587183308494784,
  "time_ms": 260
}