{
  "sum_of_pairs": 0.21551724137931033,
  "column_score": 0.09655172413793103,
  "time_ms": 10
}