{
  "sum_of_pairs": 0.7411003236245954,
  "column_score": 0.45145631067961167,
  "time_ms": 6
}