{
  "sum_of_pairs": 0.7238805970149254,
  "column_score": 0.5447761194029851,
  "time_ms": 79
}