{
  "sum_of_pairs": 0.7816537467700259,
  "column_score": 0.46511627906976744,
  "time_ms": 3
}