{
  "sum_of_pairs": 0.7009769829441961,
  "column_score": 0.4918032786885246,
  "time_ms": 77
}