{
  "sum_of_pairs": 0.7971887550200804,
  "column_score": 0.6987951807228916,
  "time_ms": 5
}