{
  "sum_of_pairs": 0.7416128498095711,
  "column_score": 0.5737704918032787,
  "time_ms": 48
}