{
  "sum_of_pairs": 0.29310344827586204,
  "column_score": 0.13448275862068965,
  "time_ms": 4
}