{
  "sum_of_pairs": 0.6011921657678115,
  "column_score": 0.08487084870848709,
  "time_ms": 24
}