{
  "sum_of_pairs": 0.6682563338301043,
  "column_score": 0.4426229508196721,
  "time_ms": 18
}