{
  "sum_of_pairs": 0.7663865546218488,
  "column_score": 0.5210084033613446,
  "time_ms": 65
}