{
  "sum_of_pairs": 0.36350806451612905,
  "column_score": 0.11491935483870967,
  "time_ms": 17
}