{
  "sum_of_pairs": 0.6246983105390185,
  "column_score": 0.3008849557522124,
  "time_ms": 43
}