{
  "sum_of_pairs": 0.7170955338657202,
  "column_score": 0.6086956521739131,
  "time_ms": 114
}