{
  "sum_of_pairs": 0.9215176979882862,
  "column_score": 0.5714285714285714,
  "time_ms": 142
}