{
  "sum_of_pairs": 0.7403508771929824,
  "column_score": 0.4934210526315789,
  "time_ms": 16
}