{
  "sum_of_pairs": 0.6229508196721312,
  "column_score": 0.3770491803278688,
  "time_ms": 30
}