{
  "sum_of_pairs": 0.7156166814551908,
  "column_score": 0.5921325051759835,
  "time_ms": 19
}