{
  "sum_of_pairs": 0.6708701134930644,
  "column_score": 0.5485498108448928,
  "time_ms": 32
}