{
  "sum_of_pairs": 0.6900188323917138,
  "column_score": 0.423728813559322,
  "time_ms": 24
}