{
  "sum_of_pairs": 0.5360983102918587,
  "column_score": 0.2672811059907834,
  "time_ms": 2
}