{
  "sum_of_pairs": 0.6953007518796992,
  "column_score": 0.4276315789473684,
  "time_ms": 27
}