{
  "sum_of_pairs": 0.8045460222305483,
  "column_score": 0.5859872611464968,
  "time_ms": 65
}