{
  "sum_of_pairs": 0.8171663727219283,
  "column_score": 0.6111111111111112,
  "time_ms": 9
}