{
  "sum_of_pairs": 0.7496351886595789,
  "column_score": 0.3252032520325203,
  "time_ms": 80
}