{
  "sum_of_pairs": 0.7392538523925385,
  "column_score": 0.3357664233576642,
  "time_ms": 5
}