{
  "sum_of_pairs": 0.34257907542579075,
  "column_score": 0.10218978102189781,
  "time_ms": 4
}