{
  "sum_of_pairs": 0.33451641526175685,
  "column_score": 0.07453416149068323,
  "time_ms": 14
}