{
  "sum_of_pairs": 0.5771889400921659,
  "column_score": 0.29838709677419356,
  "time_ms": 17
}