{
  "sum_of_pairs": 0.06255032692465726,
  "column_score": 0.013242459976758339,
  "time_ms": 6
}