{
  "sum_of_pairs": 0.22626931567328917,
  "column_score": 0.17218543046357615,
  "time_ms": 3
}