{
  "sum_of_pairs": 0.3208182912154031,
  "column_score": 0.07220216606498195,
  "time_ms": 10
}