{
  "sum_of_pairs": 0.7816738913952003,
  "column_score": 0.08097697500059825,
  "time_ms": 1401
}