{
  "sum_of_pairs": 0.7754475753373166,
  "column_score": 0.08097697500059824,
  "time_ms": 733
}