{
  "sum_of_pairs": 0.745056589828547,
  "column_score": 0.04875257557753664,
  "time_ms": 582
}