{
  "sum_of_pairs": 0.7756260470682993,
  "column_score": 0.0830250107481313,
  "time_ms": 312
}