{
  "sum_of_pairs": 0.6119724375538329,
  "column_score": 0.12790697674418605,
  "time_ms": 171
}