{
  "sum_of_pairs": 0.946610135931173,
  "column_score": 0.25462962962962965,
  "time_ms": 5358
}