{
  "sum_of_pairs": 0.9171716190249631,
  "column_score": 0.004524886877828055,
  "time_ms": 2331
}