{
  "sum_of_pairs": 0.8781351275186698,
  "column_score": 0.16556291390728478,
  "time_ms": 900
}