{
  "sum_of_pairs": 0.9372333105626343,
  "column_score": 0.12962962962962962,
  "time_ms": 2297
}