{
  "sum_of_pairs": 0.7870566805957355,
  "column_score": 0.15846994535519127,
  "time_ms": 361
}