{
  "sum_of_pairs": 0.9549643983606247,
  "column_score": 0.31756756756756754,
  "time_ms": 304
}