{
  "sum_of_pairs": 0.708339987224529,
  "column_score": 0.12871287128712872,
  "time_ms": 157
}