{
  "sum_of_pairs": 0.9193939393939394,
  "column_score": 0.10833333333333334,
  "time_ms": 659
}