{
  "sum_of_pairs": 0.9167171717171717,
  "column_score": 0.10833333333333334,
  "time_ms": 1616
}