{
  "sum_of_pairs": 0.604004329004329,
  "column_score": 0.13636363636363635,
  "time_ms": 18
}