{
  "sum_of_pairs": 0.6584533038021411,
  "column_score": 0.13953488372093023,
  "time_ms": 492
}