{
  "sum_of_pairs": 0.8301152357494722,
  "column_score": 0.23214285714285715,
  "time_ms": 156
}