{
  "sum_of_pairs": 0.8615436099760462,
  "column_score": 0.152317880794702,
  "time_ms": 701
}