{
  "sum_of_pairs": 0.7078808687320345,
  "column_score": 0.12871287128712872,
  "time_ms": 334
}