{
  "sum_of_pairs": 0.9187059993878176,
  "column_score": 0.16287878787878787,
  "time_ms": 1154
}