{
  "sum_of_pairs": 0.9092844618852801,
  "column_score": 0.05084745762711865,
  "time_ms": 161
}