{
  "sum_of_pairs": 0.7333889955748518,
  "column_score": 0.11864406779661017,
  "time_ms": 706
}