{
  "sum_of_pairs": 0.4892084460162263,
  "column_score": 0.07236842105263158,
  "time_ms": 80
}