{
  "sum_of_pairs": 0.9559465125502862,
  "column_score": 0.31756756756756754,
  "time_ms": 792
}