{
  "sum_of_pairs": 0.6775903815646656,
  "column_score": 0.07142857142857142,
  "time_ms": 502
}