{
  "sum_of_pairs": 0.9439519043234628,
  "column_score": 0.25462962962962965,
  "time_ms": 1468
}