{
  "sum_of_pairs": 0.8386970963248688,
  "column_score": 0.17486338797814208,
  "time_ms": 188
}