{
  "sum_of_pairs": 0.8809260018391518,
  "column_score": 0.04580152671755725,
  "time_ms": 1369
}