{
  "sum_of_pairs": 0.6433847013733631,
  "column_score": 0.06435643564356436,
  "time_ms": 274
}