{
  "sum_of_pairs": 0.8878423120089787,
  "column_score": 0.058333333333333334,
  "time_ms": 1277
}