{
  "sum_of_pairs": 0.8839703273665538,
  "column_score": 0.06944444444444445,
  "time_ms": 554
}