{
  "sum_of_pairs": 0.8901771568486245,
  "column_score": 0.08396946564885496,
  "time_ms": 675
}