{
  "sum_of_pairs": 0.7286674459380479,
  "column_score": 0.16666666666666666,
  "time_ms": 574
}