{
  "sum_of_pairs": 0.9438259013730712,
  "column_score": 0.20270270270270271,
  "time_ms": 581
}