{
  "sum_of_pairs": 0.8968774762489509,
  "column_score": 0.004524886877828055,
  "time_ms": 1994
}