{
  "sum_of_pairs": 0.9172553822030051,
  "column_score": 0.004524886877828055,
  "time_ms": 4552
}