{
  "sum_of_pairs": 0.6894323671497584,
  "column_score": 0.014492753623188406,
  "time_ms": 17
}