{
  "sum_of_pairs": 0.6808149405772496,
  "column_score": 0.056451612903225805,
  "time_ms": 704
}