{
  "sum_of_pairs": 0.7244637436542994,
  "column_score": 0.3671686631446802,
  "time_ms": 1338
}