{
  "sum_of_pairs": 0.7220632858141215,
  "column_score": 0.3559993177931665,
  "time_ms": 2620
}