{
  "sum_of_pairs": 0.8641464981794816,
  "column_score": 0.5274725274725275,
  "time_ms": 10015
}