{
  "sum_of_pairs": 0.8860481721249048,
  "column_score": 0.8217821782178217,
  "time_ms": 2117
}