{
  "sum_of_pairs": 0.7803088177419728,
  "column_score": 0.44155844155844154,
  "time_ms": 169
}