{
  "sum_of_pairs": 0.9288714574898785,
  "column_score": 0.7953216374269005,
  "time_ms": 1476
}