{
  "sum_of_pairs": 0.7792065663474692,
  "column_score": 0.32941176470588235,
  "time_ms": 299
}