{
  "sum_of_pairs": 0.6721014492753623,
  "column_score": 0.391304347826087,
  "time_ms": 39
}