{
  "sum_of_pairs": 0.6804284404434442,
  "column_score": 0.4069767441860465,
  "time_ms": 554
}