{
  "sum_of_pairs": 0.832860460303957,
  "column_score": 0.5217391304347826,
  "time_ms": 1073
}