{
  "sum_of_pairs": 0.9674478047942263,
  "column_score": 0.6699029126213593,
  "time_ms": 9336
}