{
  "sum_of_pairs": 0.9039643063703214,
  "column_score": 0.3805668016194332,
  "time_ms": 1260
}