{
  "sum_of_pairs": 0.8744816827008608,
  "column_score": 0.4726027397260274,
  "time_ms": 3421
}