{
  "sum_of_pairs": 0.781283422459893,
  "column_score": 0.3764705882352941,
  "time_ms": 154
}