{
  "sum_of_pairs": 0.8866955445544554,
  "column_score": 0.8316831683168316,
  "time_ms": 1062
}