{
  "sum_of_pairs": 0.684194890077243,
  "column_score": 0.29545454545454547,
  "time_ms": 32
}