{
  "sum_of_pairs": 0.7534788556474157,
  "column_score": 0.4260869565217391,
  "time_ms": 7561
}