{
  "sum_of_pairs": 0.8353379152348225,
  "column_score": 0.5674603174603174,
  "time_ms": 3945
}