{
  "sum_of_pairs": 0.8436150315849564,
  "column_score": 0.4175824175824176,
  "time_ms": 885
}