{
  "sum_of_pairs": 0.6826456614153539,
  "column_score": 0.41472868217054265,
  "time_ms": 292
}