{
  "sum_of_pairs": 0.8243090243090243,
  "column_score": 0.17142857142857143,
  "time_ms": 153
}