{
  "sum_of_pairs": 0.8350665744943043,
  "column_score": 0.5674603174603174,
  "time_ms": 6728
}