{
  "sum_of_pairs": 0.9679464362426816,
  "column_score": 0.6699029126213593,
  "time_ms": 4538
}