{
  "sum_of_pairs": 0.7794754265342501,
  "column_score": 0.42857142857142855,
  "time_ms": 337
}