{
  "sum_of_pairs": 0.8242690642690643,
  "column_score": 0.17142857142857143,
  "time_ms": 283
}