{
  "sum_of_pairs": 0.8897414965986394,
  "column_score": 0.7041666666666667,
  "time_ms": 860
}