{
  "sum_of_pairs": 0.9018821779724036,
  "column_score": 0.3643724696356275,
  "time_ms": 2541
}