{
  "sum_of_pairs": 0.8430028617998543,
  "column_score": 0.3956043956043956,
  "time_ms": 1812
}