{
  "sum_of_pairs": 0.7537239041218105,
  "column_score": 0.4260869565217391,
  "time_ms": 3668
}