{
  "sum_of_pairs": 0.8644512908380975,
  "column_score": 0.5274725274725275,
  "time_ms": 4983
}