{
  "sum_of_pairs": 0.9292228969860549,
  "column_score": 0.7953216374269005,
  "time_ms": 768
}