{
  "sum_of_pairs": 0.6771457300869066,
  "column_score": 0.27601809954751133,
  "time_ms": 483
}