{
  "sum_of_pairs": 0.8310440760582163,
  "column_score": 0.5043478260869565,
  "time_ms": 2140
}