{
  "sum_of_pairs": 0.40956362967604426,
  "column_score": 0.031319429278915775,
  "time_ms": 581
}