{
  "sum_of_pairs": 0.5795125666412795,
  "column_score": 0.27722772277227725,
  "time_ms": 412
}