{
  "sum_of_pairs": 0.5808901259559154,
  "column_score": 0.06432748538011696,
  "time_ms": 389
}