{
  "sum_of_pairs": 0.762501901636494,
  "column_score": 0.0851063829787234,
  "time_ms": 1566
}