{
  "sum_of_pairs": 0.7483360550896844,
  "column_score": 0.3134920634920635,
  "time_ms": 1936
}