{
  "sum_of_pairs": 0.7688133784024195,
  "column_score": 0.0410958904109589,
  "time_ms": 957
}