{
  "sum_of_pairs": 0.6499840173052852,
  "column_score": 0.42603481372556545,
  "time_ms": 25
}