{
  "sum_of_pairs": 0.5274024126874333,
  "column_score": 0.2700769191677269,
  "time_ms": 22
}