{
  "sum_of_pairs": 0.649848719024614,
  "column_score": 0.4260348137255654,
  "time_ms": 28
}