{
  "sum_of_pairs": 0.6545353297059168,
  "column_score": 0.4369735864087881,
  "time_ms": 10
}