{
  "sum_of_pairs": 0.7839390533283377,
  "column_score": 0.5605095541401274,
  "time_ms": 33
}