{
  "sum_of_pairs": 0.2780337941628264,
  "column_score": 0.055299539170506916,
  "time_ms": 4
}