{
  "sum_of_pairs": 0.5094171997157072,
  "column_score": 0.20149253731343283,
  "time_ms": 12
}