{
  "sum_of_pairs": 0.5598935226264419,
  "column_score": 0.36024844720496896,
  "time_ms": 11
}