{
  "sum_of_pairs": 0.577031375703942,
  "column_score": 0.2920353982300885,
  "time_ms": 29
}