{
  "sum_of_pairs": 0.6576781152426909,
  "column_score": 0.3025830258302583,
  "time_ms": 43
}