{
  "sum_of_pairs": 0.5601756198347108,
  "column_score": 0.3409090909090909,
  "time_ms": 37
}