{
  "sum_of_pairs": 0.839660769893328,
  "column_score": 0.43023255813953487,
  "time_ms": 38
}