{
  "sum_of_pairs": 0.4643835616438356,
  "column_score": 0.2328767123287671,
  "time_ms": 8
}