{
  "sum_of_pairs": 0.7354497354497355,
  "column_score": 0.5061728395061729,
  "time_ms": 11
}