{
  "sum_of_pairs": 0.6943043884220355,
  "column_score": 0.35294117647058826,
  "time_ms": 31
}