{
  "sum_of_pairs": 0.6577254234080803,
  "column_score": 0.3025830258302583,
  "time_ms": 17
}