{
  "sum_of_pairs": 0.5759322644568546,
  "column_score": 0.42370744010088274,
  "time_ms": 38
}