{
  "sum_of_pairs": 0.5793650793650794,
  "column_score": 0.39880952380952384,
  "time_ms": 3
}