{
  "sum_of_pairs": 0.5828629032258065,
  "column_score": 0.46975806451612906,
  "time_ms": 48
}