{
  "sum_of_pairs": 0.6051282051282051,
  "column_score": 0.10256410256410256,
  "time_ms": 1
}