{
  "sum_of_pairs": 0.6191542288557214,
  "column_score": 0.5268656716417911,
  "time_ms": 11
}