{
  "sum_of_pairs": 0.43990267639902675,
  "column_score": 0.2773722627737226,
  "time_ms": 5
}