{
  "sum_of_pairs": 0.7261770244821092,
  "column_score": 0.423728813559322,
  "time_ms": 45
}