{
  "sum_of_pairs": 0.45625,
  "column_score": 0.3024193548387097,
  "time_ms": 15
}