{
  "sum_of_pairs": 0.3634538152610442,
  "column_score": 0.18072289156626506,
  "time_ms": 2
}