{
  "sum_of_pairs": 0.6272210376687989,
  "column_score": 0.2835820895522388,
  "time_ms": 58
}