{
  "sum_of_pairs": 0.483739837398374,
  "column_score": 0.3597560975609756,
  "time_ms": 5
}