{
  "sum_of_pairs": 0.13045977011494253,
  "column_score": 0.07931034482758621,
  "time_ms": 5
}