{
  "sum_of_pairs": 0.6547039740470397,
  "column_score": 0.32116788321167883,
  "time_ms": 10
}