{
  "sum_of_pairs": 0.6817690506215096,
  "column_score": 0.5561160151324086,
  "time_ms": 23
}