{
  "sum_of_pairs": 0.8541692685566795,
  "column_score": 0.5859872611464968,
  "time_ms": 78
}