{
  "sum_of_pairs": 0.6830300846694289,
  "column_score": 0.5573770491803278,
  "time_ms": 88
}