{
  "sum_of_pairs": 0.6206408345752608,
  "column_score": 0.4139344262295082,
  "time_ms": 60
}