{
  "sum_of_pairs": 0.7980295566502463,
  "column_score": 0.6847290640394089,
  "time_ms": 42
}