{
  "sum_of_pairs": 0.7906799083269671,
  "column_score": 0.37142857142857144,
  "time_ms": 149
}