{
  "sum_of_pairs": 0.5175691244239631,
  "column_score": 0.14516129032258066,
  "time_ms": 8
}