{
  "sum_of_pairs": 0.5461432506887053,
  "column_score": 0.2585227272727273,
  "time_ms": 89
}