{
  "sum_of_pairs": 0.5334575260804769,
  "column_score": 0.29098360655737704,
  "time_ms": 26
}