{
  "sum_of_pairs": 0.683743842364532,
  "column_score": 0.5123152709359606,
  "time_ms": 14
}