{
  "sum_of_pairs": 0.8675990675990676,
  "column_score": 0.5948717948717949,
  "time_ms": 37
}