{
  "sum_of_pairs": 0.22873563218390805,
  "column_score": 0.10689655172413794,
  "time_ms": 10
}