{
  "sum_of_pairs": 0.6750201126307321,
  "column_score": 0.42920353982300885,
  "time_ms": 20
}