{
  "sum_of_pairs": 0.7088383838383838,
  "column_score": 0.11666666666666667,
  "time_ms": 10
}