{
  "sum_of_pairs": 0.8482161442071521,
  "column_score": 0.5859872611464968,
  "time_ms": 44
}