{
  "sum_of_pairs": 0.6818347408511343,
  "column_score": 0.46199701937406856,
  "time_ms": 57
}