{
  "sum_of_pairs": 0.7773472429210134,
  "column_score": 0.6408345752608048,
  "time_ms": 217
}