{
  "sum_of_pairs": 0.616195856873823,
  "column_score": 0.3220338983050847,
  "time_ms": 16
}