{
  "sum_of_pairs": 0.29635036496350364,
  "column_score": 0.145985401459854,
  "time_ms": 3
}