{
  "sum_of_pairs": 0.6829340431824904,
  "column_score": 0.5652173913043478,
  "time_ms": 13
}