{
  "sum_of_pairs": 0.6709401709401709,
  "column_score": 0.35772357723577236,
  "time_ms": 45
}