{
  "sum_of_pairs": 0.6235599078341014,
  "column_score": 0.1935483870967742,
  "time_ms": 24
}