{
  "sum_of_pairs": 0.37945205479452054,
  "column_score": 0.1506849315068493,
  "time_ms": 16
}