{
  "sum_of_pairs": 0.7337919533041485,
  "column_score": 0.24390243902439024,
  "time_ms": 44
}