{
  "sum_of_pairs": 0.5137254901960784,
  "column_score": 0.35294117647058826,
  "time_ms": 4
}