{
  "sum_of_pairs": 0.7040076900325347,
  "column_score": 0.5817805383022774,
  "time_ms": 15
}