{
  "sum_of_pairs": 0.6716867469879518,
  "column_score": 0.6626506024096386,
  "time_ms": 1
}