{
  "sum_of_pairs": 0.9522144522144522,
  "column_score": 0.8358974358974359,
  "time_ms": 17
}