{
  "sum_of_pairs": 0.5777136941733215,
  "column_score": 0.36438923395445133,
  "time_ms": 30
}