{
  "sum_of_pairs": 0.6745261211280629,
  "column_score": 0.39805825242718446,
  "time_ms": 21
}