{
  "sum_of_pairs": 0.7953667953667953,
  "column_score": 0.4594594594594595,
  "time_ms": 2
}