{
  "sum_of_pairs": 0.7805265772478888,
  "column_score": 0.6408345752608048,
  "time_ms": 32
}