{
  "sum_of_pairs": 0.49944042699724517,
  "column_score": 0.29829545454545453,
  "time_ms": 64
}