{
  "sum_of_pairs": 0.5016181229773463,
  "column_score": 0.2087378640776699,
  "time_ms": 8
}