{
  "sum_of_pairs": 0.6683760683760683,
  "column_score": 0.2564102564102564,
  "time_ms": 0
}