{
  "sum_of_pairs": 0.47917025571090516,
  "column_score": 0.2601597773979259,
  "time_ms": 13
}