{
  "sum_of_pairs": 0.6406162464985994,
  "column_score": 0.11428571428571428,
  "time_ms": 68
}