{
  "sum_of_pairs": 0.5140712945590994,
  "column_score": 0.12195121951219512,
  "time_ms": 26
}