{
  "sum_of_pairs": 0.18346774193548387,
  "column_score": 0.04838709677419355,
  "time_ms": 12
}