{
  "sum_of_pairs": 0.645961704101239,
  "column_score": 0.2558139534883721,
  "time_ms": 38
}