{
  "sum_of_pairs": 0.7489696515548895,
  "column_score": 0.22929936305732485,
  "time_ms": 23
}