{
  "sum_of_pairs": 0.6726941546613677,
  "column_score": 0.4262295081967213,
  "time_ms": 40
}