{
  "sum_of_pairs": 0.6500600526065634,
  "column_score": 0.25919046123057643,
  "time_ms": 280
}