{
  "sum_of_pairs": 0.6501438827108853,
  "column_score": 0.25919046123057643,
  "time_ms": 294
}