{
  "sum_of_pairs": 0.6196993524870832,
  "column_score": 0.2133390218179372,
  "time_ms": 269
}