{
  "sum_of_pairs": 0.6501438827108853,
  "column_score": 0.2591904612305763,
  "time_ms": 732
}