{
  "sum_of_pairs": 0.7475097181729835,
  "column_score": 0.22448979591836735,
  "time_ms": 699
}