{
  "sum_of_pairs": 0.6814187068424357,
  "column_score": 0.08641975308641975,
  "time_ms": 1284
}