{
  "sum_of_pairs": 0.5430049320341633,
  "column_score": 0.08588957055214724,
  "time_ms": 99
}