{
  "sum_of_pairs": 0.8401058201058201,
  "column_score": 0.18666666666666668,
  "time_ms": 207
}