{
  "sum_of_pairs": 0.8031496062992126,
  "column_score": 0.4566929133858268,
  "time_ms": 70
}