{
  "sum_of_pairs": 0.8166726971700492,
  "column_score": 0.36633663366336633,
  "time_ms": 599
}