{
  "sum_of_pairs": 0.5952100014046917,
  "column_score": 0.3274336283185841,
  "time_ms": 132
}