{
  "sum_of_pairs": 0.594425976778918,
  "column_score": 0.02702702702702703,
  "time_ms": 343
}