{
  "sum_of_pairs": 0.8250200481154771,
  "column_score": 0.5488372093023256,
  "time_ms": 156
}