{
  "sum_of_pairs": 0.8264902998236332,
  "column_score": 0.17333333333333334,
  "time_ms": 142
}