{
  "sum_of_pairs": 0.8014220796578455,
  "column_score": 0.5116279069767442,
  "time_ms": 343
}