{
  "sum_of_pairs": 0.7605164514785506,
  "column_score": 0.23469387755102042,
  "time_ms": 675
}