{
  "sum_of_pairs": 0.6615499254843518,
  "column_score": 0.25614754098360654,
  "time_ms": 56
}