{
  "sum_of_pairs": 0.8271050521251002,
  "column_score": 0.5395348837209303,
  "time_ms": 351
}