{
  "sum_of_pairs": 0.5984829329962074,
  "column_score": 0.3274336283185841,
  "time_ms": 293
}