{
  "sum_of_pairs": 0.691030201576341,
  "column_score": 0.09876543209876543,
  "time_ms": 670
}