{
  "sum_of_pairs": 0.803921568627451,
  "column_score": 0.4566929133858268,
  "time_ms": 29
}