{
  "sum_of_pairs": 0.740958240119314,
  "column_score": 0.4395973154362416,
  "time_ms": 41
}