{
  "sum_of_pairs": 0.6379895938719468,
  "column_score": 0.033783783783783786,
  "time_ms": 407
}