{
  "sum_of_pairs": 0.7609242676662502,
  "column_score": 0.23469387755102042,
  "time_ms": 398
}