{
  "sum_of_pairs": 0.7860968660968661,
  "column_score": 0.49382716049382713,
  "time_ms": 105
}