{
  "sum_of_pairs": 0.7442622950819672,
  "column_score": 0.3442622950819672,
  "time_ms": 87
}