{
  "sum_of_pairs": 0.833459425676787,
  "column_score": 0.4752475247524752,
  "time_ms": 1344
}