{
  "sum_of_pairs": 0.7148286140089419,
  "column_score": 0.3442622950819672,
  "time_ms": 32
}