{
  "sum_of_pairs": 0.5820602269537672,
  "column_score": 0.09202453987730061,
  "time_ms": 41
}