{
  "sum_of_pairs": 0.8325925925925926,
  "column_score": 0.18666666666666668,
  "time_ms": 85
}