{
  "sum_of_pairs": 0.7456035767511178,
  "column_score": 0.3442622950819672,
  "time_ms": 71
}