{
  "sum_of_pairs": 0.843027591349739,
  "column_score": 0.6912751677852349,
  "time_ms": 26
}