{
  "sum_of_pairs": 0.7659751685286982,
  "column_score": 0.06741354278497133,
  "time_ms": 344
}