{
  "sum_of_pairs": 0.7457744391816195,
  "column_score": 0.04129948659161559,
  "time_ms": 633
}