{
  "sum_of_pairs": 0.9154231711049893,
  "column_score": 0.07954545454545454,
  "time_ms": 1065
}