{
  "sum_of_pairs": 0.8252551020408163,
  "column_score": 0.16071428571428573,
  "time_ms": 96
}