{
  "sum_of_pairs": 0.9077817667664565,
  "column_score": 0.06787330316742081,
  "time_ms": 2012
}