{
  "sum_of_pairs": 0.9475252525252525,
  "column_score": 0.25416666666666665,
  "time_ms": 731
}