{
  "sum_of_pairs": 0.5616463639719453,
  "column_score": 0.10465116279069768,
  "time_ms": 119
}