{
  "sum_of_pairs": 0.534422296050203,
  "column_score": 0.05813953488372093,
  "time_ms": 206
}