{
  "sum_of_pairs": 0.9406387519595066,
  "column_score": 0.04054054054054054,
  "time_ms": 639
}