{
  "sum_of_pairs": 0.8398285653059038,
  "column_score": 0.18579234972677597,
  "time_ms": 392
}