{
  "sum_of_pairs": 0.9440855950289913,
  "column_score": 0.07432432432432433,
  "time_ms": 333
}