{
  "sum_of_pairs": 0.9193799102132435,
  "column_score": 0.12083333333333333,
  "time_ms": 1401
}