{
  "sum_of_pairs": 0.7838690824079486,
  "column_score": 0.1694915254237288,
  "time_ms": 458
}