{
  "sum_of_pairs": 0.8939496338315293,
  "column_score": 0.16030534351145037,
  "time_ms": 1429
}