{
  "sum_of_pairs": 0.7653168573098439,
  "column_score": 0.1016949152542373,
  "time_ms": 834
}