{
  "sum_of_pairs": 0.9139618140423942,
  "column_score": 0.14027149321266968,
  "time_ms": 1017
}