{
  "sum_of_pairs": 0.8969631837268306,
  "column_score": 0.17557251908396945,
  "time_ms": 747
}