{
  "sum_of_pairs": 0.955039007197521,
  "column_score": 0.5879629629629629,
  "time_ms": 1651
}