{
  "sum_of_pairs": 0.9274181205999388,
  "column_score": 0.13636363636363635,
  "time_ms": 509
}