{
  "sum_of_pairs": 0.8975618851798097,
  "column_score": 0.027777777777777776,
  "time_ms": 610
}