{
  "sum_of_pairs": 0.9314878648605064,
  "column_score": 0.2013888888888889,
  "time_ms": 320
}