{
  "sum_of_pairs": 0.9503759640420961,
  "column_score": 0.4722222222222222,
  "time_ms": 2198
}