{
  "sum_of_pairs": 0.8680167148826744,
  "column_score": 0.20765027322404372,
  "time_ms": 200
}