{
  "sum_of_pairs": 0.9456226729374878,
  "column_score": 0.09523809523809523,
  "time_ms": 1220
}