{
  "sum_of_pairs": 0.7211131211131233,
  "column_score": 0.35423332426591664,
  "time_ms": 1118
}