{
  "sum_of_pairs": 0.7212455946050361,
  "column_score": 0.3522871698455612,
  "time_ms": 170
}