{
  "sum_of_pairs": 0.7092087352490585,
  "column_score": 0.3224316798872114,
  "time_ms": 345
}