{
  "sum_of_pairs": 0.7211131211131235,
  "column_score": 0.3542333242659167,
  "time_ms": 479
}