{
  "sum_of_pairs": 0.7241900475829879,
  "column_score": 0.35423332426591664,
  "time_ms": 447
}