{
  "sum_of_pairs": 0.7593479014915019,
  "column_score": 0.06451612903225806,
  "time_ms": 84
}