{
  "sum_of_pairs": 0.8857765151515151,
  "column_score": 0.6306818181818182,
  "time_ms": 181
}