{
  "sum_of_pairs": 0.8859616573902288,
  "column_score": 0.7028571428571428,
  "time_ms": 47
}