{
  "sum_of_pairs": 0.7568505029483177,
  "column_score": 0.06451612903225806,
  "time_ms": 219
}