{
  "sum_of_pairs": 0.8817458175930922,
  "column_score": 0.6697247706422018,
  "time_ms": 235
}