{
  "sum_of_pairs": 0.9130931961120641,
  "column_score": 0.7264150943396226,
  "time_ms": 157
}