{
  "sum_of_pairs": 0.911564372187834,
  "column_score": 0.7264150943396226,
  "time_ms": 403
}