{
  "sum_of_pairs": 0.8628268283440698,
  "column_score": 0.6758620689655173,
  "time_ms": 31
}