{
  "sum_of_pairs": 0.9110075064508562,
  "column_score": 0.34523809523809523,
  "time_ms": 342
}