{
  "sum_of_pairs": 0.9000607123583378,
  "column_score": 0.6697247706422018,
  "time_ms": 94
}