{
  "sum_of_pairs": 0.5695473251028806,
  "column_score": 0.29012345679012347,
  "time_ms": 30
}