{
  "sum_of_pairs": 0.7928481411468179,
  "column_score": 0.6739130434782609,
  "time_ms": 56
}