{
  "sum_of_pairs": 0.7617990247300592,
  "column_score": 0.5488505747126436,
  "time_ms": 83
}