{
  "sum_of_pairs": 0.791710205503309,
  "column_score": 0.6235632183908046,
  "time_ms": 29
}