{
  "sum_of_pairs": 0.7051552678487663,
  "column_score": 0.4605263157894737,
  "time_ms": 122
}