{
  "sum_of_pairs": 0.8991771570941516,
  "column_score": 0.6666666666666666,
  "time_ms": 112
}