{
  "sum_of_pairs": 0.5143540669856459,
  "column_score": 0.02631578947368421,
  "time_ms": 29
}