{
  "sum_of_pairs": 0.8817733990147784,
  "column_score": 0.7586206896551724,
  "time_ms": 58
}