{
  "sum_of_pairs": 0.866634460547504,
  "column_score": 0.26666666666666666,
  "time_ms": 435
}