{
  "sum_of_pairs": 0.9636108199394363,
  "column_score": 0.7916666666666666,
  "time_ms": 1413
}