{
  "sum_of_pairs": 0.5146236559139785,
  "column_score": 0.06129032258064516,
  "time_ms": 24
}