{
  "sum_of_pairs": 0.8398575419852016,
  "column_score": 0.5460992907801419,
  "time_ms": 58
}