{
  "sum_of_pairs": 0.760545905707196,
  "column_score": 0.41935483870967744,
  "time_ms": 234
}