{
  "sum_of_pairs": 0.9808000641333975,
  "column_score": 0.803030303030303,
  "time_ms": 359
}