{
  "sum_of_pairs": 0.804676511954993,
  "column_score": 0.6455696202531646,
  "time_ms": 35
}