{
  "sum_of_pairs": 0.9691212438853948,
  "column_score": 0.8229166666666666,
  "time_ms": 660
}