{
  "sum_of_pairs": 0.7325983142976608,
  "column_score": 0.12345679012345678,
  "time_ms": 402
}