{
  "sum_of_pairs": 0.6902906617192331,
  "column_score": 0.3836734693877551,
  "time_ms": 65
}