{
  "sum_of_pairs": 0.6741496598639456,
  "column_score": 0.363265306122449,
  "time_ms": 41
}