{
  "sum_of_pairs": 0.9081996434937611,
  "column_score": 0.5769230769230769,
  "time_ms": 1411
}