{
  "sum_of_pairs": 0.6972746036213529,
  "column_score": 0.4473684210526316,
  "time_ms": 256
}