{
  "sum_of_pairs": 0.8512315270935961,
  "column_score": 0.07692307692307693,
  "time_ms": 635
}