{
  "sum_of_pairs": 0.966253202888423,
  "column_score": 0.8229166666666666,
  "time_ms": 4108
}