{
  "sum_of_pairs": 0.8366858237547893,
  "column_score": 0.5229885057471264,
  "time_ms": 68
}