{
  "sum_of_pairs": 0.929391395296246,
  "column_score": 0.540625,
  "time_ms": 1274
}