{
  "sum_of_pairs": 0.49764457439896037,
  "column_score": 0.1597222222222222,
  "time_ms": 58
}