{
  "sum_of_pairs": 0.7472540178055267,
  "column_score": 0.043010752688172046,
  "time_ms": 169
}