{
  "sum_of_pairs": 0.5781362007168459,
  "column_score": 0.06129032258064516,
  "time_ms": 106
}