{
  "sum_of_pairs": 0.6976499690785405,
  "column_score": 0.40816326530612246,
  "time_ms": 24
}