{
  "sum_of_pairs": 0.8649919484702093,
  "column_score": 0.26666666666666666,
  "time_ms": 315
}