{
  "sum_of_pairs": 0.8920833333333333,
  "column_score": 0.6477272727272727,
  "time_ms": 67
}