{
  "sum_of_pairs": 0.46947135704532156,
  "column_score": 0.17159763313609466,
  "time_ms": 40
}