{
  "sum_of_pairs": 0.8932643011332974,
  "column_score": 0.6353211009174312,
  "time_ms": 168
}