{
  "sum_of_pairs": 0.8245371649626969,
  "column_score": 0.44680851063829785,
  "time_ms": 126
}