{
  "sum_of_pairs": 0.47469534050179213,
  "column_score": 0.035483870967741936,
  "time_ms": 71
}