{
  "sum_of_pairs": 0.9003737214791503,
  "column_score": 0.6747967479674797,
  "time_ms": 574
}