{
  "sum_of_pairs": 0.425415390327671,
  "column_score": 0.07142857142857142,
  "time_ms": 161
}