{
  "sum_of_pairs": 0.9103462848335695,
  "column_score": 0.7264150943396226,
  "time_ms": 852
}