{
  "sum_of_pairs": 0.9045917317976141,
  "column_score": 0.5769230769230769,
  "time_ms": 635
}