{
  "sum_of_pairs": 0.808287795992714,
  "column_score": 0.6721311475409836,
  "time_ms": 4
}