{
  "sum_of_pairs": 0.8526967285587975,
  "column_score": 0.07692307692307693,
  "time_ms": 112
}