{
  "sum_of_pairs": 0.7959334726576106,
  "column_score": 0.6235632183908046,
  "time_ms": 124
}