{
  "sum_of_pairs": 0.9309051334237901,
  "column_score": 0.534375,
  "time_ms": 3362
}