{
  "sum_of_pairs": 0.738650117735085,
  "column_score": 0.12345679012345678,
  "time_ms": 222
}