{
  "sum_of_pairs": 0.9078654188948306,
  "column_score": 0.5769230769230769,
  "time_ms": 318
}