{
  "sum_of_pairs": 0.9096459096459096,
  "column_score": 0.7407407407407407,
  "time_ms": 17
}