{
  "sum_of_pairs": 0.8951612903225806,
  "column_score": 0.6178861788617886,
  "time_ms": 319
}