{
  "sum_of_pairs": 0.48639538661468484,
  "column_score": 0.1597222222222222,
  "time_ms": 101
}