{
  "sum_of_pairs": 0.8386294556507322,
  "column_score": 0.5319148936170213,
  "time_ms": 260
}