{
  "sum_of_pairs": 0.48826321607386697,
  "column_score": 0.21301775147928995,
  "time_ms": 54
}