{
  "sum_of_pairs": 0.8901422387136673,
  "column_score": 0.7028571428571428,
  "time_ms": 150
}