{
  "sum_of_pairs": 0.8563653779171021,
  "column_score": 0.5603448275862069,
  "time_ms": 37
}