{
  "sum_of_pairs": 0.8460031347962382,
  "column_score": 0.5603448275862069,
  "time_ms": 86
}