{
  "sum_of_pairs": 0.49133906991004245,
  "column_score": 0.01653317442791127,
  "time_ms": 760
}