{
  "sum_of_pairs": 0.81543418987028,
  "column_score": 0.08906882591093117,
  "time_ms": 714
}