{
  "sum_of_pairs": 0.7587747421010623,
  "column_score": 0.23809523809523808,
  "time_ms": 2171
}