{
  "sum_of_pairs": 0.5161701044053986,
  "column_score": 0.16883116883116883,
  "time_ms": 104
}