{
  "sum_of_pairs": 0.38017812829506414,
  "column_score": 0.057983290288964845,
  "time_ms": 416
}