{
  "sum_of_pairs": 0.31727451065548395,
  "column_score": 0.03452727487730163,
  "time_ms": 150
}