{
  "sum_of_pairs": 0.5311935998889352,
  "column_score": 0.14285714285714285,
  "time_ms": 371
}