{
  "sum_of_pairs": 0.5311615459832227,
  "column_score": 0.031496062992125984,
  "time_ms": 46
}