{
  "sum_of_pairs": 0.4428110161443495,
  "column_score": 0.20987654320987653,
  "time_ms": 64
}