{
  "sum_of_pairs": 0.5313124832932371,
  "column_score": 0.22325581395348837,
  "time_ms": 508
}