{
  "sum_of_pairs": 0.5045394112060779,
  "column_score": 0.24691358024691357,
  "time_ms": 144
}