{
  "sum_of_pairs": 0.3400447427293065,
  "column_score": 0.010067114093959731,
  "time_ms": 17
}