{
  "sum_of_pairs": 0.5861186311259198,
  "column_score": 0.16326530612244897,
  "time_ms": 710
}