{
  "sum_of_pairs": 0.4589574979951885,
  "column_score": 0.15813953488372093,
  "time_ms": 224
}