{
  "sum_of_pairs": 0.4668158090976883,
  "column_score": 0.0738255033557047,
  "time_ms": 19
}