{
  "sum_of_pairs": 0.5436807990291087,
  "column_score": 0.06187103653904093,
  "time_ms": 699
}