{
  "sum_of_pairs": 0.5476843995584625,
  "column_score": 0.13186813186813187,
  "time_ms": 2601
}