{
  "sum_of_pairs": 0.469638375678195,
  "column_score": 0.13953488372093023,
  "time_ms": 1526
}