{
  "sum_of_pairs": 0.5288098710558604,
  "column_score": 0.19480519480519481,
  "time_ms": 90
}