{
  "sum_of_pairs": 0.8329273733785012,
  "column_score": 0.14979757085020243,
  "time_ms": 626
}