{
  "sum_of_pairs": 0.5448202959830867,
  "column_score": 0.1411764705882353,
  "time_ms": 103
}