{
  "sum_of_pairs": 0.6685956790123457,
  "column_score": 0.04411764705882353,
  "time_ms": 812
}