{
  "sum_of_pairs": 0.6722487718700637,
  "column_score": 0.1349206349206349,
  "time_ms": 1898
}