{
  "sum_of_pairs": 0.5469675139884164,
  "column_score": 0.14790946417042403,
  "time_ms": 186
}