{
  "sum_of_pairs": 0.6062571213704085,
  "column_score": 0.21208779184488297,
  "time_ms": 229
}