{
  "sum_of_pairs": 0.6101658722250448,
  "column_score": 0.212087791844883,
  "time_ms": 226
}