{
  "sum_of_pairs": 0.5992527797352741,
  "column_score": 0.21231563516762617,
  "time_ms": 98
}