{
  "sum_of_pairs": 0.6984935562521769,
  "column_score": 0.5488505747126436,
  "time_ms": 42
}