{
  "sum_of_pairs": 0.3917722547108512,
  "column_score": 0.11805555555555555,
  "time_ms": 230
}