{
  "sum_of_pairs": 0.515945225622645,
  "column_score": 0.1774193548387097,
  "time_ms": 101
}