{
  "sum_of_pairs": 0.7650958565244279,
  "column_score": 0.5828571428571429,
  "time_ms": 83
}