{
  "sum_of_pairs": 0.654447207638697,
  "column_score": 0.014184397163120567,
  "time_ms": 71
}