{
  "sum_of_pairs": 0.8670666142145292,
  "column_score": 0.6178861788617886,
  "time_ms": 180
}