{
  "sum_of_pairs": 0.8184918529746116,
  "column_score": 0.0989010989010989,
  "time_ms": 78
}