{
  "sum_of_pairs": 0.7615502035278154,
  "column_score": 0.10625,
  "time_ms": 836
}