{
  "sum_of_pairs": 0.5450834879406308,
  "column_score": 0.17959183673469387,
  "time_ms": 74
}