{
  "sum_of_pairs": 0.8325254182514231,
  "column_score": 0.6572327044025157,
  "time_ms": 271
}