{
  "sum_of_pairs": 0.5640860215053763,
  "column_score": 0.25483870967741934,
  "time_ms": 16
}