{
  "sum_of_pairs": 0.6952583490863264,
  "column_score": 0.17391304347826086,
  "time_ms": 28
}