{
  "sum_of_pairs": 0.7205054274084125,
  "column_score": 0.059375,
  "time_ms": 3588
}