{
  "sum_of_pairs": 0.28799011639248323,
  "column_score": 0.15384615384615385,
  "time_ms": 29
}