{
  "sum_of_pairs": 0.7314860357304387,
  "column_score": 0.09375,
  "time_ms": 1459
}