{
  "sum_of_pairs": 0.6332630098452883,
  "column_score": 0.41139240506329117,
  "time_ms": 62
}