{
  "sum_of_pairs": 0.6292535051155741,
  "column_score": 0.3586206896551724,
  "time_ms": 31
}