{
  "sum_of_pairs": 0.7176629517055049,
  "column_score": 0.07801418439716312,
  "time_ms": 41
}