{
  "sum_of_pairs": 0.4951291241613822,
  "column_score": 0.1774193548387097,
  "time_ms": 768
}