{
  "sum_of_pairs": 0.7854490337248958,
  "column_score": 0.0989010989010989,
  "time_ms": 143
}