{
  "sum_of_pairs": 0.8900263086886131,
  "column_score": 0.6903669724770642,
  "time_ms": 65
}