{
  "sum_of_pairs": 0.9006012695085022,
  "column_score": 0.4479166666666667,
  "time_ms": 901
}