{
  "sum_of_pairs": 0.7391762649115591,
  "column_score": 0.34134615384615385,
  "time_ms": 483
}