{
  "sum_of_pairs": 0.8336775504851822,
  "column_score": 0.43902439024390244,
  "time_ms": 137
}