{
  "sum_of_pairs": 0.702324973876698,
  "column_score": 0.42528735632183906,
  "time_ms": 25
}