{
  "sum_of_pairs": 0.3987012987012987,
  "column_score": 0.07755102040816327,
  "time_ms": 26
}