{
  "sum_of_pairs": 0.9226699226699226,
  "column_score": 0.8148148148148148,
  "time_ms": 12
}