{
  "sum_of_pairs": 0.30788737889329604,
  "column_score": 0.15384615384615385,
  "time_ms": 14
}