{
  "sum_of_pairs": 0.7016944959802103,
  "column_score": 0.4742857142857143,
  "time_ms": 59
}