{
  "sum_of_pairs": 0.6072433192686357,
  "column_score": 0.4050632911392405,
  "time_ms": 17
}