{
  "sum_of_pairs": 0.8494098494098494,
  "column_score": 0.5925925925925926,
  "time_ms": 18
}