{
  "sum_of_pairs": 0.8783994293035173,
  "column_score": 0.4166666666666667,
  "time_ms": 717
}