{
  "sum_of_pairs": 0.852922166703955,
  "column_score": 0.6666666666666666,
  "time_ms": 102
}