{
  "sum_of_pairs": 0.6978404737025427,
  "column_score": 0.5488505747126436,
  "time_ms": 21
}