{
  "sum_of_pairs": 0.7634137291280149,
  "column_score": 0.5828571428571429,
  "time_ms": 33
}