{
  "sum_of_pairs": 0.7834090909090909,
  "column_score": 0.36363636363636365,
  "time_ms": 46
}