{
  "sum_of_pairs": 0.4118339831059129,
  "column_score": 0.11805555555555555,
  "time_ms": 34
}