{
  "sum_of_pairs": 0.3321556205328135,
  "column_score": 0.0763888888888889,
  "time_ms": 57
}