{
  "sum_of_pairs": 0.6893004115226338,
  "column_score": 0.6419753086419753,
  "time_ms": 10
}