{
  "sum_of_pairs": 0.8364139233675122,
  "column_score": 0.5252293577981652,
  "time_ms": 139
}