{
  "sum_of_pairs": 0.7642688194158782,
  "column_score": 0.4230769230769231,
  "time_ms": 209
}