{
  "sum_of_pairs": 0.22355159633266142,
  "column_score": 0.09467455621301775,
  "time_ms": 30
}