{
  "sum_of_pairs": 0.5853763440860215,
  "column_score": 0.25483870967741934,
  "time_ms": 69
}