{
  "sum_of_pairs": 0.7853227232537577,
  "column_score": 0.0989010989010989,
  "time_ms": 183
}