{
  "sum_of_pairs": 0.8109727297586198,
  "column_score": 0.4937106918238994,
  "time_ms": 192
}