{
  "sum_of_pairs": 0.6041013584117032,
  "column_score": 0.3218390804597701,
  "time_ms": 44
}