{
  "sum_of_pairs": 0.7880762915245674,
  "column_score": 0.0989010989010989,
  "time_ms": 171
}