{
  "sum_of_pairs": 0.7279835390946502,
  "column_score": 0.7530864197530864,
  "time_ms": 19
}