{
  "sum_of_pairs": 0.6284153005464481,
  "column_score": 0.32786885245901637,
  "time_ms": 4
}