{
  "sum_of_pairs": 0.5092824654228163,
  "column_score": 0.015873015873015872,
  "time_ms": 145
}