{
  "sum_of_pairs": 0.48189300411522634,
  "column_score": 0.25308641975308643,
  "time_ms": 17
}