{
  "sum_of_pairs": 0.88815434430653,
  "column_score": 0.6926605504587156,
  "time_ms": 143
}