{
  "sum_of_pairs": 0.4204301075268817,
  "column_score": 0.13225806451612904,
  "time_ms": 31
}