{
  "sum_of_pairs": 0.7920424403183024,
  "column_score": 0.6551724137931034,
  "time_ms": 28
}