{
  "sum_of_pairs": 0.7099086326402017,
  "column_score": 0.1956521739130435,
  "time_ms": 40
}