{
  "sum_of_pairs": 0.48683481744351,
  "column_score": 0.07324271220066657,
  "time_ms": 828
}