{
  "sum_of_pairs": 0.4842439748136402,
  "column_score": 0.07047522913906587,
  "time_ms": 3713
}