{
  "sum_of_pairs": 0.48424397481364034,
  "column_score": 0.07047522913906586,
  "time_ms": 2440
}