{
  "sum_of_pairs": 0.4822110550857204,
  "column_score": 0.07047522913906586,
  "time_ms": 1787
}