{
  "sum_of_pairs": 0.7633710650252004,
  "column_score": 0.04048582995951417,
  "time_ms": 868
}