{
  "sum_of_pairs": 0.3553359305910753,
  "column_score": 0.11627906976744186,
  "time_ms": 4338
}