{
  "sum_of_pairs": 0.5569399055918663,
  "column_score": 0.10294117647058823,
  "time_ms": 2137
}