{
  "sum_of_pairs": 0.42444969531152843,
  "column_score": 0.03529411764705882,
  "time_ms": 867
}