{
  "sum_of_pairs": 0.5176406926406927,
  "column_score": 0.29545454545454547,
  "time_ms": 47
}