{
  "sum_of_pairs": 0.5297619047619048,
  "column_score": 0.3181818181818182,
  "time_ms": 35
}