{
  "sum_of_pairs": 0.5068525519848771,
  "column_score": 0.1956521739130435,
  "time_ms": 16
}