{
  "sum_of_pairs": 0.6593301435406699,
  "column_score": 0.22727272727272727,
  "time_ms": 48
}