{
  "sum_of_pairs": 0.49039067422810334,
  "column_score": 0.13043478260869565,
  "time_ms": 36
}