{
  "sum_of_pairs": 0.4311777142146499,
  "column_score": 0.03529411764705882,
  "time_ms": 117
}