{
  "sum_of_pairs": 0.5602532679738562,
  "column_score": 0.10294117647058823,
  "time_ms": 3551
}