{
  "sum_of_pairs": 0.7385519254338947,
  "column_score": 0.36507936507936506,
  "time_ms": 6703
}