{
  "sum_of_pairs": 0.5665302018243195,
  "column_score": 0.248868778280543,
  "time_ms": 446
}