{
  "sum_of_pairs": 0.5362834926908301,
  "column_score": 0.08737864077669903,
  "time_ms": 2607
}