{
  "sum_of_pairs": 0.5326839826839826,
  "column_score": 0.3181818181818182,
  "time_ms": 78
}