{
  "sum_of_pairs": 0.4226713095386146,
  "column_score": 0.03529411764705882,
  "time_ms": 189
}