{
  "sum_of_pairs": 0.5812214771735011,
  "column_score": 0.10989010989010989,
  "time_ms": 5915
}