{
  "sum_of_pairs": 0.7483830455259026,
  "column_score": 0.04048582995951417,
  "time_ms": 3624
}