{
  "sum_of_pairs": 0.5475308641975308,
  "column_score": 0.23529411764705882,
  "time_ms": 2116
}