{
  "sum_of_pairs": 0.5307049574705731,
  "column_score": 0.08737864077669903,
  "time_ms": 8542
}