{
  "sum_of_pairs": 0.759481120383376,
  "column_score": 0.032388663967611336,
  "time_ms": 1356
}