{
  "sum_of_pairs": 0.41324629025163784,
  "column_score": 0.07792207792207792,
  "time_ms": 230
}