{
  "sum_of_pairs": 0.5678995667001664,
  "column_score": 0.0989010989010989,
  "time_ms": 7308
}