{
  "sum_of_pairs": 0.7423807520062516,
  "column_score": 0.3333333333333333,
  "time_ms": 2301
}