{
  "sum_of_pairs": 0.5326043597265352,
  "column_score": 0.06796116504854369,
  "time_ms": 4997
}