{
  "sum_of_pairs": 0.5740357681534152,
  "column_score": 0.248868778280543,
  "time_ms": 910
}