{
  "sum_of_pairs": 0.5701716584069525,
  "column_score": 0.248868778280543,
  "time_ms": 550
}