{
  "sum_of_pairs": 0.6332535885167464,
  "column_score": 0.22727272727272727,
  "time_ms": 13
}