{
  "sum_of_pairs": 0.5348658451266064,
  "column_score": 0.08737864077669903,
  "time_ms": 4507
}