{
  "sum_of_pairs": 0.4194735745537885,
  "column_score": 0.07792207792207792,
  "time_ms": 172
}