{
  "sum_of_pairs": 0.7380944032006519,
  "column_score": 0.36507936507936506,
  "time_ms": 4622
}