{
  "sum_of_pairs": 0.5697838109602815,
  "column_score": 0.248868778280543,
  "time_ms": 300
}