{
  "sum_of_pairs": 0.3590155118430173,
  "column_score": 0.11627906976744186,
  "time_ms": 2841
}