{
  "sum_of_pairs": 0.5860767418488558,
  "column_score": 0.10989010989010989,
  "time_ms": 3160
}