{
  "sum_of_pairs": 0.549541575889615,
  "column_score": 0.23529411764705882,
  "time_ms": 1001
}