{
  "sum_of_pairs": 0.7484094852515906,
  "column_score": 0.04048582995951417,
  "time_ms": 1809
}