{
  "sum_of_pairs": 0.43854897455406516,
  "column_score": 0.17791473447417594,
  "time_ms": 20
}