{
  "sum_of_pairs": 0.5864406779661017,
  "column_score": 0.3898305084745763,
  "time_ms": 17
}