{
  "sum_of_pairs": 0.5559290382819795,
  "column_score": 0.20168067226890757,
  "time_ms": 21
}