{
  "sum_of_pairs": 0.5443349753694581,
  "column_score": 0.29310344827586204,
  "time_ms": 14
}