{
  "sum_of_pairs": 0.21739130434782608,
  "column_score": 0.2028985507246377,
  "time_ms": 0
}