{
  "sum_of_pairs": 0.5618479880774963,
  "column_score": 0.2336065573770492,
  "time_ms": 28
}