{
  "sum_of_pairs": 0.47032066294361374,
  "column_score": 0.1828499369482976,
  "time_ms": 44
}