{
  "sum_of_pairs": 0.5496766607877719,
  "column_score": 0.25308641975308643,
  "time_ms": 4
}