{
  "sum_of_pairs": 0.5377622377622377,
  "column_score": 0.03076923076923077,
  "time_ms": 32
}