{
  "sum_of_pairs": 0.20689655172413793,
  "column_score": 0.041379310344827586,
  "time_ms": 5
}