{
  "sum_of_pairs": 0.3709349593495935,
  "column_score": 0.16463414634146342,
  "time_ms": 3
}