{
  "sum_of_pairs": 0.5820740185670872,
  "column_score": 0.25477707006369427,
  "time_ms": 34
}