{
  "sum_of_pairs": 0.6123927832002366,
  "column_score": 0.4989648033126294,
  "time_ms": 28
}