{
  "sum_of_pairs": 0.5174897119341564,
  "column_score": 0.14814814814814814,
  "time_ms": 1
}