{
  "sum_of_pairs": 0.34485407066052226,
  "column_score": 0.04608294930875576,
  "time_ms": 2
}