{
  "sum_of_pairs": 0.7627450980392156,
  "column_score": 0.5294117647058824,
  "time_ms": 2
}