{
  "sum_of_pairs": 0.4581255028157683,
  "column_score": 0.20353982300884957,
  "time_ms": 41
}