{
  "sum_of_pairs": 0.6817269076305221,
  "column_score": 0.5301204819277109,
  "time_ms": 1
}