{
  "sum_of_pairs": 0.34697830578512395,
  "column_score": 0.011363636363636364,
  "time_ms": 78
}