{
  "sum_of_pairs": 0.7599502487562189,
  "column_score": 0.6835820895522388,
  "time_ms": 11
}