{
  "sum_of_pairs": 0.6250771434819073,
  "column_score": 0.17167099300275696,
  "time_ms": 131
}