{
  "sum_of_pairs": 0.7137756879136189,
  "column_score": 0.1896551724137931,
  "time_ms": 39
}