{
  "sum_of_pairs": 0.6385281385281385,
  "column_score": 0.08979591836734693,
  "time_ms": 27
}