{
  "sum_of_pairs": 0.863104514533086,
  "column_score": 0.5257142857142857,
  "time_ms": 45
}