{
  "sum_of_pairs": 0.6645756204579734,
  "column_score": 0.12980769230769232,
  "time_ms": 242
}