{
  "sum_of_pairs": 0.7779461917392951,
  "column_score": 0.4206896551724138,
  "time_ms": 21
}