{
  "sum_of_pairs": 0.5419753086419753,
  "column_score": 0.24074074074074073,
  "time_ms": 20
}