{
  "sum_of_pairs": 0.9022767356100689,
  "column_score": 0.10606060606060606,
  "time_ms": 99
}