{
  "sum_of_pairs": 0.5441845354126056,
  "column_score": 0.3055555555555556,
  "time_ms": 59
}