{
  "sum_of_pairs": 0.7863247863247863,
  "column_score": 0.8148148148148148,
  "time_ms": 21
}