{
  "sum_of_pairs": 0.7860215053763441,
  "column_score": 0.5580645161290323,
  "time_ms": 30
}