{
  "sum_of_pairs": 0.6538024623131006,
  "column_score": 0.06382978723404255,
  "time_ms": 55
}