{
  "sum_of_pairs": 0.8524590163934426,
  "column_score": 0.7377049180327869,
  "time_ms": 4
}