{
  "sum_of_pairs": 0.8130492424242424,
  "column_score": 0.5056818181818182,
  "time_ms": 69
}