{
  "sum_of_pairs": 0.6096307906652734,
  "column_score": 0.27586206896551724,
  "time_ms": 35
}