{
  "sum_of_pairs": 0.7480661040787623,
  "column_score": 0.5126582278481012,
  "time_ms": 18
}