{
  "sum_of_pairs": 0.8853211009174312,
  "column_score": 0.7247706422018348,
  "time_ms": 91
}