{
  "sum_of_pairs": 0.415715213960828,
  "column_score": 0.007936507936507936,
  "time_ms": 60
}