{
  "sum_of_pairs": 0.8800929723817337,
  "column_score": 0.7327044025157232,
  "time_ms": 137
}