{
  "sum_of_pairs": 0.2477156185568662,
  "column_score": 0.06380746647666331,
  "time_ms": 13
}