{
  "sum_of_pairs": 0.2640603849030839,
  "column_score": 0.07063971929867056,
  "time_ms": 7
}