{
  "sum_of_pairs": 0.42382671480144407,
  "column_score": 0.20577617328519857,
  "time_ms": 31
}