{
  "sum_of_pairs": 0.4988962472406181,
  "column_score": 0.1986754966887417,
  "time_ms": 1
}