{
  "sum_of_pairs": 0.8157894736842105,
  "column_score": 0.7368421052631579,
  "time_ms": 0
}