{
  "sum_of_pairs": 0.48120300751879697,
  "column_score": 0.17105263157894737,
  "time_ms": 5
}