{
  "sum_of_pairs": 0.1902834008097166,
  "column_score": 0.032388663967611336,
  "time_ms": 5
}