{
  "sum_of_pairs": 0.48738379814077026,
  "column_score": 0.3386454183266932,
  "time_ms": 2
}