{
  "sum_of_pairs": 0.45629699248120303,
  "column_score": 0.15789473684210525,
  "time_ms": 9
}