{
  "sum_of_pairs": 0.21390013495276652,
  "column_score": 0.032388663967611336,
  "time_ms": 5
}