{
  "sum_of_pairs": 0.8099415204678363,
  "column_score": 0.7017543859649122,
  "time_ms": 0
}