{
  "sum_of_pairs": 0.5796975301925797,
  "column_score": 0.3069306930693069,
  "time_ms": 48
}