{
  "sum_of_pairs": 0.445916114790287,
  "column_score": 0.17218543046357615,
  "time_ms": 2
}