{
  "sum_of_pairs": 0.18771043771043772,
  "column_score": 0.06060606060606061,
  "time_ms": 3
}