{
  "sum_of_pairs": 0.3344788087056128,
  "column_score": 0.030927835051546393,
  "time_ms": 38
}