{
  "sum_of_pairs": 0.48068783068783066,
  "column_score": 0.14814814814814814,
  "time_ms": 7
}