{
  "sum_of_pairs": 0.2222222222222222,
  "column_score": 0.08585858585858586,
  "time_ms": 1
}