{
  "sum_of_pairs": 0.4645006016847172,
  "column_score": 0.27075812274368233,
  "time_ms": 9
}