{
  "sum_of_pairs": 0.5751278424545752,
  "column_score": 0.3069306930693069,
  "time_ms": 83
}