{
  "sum_of_pairs": 0.6216902962479569,
  "column_score": 0.2284698147132953,
  "time_ms": 100
}