{
  "sum_of_pairs": 0.576501828332049,
  "column_score": 0.16357455631073103,
  "time_ms": 201
}