{
  "sum_of_pairs": 0.6194881864251747,
  "column_score": 0.22748382507934647,
  "time_ms": 759
}