{
  "sum_of_pairs": 0.6194881864251746,
  "column_score": 0.2274838250793465,
  "time_ms": 244
}