{
  "sum_of_pairs": 0.3497942386831276,
  "column_score": 0.12345679012345678,
  "time_ms": 20
}