{
  "sum_of_pairs": 0.7394676402029343,
  "column_score": 0.3798076923076923,
  "time_ms": 1482
}