{
  "sum_of_pairs": 0.574186133783657,
  "column_score": 0.19736842105263158,
  "time_ms": 755
}