{
  "sum_of_pairs": 0.8405835080363382,
  "column_score": 0.3333333333333333,
  "time_ms": 855
}