{
  "sum_of_pairs": 0.8306503635937134,
  "column_score": 0.2619047619047619,
  "time_ms": 229
}