{
  "sum_of_pairs": 0.7863450834879406,
  "column_score": 0.41714285714285715,
  "time_ms": 56
}