{
  "sum_of_pairs": 0.6656309208033346,
  "column_score": 0.2482758620689655,
  "time_ms": 21
}