{
  "sum_of_pairs": 0.7679424024251611,
  "column_score": 0.496551724137931,
  "time_ms": 50
}