{
  "sum_of_pairs": 0.7582196969696969,
  "column_score": 0.4318181818181818,
  "time_ms": 102
}