{
  "sum_of_pairs": 0.7991902701285077,
  "column_score": 0.4878048780487805,
  "time_ms": 179
}