{
  "sum_of_pairs": 0.681610305958132,
  "column_score": 0.13333333333333333,
  "time_ms": 233
}