{
  "sum_of_pairs": 0.4381362007168459,
  "column_score": 0.05161290322580645,
  "time_ms": 17
}