{
  "sum_of_pairs": 0.7841394459585893,
  "column_score": 0.0673076923076923,
  "time_ms": 1099
}