{
  "sum_of_pairs": 0.7382764294529001,
  "column_score": 0.3557692307692308,
  "time_ms": 497
}