{
  "sum_of_pairs": 0.8239739478459741,
  "column_score": 0.5974842767295597,
  "time_ms": 215
}