{
  "sum_of_pairs": 0.31241877842755034,
  "column_score": 0.10416666666666667,
  "time_ms": 51
}