{
  "sum_of_pairs": 0.5461207535973891,
  "column_score": 0.07476635514018691,
  "time_ms": 701
}