{
  "sum_of_pairs": 0.6498897290485193,
  "column_score": 0.2826086956521739,
  "time_ms": 18
}