{
  "sum_of_pairs": 0.7656764837489322,
  "column_score": 0.0673076923076923,
  "time_ms": 1104
}