{
  "sum_of_pairs": 0.6288254755996692,
  "column_score": 0.27419354838709675,
  "time_ms": 513
}