{
  "sum_of_pairs": 0.39441195581546457,
  "column_score": 0.1527777777777778,
  "time_ms": 136
}