{
  "sum_of_pairs": 0.8927295341474446,
  "column_score": 0.371875,
  "time_ms": 2186
}