{
  "sum_of_pairs": 0.4579468150896722,
  "column_score": 0.07755102040816327,
  "time_ms": 31
}