{
  "sum_of_pairs": 0.8686670160726765,
  "column_score": 0.4583333333333333,
  "time_ms": 402
}