{
  "sum_of_pairs": 0.6141152908394287,
  "column_score": 0.46839080459770116,
  "time_ms": 44
}