{
  "sum_of_pairs": 0.6138528138528139,
  "column_score": 0.22040816326530613,
  "time_ms": 58
}