{
  "sum_of_pairs": 0.5612156043190526,
  "column_score": 0.3649425287356322,
  "time_ms": 62
}