{
  "sum_of_pairs": 0.4683932052353105,
  "column_score": 0.1349206349206349,
  "time_ms": 45
}