{
  "sum_of_pairs": 0.6497890295358649,
  "column_score": 0.4177215189873418,
  "time_ms": 19
}