{
  "sum_of_pairs": 0.8758938208310847,
  "column_score": 0.7155963302752294,
  "time_ms": 180
}