{
  "sum_of_pairs": 0.7562131495955026,
  "column_score": 0.3798076923076923,
  "time_ms": 231
}