{
  "sum_of_pairs": 0.894152815468114,
  "column_score": 0.428125,
  "time_ms": 909
}