{
  "sum_of_pairs": 0.6404562870080112,
  "column_score": 0.28448275862068967,
  "time_ms": 52
}