{
  "sum_of_pairs": 0.4338160215353198,
  "column_score": 0.12698412698412698,
  "time_ms": 113
}