{
  "sum_of_pairs": 0.785749409913454,
  "column_score": 0.3983739837398374,
  "time_ms": 182
}