{
  "sum_of_pairs": 0.621688004666728,
  "column_score": 0.07092198581560284,
  "time_ms": 82
}