{
  "sum_of_pairs": 0.5252781486426347,
  "column_score": 0.056074766355140186,
  "time_ms": 372
}