{
  "sum_of_pairs": 0.27530864197530863,
  "column_score": 0.06790123456790123,
  "time_ms": 20
}