{
  "sum_of_pairs": 0.5156695156695157,
  "column_score": 0.37037037037037035,
  "time_ms": 17
}