{
  "sum_of_pairs": 0.7882632306878737,
  "column_score": 0.0673076923076923,
  "time_ms": 613
}