{
  "sum_of_pairs": 0.6982591876208898,
  "column_score": 0.3404255319148936,
  "time_ms": 116
}