{
  "sum_of_pairs": 0.9878751739216856,
  "column_score": 0.9186046511627907,
  "time_ms": 176
}