{
  "sum_of_pairs": 0.8008293994230264,
  "column_score": 0.4878048780487805,
  "time_ms": 82
}