{
  "sum_of_pairs": 0.8264279849870982,
  "column_score": 0.2619047619047619,
  "time_ms": 77
}