{
  "sum_of_pairs": 0.8466204290650559,
  "column_score": 0.6729559748427673,
  "time_ms": 113
}