{
  "sum_of_pairs": 0.48057347670250894,
  "column_score": 0.05161290322580645,
  "time_ms": 54
}