{
  "sum_of_pairs": 0.6995833333333333,
  "column_score": 0.32954545454545453,
  "time_ms": 92
}