{
  "sum_of_pairs": 0.3807168458781362,
  "column_score": 0.04838709677419355,
  "time_ms": 64
}