{
  "sum_of_pairs": 0.8389345146768831,
  "column_score": 0.17874692777029794,
  "time_ms": 889
}