{
  "sum_of_pairs": 0.8438710535959776,
  "column_score": 0.19780470180357637,
  "time_ms": 466
}