{
  "sum_of_pairs": 0.842771520154881,
  "column_score": 0.19312990505560884,
  "time_ms": 1092
}