{
  "sum_of_pairs": 0.948002338332527,
  "column_score": 0.2638888888888889,
  "time_ms": 393
}