{
  "sum_of_pairs": 0.9334953871617853,
  "column_score": 0.049773755656108594,
  "time_ms": 3761
}