{
  "sum_of_pairs": 0.9275809027288525,
  "column_score": 0.2913907284768212,
  "time_ms": 830
}