{
  "sum_of_pairs": 0.9406707382406515,
  "column_score": 0.5519125683060109,
  "time_ms": 714
}