{
  "sum_of_pairs": 0.9312974413699635,
  "column_score": 0.03167420814479638,
  "time_ms": 2835
}