{
  "sum_of_pairs": 0.9168059465165377,
  "column_score": 0.4642857142857143,
  "time_ms": 294
}