{
  "sum_of_pairs": 0.9511223344556677,
  "column_score": 0.17916666666666667,
  "time_ms": 2464
}