{
  "sum_of_pairs": 0.8598191472373043,
  "column_score": 0.38613861386138615,
  "time_ms": 596
}