{
  "sum_of_pairs": 0.8352813852813853,
  "column_score": 0.4318181818181818,
  "time_ms": 77
}