{
  "sum_of_pairs": 0.9330145865198243,
  "column_score": 0.049773755656108594,
  "time_ms": 1449
}