{
  "sum_of_pairs": 0.9517408366034901,
  "column_score": 0.3389830508474576,
  "time_ms": 244
}