{
  "sum_of_pairs": 0.7011855527984561,
  "column_score": 0.10256410256410256,
  "time_ms": 129
}