{
  "sum_of_pairs": 0.8464640561075395,
  "column_score": 0.23728813559322035,
  "time_ms": 1044
}