{
  "sum_of_pairs": 0.8524505301828504,
  "column_score": 0.2576271186440678,
  "time_ms": 1270
}