{
  "sum_of_pairs": 0.8626207729468599,
  "column_score": 0.41304347826086957,
  "time_ms": 51
}