{
  "sum_of_pairs": 0.7865659699861445,
  "column_score": 0.2903225806451613,
  "time_ms": 1264
}