{
  "sum_of_pairs": 0.6740349558876736,
  "column_score": 0.08333333333333333,
  "time_ms": 664
}