{
  "sum_of_pairs": 0.7719834904279609,
  "column_score": 0.20161290322580644,
  "time_ms": 934
}