{
  "sum_of_pairs": 0.8559565633982753,
  "column_score": 0.38613861386138615,
  "time_ms": 274
}