{
  "sum_of_pairs": 0.9453766025641026,
  "column_score": 0.18333333333333332,
  "time_ms": 2086
}