{
  "sum_of_pairs": 0.9527736380195396,
  "column_score": 0.21212121212121213,
  "time_ms": 383
}