{
  "sum_of_pairs": 0.847722373043756,
  "column_score": 0.3712871287128713,
  "time_ms": 533
}