{
  "sum_of_pairs": 0.6815563162728563,
  "column_score": 0.09523809523809523,
  "time_ms": 354
}