{
  "sum_of_pairs": 0.9669263178522438,
  "column_score": 0.21428571428571427,
  "time_ms": 3164
}