{
  "sum_of_pairs": 0.9402078645665917,
  "column_score": 0.5519125683060109,
  "time_ms": 261
}