{
  "sum_of_pairs": 0.9631683942697041,
  "column_score": 0.4722222222222222,
  "time_ms": 4000
}