{
  "sum_of_pairs": 0.9189831104855736,
  "column_score": 0.4732142857142857,
  "time_ms": 151
}