{
  "sum_of_pairs": 0.9461665838715019,
  "column_score": 0.21212121212121213,
  "time_ms": 320
}