{
  "sum_of_pairs": 0.7771402923326113,
  "column_score": 0.2903225806451613,
  "time_ms": 507
}