{
  "sum_of_pairs": 0.7985539966672042,
  "column_score": 0.1509433962264151,
  "time_ms": 357
}