{
  "sum_of_pairs": 0.9227476356396217,
  "column_score": 0.17142857142857143,
  "time_ms": 66
}