{
  "sum_of_pairs": 0.6559704597462035,
  "column_score": 0.16447368421052633,
  "time_ms": 132
}