{
  "sum_of_pairs": 0.9325888873232822,
  "column_score": 0.31125827814569534,
  "time_ms": 1575
}