{
  "sum_of_pairs": 0.9148486980999296,
  "column_score": 0.4732142857142857,
  "time_ms": 357
}