{
  "sum_of_pairs": 0.8364402608588655,
  "column_score": 0.627906976744186,
  "time_ms": 448
}