{
  "sum_of_pairs": 0.7885556093103263,
  "column_score": 0.12264150943396226,
  "time_ms": 230
}