{
  "sum_of_pairs": 0.9679012345679012,
  "column_score": 0.23809523809523808,
  "time_ms": 1648
}