{
  "sum_of_pairs": 0.9709851360794757,
  "column_score": 0.5202702702702703,
  "time_ms": 1096
}