{
  "sum_of_pairs": 0.721119382409705,
  "column_score": 0.15384615384615385,
  "time_ms": 172
}