{
  "sum_of_pairs": 0.8228436077273287,
  "column_score": 0.627906976744186,
  "time_ms": 150
}