{
  "sum_of_pairs": 0.968278463648834,
  "column_score": 0.23809523809523808,
  "time_ms": 4143
}