{
  "sum_of_pairs": 0.674090618129192,
  "column_score": 0.09523809523809523,
  "time_ms": 861
}