{
  "sum_of_pairs": 0.9311915832981071,
  "column_score": 0.31125827814569534,
  "time_ms": 653
}