{
  "sum_of_pairs": 0.8496376811594203,
  "column_score": 0.39855072463768115,
  "time_ms": 42
}