{
  "sum_of_pairs": 0.6690243395048887,
  "column_score": 0.17105263157894737,
  "time_ms": 76
}