{
  "sum_of_pairs": 0.7086848635235732,
  "column_score": 0.15384615384615385,
  "time_ms": 66
}