{
  "sum_of_pairs": 0.9491926844199572,
  "column_score": 0.32575757575757575,
  "time_ms": 746
}