{
  "sum_of_pairs": 0.6629914707717911,
  "column_score": 0.17105263157894737,
  "time_ms": 209
}