{
  "sum_of_pairs": 0.6153995949132363,
  "column_score": 0.3774767518632194,
  "time_ms": 19
}