{
  "sum_of_pairs": 0.4910037878787879,
  "column_score": 0.2755681818181818,
  "time_ms": 54
}