{
  "sum_of_pairs": 0.7206355591311343,
  "column_score": 0.49557522123893805,
  "time_ms": 31
}