{
  "sum_of_pairs": 0.6672268907563025,
  "column_score": 0.3865546218487395,
  "time_ms": 19
}