{
  "sum_of_pairs": 0.8333333333333334,
  "column_score": 0.5693430656934306,
  "time_ms": 12
}