{
  "sum_of_pairs": 0.5682603686635944,
  "column_score": 0.18548387096774194,
  "time_ms": 14
}