{
  "sum_of_pairs": 0.9089147286821705,
  "column_score": 0.6511627906976745,
  "time_ms": 2
}