{
  "sum_of_pairs": 0.21754032258064515,
  "column_score": 0.03225806451612903,
  "time_ms": 22
}