{
  "sum_of_pairs": 0.7571059431524548,
  "column_score": 0.32558139534883723,
  "time_ms": 49
}