{
  "sum_of_pairs": 0.6400142146410803,
  "column_score": 0.30223880597014924,
  "time_ms": 12
}