{
  "sum_of_pairs": 0.6647441585329784,
  "column_score": 0.5238095238095238,
  "time_ms": 24
}