{
  "sum_of_pairs": 0.657973174366617,
  "column_score": 0.3729508196721312,
  "time_ms": 36
}