{
  "sum_of_pairs": 0.6922626553774095,
  "column_score": 0.5611601513240857,
  "time_ms": 61
}