{
  "sum_of_pairs": 0.753781512605042,
  "column_score": 0.15714285714285714,
  "time_ms": 92
}