{
  "sum_of_pairs": 0.6116504854368932,
  "column_score": 0.3058252427184466,
  "time_ms": 10
}