{
  "sum_of_pairs": 0.4020779220779221,
  "column_score": 0.37142857142857144,
  "time_ms": 3
}