{
  "sum_of_pairs": 0.9612276612276612,
  "column_score": 0.8923076923076924,
  "time_ms": 42
}