{
  "sum_of_pairs": 0.7828448418612353,
  "column_score": 0.6378539493293591,
  "time_ms": 48
}