{
  "sum_of_pairs": 0.6564954111079573,
  "column_score": 0.22878228782287824,
  "time_ms": 44
}