{
  "sum_of_pairs": 0.2925287356321839,
  "column_score": 0.1413793103448276,
  "time_ms": 6
}