{
  "sum_of_pairs": 0.824653428250281,
  "column_score": 0.5987261146496815,
  "time_ms": 45
}