{
  "sum_of_pairs": 0.6704545454545454,
  "column_score": 0.18333333333333332,
  "time_ms": 8
}