{
  "sum_of_pairs": 0.5983272419869964,
  "column_score": 0.1870854218009355,
  "time_ms": 115
}