{
  "sum_of_pairs": 0.7858505124621477,
  "column_score": 0.020833333333333332,
  "time_ms": 972
}