{
  "sum_of_pairs": 0.59004329004329,
  "column_score": 0.17142857142857143,
  "time_ms": 17
}