{
  "sum_of_pairs": 0.8448461953588775,
  "column_score": 0.658256880733945,
  "time_ms": 168
}