{
  "sum_of_pairs": 0.809055038034414,
  "column_score": 0.11538461538461539,
  "time_ms": 758
}