{
  "sum_of_pairs": 0.8092534358257629,
  "column_score": 0.10416666666666667,
  "time_ms": 440
}