{
  "sum_of_pairs": 0.5783263671194706,
  "column_score": 0.31896551724137934,
  "time_ms": 71
}