{
  "sum_of_pairs": 0.8604796276308688,
  "column_score": 0.6995412844036697,
  "time_ms": 77
}