{
  "sum_of_pairs": 0.8203583157400891,
  "column_score": 0.011904761904761904,
  "time_ms": 199
}