{
  "sum_of_pairs": 0.7163023679417122,
  "column_score": 0.29508196721311475,
  "time_ms": 5
}