{
  "sum_of_pairs": 0.5782348804500703,
  "column_score": 0.23417721518987342,
  "time_ms": 12
}