{
  "sum_of_pairs": 0.5631389886709036,
  "column_score": 0.0070921985815602835,
  "time_ms": 113
}