{
  "sum_of_pairs": 0.8523752703408158,
  "column_score": 0.6792452830188679,
  "time_ms": 136
}