{
  "sum_of_pairs": 0.8885682219015553,
  "column_score": 0.15151515151515152,
  "time_ms": 93
}