{
  "sum_of_pairs": 0.9916186311535149,
  "column_score": 0.9302325581395349,
  "time_ms": 87
}