{
  "sum_of_pairs": 0.41944444444444445,
  "column_score": 0.11666666666666667,
  "time_ms": 31
}