{
  "sum_of_pairs": 0.6797423510466989,
  "column_score": 0.26666666666666666,
  "time_ms": 100
}