{
  "sum_of_pairs": 0.4868312757201646,
  "column_score": 0.24074074074074073,
  "time_ms": 12
}