{
  "sum_of_pairs": 0.37119341563786007,
  "column_score": 0.12962962962962962,
  "time_ms": 33
}