{
  "sum_of_pairs": 0.7407188399835458,
  "column_score": 0.2980769230769231,
  "time_ms": 284
}