{
  "sum_of_pairs": 0.8901953301673451,
  "column_score": 0.240625,
  "time_ms": 2174
}