{
  "sum_of_pairs": 0.6074579542321478,
  "column_score": 0.1693548387096774,
  "time_ms": 252
}