{
  "sum_of_pairs": 0.8295801079052311,
  "column_score": 0.02976190476190476,
  "time_ms": 81
}