{
  "sum_of_pairs": 0.4533492822966507,
  "column_score": 0.17105263157894737,
  "time_ms": 241
}