{
  "sum_of_pairs": 0.5319439181508147,
  "column_score": 0.15862068965517243,
  "time_ms": 28
}