{
  "sum_of_pairs": 0.6105886450714036,
  "column_score": 0.39080459770114945,
  "time_ms": 24
}