{
  "sum_of_pairs": 0.7811926304746919,
  "column_score": 0.5284552845528455,
  "time_ms": 238
}