{
  "sum_of_pairs": 0.8450170283640341,
  "column_score": 0.660377358490566,
  "time_ms": 283
}