{
  "sum_of_pairs": 0.9075591985428051,
  "column_score": 0.8852459016393442,
  "time_ms": 2
}