{
  "sum_of_pairs": 0.4414740555091432,
  "column_score": 0.15079365079365079,
  "time_ms": 51
}