{
  "sum_of_pairs": 0.6333976656557302,
  "column_score": 0.2661290322580645,
  "time_ms": 110
}