{
  "sum_of_pairs": 0.7907651455546814,
  "column_score": 0.5691056910569106,
  "time_ms": 93
}