{
  "sum_of_pairs": 0.6464211076280042,
  "column_score": 0.3074712643678161,
  "time_ms": 60
}