{
  "sum_of_pairs": 0.8325293753865183,
  "column_score": 0.5257142857142857,
  "time_ms": 35
}