{
  "sum_of_pairs": 0.787876784769963,
  "column_score": 0.09615384615384616,
  "time_ms": 927
}