{
  "sum_of_pairs": 0.7298693953105718,
  "column_score": 0.2980769230769231,
  "time_ms": 680
}