{
  "sum_of_pairs": 0.7175200278648555,
  "column_score": 0.41379310344827586,
  "time_ms": 28
}