{
  "sum_of_pairs": 0.9898959782680713,
  "column_score": 0.9069767441860465,
  "time_ms": 218
}