{
  "sum_of_pairs": 0.6697348484848484,
  "column_score": 0.23863636363636365,
  "time_ms": 120
}