{
  "sum_of_pairs": 0.7513748142661147,
  "column_score": 0.07020146690345155,
  "time_ms": 868
}