{
  "sum_of_pairs": 0.7440371154657884,
  "column_score": 0.07020146690345155,
  "time_ms": 771
}