{
  "sum_of_pairs": 0.7533441487112139,
  "column_score": 0.06494847155950698,
  "time_ms": 358
}