{
  "sum_of_pairs": 0.7231465182131448,
  "column_score": 0.04464146670283217,
  "time_ms": 583
}