{
  "sum_of_pairs": 0.9498980112187659,
  "column_score": 0.16891891891891891,
  "time_ms": 857
}