{
  "sum_of_pairs": 0.741123188405797,
  "column_score": 0.2971014492753623,
  "time_ms": 74
}