{
  "sum_of_pairs": 0.856706579583938,
  "column_score": 0.04861111111111111,
  "time_ms": 335
}