{
  "sum_of_pairs": 0.6422101449275363,
  "column_score": 0.21739130434782608,
  "time_ms": 46
}