{
  "sum_of_pairs": 0.8809680134680135,
  "column_score": 0.10833333333333334,
  "time_ms": 1246
}