{
  "sum_of_pairs": 0.6047362566594462,
  "column_score": 0.008064516129032258,
  "time_ms": 578
}