{
  "sum_of_pairs": 0.9501340963605115,
  "column_score": 0.16891891891891891,
  "time_ms": 869
}