{
  "sum_of_pairs": 0.7565083075895467,
  "column_score": 0.13559322033898305,
  "time_ms": 639
}