{
  "sum_of_pairs": 0.7914974775439891,
  "column_score": 0.43023255813953487,
  "time_ms": 589
}