{
  "sum_of_pairs": 0.9156228956228957,
  "column_score": 0.13333333333333333,
  "time_ms": 750
}