{
  "sum_of_pairs": 0.9019765341960359,
  "column_score": 0.09923664122137404,
  "time_ms": 3161
}