{
  "sum_of_pairs": 0.8433944069431051,
  "column_score": 0.20218579234972678,
  "time_ms": 914
}