{
  "sum_of_pairs": 0.7895188247712879,
  "column_score": 0.15178571428571427,
  "time_ms": 176
}