{
  "sum_of_pairs": 0.7954245637471821,
  "column_score": 0.1694915254237288,
  "time_ms": 854
}