{
  "sum_of_pairs": 0.9538274575029453,
  "column_score": 0.4444444444444444,
  "time_ms": 5018
}