{
  "sum_of_pairs": 0.6612554112554112,
  "column_score": 0.13636363636363635,
  "time_ms": 26
}