{
  "sum_of_pairs": 0.7568906115417743,
  "column_score": 0.37209302325581395,
  "time_ms": 116
}