{
  "sum_of_pairs": 0.8306010928961749,
  "column_score": 0.20218579234972678,
  "time_ms": 233
}