{
  "sum_of_pairs": 0.7953410703849044,
  "column_score": 0.1694915254237288,
  "time_ms": 465
}