{
  "sum_of_pairs": 0.677149872245289,
  "column_score": 0.01485148514851485,
  "time_ms": 327
}