{
  "sum_of_pairs": 0.953336154919956,
  "column_score": 0.37962962962962965,
  "time_ms": 1483
}