{
  "sum_of_pairs": 0.8648252298016449,
  "column_score": 0.04861111111111111,
  "time_ms": 727
}