{
  "sum_of_pairs": 0.619430693069307,
  "column_score": 0.01485148514851485,
  "time_ms": 440
}