{
  "sum_of_pairs": 0.9090993265993266,
  "column_score": 0.058333333333333334,
  "time_ms": 1520
}