{
  "sum_of_pairs": 0.62401206018383,
  "column_score": 0.04032258064516129,
  "time_ms": 377
}