{
  "sum_of_pairs": 0.9111225895316805,
  "column_score": 0.030303030303030304,
  "time_ms": 522
}