{
  "sum_of_pairs": 0.9415387052382508,
  "column_score": 0.20833333333333334,
  "time_ms": 1944
}