{
  "sum_of_pairs": 0.7207729468599033,
  "column_score": 0.2971014492753623,
  "time_ms": 18
}