{
  "sum_of_pairs": 0.9011116641778663,
  "column_score": 0.14285714285714285,
  "time_ms": 110
}