{
  "sum_of_pairs": 0.670183248163526,
  "column_score": 0.01485148514851485,
  "time_ms": 196
}