{
  "sum_of_pairs": 0.6412778822209398,
  "column_score": 0.41553256455133775,
  "time_ms": 11
}