{
  "sum_of_pairs": 0.6413080847909778,
  "column_score": 0.4156901938073276,
  "time_ms": 25
}