{
  "sum_of_pairs": 0.6413080847909777,
  "column_score": 0.4156901938073277,
  "time_ms": 55
}