{
  "sum_of_pairs": 0.5581222056631893,
  "column_score": 0.29918032786885246,
  "time_ms": 25
}