{
  "sum_of_pairs": 0.5661047027506655,
  "column_score": 0.33540372670807456,
  "time_ms": 16
}