{
  "sum_of_pairs": 0.7132936507936508,
  "column_score": 0.47619047619047616,
  "time_ms": 3
}