{
  "sum_of_pairs": 0.6540263015672851,
  "column_score": 0.5220680958385876,
  "time_ms": 46
}