{
  "sum_of_pairs": 0.5486851457000711,
  "column_score": 0.26119402985074625,
  "time_ms": 14
}