{
  "sum_of_pairs": 0.7940298507462686,
  "column_score": 0.6835820895522388,
  "time_ms": 14
}