{
  "sum_of_pairs": 0.897979797979798,
  "column_score": 0.7538461538461538,
  "time_ms": 17
}