{
  "sum_of_pairs": 0.7747640337804272,
  "column_score": 0.5842026825633383,
  "time_ms": 168
}