{
  "sum_of_pairs": 0.5465039265777273,
  "column_score": 0.1033210332103321,
  "time_ms": 41
}