{
  "sum_of_pairs": 0.8064039408866995,
  "column_score": 0.6921182266009852,
  "time_ms": 8
}