{
  "sum_of_pairs": 0.4086345381526104,
  "column_score": 0.21686746987951808,
  "time_ms": 7
}