{
  "sum_of_pairs": 0.7744990892531877,
  "column_score": 0.5842026825633383,
  "time_ms": 33
}