{
  "sum_of_pairs": 0.6579573934837093,
  "column_score": 0.34210526315789475,
  "time_ms": 25
}