{
  "sum_of_pairs": 0.2834101382488479,
  "column_score": 0.1152073732718894,
  "time_ms": 10
}