{
  "sum_of_pairs": 0.4878185261707989,
  "column_score": 0.26420454545454547,
  "time_ms": 61
}