{
  "sum_of_pairs": 0.833022533022533,
  "column_score": 0.5692307692307692,
  "time_ms": 28
}