{
  "sum_of_pairs": 0.6576751117734724,
  "column_score": 0.4180327868852459,
  "time_ms": 20
}