{
  "sum_of_pairs": 0.66343669250646,
  "column_score": 0.3023255813953488,
  "time_ms": 3
}