{
  "sum_of_pairs": 0.5987903225806451,
  "column_score": 0.4899193548387097,
  "time_ms": 50
}