{
  "sum_of_pairs": 0.8112994350282486,
  "column_score": 0.711864406779661,
  "time_ms": 21
}