{
  "sum_of_pairs": 0.23454987834549879,
  "column_score": 0.0364963503649635,
  "time_ms": 3
}