{
  "sum_of_pairs": 0.42745098039215684,
  "column_score": 0.19607843137254902,
  "time_ms": 3
}