{
  "sum_of_pairs": 0.4491484184914842,
  "column_score": 0.16058394160583941,
  "time_ms": 2
}