{
  "sum_of_pairs": 0.8598290598290599,
  "column_score": 0.717948717948718,
  "time_ms": 1
}