{
  "sum_of_pairs": 0.4400406504065041,
  "column_score": 0.3475609756097561,
  "time_ms": 8
}