{
  "sum_of_pairs": 0.673469387755102,
  "column_score": 0.515527950310559,
  "time_ms": 29
}