{
  "sum_of_pairs": 0.4601010101010101,
  "column_score": 0.13333333333333333,
  "time_ms": 9
}