{
  "sum_of_pairs": 0.3643835616438356,
  "column_score": 0.1506849315068493,
  "time_ms": 7
}