{
  "sum_of_pairs": 0.6781277728482697,
  "column_score": 0.5217391304347826,
  "time_ms": 59
}