{
  "sum_of_pairs": 0.16091954022988506,
  "column_score": 0.10344827586206896,
  "time_ms": 5
}