{
  "sum_of_pairs": 0.5788967761017451,
  "column_score": 0.37267080745341613,
  "time_ms": 56
}