{
  "sum_of_pairs": 0.6050420168067226,
  "column_score": 0.31092436974789917,
  "time_ms": 16
}