{
  "sum_of_pairs": 0.9136752136752136,
  "column_score": 0.7538461538461538,
  "time_ms": 116
}