{
  "sum_of_pairs": 0.6451729686242961,
  "column_score": 0.31194690265486724,
  "time_ms": 100
}