{
  "sum_of_pairs": 0.2655172413793103,
  "column_score": 0.14482758620689656,
  "time_ms": 6
}