{
  "sum_of_pairs": 0.6601424076833913,
  "column_score": 0.38450074515648286,
  "time_ms": 50
}