{
  "sum_of_pairs": 0.6527093596059114,
  "column_score": 0.458128078817734,
  "time_ms": 14
}