{
  "sum_of_pairs": 0.5339617768595041,
  "column_score": 0.2897727272727273,
  "time_ms": 76
}