{
  "sum_of_pairs": 0.748761500353857,
  "column_score": 0.5031847133757962,
  "time_ms": 34
}