{
  "sum_of_pairs": 0.8594712780759293,
  "column_score": 0.4418604651162791,
  "time_ms": 38
}