{
  "sum_of_pairs": 0.4604715672676838,
  "column_score": 0.1941747572815534,
  "time_ms": 28
}