{
  "sum_of_pairs": 0.631957473420888,
  "column_score": 0.2926829268292683,
  "time_ms": 41
}