{
  "sum_of_pairs": 0.7723577235772358,
  "column_score": 0.3821138211382114,
  "time_ms": 44
}