{
  "sum_of_pairs": 0.6837557603686636,
  "column_score": 0.4435483870967742,
  "time_ms": 7
}