{
  "sum_of_pairs": 0.5479192938209332,
  "column_score": 0.39470365699873894,
  "time_ms": 85
}