{
  "sum_of_pairs": 0.6544316339398306,
  "column_score": 0.5233291298865069,
  "time_ms": 22
}