{
  "sum_of_pairs": 0.5199692780337941,
  "column_score": 0.41935483870967744,
  "time_ms": 6
}