{
  "sum_of_pairs": 0.8143126177024482,
  "column_score": 0.711864406779661,
  "time_ms": 10
}