{
  "sum_of_pairs": 0.8547912992357437,
  "column_score": 0.8580246913580247,
  "time_ms": 12
}