{
  "sum_of_pairs": 0.6263653483992467,
  "column_score": 0.3785310734463277,
  "time_ms": 15
}