{
  "sum_of_pairs": 0.38229166666666664,
  "column_score": 0.16666666666666666,
  "time_ms": 1
}