{
  "sum_of_pairs": 0.49603174603174605,
  "column_score": 0.31547619047619047,
  "time_ms": 2
}