{
  "sum_of_pairs": 0.8908268733850129,
  "column_score": 0.5581395348837209,
  "time_ms": 5
}