{
  "sum_of_pairs": 0.8502976562174763,
  "column_score": 0.5923566878980892,
  "time_ms": 42
}