{
  "sum_of_pairs": 0.8261777438248027,
  "column_score": 0.37142857142857144,
  "time_ms": 153
}