{
  "sum_of_pairs": 0.8388721681650182,
  "column_score": 0.22210365750848698,
  "time_ms": 609
}