{
  "sum_of_pairs": 0.8360235186101017,
  "column_score": 0.2093952301440297,
  "time_ms": 1239
}