{
  "sum_of_pairs": 0.7539525691699605,
  "column_score": 0.35526315789473684,
  "time_ms": 246
}