{
  "sum_of_pairs": 0.830513855259618,
  "column_score": 0.13333333333333333,
  "time_ms": 702
}