{
  "sum_of_pairs": 0.966838134430727,
  "column_score": 0.2698412698412698,
  "time_ms": 2029
}