{
  "sum_of_pairs": 0.9461676546714536,
  "column_score": 0.3389830508474576,
  "time_ms": 272
}