{
  "sum_of_pairs": 0.9136171710063336,
  "column_score": 0.48214285714285715,
  "time_ms": 395
}