{
  "sum_of_pairs": 0.8313101963949422,
  "column_score": 0.13333333333333333,
  "time_ms": 325
}