{
  "sum_of_pairs": 0.7539067306509167,
  "column_score": 0.5465116279069767,
  "time_ms": 562
}