{
  "sum_of_pairs": 0.9150686136523575,
  "column_score": 0.48214285714285715,
  "time_ms": 215
}