{
  "sum_of_pairs": 0.9110891988610554,
  "column_score": 0.22900763358778625,
  "time_ms": 1503
}