{
  "sum_of_pairs": 0.838615664845173,
  "column_score": 0.15151515151515152,
  "time_ms": 136
}