{
  "sum_of_pairs": 0.9183499410693239,
  "column_score": 0.3114754098360656,
  "time_ms": 979
}