{
  "sum_of_pairs": 0.8529423506866816,
  "column_score": 0.22277227722772278,
  "time_ms": 846
}