{
  "sum_of_pairs": 0.9779213175439591,
  "column_score": 0.6756756756756757,
  "time_ms": 851
}