{
  "sum_of_pairs": 0.9104964601867958,
  "column_score": 0.21374045801526717,
  "time_ms": 3353
}