{
  "sum_of_pairs": 0.7547065337763013,
  "column_score": 0.5465116279069767,
  "time_ms": 231
}