{
  "sum_of_pairs": 0.7768398268398269,
  "column_score": 0.4090909090909091,
  "time_ms": 81
}