{
  "sum_of_pairs": 0.8569174250647074,
  "column_score": 0.36610169491525424,
  "time_ms": 1841
}