{
  "sum_of_pairs": 0.9684981684981685,
  "column_score": 0.3333333333333333,
  "time_ms": 380
}