{
  "sum_of_pairs": 0.9650284138723059,
  "column_score": 0.5462962962962963,
  "time_ms": 2660
}