{
  "sum_of_pairs": 0.7961184942333587,
  "column_score": 0.20161290322580644,
  "time_ms": 687
}