{
  "sum_of_pairs": 0.8903453842086221,
  "column_score": 0.15476190476190477,
  "time_ms": 989
}