{
  "sum_of_pairs": 0.9534282216100398,
  "column_score": 0.4053030303030303,
  "time_ms": 1008
}