{
  "sum_of_pairs": 0.795045176902211,
  "column_score": 0.16129032258064516,
  "time_ms": 1421
}