{
  "sum_of_pairs": 0.7668118045476536,
  "column_score": 0.07547169811320754,
  "time_ms": 775
}