{
  "sum_of_pairs": 0.9647029413803003,
  "column_score": 0.5416666666666666,
  "time_ms": 4366
}