{
  "sum_of_pairs": 0.9794228190454606,
  "column_score": 0.7162162162162162,
  "time_ms": 457
}