{
  "sum_of_pairs": 0.76882760845025,
  "column_score": 0.07547169811320754,
  "time_ms": 164
}