{
  "sum_of_pairs": 0.9645329951534625,
  "column_score": 0.38009049773755654,
  "time_ms": 4194
}