{
  "sum_of_pairs": 0.892996298460939,
  "column_score": 0.15476190476190477,
  "time_ms": 455
}