{
  "sum_of_pairs": 0.8596014492753623,
  "column_score": 0.5362318840579711,
  "time_ms": 64
}