{
  "sum_of_pairs": 0.9512702785430058,
  "column_score": 0.38636363636363635,
  "time_ms": 1892
}