{
  "sum_of_pairs": 0.7675525275639692,
  "column_score": 0.4342105263157895,
  "time_ms": 96
}