{
  "sum_of_pairs": 0.8664251207729469,
  "column_score": 0.5869565217391305,
  "time_ms": 25
}