{
  "sum_of_pairs": 0.9194599807135969,
  "column_score": 0.3114754098360656,
  "time_ms": 296
}