{
  "sum_of_pairs": 0.9514277364949486,
  "column_score": 0.4152542372881356,
  "time_ms": 147
}