{
  "sum_of_pairs": 0.8557769083359948,
  "column_score": 0.23267326732673269,
  "time_ms": 445
}