{
  "sum_of_pairs": 0.49088460699168013,
  "column_score": 0.2556316103140931,
  "time_ms": 40
}