{
  "sum_of_pairs": 0.5118580765639589,
  "column_score": 0.3277310924369748,
  "time_ms": 53
}