{
  "sum_of_pairs": 0.46948174931129477,
  "column_score": 0.2755681818181818,
  "time_ms": 102
}