{
  "sum_of_pairs": 0.45883534136546184,
  "column_score": 0.4759036144578313,
  "time_ms": 11
}