{
  "sum_of_pairs": 0.6459854014598541,
  "column_score": 0.2846715328467153,
  "time_ms": 27
}