{
  "sum_of_pairs": 0.7278071722516167,
  "column_score": 0.5432098765432098,
  "time_ms": 10
}