{
  "sum_of_pairs": 0.5529190207156309,
  "column_score": 0.3163841807909605,
  "time_ms": 29
}