{
  "sum_of_pairs": 0.7038913727438317,
  "column_score": 0.43517138599105815,
  "time_ms": 84
}