{
  "sum_of_pairs": 0.7760709379293118,
  "column_score": 0.3821656050955414,
  "time_ms": 53
}