{
  "sum_of_pairs": 0.8721833721833722,
  "column_score": 0.7076923076923077,
  "time_ms": 82
}