{
  "sum_of_pairs": 0.4541577825159915,
  "column_score": 0.1791044776119403,
  "time_ms": 21
}