{
  "sum_of_pairs": 0.6740372467208565,
  "column_score": 0.2904740081344404,
  "time_ms": 158
}