{
  "sum_of_pairs": 0.7822036951263445,
  "column_score": 0.5984251968503937,
  "time_ms": 32
}