{
  "sum_of_pairs": 0.8144239508152901,
  "column_score": 0.4744186046511628,
  "time_ms": 400
}