{
  "sum_of_pairs": 0.7763882455869487,
  "column_score": 0.5669291338582677,
  "time_ms": 87
}