{
  "sum_of_pairs": 0.7283807872043166,
  "column_score": 0.14189189189189189,
  "time_ms": 199
}