{
  "sum_of_pairs": 0.7715282137127711,
  "column_score": 0.24691358024691357,
  "time_ms": 760
}