{
  "sum_of_pairs": 0.8314690529455631,
  "column_score": 0.5805369127516778,
  "time_ms": 13
}