{
  "sum_of_pairs": 0.6559605437266931,
  "column_score": 0.25766871165644173,
  "time_ms": 48
}