{
  "sum_of_pairs": 0.7554769001490313,
  "column_score": 0.21106557377049182,
  "time_ms": 105
}