{
  "sum_of_pairs": 0.5916842253125439,
  "column_score": 0.23008849557522124,
  "time_ms": 322
}