{
  "sum_of_pairs": 0.8328361400695001,
  "column_score": 0.5069767441860465,
  "time_ms": 191
}