{
  "sum_of_pairs": 0.6123340951922691,
  "column_score": 0.2085889570552147,
  "time_ms": 120
}