{
  "sum_of_pairs": 0.8793298059964727,
  "column_score": 0.30666666666666664,
  "time_ms": 103
}