{
  "sum_of_pairs": 0.8442924976258309,
  "column_score": 0.7283950617283951,
  "time_ms": 52
}