{
  "sum_of_pairs": 0.8487001943634597,
  "column_score": 0.37755102040816324,
  "time_ms": 794
}