{
  "sum_of_pairs": 0.8398860398860399,
  "column_score": 0.6419753086419753,
  "time_ms": 112
}