{
  "sum_of_pairs": 0.7144095967625379,
  "column_score": 0.14189189189189189,
  "time_ms": 618
}