{
  "sum_of_pairs": 0.7643161051823952,
  "column_score": 0.24691358024691357,
  "time_ms": 1185
}