{
  "sum_of_pairs": 0.6051323201508207,
  "column_score": 0.03688715060958918,
  "time_ms": 1284
}