{
  "sum_of_pairs": 0.5979628326272505,
  "column_score": 0.029460342897894478,
  "time_ms": 931
}