{
  "sum_of_pairs": 0.6032988507682315,
  "column_score": 0.03194093427639484,
  "time_ms": 524
}