{
  "sum_of_pairs": 0.7724258184163845,
  "column_score": 0.027777777777777776,
  "time_ms": 435
}