{
  "sum_of_pairs": 0.6745261751690741,
  "column_score": 0.10508474576271186,
  "time_ms": 738
}