{
  "sum_of_pairs": 0.4733296419342931,
  "column_score": 0.05813953488372093,
  "time_ms": 317
}