{
  "sum_of_pairs": 0.7606000214293368,
  "column_score": 0.26229508196721313,
  "time_ms": 602
}