{
  "sum_of_pairs": 0.799240210403273,
  "column_score": 0.0423728813559322,
  "time_ms": 317
}