{
  "sum_of_pairs": 0.6673123486682808,
  "column_score": 0.10508474576271186,
  "time_ms": 1263
}