{
  "sum_of_pairs": 0.6418831168831168,
  "column_score": 0.022727272727272728,
  "time_ms": 30
}