{
  "sum_of_pairs": 0.6835748792270532,
  "column_score": 0.21739130434782608,
  "time_ms": 51
}