{
  "sum_of_pairs": 0.7200317799756453,
  "column_score": 0.22685185185185186,
  "time_ms": 3862
}