{
  "sum_of_pairs": 0.9390077982412477,
  "column_score": 0.14285714285714285,
  "time_ms": 56
}