{
  "sum_of_pairs": 0.5368524670850252,
  "column_score": 0.06976744186046512,
  "time_ms": 440
}