{
  "sum_of_pairs": 0.634963768115942,
  "column_score": 0.18115942028985507,
  "time_ms": 20
}