{
  "sum_of_pairs": 0.7634252539912917,
  "column_score": 0.027777777777777776,
  "time_ms": 1049
}