{
  "sum_of_pairs": 0.7781849351762563,
  "column_score": 0.25136612021857924,
  "time_ms": 245
}