{
  "sum_of_pairs": 0.8041311493262843,
  "column_score": 0.3425925925925926,
  "time_ms": 4475
}