{
  "sum_of_pairs": 0.771807564555877,
  "column_score": 0.22950819672131148,
  "time_ms": 545
}