{
  "sum_of_pairs": 0.7698355104015482,
  "column_score": 0.027777777777777776,
  "time_ms": 833
}