{
  "sum_of_pairs": 0.6138285024154589,
  "column_score": 0.14492753623188406,
  "time_ms": 78
}