{
  "sum_of_pairs": 0.6525006262002171,
  "column_score": 0.11186440677966102,
  "time_ms": 1408
}