{
  "sum_of_pairs": 0.6006389661520889,
  "column_score": 0.3212905796672676,
  "time_ms": 41
}