{
  "sum_of_pairs": 0.8029850746268656,
  "column_score": 0.7582089552238805,
  "time_ms": 54
}