{
  "sum_of_pairs": 0.6391129032258065,
  "column_score": 0.1935483870967742,
  "time_ms": 17
}