{
  "sum_of_pairs": 0.6015037593984962,
  "column_score": 0.17105263157894737,
  "time_ms": 66
}