{
  "sum_of_pairs": 0.5875706214689266,
  "column_score": 0.14689265536723164,
  "time_ms": 46
}