{
  "sum_of_pairs": 0.751984126984127,
  "column_score": 0.5714285714285714,
  "time_ms": 6
}