{
  "sum_of_pairs": 0.5682302771855011,
  "column_score": 0.19776119402985073,
  "time_ms": 27
}