{
  "sum_of_pairs": 0.4498106060606061,
  "column_score": 0.21306818181818182,
  "time_ms": 134
}