{
  "sum_of_pairs": 0.6602729742264626,
  "column_score": 0.023255813953488372,
  "time_ms": 189
}