{
  "sum_of_pairs": 0.690776436678076,
  "column_score": 0.5662042875157629,
  "time_ms": 159
}