{
  "sum_of_pairs": 0.7042887895346912,
  "column_score": 0.4873323397913562,
  "time_ms": 110
}