{
  "sum_of_pairs": 0.6190476190476191,
  "column_score": 0.2605042016806723,
  "time_ms": 71
}