{
  "sum_of_pairs": 0.2425287356321839,
  "column_score": 0.09310344827586207,
  "time_ms": 12
}