{
  "sum_of_pairs": 0.7640562248995983,
  "column_score": 0.6927710843373494,
  "time_ms": 5
}