{
  "sum_of_pairs": 0.38082191780821917,
  "column_score": 0.0273972602739726,
  "time_ms": 15
}