{
  "sum_of_pairs": 0.5984975808505221,
  "column_score": 0.11428571428571428,
  "time_ms": 166
}