{
  "sum_of_pairs": 0.12560386473429952,
  "column_score": 0.057971014492753624,
  "time_ms": 2
}