{
  "sum_of_pairs": 0.6160096540627514,
  "column_score": 0.2721238938053097,
  "time_ms": 63
}