{
  "sum_of_pairs": 0.7504273504273504,
  "column_score": 0.6153846153846154,
  "time_ms": 2
}