{
  "sum_of_pairs": 0.5381995133819951,
  "column_score": 0.26277372262773724,
  "time_ms": 10
}