{
  "sum_of_pairs": 0.8875968992248062,
  "column_score": 0.7441860465116279,
  "time_ms": 6
}