{
  "sum_of_pairs": 0.6138211382113821,
  "column_score": 0.47560975609756095,
  "time_ms": 9
}