{
  "sum_of_pairs": 0.833011583011583,
  "column_score": 0.7297297297297297,
  "time_ms": 15
}