{
  "sum_of_pairs": 0.7227009699845968,
  "column_score": 0.07006369426751592,
  "time_ms": 132
}