{
  "sum_of_pairs": 0.7055016181229773,
  "column_score": 0.4174757281553398,
  "time_ms": 18
}