{
  "sum_of_pairs": 0.5938152011922504,
  "column_score": 0.2786885245901639,
  "time_ms": 55
}