{
  "sum_of_pairs": 0.5424430641821946,
  "column_score": 0.21739130434782608,
  "time_ms": 26
}