{
  "sum_of_pairs": 0.7886699507389162,
  "column_score": 0.6428571428571429,
  "time_ms": 50
}