{
  "sum_of_pairs": 0.6209701271813073,
  "column_score": 0.484472049689441,
  "time_ms": 51
}