{
  "sum_of_pairs": 0.950076610046625,
  "column_score": 0.4725274725274725,
  "time_ms": 48721
}