{
  "sum_of_pairs": 0.9284659863945578,
  "column_score": 0.8583333333333333,
  "time_ms": 9421
}