{
  "sum_of_pairs": 0.5180970444128339,
  "column_score": 0.2222222222222222,
  "time_ms": 1532
}