{
  "sum_of_pairs": 0.7381148593689798,
  "column_score": 0.4107142857142857,
  "time_ms": 58728
}