{
  "sum_of_pairs": 0.3536030239249354,
  "column_score": 0.05902763171689415,
  "time_ms": 159
}