{
  "sum_of_pairs": 0.5331054131054132,
  "column_score": 0.19753086419753085,
  "time_ms": 49
}