{
  "sum_of_pairs": 0.4940497193263833,
  "column_score": 0.24186046511627907,
  "time_ms": 204
}