{
  "sum_of_pairs": 0.46060418918223456,
  "column_score": 0.23622047244094488,
  "time_ms": 43
}