{
  "sum_of_pairs": 0.4900521609538003,
  "column_score": 0.24180327868852458,
  "time_ms": 43
}