{
  "sum_of_pairs": 0.26495175539973864,
  "column_score": 0.09168350698983847,
  "time_ms": 22
}