{
  "sum_of_pairs": 0.20492943748757703,
  "column_score": 0.08139534883720931,
  "time_ms": 26
}