{
  "sum_of_pairs": 0.46561668145519075,
  "column_score": 0.3167701863354037,
  "time_ms": 40
}