{
  "sum_of_pairs": 0.14821573398215734,
  "column_score": 0.021897810218978103,
  "time_ms": 5
}