{
  "sum_of_pairs": 0.28582089552238804,
  "column_score": 0.2044776119402985,
  "time_ms": 10
}