{
  "sum_of_pairs": 0.16065969428801288,
  "column_score": 0.024336283185840708,
  "time_ms": 28
}