{
  "sum_of_pairs": 0.24157054125998226,
  "column_score": 0.09730848861283643,
  "time_ms": 35
}