{
  "sum_of_pairs": 0.3469758064516129,
  "column_score": 0.25201612903225806,
  "time_ms": 26
}