{
  "sum_of_pairs": 0.3310924369747899,
  "column_score": 0.2689075630252101,
  "time_ms": 15
}