{
  "sum_of_pairs": 0.6258620689655172,
  "column_score": 0.5147783251231527,
  "time_ms": 21
}