{
  "sum_of_pairs": 0.29253569793097706,
  "column_score": 0.050955414012738856,
  "time_ms": 19
}