{
  "sum_of_pairs": 0.3067396313364055,
  "column_score": 0.06451612903225806,
  "time_ms": 3
}