{
  "sum_of_pairs": 0.3128013085399449,
  "column_score": 0.11931818181818182,
  "time_ms": 54
}