{
  "sum_of_pairs": 0.27132867132867133,
  "column_score": 0.046153846153846156,
  "time_ms": 16
}