{
  "sum_of_pairs": 0.35237329042638776,
  "column_score": 0.15265486725663716,
  "time_ms": 13
}