{
  "sum_of_pairs": 0.5936055951042838,
  "column_score": 0.06369426751592357,
  "time_ms": 53
}