{
  "sum_of_pairs": 0.1693548387096774,
  "column_score": 0.0907258064516129,
  "time_ms": 10
}