{
  "sum_of_pairs": 0.14112903225806453,
  "column_score": 0.016129032258064516,
  "time_ms": 5
}