{
  "sum_of_pairs": 0.5084693084693085,
  "column_score": 0.07692307692307693,
  "time_ms": 10
}