{
  "sum_of_pairs": 0.13723750369713103,
  "column_score": 0.06832298136645963,
  "time_ms": 10
}