{
  "sum_of_pairs": 0.2341116078820997,
  "column_score": 0.07153502235469449,
  "time_ms": 42
}