{
  "sum_of_pairs": 0.16890495867768596,
  "column_score": 0.05397727272727273,
  "time_ms": 36
}