{
  "sum_of_pairs": 0.7526545273962284,
  "column_score": 0.04609857724753246,
  "time_ms": 780
}