{
  "sum_of_pairs": 0.9353173928645627,
  "column_score": 0.08783783783783784,
  "time_ms": 837
}