{
  "sum_of_pairs": 0.9108708357685564,
  "column_score": 0.059322033898305086,
  "time_ms": 192
}