{
  "sum_of_pairs": 0.8801254051007468,
  "column_score": 0.059602649006622516,
  "time_ms": 856
}