{
  "sum_of_pairs": 0.8293675228712174,
  "column_score": 0.26785714285714285,
  "time_ms": 209
}