{
  "sum_of_pairs": 0.6702294685990338,
  "column_score": 0.13768115942028986,
  "time_ms": 48
}