{
  "sum_of_pairs": 0.7643149369625115,
  "column_score": 0.1694915254237288,
  "time_ms": 759
}