{
  "sum_of_pairs": 0.9471422772679121,
  "column_score": 0.4074074074074074,
  "time_ms": 3496
}