{
  "sum_of_pairs": 0.7323580545890143,
  "column_score": 0.04444785346056207,
  "time_ms": 407
}