{
  "sum_of_pairs": 0.9669453602225588,
  "column_score": 0.5324074074074074,
  "time_ms": 1920
}