{
  "sum_of_pairs": 0.9094514486098355,
  "column_score": 0.025423728813559324,
  "time_ms": 110
}