{
  "sum_of_pairs": 0.9213383838383838,
  "column_score": 0.23484848484848486,
  "time_ms": 627
}