{
  "sum_of_pairs": 0.756219806763285,
  "column_score": 0.2028985507246377,
  "time_ms": 25
}