{
  "sum_of_pairs": 0.9326024137344892,
  "column_score": 0.16891891891891891,
  "time_ms": 416
}