{
  "sum_of_pairs": 0.8492360441444338,
  "column_score": 0.22950819672131148,
  "time_ms": 246
}