{
  "sum_of_pairs": 0.9106565190368575,
  "column_score": 0.00904977375565611,
  "time_ms": 1261
}