{
  "sum_of_pairs": 0.7249676381603215,
  "column_score": 0.532582429576159,
  "time_ms": 17
}