{
  "sum_of_pairs": 0.6762566751260013,
  "column_score": 0.46546702806389534,
  "time_ms": 38
}