{
  "sum_of_pairs": 0.7268563736189259,
  "column_score": 0.5303023856995671,
  "time_ms": 37
}