{
  "sum_of_pairs": 0.5436991869918699,
  "column_score": 0.40853658536585363,
  "time_ms": 5
}