{
  "sum_of_pairs": 0.8199813258636788,
  "column_score": 0.6050420168067226,
  "time_ms": 52
}