{
  "sum_of_pairs": 0.6383064516129032,
  "column_score": 0.5463709677419355,
  "time_ms": 21
}