{
  "sum_of_pairs": 0.5980392156862745,
  "column_score": 0.3333333333333333,
  "time_ms": 4
}