{
  "sum_of_pairs": 0.8197916666666667,
  "column_score": 0.7604166666666666,
  "time_ms": 1
}