{
  "sum_of_pairs": 0.09178743961352658,
  "column_score": 0.028985507246376812,
  "time_ms": 1
}