{
  "sum_of_pairs": 0.9016100178890877,
  "column_score": 0.5465116279069767,
  "time_ms": 130
}