{
  "sum_of_pairs": 0.6672692837465565,
  "column_score": 0.4460227272727273,
  "time_ms": 58
}