{
  "sum_of_pairs": 0.68125,
  "column_score": 0.6108870967741935,
  "time_ms": 21
}