{
  "sum_of_pairs": 0.7872503840245776,
  "column_score": 0.6682027649769585,
  "time_ms": 4
}