{
  "sum_of_pairs": 0.8592731829573935,
  "column_score": 0.5789473684210527,
  "time_ms": 26
}