{
  "sum_of_pairs": 0.6851958525345622,
  "column_score": 0.5080645161290323,
  "time_ms": 13
}