{
  "sum_of_pairs": 0.8650298041441953,
  "column_score": 0.6199261992619927,
  "time_ms": 26
}