{
  "sum_of_pairs": 0.824105461393597,
  "column_score": 0.5875706214689266,
  "time_ms": 27
}