{
  "sum_of_pairs": 0.8164265606888558,
  "column_score": 0.706408345752608,
  "time_ms": 50
}