{
  "sum_of_pairs": 0.7656074014481095,
  "column_score": 0.5066371681415929,
  "time_ms": 57
}