{
  "sum_of_pairs": 0.7346497764530552,
  "column_score": 0.430327868852459,
  "time_ms": 56
}