{
  "sum_of_pairs": 0.9006875477463713,
  "column_score": 0.5857142857142857,
  "time_ms": 311
}