{
  "sum_of_pairs": 0.658410138248848,
  "column_score": 0.4596774193548387,
  "time_ms": 11
}