{
  "sum_of_pairs": 0.9452020202020202,
  "column_score": 0.7666666666666667,
  "time_ms": 14
}