{
  "sum_of_pairs": 0.8312629399585921,
  "column_score": 0.7163561076604554,
  "time_ms": 21
}