{
  "sum_of_pairs": 0.7383263985205732,
  "column_score": 0.4854368932038835,
  "time_ms": 38
}