{
  "sum_of_pairs": 0.7382903981264637,
  "column_score": 0.5636822194199244,
  "time_ms": 71
}