{
  "sum_of_pairs": 0.7145299145299145,
  "column_score": 0.7692307692307693,
  "time_ms": 1
}