{
  "sum_of_pairs": 0.6034063260340633,
  "column_score": 0.3722627737226277,
  "time_ms": 4
}