{
  "sum_of_pairs": 0.7305514157973174,
  "column_score": 0.430327868852459,
  "time_ms": 31
}