{
  "sum_of_pairs": 0.5134575569358178,
  "column_score": 0.021739130434782608,
  "time_ms": 3
}