{
  "sum_of_pairs": 0.6989583333333333,
  "column_score": 0.5729166666666666,
  "time_ms": 2
}