{
  "sum_of_pairs": 0.6456669624371487,
  "column_score": 0.43478260869565216,
  "time_ms": 22
}