{
  "sum_of_pairs": 0.9026701119724375,
  "column_score": 0.5465116279069767,
  "time_ms": 53
}