{
  "sum_of_pairs": 0.7416488983653162,
  "column_score": 0.4141791044776119,
  "time_ms": 16
}