{
  "sum_of_pairs": 0.6843137254901961,
  "column_score": 0.47058823529411764,
  "time_ms": 2
}