{
  "sum_of_pairs": 0.8035714285714286,
  "column_score": 0.6785714285714286,
  "time_ms": 3
}