{
  "sum_of_pairs": 0.6788594470046083,
  "column_score": 0.5080645161290323,
  "time_ms": 6
}