{
  "sum_of_pairs": 0.9874902874902874,
  "column_score": 0.9487179487179487,
  "time_ms": 49
}