{
  "sum_of_pairs": 0.8765206812652068,
  "column_score": 0.7226277372262774,
  "time_ms": 11
}