{
  "sum_of_pairs": 0.9503233392122281,
  "column_score": 0.8641975308641975,
  "time_ms": 8
}