{
  "sum_of_pairs": 0.9144620811287478,
  "column_score": 0.8333333333333334,
  "time_ms": 7
}