{
  "sum_of_pairs": 0.7990395760887564,
  "column_score": 0.676602086438152,
  "time_ms": 100
}