{
  "sum_of_pairs": 0.7775408670931059,
  "column_score": 0.44776119402985076,
  "time_ms": 10
}