{
  "sum_of_pairs": 0.7877715205148833,
  "column_score": 0.5641592920353983,
  "time_ms": 66
}