{
  "sum_of_pairs": 0.7650873716447487,
  "column_score": 0.5989911727616646,
  "time_ms": 43
}