{
  "sum_of_pairs": 0.8430198166223011,
  "column_score": 0.7163561076604554,
  "time_ms": 73
}