{
  "sum_of_pairs": 0.7746968352558414,
  "column_score": 0.6169772256728778,
  "time_ms": 51
}