{
  "sum_of_pairs": 0.2103448275862069,
  "column_score": 0.07931034482758621,
  "time_ms": 4
}