{
  "sum_of_pairs": 0.6790890269151139,
  "column_score": 0.4720496894409938,
  "time_ms": 9
}