{
  "sum_of_pairs": 0.7528373266078184,
  "column_score": 0.6103404791929382,
  "time_ms": 67
}