{
  "sum_of_pairs": 0.8822696806960576,
  "column_score": 0.6624203821656051,
  "time_ms": 58
}