{
  "sum_of_pairs": 0.8217761557177615,
  "column_score": 0.6131386861313869,
  "time_ms": 9
}