{
  "sum_of_pairs": 0.8939962476547842,
  "column_score": 0.7073170731707317,
  "time_ms": 55
}