{
  "sum_of_pairs": 0.850046685340803,
  "column_score": 0.6974789915966386,
  "time_ms": 14
}