{
  "sum_of_pairs": 0.7990049751243781,
  "column_score": 0.735820895522388,
  "time_ms": 16
}