{
  "sum_of_pairs": 0.8433734939759037,
  "column_score": 0.8192771084337349,
  "time_ms": 3
}