{
  "sum_of_pairs": 0.1280193236714976,
  "column_score": 0.028985507246376812,
  "time_ms": 11
}