{
  "sum_of_pairs": 0.8153667825798974,
  "column_score": 0.706408345752608,
  "time_ms": 115
}