{
  "sum_of_pairs": 0.8699516170104405,
  "column_score": 0.5285714285714286,
  "time_ms": 360
}