{
  "sum_of_pairs": 0.8044334975369458,
  "column_score": 0.6551724137931034,
  "time_ms": 19
}