{
  "sum_of_pairs": 0.4808219178082192,
  "column_score": 0.2876712328767123,
  "time_ms": 9
}