{
  "sum_of_pairs": 0.860488220266818,
  "column_score": 0.6199261992619927,
  "time_ms": 51
}