{
  "sum_of_pairs": 0.982051282051282,
  "column_score": 0.9384615384615385,
  "time_ms": 46
}