{
  "sum_of_pairs": 0.8293103448275863,
  "column_score": 0.6896551724137931,
  "time_ms": 11
}