{
  "sum_of_pairs": 0.8283846872082167,
  "column_score": 0.6218487394957983,
  "time_ms": 43
}