{
  "sum_of_pairs": 0.9101521784448614,
  "column_score": 0.7073170731707317,
  "time_ms": 43
}