{
  "sum_of_pairs": 0.7927192276749799,
  "column_score": 0.5685840707964602,
  "time_ms": 30
}