{
  "sum_of_pairs": 0.7116244411326379,
  "column_score": 0.4262295081967213,
  "time_ms": 60
}