{
  "sum_of_pairs": 0.8669913825402773,
  "column_score": 0.6369426751592356,
  "time_ms": 50
}