{
  "sum_of_pairs": 0.5878345498783455,
  "column_score": 0.34306569343065696,
  "time_ms": 14
}