{
  "sum_of_pairs": 0.9231266149870802,
  "column_score": 0.6744186046511628,
  "time_ms": 2
}