{
  "sum_of_pairs": 0.611688475396492,
  "column_score": 0.011051294257164451,
  "time_ms": 627
}