{
  "sum_of_pairs": 0.6116370450660604,
  "column_score": 0.011051294257164451,
  "time_ms": 265
}