{
  "sum_of_pairs": 0.5662012425158086,
  "column_score": 0.004137767366374228,
  "time_ms": 487
}