{
  "sum_of_pairs": 0.8739839813082262,
  "column_score": 0.10185185185185185,
  "time_ms": 1909
}