{
  "sum_of_pairs": 0.5876596810553562,
  "column_score": 0.06779661016949153,
  "time_ms": 533
}