{
  "sum_of_pairs": 0.8995799796053738,
  "column_score": 0.2638888888888889,
  "time_ms": 3528
}