{
  "sum_of_pairs": 0.6459046505802789,
  "column_score": 0.09830508474576272,
  "time_ms": 945
}