{
  "sum_of_pairs": 0.16222186025030516,
  "column_score": 0.039724655517940737,
  "time_ms": 3
}