{
  "sum_of_pairs": 0.1605348463156477,
  "column_score": 0.038368171524451856,
  "time_ms": 8
}