{
  "sum_of_pairs": 0.16053484631564766,
  "column_score": 0.038368171524451856,
  "time_ms": 9
}