{
  "sum_of_pairs": 0.16053484631564768,
  "column_score": 0.038368171524451856,
  "time_ms": 18
}