{
  "sum_of_pairs": 0.3806878306878307,
  "column_score": 0.17037037037037037,
  "time_ms": 5
}