{
  "sum_of_pairs": 0.2653061224489796,
  "column_score": 0.04081632653061224,
  "time_ms": 2
}