{
  "sum_of_pairs": 0.2286368843069874,
  "column_score": 0.05154639175257732,
  "time_ms": 7
}