{
  "sum_of_pairs": 0.19494584837545126,
  "column_score": 0.0036101083032490976,
  "time_ms": 11
}