{
  "sum_of_pairs": 0.2788844621513944,
  "column_score": 0.13545816733067728,
  "time_ms": 4
}