{
  "sum_of_pairs": 0.2052980132450331,
  "column_score": 0.0728476821192053,
  "time_ms": 2
}