{
  "sum_of_pairs": 0.16563573883161511,
  "column_score": 0.05154639175257732,
  "time_ms": 12
}