{
  "sum_of_pairs": 0.3498896247240618,
  "column_score": 0.15894039735099338,
  "time_ms": 1
}