{
  "sum_of_pairs": 0.2843915343915344,
  "column_score": 0.1111111111111111,
  "time_ms": 8
}