{
  "sum_of_pairs": 0.39473684210526316,
  "column_score": 0.18421052631578946,
  "time_ms": 4
}