{
  "sum_of_pairs": 0.21548821548821548,
  "column_score": 0.0707070707070707,
  "time_ms": 3
}