{
  "sum_of_pairs": 0.10956175298804781,
  "column_score": 0.00796812749003984,
  "time_ms": 10
}