{
  "sum_of_pairs": 0.6503741986232904,
  "column_score": 0.2726744177012992,
  "time_ms": 141
}