{
  "sum_of_pairs": 0.6240730887225486,
  "column_score": 0.23079698488282496,
  "time_ms": 271
}