{
  "sum_of_pairs": 0.6595552873693624,
  "column_score": 0.30546813502071246,
  "time_ms": 366
}