{
  "sum_of_pairs": 0.5543591654247392,
  "column_score": 0.2028688524590164,
  "time_ms": 120
}