{
  "sum_of_pairs": 0.5166606519908576,
  "column_score": 0.1411042944785276,
  "time_ms": 80
}