{
  "sum_of_pairs": 0.8483865987339818,
  "column_score": 0.6692913385826772,
  "time_ms": 65
}