{
  "sum_of_pairs": 0.7892649024325047,
  "column_score": 0.48372093023255813,
  "time_ms": 294
}