{
  "sum_of_pairs": 0.8103501737503341,
  "column_score": 0.5302325581395348,
  "time_ms": 158
}