{
  "sum_of_pairs": 0.7925988068605518,
  "column_score": 0.5570469798657718,
  "time_ms": 22
}