{
  "sum_of_pairs": 0.5638157103332131,
  "column_score": 0.1656441717791411,
  "time_ms": 267
}