{
  "sum_of_pairs": 0.8534391534391534,
  "column_score": 0.09333333333333334,
  "time_ms": 231
}