{
  "sum_of_pairs": 0.6041719342604298,
  "column_score": 0.23008849557522124,
  "time_ms": 129
}