{
  "sum_of_pairs": 0.8140358184089963,
  "column_score": 0.29591836734693877,
  "time_ms": 738
}