{
  "sum_of_pairs": 0.8845502645502645,
  "column_score": 0.25333333333333335,
  "time_ms": 388
}