{
  "sum_of_pairs": 0.6279207014501132,
  "column_score": 0.033783783783783786,
  "time_ms": 460
}