{
  "sum_of_pairs": 0.875978835978836,
  "column_score": 0.13333333333333333,
  "time_ms": 90
}