{
  "sum_of_pairs": 0.8191205053449951,
  "column_score": 0.3469387755102041,
  "time_ms": 393
}