{
  "sum_of_pairs": 0.5816266329540666,
  "column_score": 0.22123893805309736,
  "time_ms": 290
}