{
  "sum_of_pairs": 0.777057772222405,
  "column_score": 0.27722772277227725,
  "time_ms": 521
}