{
  "sum_of_pairs": 0.5680259833994947,
  "column_score": 0.1656441717791411,
  "time_ms": 41
}