{
  "sum_of_pairs": 0.8185738581146744,
  "column_score": 0.3469387755102041,
  "time_ms": 2380
}