{
  "sum_of_pairs": 0.7308293227313943,
  "column_score": 0.09876543209876543,
  "time_ms": 697
}