{
  "sum_of_pairs": 0.772269705603039,
  "column_score": 0.6172839506172839,
  "time_ms": 219
}