{
  "sum_of_pairs": 0.8031424404898961,
  "column_score": 0.49504950495049505,
  "time_ms": 286
}