{
  "sum_of_pairs": 0.8858128262490679,
  "column_score": 0.785234899328859,
  "time_ms": 65
}