{
  "sum_of_pairs": 0.7943927283093758,
  "column_score": 0.504950495049505,
  "time_ms": 591
}