{
  "sum_of_pairs": 0.7208690800027899,
  "column_score": 0.09876543209876543,
  "time_ms": 1224
}