{
  "sum_of_pairs": 0.8492175856929955,
  "column_score": 0.5778688524590164,
  "time_ms": 69
}