{
  "sum_of_pairs": 0.7472902280811885,
  "column_score": 0.1728395061728395,
  "time_ms": 1218
}