{
  "sum_of_pairs": 0.7669895536562203,
  "column_score": 0.6049382716049383,
  "time_ms": 107
}