{
  "sum_of_pairs": 0.8049206068723325,
  "column_score": 0.10979310680602937,
  "time_ms": 808
}