{
  "sum_of_pairs": 0.8050495895629259,
  "column_score": 0.11389748655950434,
  "time_ms": 851
}