{
  "sum_of_pairs": 0.8054982043807439,
  "column_score": 0.11771179670692637,
  "time_ms": 345
}