{
  "sum_of_pairs": 0.7907262917948961,
  "column_score": 0.09133171891455322,
  "time_ms": 650
}