{
  "sum_of_pairs": 0.7874536365102403,
  "column_score": 0.2641509433962264,
  "time_ms": 208
}