{
  "sum_of_pairs": 0.9324074074074075,
  "column_score": 0.15833333333333333,
  "time_ms": 1403
}