{
  "sum_of_pairs": 0.7708937198067632,
  "column_score": 0.3115942028985507,
  "time_ms": 31
}