{
  "sum_of_pairs": 0.7336660617059891,
  "column_score": 0.04838709677419355,
  "time_ms": 381
}