{
  "sum_of_pairs": 0.8973008776287464,
  "column_score": 0.15151515151515152,
  "time_ms": 130
}