{
  "sum_of_pairs": 0.7214985461428878,
  "column_score": 0.04032258064516129,
  "time_ms": 714
}