{
  "sum_of_pairs": 0.935342056932966,
  "column_score": 0.20075757575757575,
  "time_ms": 986
}