{
  "sum_of_pairs": 0.9599186195016187,
  "column_score": 0.4074074074074074,
  "time_ms": 2443
}