{
  "sum_of_pairs": 0.6262221759933431,
  "column_score": 0.03289473684210526,
  "time_ms": 216
}