{
  "sum_of_pairs": 0.9561023287438382,
  "column_score": 0.33783783783783783,
  "time_ms": 340
}