{
  "sum_of_pairs": 0.9175801282051282,
  "column_score": 0.18333333333333332,
  "time_ms": 1749
}