{
  "sum_of_pairs": 0.9270877366023202,
  "column_score": 0.19205298013245034,
  "time_ms": 914
}