{
  "sum_of_pairs": 0.8647937426336655,
  "column_score": 0.1912568306010929,
  "time_ms": 199
}