{
  "sum_of_pairs": 0.952003890683136,
  "column_score": 0.27702702702702703,
  "time_ms": 812
}