{
  "sum_of_pairs": 0.6604631927212572,
  "column_score": 0.11538461538461539,
  "time_ms": 50
}