{
  "sum_of_pairs": 0.8924987580725285,
  "column_score": 0.12121212121212122,
  "time_ms": 259
}