{
  "sum_of_pairs": 0.9468931741659015,
  "column_score": 0.26515151515151514,
  "time_ms": 526
}