{
  "sum_of_pairs": 0.6634408602150538,
  "column_score": 0.11538461538461539,
  "time_ms": 153
}