{
  "sum_of_pairs": 0.9179573176349969,
  "column_score": 0.14027149321266968,
  "time_ms": 1047
}