{
  "sum_of_pairs": 0.9652214697991228,
  "column_score": 0.5509259259259259,
  "time_ms": 2588
}