{
  "sum_of_pairs": 0.7412667678058128,
  "column_score": 0.12871287128712872,
  "time_ms": 330
}