{
  "sum_of_pairs": 0.9278846153846154,
  "column_score": 0.21666666666666667,
  "time_ms": 3266
}