{
  "sum_of_pairs": 0.8356884174434801,
  "column_score": 0.16939890710382513,
  "time_ms": 443
}