{
  "sum_of_pairs": 0.6589088828791346,
  "column_score": 0.03289473684210526,
  "time_ms": 47
}