{
  "sum_of_pairs": 0.8858858198451794,
  "column_score": 0.44642857142857145,
  "time_ms": 269
}