{
  "sum_of_pairs": 0.7717083200255509,
  "column_score": 0.16831683168316833,
  "time_ms": 179
}