{
  "sum_of_pairs": 0.9453971533516988,
  "column_score": 0.24621212121212122,
  "time_ms": 1686
}