{
  "sum_of_pairs": 0.9645234983714001,
  "column_score": 0.5509259259259259,
  "time_ms": 1649
}