{
  "sum_of_pairs": 0.907832422586521,
  "column_score": 0.15151515151515152,
  "time_ms": 331
}