{
  "sum_of_pairs": 0.9024806390498454,
  "column_score": 0.09923664122137404,
  "time_ms": 1504
}