{
  "sum_of_pairs": 0.8673652630451087,
  "column_score": 0.20765027322404372,
  "time_ms": 912
}