{
  "sum_of_pairs": 0.6502619244554728,
  "column_score": 0.11538461538461539,
  "time_ms": 105
}