{
  "sum_of_pairs": 0.9057208514755685,
  "column_score": 0.22916666666666666,
  "time_ms": 300
}