{
  "sum_of_pairs": 0.9269802871736796,
  "column_score": 0.14027149321266968,
  "time_ms": 2815
}