{
  "sum_of_pairs": 0.7997996159305335,
  "column_score": 0.1423728813559322,
  "time_ms": 715
}