{
  "sum_of_pairs": 0.7812699616735868,
  "column_score": 0.16831683168316833,
  "time_ms": 882
}