{
  "sum_of_pairs": 0.8173913043478261,
  "column_score": 0.4420289855072464,
  "time_ms": 19
}