{
  "sum_of_pairs": 0.384666588092589,
  "column_score": 0.13687597161126616,
  "time_ms": 42
}