{
  "sum_of_pairs": 0.2764976958525346,
  "column_score": 0.055299539170506916,
  "time_ms": 3
}