{
  "sum_of_pairs": 0.5376016260162602,
  "column_score": 0.4634146341463415,
  "time_ms": 4
}