{
  "sum_of_pairs": 0.5188492063492064,
  "column_score": 0.34523809523809523,
  "time_ms": 2
}