{
  "sum_of_pairs": 0.3433895297249335,
  "column_score": 0.11180124223602485,
  "time_ms": 20
}