{
  "sum_of_pairs": 0.6713930348258706,
  "column_score": 0.5582089552238806,
  "time_ms": 41
}