{
  "sum_of_pairs": 0.33061610520626916,
  "column_score": 0.058007566204287514,
  "time_ms": 103
}