{
  "sum_of_pairs": 0.4156005685856432,
  "column_score": 0.1865671641791045,
  "time_ms": 33
}