{
  "sum_of_pairs": 0.4946833102172908,
  "column_score": 0.21359223300970873,
  "time_ms": 14
}