{
  "sum_of_pairs": 0.4507306107156238,
  "column_score": 0.14012738853503184,
  "time_ms": 64
}