{
  "sum_of_pairs": 0.4049097900029577,
  "column_score": 0.026915113871635612,
  "time_ms": 46
}