{
  "sum_of_pairs": 0.5200258397932817,
  "column_score": 0.13953488372093023,
  "time_ms": 2
}