{
  "sum_of_pairs": 0.29726027397260274,
  "column_score": 0.1095890410958904,
  "time_ms": 8
}