{
  "sum_of_pairs": 0.5833333333333334,
  "column_score": 0.46875,
  "time_ms": 1
}