{
  "sum_of_pairs": 0.2995169082125604,
  "column_score": 0.14492753623188406,
  "time_ms": 1
}