{
  "sum_of_pairs": 0.3536723163841808,
  "column_score": 0.06779661016949153,
  "time_ms": 65
}