{
  "sum_of_pairs": 0.13275862068965516,
  "column_score": 0.06896551724137931,
  "time_ms": 7
}