{
  "sum_of_pairs": 0.43828197945845004,
  "column_score": 0.058823529411764705,
  "time_ms": 38
}