{
  "sum_of_pairs": 0.6354679802955665,
  "column_score": 0.4408866995073892,
  "time_ms": 42
}