{
  "sum_of_pairs": 0.6735042735042736,
  "column_score": 0.28205128205128205,
  "time_ms": 1
}