{
  "sum_of_pairs": 0.37650602409638556,
  "column_score": 0.25903614457831325,
  "time_ms": 2
}