{
  "sum_of_pairs": 0.48763179237631793,
  "column_score": 0.10218978102189781,
  "time_ms": 9
}