{
  "sum_of_pairs": 0.41115288220551377,
  "column_score": 0.05921052631578947,
  "time_ms": 39
}