{
  "sum_of_pairs": 0.7254901960784313,
  "column_score": 0.6470588235294118,
  "time_ms": 3
}