{
  "sum_of_pairs": 0.3495162327432676,
  "column_score": 0.1515303618279179,
  "time_ms": 8
}