{
  "sum_of_pairs": 0.42570281124497994,
  "column_score": 0.463855421686747,
  "time_ms": 1
}