{
  "sum_of_pairs": 0.6403940886699507,
  "column_score": 0.5689655172413793,
  "time_ms": 8
}