{
  "sum_of_pairs": 0.5235137533274179,
  "column_score": 0.3747412008281574,
  "time_ms": 13
}