{
  "sum_of_pairs": 0.6008492569002123,
  "column_score": 0.17834394904458598,
  "time_ms": 14
}