{
  "sum_of_pairs": 0.35874200426439234,
  "column_score": 0.08955223880597014,
  "time_ms": 7
}