{
  "sum_of_pairs": 0.6126865671641791,
  "column_score": 0.49850746268656715,
  "time_ms": 7
}