{
  "sum_of_pairs": 0.29858870967741935,
  "column_score": 0.12298387096774194,
  "time_ms": 7
}