{
  "sum_of_pairs": 0.48350228582786725,
  "column_score": 0.22093023255813954,
  "time_ms": 25
}