{
  "sum_of_pairs": 0.7515516397066493,
  "column_score": 0.04935282159689704,
  "time_ms": 792
}