{
  "sum_of_pairs": 0.8804376310272537,
  "column_score": 0.04861111111111111,
  "time_ms": 703
}