{
  "sum_of_pairs": 0.713499485124266,
  "column_score": 0.09523809523809523,
  "time_ms": 666
}