{
  "sum_of_pairs": 0.9547259100854396,
  "column_score": 0.47685185185185186,
  "time_ms": 2892
}