{
  "sum_of_pairs": 0.6521739130434783,
  "column_score": 0.11594202898550725,
  "time_ms": 39
}