{
  "sum_of_pairs": 0.8703139350421641,
  "column_score": 0.05084745762711865,
  "time_ms": 189
}