{
  "sum_of_pairs": 0.7944449331456721,
  "column_score": 0.21428571428571427,
  "time_ms": 214
}