{
  "sum_of_pairs": 0.9455918182333277,
  "column_score": 0.27702702702702703,
  "time_ms": 782
}