{
  "sum_of_pairs": 0.537485368517242,
  "column_score": 0.04902970917414962,
  "time_ms": 1693
}