{
  "sum_of_pairs": 0.537485368517242,
  "column_score": 0.049029709174149616,
  "time_ms": 1534
}