{
  "sum_of_pairs": 0.7214181286549708,
  "column_score": 0.15204678362573099,
  "time_ms": 1030
}