{
  "sum_of_pairs": 0.6625323726878843,
  "column_score": 0.23300970873786409,
  "time_ms": 5451
}