{
  "sum_of_pairs": 0.5606651662915729,
  "column_score": 0.1434108527131783,
  "time_ms": 279
}