{
  "sum_of_pairs": 0.6488383988580265,
  "column_score": 0.08695652173913043,
  "time_ms": 3576
}