{
  "sum_of_pairs": 0.772934822076979,
  "column_score": 0.20588235294117646,
  "time_ms": 1896
}