{
  "sum_of_pairs": 0.4822094126906961,
  "column_score": 0.19480519480519481,
  "time_ms": 257
}