{
  "sum_of_pairs": 0.3781888463683086,
  "column_score": 0.08956402604544393,
  "time_ms": 165
}