{
  "sum_of_pairs": 0.2957610597537477,
  "column_score": 0.04538324553494866,
  "time_ms": 127
}