{
  "sum_of_pairs": 0.3778453133024979,
  "column_score": 0.08956402604544393,
  "time_ms": 58
}