{
  "sum_of_pairs": 0.5361591922370836,
  "column_score": 0.13008130081300814,
  "time_ms": 89
}