{
  "sum_of_pairs": 0.6809894867037725,
  "column_score": 0.25142857142857145,
  "time_ms": 22
}