{
  "sum_of_pairs": 0.8079904591532499,
  "column_score": 0.46511627906976744,
  "time_ms": 104
}