{
  "sum_of_pairs": 0.2927551375827238,
  "column_score": 0.022988505747126436,
  "time_ms": 39
}