{
  "sum_of_pairs": 0.6228544776119403,
  "column_score": 0.046875,
  "time_ms": 624
}