{
  "sum_of_pairs": 0.39621212121212124,
  "column_score": 0.10227272727272728,
  "time_ms": 27
}