{
  "sum_of_pairs": 0.8788706739526412,
  "column_score": 0.8360655737704918,
  "time_ms": 5
}