{
  "sum_of_pairs": 0.3182078853046595,
  "column_score": 0.04516129032258064,
  "time_ms": 31
}