{
  "sum_of_pairs": 0.4435336976320583,
  "column_score": 0.29508196721311475,
  "time_ms": 3
}