{
  "sum_of_pairs": 0.5221873714520774,
  "column_score": 0.10096153846153846,
  "time_ms": 358
}