{
  "sum_of_pairs": 0.5637631441569095,
  "column_score": 0.22641509433962265,
  "time_ms": 192
}