{
  "sum_of_pairs": 0.3043010752688172,
  "column_score": 0.04516129032258064,
  "time_ms": 13
}