{
  "sum_of_pairs": 0.36794670846394983,
  "column_score": 0.1206896551724138,
  "time_ms": 27
}