{
  "sum_of_pairs": 0.20150537634408602,
  "column_score": 0.025806451612903226,
  "time_ms": 33
}