{
  "sum_of_pairs": 0.48558368495077353,
  "column_score": 0.3037974683544304,
  "time_ms": 14
}