{
  "sum_of_pairs": 0.6042228818132758,
  "column_score": 0.24770642201834864,
  "time_ms": 154
}