{
  "sum_of_pairs": 0.26328154604016674,
  "column_score": 0.06896551724137931,
  "time_ms": 15
}