{
  "sum_of_pairs": 0.741736373448462,
  "column_score": 0.5321100917431193,
  "time_ms": 164
}