{
  "sum_of_pairs": 0.6162142669813795,
  "column_score": 0.17073170731707318,
  "time_ms": 150
}