{
  "sum_of_pairs": 0.7085205128983678,
  "column_score": 0.4869356492406874,
  "time_ms": 37
}