{
  "sum_of_pairs": 0.7439134617622883,
  "column_score": 0.5371799365560306,
  "time_ms": 17
}