{
  "sum_of_pairs": 0.8028150356019208,
  "column_score": 0.6944858420268256,
  "time_ms": 68
}