{
  "sum_of_pairs": 0.771889400921659,
  "column_score": 0.5241935483870968,
  "time_ms": 5
}