{
  "sum_of_pairs": 0.516260162601626,
  "column_score": 0.38414634146341464,
  "time_ms": 3
}