{
  "sum_of_pairs": 0.7466467958271237,
  "column_score": 0.48360655737704916,
  "time_ms": 42
}