{
  "sum_of_pairs": 0.765424739195231,
  "column_score": 0.5368852459016393,
  "time_ms": 21
}