{
  "sum_of_pairs": 0.5769197658402204,
  "column_score": 0.3096590909090909,
  "time_ms": 81
}