{
  "sum_of_pairs": 0.7871939736346516,
  "column_score": 0.5084745762711864,
  "time_ms": 31
}