{
  "sum_of_pairs": 0.7850746268656716,
  "column_score": 0.7149253731343284,
  "time_ms": 41
}