{
  "sum_of_pairs": 0.8390289449112979,
  "column_score": 0.6050420168067226,
  "time_ms": 14
}