{
  "sum_of_pairs": 0.6568548387096774,
  "column_score": 0.5383064516129032,
  "time_ms": 10
}