{
  "sum_of_pairs": 0.8576441102756892,
  "column_score": 0.5131578947368421,
  "time_ms": 27
}