{
  "sum_of_pairs": 0.8248366013071895,
  "column_score": 0.5714285714285714,
  "time_ms": 25
}