{
  "sum_of_pairs": 0.8690476190476191,
  "column_score": 0.8333333333333334,
  "time_ms": 1
}