{
  "sum_of_pairs": 0.8268472906403941,
  "column_score": 0.7118226600985221,
  "time_ms": 10
}