{
  "sum_of_pairs": 0.9148280659908566,
  "column_score": 0.5697674418604651,
  "time_ms": 102
}