{
  "sum_of_pairs": 0.6989247311827957,
  "column_score": 0.5483870967741935,
  "time_ms": 1
}