{
  "sum_of_pairs": 0.7732390560259412,
  "column_score": 0.6380832282471627,
  "time_ms": 45
}