{
  "sum_of_pairs": 0.7533777697712124,
  "column_score": 0.6027742749054225,
  "time_ms": 83
}