{
  "sum_of_pairs": 0.816301703163017,
  "column_score": 0.5182481751824818,
  "time_ms": 7
}