{
  "sum_of_pairs": 0.8205128205128205,
  "column_score": 0.7435897435897436,
  "time_ms": 0
}