{
  "sum_of_pairs": 0.6242236024844721,
  "column_score": 0.17391304347826086,
  "time_ms": 1
}