{
  "sum_of_pairs": 0.7205270457697642,
  "column_score": 0.441747572815534,
  "time_ms": 13
}