{
  "sum_of_pairs": 0.8835185879022522,
  "column_score": 0.7133757961783439,
  "time_ms": 29
}