{
  "sum_of_pairs": 0.7958970233306516,
  "column_score": 0.6128318584070797,
  "time_ms": 34
}