{
  "sum_of_pairs": 0.6383561643835617,
  "column_score": 0.2602739726027397,
  "time_ms": 4
}