{
  "sum_of_pairs": 0.7278911564625851,
  "column_score": 0.5590062111801242,
  "time_ms": 9
}