{
  "sum_of_pairs": 0.7899652260307998,
  "column_score": 0.6497764530551415,
  "time_ms": 160
}