{
  "sum_of_pairs": 0.8964646464646465,
  "column_score": 0.6666666666666666,
  "time_ms": 22
}