{
  "sum_of_pairs": 0.7459677419354839,
  "column_score": 0.45161290322580644,
  "time_ms": 9
}