{
  "sum_of_pairs": 0.9230437951368184,
  "column_score": 0.5813953488372093,
  "time_ms": 59
}