{
  "sum_of_pairs": 0.8786478497980933,
  "column_score": 0.7133757961783439,
  "time_ms": 52
}