{
  "sum_of_pairs": 0.7942430703624733,
  "column_score": 0.5634328358208955,
  "time_ms": 9
}