{
  "sum_of_pairs": 0.7162162162162162,
  "column_score": 0.5135135135135135,
  "time_ms": 1
}