{
  "sum_of_pairs": 0.6139112903225806,
  "column_score": 0.48588709677419356,
  "time_ms": 17
}