{
  "sum_of_pairs": 0.5094890510948905,
  "column_score": 0.2116788321167883,
  "time_ms": 3
}