{
  "sum_of_pairs": 0.7834220644779651,
  "column_score": 0.6314699792960663,
  "time_ms": 67
}