{
  "sum_of_pairs": 0.5730888429752066,
  "column_score": 0.3039772727272727,
  "time_ms": 201
}