{
  "sum_of_pairs": 0.562111801242236,
  "column_score": 0.17391304347826086,
  "time_ms": 1
}