{
  "sum_of_pairs": 0.7299196787148594,
  "column_score": 0.6445783132530121,
  "time_ms": 6
}