{
  "sum_of_pairs": 0.8154027042915932,
  "column_score": 0.7222222222222222,
  "time_ms": 4
}