{
  "sum_of_pairs": 0.8090395480225989,
  "column_score": 0.5649717514124294,
  "time_ms": 15
}