{
  "sum_of_pairs": 0.7509803921568627,
  "column_score": 0.5882352941176471,
  "time_ms": 1
}