{
  "sum_of_pairs": 0.7827380952380952,
  "column_score": 0.6726190476190477,
  "time_ms": 2
}