{
  "sum_of_pairs": 0.652073732718894,
  "column_score": 0.5023041474654378,
  "time_ms": 2
}