{
  "sum_of_pairs": 0.8940568475452196,
  "column_score": 0.6046511627906976,
  "time_ms": 2
}