{
  "sum_of_pairs": 0.9685314685314685,
  "column_score": 0.8871794871794871,
  "time_ms": 50
}