{
  "sum_of_pairs": 0.8981655201167397,
  "column_score": 0.7723577235772358,
  "time_ms": 38
}