{
  "sum_of_pairs": 0.8866541353383459,
  "column_score": 0.5657894736842105,
  "time_ms": 16
}