{
  "sum_of_pairs": 0.8378749172107106,
  "column_score": 0.5166051660516605,
  "time_ms": 65
}