{
  "sum_of_pairs": 0.8283582089552238,
  "column_score": 0.7626865671641792,
  "time_ms": 8
}