{
  "sum_of_pairs": 0.7606609808102346,
  "column_score": 0.4962686567164179,
  "time_ms": 29
}