{
  "sum_of_pairs": 0.9801087801087801,
  "column_score": 0.9128205128205128,
  "time_ms": 27
}