{
  "sum_of_pairs": 0.7761044176706827,
  "column_score": 0.7108433734939759,
  "time_ms": 1
}