{
  "sum_of_pairs": 0.2293103448275862,
  "column_score": 0.034482758620689655,
  "time_ms": 5
}