{
  "sum_of_pairs": 0.8408353609083536,
  "column_score": 0.5985401459854015,
  "time_ms": 4
}