{
  "sum_of_pairs": 0.7757843925985519,
  "column_score": 0.5486725663716814,
  "time_ms": 74
}