{
  "sum_of_pairs": 0.6929902395740906,
  "column_score": 0.5217391304347826,
  "time_ms": 28
}