{
  "sum_of_pairs": 0.747008547008547,
  "column_score": 0.5641025641025641,
  "time_ms": 0
}