{
  "sum_of_pairs": 0.6128331198029906,
  "column_score": 0.16501421140225744,
  "time_ms": 744
}