{
  "sum_of_pairs": 0.5979362168773197,
  "column_score": 0.1249787536192749,
  "time_ms": 1359
}