{
  "sum_of_pairs": 0.8622336567542047,
  "column_score": 0.3356164383561644,
  "time_ms": 1089
}