{
  "sum_of_pairs": 0.6512953712953713,
  "column_score": 0.05714285714285714,
  "time_ms": 248
}