{
  "sum_of_pairs": 0.8422652289715611,
  "column_score": 0.33980582524271846,
  "time_ms": 4070
}