{
  "sum_of_pairs": 0.8150880603654217,
  "column_score": 0.4175824175824176,
  "time_ms": 5201
}