{
  "sum_of_pairs": 0.8274782135076253,
  "column_score": 0.3382352941176471,
  "time_ms": 972
}