{
  "sum_of_pairs": 0.6320620555914673,
  "column_score": 0.2579185520361991,
  "time_ms": 554
}