{
  "sum_of_pairs": 0.8239731782460418,
  "column_score": 0.46153846153846156,
  "time_ms": 2717
}