{
  "sum_of_pairs": 0.8263352469117249,
  "column_score": 0.5198412698412699,
  "time_ms": 3463
}