{
  "sum_of_pairs": 0.594938440492476,
  "column_score": 0.15294117647058825,
  "time_ms": 104
}