{
  "sum_of_pairs": 0.8574634388168223,
  "column_score": 0.19433198380566802,
  "time_ms": 1109
}