{
  "sum_of_pairs": 0.8576970974231248,
  "column_score": 0.2534246575342466,
  "time_ms": 2187
}