{
  "sum_of_pairs": 0.5515712261398683,
  "column_score": 0.07364341085271318,
  "time_ms": 278
}