{
  "sum_of_pairs": 0.5713841561994777,
  "column_score": 0.07058823529411765,
  "time_ms": 190
}