{
  "sum_of_pairs": 0.4665601777901243,
  "column_score": 0.03896103896103896,
  "time_ms": 157
}