{
  "sum_of_pairs": 0.8319858134711912,
  "column_score": 0.5992063492063492,
  "time_ms": 2346
}