{
  "sum_of_pairs": 0.5742268900558473,
  "column_score": 0.14728682170542637,
  "time_ms": 158
}