{
  "sum_of_pairs": 0.684008802712187,
  "column_score": 0.20869565217391303,
  "time_ms": 1868
}