{
  "sum_of_pairs": 0.6373267255620196,
  "column_score": 0.2579185520361991,
  "time_ms": 305
}