{
  "sum_of_pairs": 0.48952473551404035,
  "column_score": 0.1038961038961039,
  "time_ms": 85
}