{
  "sum_of_pairs": 0.8502586746529525,
  "column_score": 0.3786407766990291,
  "time_ms": 2337
}