{
  "sum_of_pairs": 0.653040293040293,
  "column_score": 0.05714285714285714,
  "time_ms": 128
}