{
  "sum_of_pairs": 0.6798881817641111,
  "column_score": 0.13043478260869565,
  "time_ms": 3650
}