{
  "sum_of_pairs": 0.7792317212490479,
  "column_score": 0.1782178217821782,
  "time_ms": 1054
}