{
  "sum_of_pairs": 0.7512517006802721,
  "column_score": 0.3541666666666667,
  "time_ms": 484
}