{
  "sum_of_pairs": 0.72040558250753,
  "column_score": 0.0782608695652174,
  "time_ms": 818
}