{
  "sum_of_pairs": 0.5089784650684768,
  "column_score": 0.1511627906976744,
  "time_ms": 2963
}