{
  "sum_of_pairs": 0.36688720856962825,
  "column_score": 0.043478260869565216,
  "time_ms": 13
}