{
  "sum_of_pairs": 0.7175166755018316,
  "column_score": 0.5049013204917433,
  "time_ms": 40
}