{
  "sum_of_pairs": 0.6834329413105572,
  "column_score": 0.4528405249211431,
  "time_ms": 35
}