{
  "sum_of_pairs": 0.7237666639135829,
  "column_score": 0.5156925215692154,
  "time_ms": 18
}