{
  "sum_of_pairs": 0.5301369863013699,
  "column_score": 0.1780821917808219,
  "time_ms": 8
}