{
  "sum_of_pairs": 0.7755863539445629,
  "column_score": 0.6455223880597015,
  "time_ms": 17
}