{
  "sum_of_pairs": 0.6328629032258064,
  "column_score": 0.4939516129032258,
  "time_ms": 15
}