{
  "sum_of_pairs": 0.676954732510288,
  "column_score": 0.2222222222222222,
  "time_ms": 1
}