{
  "sum_of_pairs": 0.7483205601286782,
  "column_score": 0.35793357933579334,
  "time_ms": 103
}