{
  "sum_of_pairs": 0.6716867469879518,
  "column_score": 0.5240963855421686,
  "time_ms": 1
}