{
  "sum_of_pairs": 0.84593837535014,
  "column_score": 0.6470588235294118,
  "time_ms": 14
}