{
  "sum_of_pairs": 0.720756234915527,
  "column_score": 0.43805309734513276,
  "time_ms": 76
}