{
  "sum_of_pairs": 0.7691542288557214,
  "column_score": 0.6850746268656717,
  "time_ms": 23
}