{
  "sum_of_pairs": 0.7874482530220235,
  "column_score": 0.6080476900149031,
  "time_ms": 65
}