{
  "sum_of_pairs": 0.8095238095238095,
  "column_score": 0.6547619047619048,
  "time_ms": 2
}