{
  "sum_of_pairs": 0.6194444444444445,
  "column_score": 0.16666666666666666,
  "time_ms": 10
}