{
  "sum_of_pairs": 0.4589041095890411,
  "column_score": 0.1643835616438356,
  "time_ms": 9
}