{
  "sum_of_pairs": 0.7724654377880185,
  "column_score": 0.5161290322580645,
  "time_ms": 10
}