{
  "sum_of_pairs": 0.6959459459459459,
  "column_score": 0.2972972972972973,
  "time_ms": 1
}