{
  "sum_of_pairs": 0.8081188997338066,
  "column_score": 0.6853002070393375,
  "time_ms": 47
}