{
  "sum_of_pairs": 0.7291666666666666,
  "column_score": 0.5476190476190477,
  "time_ms": 1
}