{
  "sum_of_pairs": 0.6901960784313725,
  "column_score": 0.47058823529411764,
  "time_ms": 16
}