{
  "sum_of_pairs": 0.7400241351568785,
  "column_score": 0.49557522123893805,
  "time_ms": 70
}