{
  "sum_of_pairs": 0.8512820512820513,
  "column_score": 0.6923076923076923,
  "time_ms": 0
}