{
  "sum_of_pairs": 0.5046228710462287,
  "column_score": 0.30656934306569344,
  "time_ms": 3
}