{
  "sum_of_pairs": 0.8689265536723164,
  "column_score": 0.7175141242937854,
  "time_ms": 33
}