{
  "sum_of_pairs": 0.7720551378446115,
  "column_score": 0.5328947368421053,
  "time_ms": 25
}