{
  "sum_of_pairs": 0.5487804878048781,
  "column_score": 0.4573170731707317,
  "time_ms": 2
}