{
  "sum_of_pairs": 0.8700854700854701,
  "column_score": 0.7435897435897436,
  "time_ms": 0
}