{
  "sum_of_pairs": 0.8442612713875359,
  "column_score": 0.6369426751592356,
  "time_ms": 46
}