{
  "sum_of_pairs": 0.9624708624708624,
  "column_score": 0.8769230769230769,
  "time_ms": 54
}