{
  "sum_of_pairs": 0.9179586563307494,
  "column_score": 0.6511627906976745,
  "time_ms": 2
}