{
  "sum_of_pairs": 0.722863058266785,
  "column_score": 0.5403726708074534,
  "time_ms": 15
}