{
  "sum_of_pairs": 0.6268145161290323,
  "column_score": 0.4899193548387097,
  "time_ms": 20
}