{
  "sum_of_pairs": 0.7196078431372549,
  "column_score": 0.49019607843137253,
  "time_ms": 2
}