{
  "sum_of_pairs": 0.8410852713178295,
  "column_score": 0.4883720930232558,
  "time_ms": 2
}