{
  "sum_of_pairs": 0.687849036209692,
  "column_score": 0.5359394703656999,
  "time_ms": 86
}