{
  "sum_of_pairs": 0.9357015533486122,
  "column_score": 0.5571428571428572,
  "time_ms": 239
}