{
  "sum_of_pairs": 0.780827067669173,
  "column_score": 0.5328947368421053,
  "time_ms": 36
}