{
  "sum_of_pairs": 0.8757096512570965,
  "column_score": 0.6934306569343066,
  "time_ms": 6
}