{
  "sum_of_pairs": 0.8006912442396313,
  "column_score": 0.5564516129032258,
  "time_ms": 4
}