{
  "sum_of_pairs": 0.8677083333333333,
  "column_score": 0.8020833333333334,
  "time_ms": 1
}