{
  "sum_of_pairs": 0.776705459362286,
  "column_score": 0.43911439114391143,
  "time_ms": 60
}