{
  "sum_of_pairs": 0.448661800486618,
  "column_score": 0.22627737226277372,
  "time_ms": 3
}