{
  "sum_of_pairs": 0.3541666666666667,
  "column_score": 0.078125,
  "time_ms": 1
}