{
  "sum_of_pairs": 0.7972350230414746,
  "column_score": 0.5564516129032258,
  "time_ms": 11
}