{
  "sum_of_pairs": 0.8895142797581822,
  "column_score": 0.7317073170731707,
  "time_ms": 58
}