{
  "sum_of_pairs": 0.7519201228878648,
  "column_score": 0.5806451612903226,
  "time_ms": 1
}