{
  "sum_of_pairs": 0.7841365461847389,
  "column_score": 0.6867469879518072,
  "time_ms": 2
}