{
  "sum_of_pairs": 0.9431524547803618,
  "column_score": 0.6976744186046512,
  "time_ms": 65
}