{
  "sum_of_pairs": 0.6274104683195593,
  "column_score": 0.3380681818181818,
  "time_ms": 144
}