{
  "sum_of_pairs": 0.7985063590653653,
  "column_score": 0.6231884057971014,
  "time_ms": 38
}