{
  "sum_of_pairs": 0.9038800705467372,
  "column_score": 0.7962962962962963,
  "time_ms": 2
}