{
  "sum_of_pairs": 0.7506654835847383,
  "column_score": 0.5714285714285714,
  "time_ms": 18
}