{
  "sum_of_pairs": 0.30344827586206896,
  "column_score": 0.16896551724137931,
  "time_ms": 3
}