{
  "sum_of_pairs": 0.8765432098765432,
  "column_score": 0.7283950617283951,
  "time_ms": 4
}