{
  "sum_of_pairs": 0.7529806259314457,
  "column_score": 0.5450819672131147,
  "time_ms": 45
}