{
  "sum_of_pairs": 0.8391008577343981,
  "column_score": 0.7246376811594203,
  "time_ms": 23
}