{
  "sum_of_pairs": 0.7352459016393442,
  "column_score": 0.4918032786885246,
  "time_ms": 32
}