{
  "sum_of_pairs": 0.736082059533387,
  "column_score": 0.4889380530973451,
  "time_ms": 33
}