{
  "sum_of_pairs": 0.4948905109489051,
  "column_score": 0.23357664233576642,
  "time_ms": 4
}