{
  "sum_of_pairs": 0.7466240227434258,
  "column_score": 0.5597014925373134,
  "time_ms": 35
}