{
  "sum_of_pairs": 0.7511520737327189,
  "column_score": 0.5806451612903226,
  "time_ms": 3
}