{
  "sum_of_pairs": 0.8371425003122268,
  "column_score": 0.6305732484076433,
  "time_ms": 52
}