{
  "sum_of_pairs": 0.6002016129032258,
  "column_score": 0.4637096774193548,
  "time_ms": 20
}