{
  "sum_of_pairs": 0.7559893522626442,
  "column_score": 0.5900621118012422,
  "time_ms": 8
}