{
  "sum_of_pairs": 0.7876687988628287,
  "column_score": 0.6492537313432836,
  "time_ms": 11
}