{
  "sum_of_pairs": 0.8361719383617194,
  "column_score": 0.6058394160583942,
  "time_ms": 7
}