{
  "sum_of_pairs": 0.9808857808857809,
  "column_score": 0.9487179487179487,
  "time_ms": 57
}