{
  "sum_of_pairs": 0.7750952144394767,
  "column_score": 0.587183308494784,
  "time_ms": 118
}