{
  "sum_of_pairs": 0.714916231309674,
  "column_score": 0.5775535939470365,
  "time_ms": 57
}