{
  "sum_of_pairs": 0.8674199623352166,
  "column_score": 0.7005649717514124,
  "time_ms": 15
}