{
  "sum_of_pairs": 0.6298003072196621,
  "column_score": 0.3870967741935484,
  "time_ms": 7
}