{
  "sum_of_pairs": 0.8588669950738916,
  "column_score": 0.770935960591133,
  "time_ms": 22
}