{
  "sum_of_pairs": 0.8326398520573278,
  "column_score": 0.587378640776699,
  "time_ms": 5
}