{
  "sum_of_pairs": 0.7706888580674989,
  "column_score": 0.47572815533980584,
  "time_ms": 9
}