{
  "sum_of_pairs": 0.8059113300492611,
  "column_score": 0.6773399014778325,
  "time_ms": 35
}