{
  "sum_of_pairs": 0.8007469654528478,
  "column_score": 0.5378151260504201,
  "time_ms": 29
}