{
  "sum_of_pairs": 0.750375939849624,
  "column_score": 0.47368421052631576,
  "time_ms": 36
}