{
  "sum_of_pairs": 0.6647992530345471,
  "column_score": 0.37815126050420167,
  "time_ms": 26
}