{
  "sum_of_pairs": 0.8541871921182266,
  "column_score": 0.7610837438423645,
  "time_ms": 10
}