{
  "sum_of_pairs": 0.8215441516412391,
  "column_score": 0.5533980582524272,
  "time_ms": 10
}