{
  "sum_of_pairs": 0.10942544757208372,
  "column_score": 0.022211987791640894,
  "time_ms": 6
}