{
  "sum_of_pairs": 0.14646464646464646,
  "column_score": 0.050505050505050504,
  "time_ms": 3
}