{
  "sum_of_pairs": 0.22925170068027212,
  "column_score": 0.08571428571428572,
  "time_ms": 5
}