{
  "sum_of_pairs": 0.14327485380116958,
  "column_score": 0.05263157894736842,
  "time_ms": 0
}