{
  "sum_of_pairs": 0.22448979591836735,
  "column_score": 0.12244897959183673,
  "time_ms": 0
}