{
  "sum_of_pairs": 0.31346578366445915,
  "column_score": 0.17880794701986755,
  "time_ms": 14
}