{
  "sum_of_pairs": 0.2864864864864865,
  "column_score": 0.1891891891891892,
  "time_ms": 1
}