{
  "sum_of_pairs": 0.14957264957264957,
  "column_score": 0.11538461538461539,
  "time_ms": 6
}