{
  "sum_of_pairs": 0.2297476759628154,
  "column_score": 0.09163346613545817,
  "time_ms": 4
}