{
  "sum_of_pairs": 0.07148014440433213,
  "column_score": 0.010830324909747292,
  "time_ms": 41
}