{
  "sum_of_pairs": 0.26143790849673204,
  "column_score": 0.17647058823529413,
  "time_ms": 0
}