{
  "sum_of_pairs": 0.38122761851584863,
  "column_score": 0.07401185982719291,
  "time_ms": 283
}