{
  "sum_of_pairs": 0.38229447888577367,
  "column_score": 0.07401185982719291,
  "time_ms": 53
}