{
  "sum_of_pairs": 0.38139394783506836,
  "column_score": 0.07401185982719291,
  "time_ms": 122
}