{
  "sum_of_pairs": 0.285340329935466,
  "column_score": 0.025897900365468296,
  "time_ms": 105
}