{
  "sum_of_pairs": 0.6938374723444453,
  "column_score": 0.5566037735849056,
  "time_ms": 71
}