{
  "sum_of_pairs": 0.3557993730407524,
  "column_score": 0.14080459770114942,
  "time_ms": 30
}