{
  "sum_of_pairs": 0.2690264716126785,
  "column_score": 0.034482758620689655,
  "time_ms": 28
}