{
  "sum_of_pairs": 0.729020507285483,
  "column_score": 0.5068807339449541,
  "time_ms": 52
}