{
  "sum_of_pairs": 0.5732854707579333,
  "column_score": 0.12195121951219512,
  "time_ms": 111
}