{
  "sum_of_pairs": 0.12139917695473251,
  "column_score": 0.037037037037037035,
  "time_ms": 16
}