{
  "sum_of_pairs": 0.3785161744022503,
  "column_score": 0.15822784810126583,
  "time_ms": 27
}