{
  "sum_of_pairs": 0.16150537634408602,
  "column_score": 0.016129032258064516,
  "time_ms": 19
}