{
  "sum_of_pairs": 0.3603030303030303,
  "column_score": 0.08522727272727272,
  "time_ms": 52
}