{
  "sum_of_pairs": 0.3416445623342175,
  "column_score": 0.2482758620689655,
  "time_ms": 39
}