{
  "sum_of_pairs": 0.5510420951597422,
  "column_score": 0.0673076923076923,
  "time_ms": 293
}