{
  "sum_of_pairs": 0.5725681327576903,
  "column_score": 0.21788990825688073,
  "time_ms": 85
}