{
  "sum_of_pairs": 0.64109781843772,
  "column_score": 0.03571428571428571,
  "time_ms": 209
}