{
  "sum_of_pairs": 0.4799042748492001,
  "column_score": 0.056910569105691054,
  "time_ms": 81
}