{
  "sum_of_pairs": 0.5398985755835632,
  "column_score": 0.20125786163522014,
  "time_ms": 118
}