{
  "sum_of_pairs": 0.7577685019545485,
  "column_score": 0.03488372093023256,
  "time_ms": 167
}