{
  "sum_of_pairs": 0.2655249234196603,
  "column_score": 0.031746031746031744,
  "time_ms": 113
}