{
  "sum_of_pairs": 0.47485935302390997,
  "column_score": 0.2468354430379747,
  "time_ms": 8
}