{
  "sum_of_pairs": 0.6164558480734952,
  "column_score": 0.22115384615384615,
  "time_ms": 350
}