{
  "sum_of_pairs": 0.279426523297491,
  "column_score": 0.08064516129032258,
  "time_ms": 12
}