{
  "sum_of_pairs": 0.5196897724607085,
  "column_score": 0.017857142857142856,
  "time_ms": 105
}