{
  "sum_of_pairs": 0.27813620071684586,
  "column_score": 0.08064516129032258,
  "time_ms": 34
}