{
  "sum_of_pairs": 0.18931413414172035,
  "column_score": 0.034482758620689655,
  "time_ms": 14
}