{
  "sum_of_pairs": 0.5093009908570242,
  "column_score": 0.12437642303947244,
  "time_ms": 254
}