{
  "sum_of_pairs": 0.7894696969696969,
  "column_score": 0.3522727272727273,
  "time_ms": 151
}