{
  "sum_of_pairs": 0.6792114695340502,
  "column_score": 0.1870967741935484,
  "time_ms": 62
}