{
  "sum_of_pairs": 0.7285307285307285,
  "column_score": 0.2962962962962963,
  "time_ms": 42
}