{
  "sum_of_pairs": 0.7723132969034608,
  "column_score": 0.4918032786885246,
  "time_ms": 9
}