{
  "sum_of_pairs": 0.2740009746588694,
  "column_score": 0.1111111111111111,
  "time_ms": 122
}