{
  "sum_of_pairs": 0.722167487684729,
  "column_score": 0.45517241379310347,
  "time_ms": 25
}