{
  "sum_of_pairs": 0.49074074074074076,
  "column_score": 0.016666666666666666,
  "time_ms": 20
}