{
  "sum_of_pairs": 0.7563883735312307,
  "column_score": 0.4114285714285714,
  "time_ms": 66
}