{
  "sum_of_pairs": 0.8004249865083648,
  "column_score": 0.4908256880733945,
  "time_ms": 141
}