{
  "sum_of_pairs": 0.6511174087055958,
  "column_score": 0.33962264150943394,
  "time_ms": 355
}