{
  "sum_of_pairs": 0.6408227848101266,
  "column_score": 0.43670886075949367,
  "time_ms": 22
}