{
  "sum_of_pairs": 0.575626959247649,
  "column_score": 0.35344827586206895,
  "time_ms": 45
}