{
  "sum_of_pairs": 0.7907487542617362,
  "column_score": 0.43089430894308944,
  "time_ms": 134
}