{
  "sum_of_pairs": 0.5272117729014281,
  "column_score": 0.06896551724137931,
  "time_ms": 68
}