{
  "sum_of_pairs": 0.43991769547325105,
  "column_score": 0.12962962962962962,
  "time_ms": 28
}