{
  "sum_of_pairs": 0.5310486082544906,
  "column_score": 0.028846153846153848,
  "time_ms": 421
}