{
  "sum_of_pairs": 0.4327497472658763,
  "column_score": 0.18548387096774194,
  "time_ms": 273
}