{
  "sum_of_pairs": 0.602420426476611,
  "column_score": 0.004599582012769281,
  "time_ms": 282
}