{
  "sum_of_pairs": 0.654245637471821,
  "column_score": 0.09830508474576272,
  "time_ms": 383
}