{
  "sum_of_pairs": 0.5111406190383382,
  "column_score": 0.044909978307031126,
  "time_ms": 1524
}