{
  "sum_of_pairs": 0.5500364297356779,
  "column_score": 0.08791208791208792,
  "time_ms": 1184
}