{
  "sum_of_pairs": 0.527791281801977,
  "column_score": 0.05194805194805195,
  "time_ms": 233
}