{
  "sum_of_pairs": 0.5593955975624922,
  "column_score": 0.21176470588235294,
  "time_ms": 246
}