{
  "sum_of_pairs": 0.8286099865047234,
  "column_score": 0.25146198830409355,
  "time_ms": 1075
}