{
  "sum_of_pairs": 0.4697841726618705,
  "column_score": 0.16279069767441862,
  "time_ms": 4058
}