{
  "sum_of_pairs": 0.4931695755225167,
  "column_score": 0.07239819004524888,
  "time_ms": 472
}