{
  "sum_of_pairs": 0.514567198777725,
  "column_score": 0.18518518518518517,
  "time_ms": 119
}