{
  "sum_of_pairs": 0.6965230889611639,
  "column_score": 0.474608081679633,
  "time_ms": 33
}