{
  "sum_of_pairs": 0.7372906209014655,
  "column_score": 0.539448825901818,
  "time_ms": 16
}