{
  "sum_of_pairs": 0.7013248847926268,
  "column_score": 0.4112903225806452,
  "time_ms": 10
}