{
  "sum_of_pairs": 0.833217420102666,
  "column_score": 0.6929955290611028,
  "time_ms": 56
}