{
  "sum_of_pairs": 0.6858917480035492,
  "column_score": 0.5962732919254659,
  "time_ms": 10
}