{
  "sum_of_pairs": 0.8122687047465809,
  "column_score": 0.5907079646017699,
  "time_ms": 32
}