{
  "sum_of_pairs": 0.8169491525423729,
  "column_score": 0.6440677966101694,
  "time_ms": 37
}