{
  "sum_of_pairs": 0.9460761460761461,
  "column_score": 0.8461538461538461,
  "time_ms": 25
}