{
  "sum_of_pairs": 0.6563146997929606,
  "column_score": 0.5590062111801242,
  "time_ms": 25
}