{
  "sum_of_pairs": 0.6589041095890411,
  "column_score": 0.3287671232876712,
  "time_ms": 6
}