{
  "sum_of_pairs": 0.8941243258586432,
  "column_score": 0.6383763837638377,
  "time_ms": 28
}