{
  "sum_of_pairs": 0.7507656278148082,
  "column_score": 0.6078184110970997,
  "time_ms": 101
}