{
  "sum_of_pairs": 0.7530120481927711,
  "column_score": 0.6927710843373494,
  "time_ms": 2
}