{
  "sum_of_pairs": 0.8542372881355932,
  "column_score": 0.751412429378531,
  "time_ms": 16
}