{
  "sum_of_pairs": 0.696875,
  "column_score": 0.5416666666666666,
  "time_ms": 2
}