{
  "sum_of_pairs": 0.5627450980392157,
  "column_score": 0.39215686274509803,
  "time_ms": 2
}