{
  "sum_of_pairs": 0.683531746031746,
  "column_score": 0.5238095238095238,
  "time_ms": 3
}