{
  "sum_of_pairs": 0.7242921013412816,
  "column_score": 0.569672131147541,
  "time_ms": 38
}