{
  "sum_of_pairs": 0.8870337242430266,
  "column_score": 0.43023255813953487,
  "time_ms": 56
}