{
  "sum_of_pairs": 0.6255144032921811,
  "column_score": 0.5185185185185185,
  "time_ms": 1
}