{
  "sum_of_pairs": 0.8786008230452675,
  "column_score": 0.7716049382716049,
  "time_ms": 7
}