{
  "sum_of_pairs": 0.5675213675213675,
  "column_score": 0.1794871794871795,
  "time_ms": 1
}