{
  "sum_of_pairs": 0.5734989648033126,
  "column_score": 0.1956521739130435,
  "time_ms": 1
}