{
  "sum_of_pairs": 0.9416472416472417,
  "column_score": 0.8102564102564103,
  "time_ms": 38
}