{
  "sum_of_pairs": 0.8678682940675561,
  "column_score": 0.5424354243542435,
  "time_ms": 47
}