{
  "sum_of_pairs": 0.8714874484825778,
  "column_score": 0.5222929936305732,
  "time_ms": 58
}