{
  "sum_of_pairs": 0.5984555984555985,
  "column_score": 0.5135135135135135,
  "time_ms": 1
}