{
  "sum_of_pairs": 0.867412935323383,
  "column_score": 0.8059701492537313,
  "time_ms": 10
}