{
  "sum_of_pairs": 0.7741562644475266,
  "column_score": 0.47572815533980584,
  "time_ms": 11
}