{
  "sum_of_pairs": 0.8470149253731343,
  "column_score": 0.7835820895522388,
  "time_ms": 17
}