{
  "sum_of_pairs": 0.753968253968254,
  "column_score": 0.6309523809523809,
  "time_ms": 2
}