{
  "sum_of_pairs": 0.8073891625615763,
  "column_score": 0.6773399014778325,
  "time_ms": 22
}