{
  "sum_of_pairs": 0.840625,
  "column_score": 0.7083333333333334,
  "time_ms": 1
}