{
  "sum_of_pairs": 0.727007299270073,
  "column_score": 0.4306569343065693,
  "time_ms": 3
}