{
  "sum_of_pairs": 0.8246820467317362,
  "column_score": 0.7039337474120083,
  "time_ms": 41
}