{
  "sum_of_pairs": 0.8100840336134454,
  "column_score": 0.5798319327731093,
  "time_ms": 30
}