{
  "sum_of_pairs": 0.6272506082725061,
  "column_score": 0.27007299270072993,
  "time_ms": 5
}