{
  "sum_of_pairs": 0.731278801843318,
  "column_score": 0.4435483870967742,
  "time_ms": 6
}