{
  "sum_of_pairs": 0.9134711779448621,
  "column_score": 0.6447368421052632,
  "time_ms": 18
}