{
  "sum_of_pairs": 0.6874039938556068,
  "column_score": 0.5345622119815668,
  "time_ms": 2
}