{
  "sum_of_pairs": 0.27241379310344827,
  "column_score": 0.05517241379310345,
  "time_ms": 4
}