{
  "sum_of_pairs": 0.9093183239524703,
  "column_score": 0.6991869918699187,
  "time_ms": 32
}