{
  "sum_of_pairs": 0.8592750533049041,
  "column_score": 0.6940298507462687,
  "time_ms": 17
}