{
  "sum_of_pairs": 0.8718572587185726,
  "column_score": 0.7372262773722628,
  "time_ms": 6
}