{
  "sum_of_pairs": 0.7969026548672566,
  "column_score": 0.5707964601769911,
  "time_ms": 44
}