{
  "sum_of_pairs": 0.7358420268256334,
  "column_score": 0.5778688524590164,
  "time_ms": 21
}