{
  "sum_of_pairs": 0.6006144393241167,
  "column_score": 0.4147465437788018,
  "time_ms": 4
}