{
  "sum_of_pairs": 0.8150716597318539,
  "column_score": 0.5631067961165048,
  "time_ms": 7
}