{
  "sum_of_pairs": 0.6465863453815262,
  "column_score": 0.5602409638554217,
  "time_ms": 2
}