{
  "sum_of_pairs": 0.2264367816091954,
  "column_score": 0.05517241379310345,
  "time_ms": 7
}