{
  "sum_of_pairs": 0.48577235772357724,
  "column_score": 0.31097560975609756,
  "time_ms": 3
}