{
  "sum_of_pairs": 0.8349553933495539,
  "column_score": 0.6204379562043796,
  "time_ms": 9
}