{
  "sum_of_pairs": 0.49176954732510286,
  "column_score": 0.2962962962962963,
  "time_ms": 7
}