{
  "sum_of_pairs": 0.8846837242359631,
  "column_score": 0.7425373134328358,
  "time_ms": 11
}