{
  "sum_of_pairs": 0.9003543881592662,
  "column_score": 0.6910569105691057,
  "time_ms": 94
}