{
  "sum_of_pairs": 0.8221559860904123,
  "column_score": 0.669150521609538,
  "time_ms": 108
}