{
  "sum_of_pairs": 0.8801881686857334,
  "column_score": 0.5732484076433121,
  "time_ms": 28
}