{
  "sum_of_pairs": 0.49411764705882355,
  "column_score": 0.2549019607843137,
  "time_ms": 4
}