{
  "sum_of_pairs": 0.8816908581614464,
  "column_score": 0.45714285714285713,
  "time_ms": 162
}