{
  "sum_of_pairs": 0.8697131026323572,
  "column_score": 0.7971014492753623,
  "time_ms": 23
}