{
  "sum_of_pairs": 0.7659881102504054,
  "column_score": 0.6330390920554855,
  "time_ms": 38
}