{
  "sum_of_pairs": 0.4396135265700483,
  "column_score": 0.34782608695652173,
  "time_ms": 1
}