{
  "sum_of_pairs": 0.44613821138211385,
  "column_score": 0.3048780487804878,
  "time_ms": 5
}