{
  "sum_of_pairs": 0.45483870967741935,
  "column_score": 0.2157258064516129,
  "time_ms": 11
}