{
  "sum_of_pairs": 0.8028617559352192,
  "column_score": 0.10989010989010989,
  "time_ms": 2565
}