{
  "sum_of_pairs": 0.6965156130997715,
  "column_score": 0.21782178217821782,
  "time_ms": 436
}