{
  "sum_of_pairs": 0.781722843366679,
  "column_score": 0.00684931506849315,
  "time_ms": 940
}