{
  "sum_of_pairs": 0.7730814957303491,
  "column_score": 0.5992063492063492,
  "time_ms": 2251
}