{
  "sum_of_pairs": 0.5845643252245286,
  "column_score": 0.1391304347826087,
  "time_ms": 1470
}