{
  "sum_of_pairs": 0.6256734693877551,
  "column_score": 0.14166666666666666,
  "time_ms": 423
}