{
  "sum_of_pairs": 0.5703071492545176,
  "column_score": 0.3333333333333333,
  "time_ms": 46
}