{
  "sum_of_pairs": 0.6879992737835875,
  "column_score": 0.16176470588235295,
  "time_ms": 852
}