{
  "sum_of_pairs": 0.41296416002298353,
  "column_score": 0.00904977375565611,
  "time_ms": 209
}