{
  "sum_of_pairs": 0.8115384615384615,
  "column_score": 0.23976608187134502,
  "time_ms": 448
}