{
  "sum_of_pairs": 0.3822509110761952,
  "column_score": 0.08956402604544393,
  "time_ms": 170
}