{
  "sum_of_pairs": 0.47183037269244166,
  "column_score": 0.23850574712643677,
  "time_ms": 43
}