{
  "sum_of_pairs": 0.8288279334790962,
  "column_score": 0.5813953488372093,
  "time_ms": 149
}