{
  "sum_of_pairs": 0.5664556962025317,
  "column_score": 0.3670886075949367,
  "time_ms": 43
}