{
  "sum_of_pairs": 0.2887455197132616,
  "column_score": 0.04516129032258064,
  "time_ms": 83
}