{
  "sum_of_pairs": 0.36665403561955284,
  "column_score": 0.23448275862068965,
  "time_ms": 27
}