{
  "sum_of_pairs": 0.025276242733322355,
  "column_score": 0.0002658160552897395,
  "time_ms": 12
}