{
  "sum_of_pairs": 0.7798072580496135,
  "column_score": 0.39272930954295254,
  "time_ms": 498
}