{
  "sum_of_pairs": 0.7861867758836476,
  "column_score": 0.4073266028950493,
  "time_ms": 279
}