{
  "sum_of_pairs": 0.825136612021858,
  "column_score": 0.5081967213114754,
  "time_ms": 5
}