{
  "sum_of_pairs": 0.6761288777099054,
  "column_score": 0.42424242424242425,
  "time_ms": 62
}