{
  "sum_of_pairs": 0.9012311565503055,
  "column_score": 0.6170212765957447,
  "time_ms": 70
}