{
  "sum_of_pairs": 0.8821957776029373,
  "column_score": 0.7073170731707317,
  "time_ms": 141
}