{
  "sum_of_pairs": 0.9902597402597403,
  "column_score": 0.8636363636363636,
  "time_ms": 289
}