{
  "sum_of_pairs": 0.8604186795491143,
  "column_score": 0.26666666666666666,
  "time_ms": 307
}