{
  "sum_of_pairs": 0.9407107670654469,
  "column_score": 0.5773809523809523,
  "time_ms": 207
}