{
  "sum_of_pairs": 0.9071892012827205,
  "column_score": 0.7704402515723271,
  "time_ms": 242
}