{
  "sum_of_pairs": 0.7304267161410019,
  "column_score": 0.3673469387755102,
  "time_ms": 79
}