{
  "sum_of_pairs": 0.8618357487922705,
  "column_score": 0.26666666666666666,
  "time_ms": 176
}