{
  "sum_of_pairs": 0.8858151652269299,
  "column_score": 0.47115384615384615,
  "time_ms": 943
}