{
  "sum_of_pairs": 0.8194444444444444,
  "column_score": 0.5166666666666667,
  "time_ms": 20
}