{
  "sum_of_pairs": 0.6826789195210248,
  "column_score": 0.4365079365079365,
  "time_ms": 85
}