{
  "sum_of_pairs": 0.8071664925113201,
  "column_score": 0.6637931034482759,
  "time_ms": 34
}