{
  "sum_of_pairs": 0.8897028897028897,
  "column_score": 0.5185185185185185,
  "time_ms": 20
}