{
  "sum_of_pairs": 0.8781356574460023,
  "column_score": 0.6689655172413793,
  "time_ms": 20
}