{
  "sum_of_pairs": 0.649082196231319,
  "column_score": 0.3958333333333333,
  "time_ms": 82
}