{
  "sum_of_pairs": 0.7626777662157475,
  "column_score": 0.17204301075268819,
  "time_ms": 115
}