{
  "sum_of_pairs": 0.7509417560127499,
  "column_score": 0.47058823529411764,
  "time_ms": 213
}