{
  "sum_of_pairs": 0.7894917582417582,
  "column_score": 0.49038461538461536,
  "time_ms": 225
}