{
  "sum_of_pairs": 0.868465909090909,
  "column_score": 0.6136363636363636,
  "time_ms": 161
}