{
  "sum_of_pairs": 0.7495653433787308,
  "column_score": 0.47058823529411764,
  "time_ms": 415
}