{
  "sum_of_pairs": 0.9151713437668646,
  "column_score": 0.7706422018348624,
  "time_ms": 239
}