{
  "sum_of_pairs": 0.8715909090909091,
  "column_score": 0.6136363636363636,
  "time_ms": 89
}