{
  "sum_of_pairs": 0.752826916406521,
  "column_score": 0.17204301075268819,
  "time_ms": 194
}