{
  "sum_of_pairs": 0.6863097376931369,
  "column_score": 0.42424242424242425,
  "time_ms": 39
}