{
  "sum_of_pairs": 0.5566308243727599,
  "column_score": 0.04516129032258064,
  "time_ms": 52
}