{
  "sum_of_pairs": 0.7929648010293172,
  "column_score": 0.5403225806451613,
  "time_ms": 580
}