{
  "sum_of_pairs": 0.6444119558154646,
  "column_score": 0.3958333333333333,
  "time_ms": 171
}