{
  "sum_of_pairs": 0.9146513851035268,
  "column_score": 0.36538461538461536,
  "time_ms": 2861
}