{
  "sum_of_pairs": 0.8665755919854281,
  "column_score": 0.6065573770491803,
  "time_ms": 2
}