{
  "sum_of_pairs": 0.8125217694183211,
  "column_score": 0.5718390804597702,
  "time_ms": 45
}