{
  "sum_of_pairs": 0.8630541871921182,
  "column_score": 0.6068965517241379,
  "time_ms": 34
}