{
  "sum_of_pairs": 0.9288557213930348,
  "column_score": 0.54375,
  "time_ms": 1854
}