{
  "sum_of_pairs": 0.6134989271083946,
  "column_score": 0.1893491124260355,
  "time_ms": 37
}