{
  "sum_of_pairs": 0.6049808179985695,
  "column_score": 0.1893491124260355,
  "time_ms": 50
}