{
  "sum_of_pairs": 0.943316154204519,
  "column_score": 0.6979166666666666,
  "time_ms": 1074
}