{
  "sum_of_pairs": 0.7421768707482993,
  "column_score": 0.39591836734693875,
  "time_ms": 30
}