{
  "sum_of_pairs": 0.9425008735150244,
  "column_score": 0.6979166666666666,
  "time_ms": 1936
}