{
  "sum_of_pairs": 0.5715412186379928,
  "column_score": 0.04838709677419355,
  "time_ms": 29
}