{
  "sum_of_pairs": 0.9439948393150364,
  "column_score": 0.6071428571428571,
  "time_ms": 111
}