{
  "sum_of_pairs": 0.6792444073145828,
  "column_score": 0.4126984126984127,
  "time_ms": 176
}