{
  "sum_of_pairs": 0.8037974683544303,
  "column_score": 0.5126582278481012,
  "time_ms": 16
}