{
  "sum_of_pairs": 0.9095856524427953,
  "column_score": 0.6971428571428572,
  "time_ms": 59
}