{
  "sum_of_pairs": 0.8802779963283504,
  "column_score": 0.6991869918699187,
  "time_ms": 319
}