{
  "sum_of_pairs": 0.9033857856663435,
  "column_score": 0.7578616352201258,
  "time_ms": 430
}