{
  "sum_of_pairs": 0.9284981343283583,
  "column_score": 0.540625,
  "time_ms": 3552
}