{
  "sum_of_pairs": 0.7948885405781958,
  "column_score": 0.6264367816091954,
  "time_ms": 80
}