{
  "sum_of_pairs": 0.8328703703703704,
  "column_score": 0.5333333333333333,
  "time_ms": 6
}