{
  "sum_of_pairs": 0.6930129060970183,
  "column_score": 0.40186915887850466,
  "time_ms": 458
}