{
  "sum_of_pairs": 0.8069923371647509,
  "column_score": 0.5632183908045977,
  "time_ms": 99
}