{
  "sum_of_pairs": 0.9226760658391797,
  "column_score": 0.786697247706422,
  "time_ms": 135
}