{
  "sum_of_pairs": 0.8228021978021978,
  "column_score": 0.5384615384615384,
  "time_ms": 112
}