{
  "sum_of_pairs": 0.7085043216311222,
  "column_score": 0.29341810796369105,
  "time_ms": 287
}