{
  "sum_of_pairs": 0.7313567357361852,
  "column_score": 0.34594983099991994,
  "time_ms": 126
}