{
  "sum_of_pairs": 0.7431693989071039,
  "column_score": 0.45901639344262296,
  "time_ms": 5
}