{
  "sum_of_pairs": 0.9523809523809523,
  "column_score": 0.5606060606060606,
  "time_ms": 171
}