{
  "sum_of_pairs": 0.7939271130760492,
  "column_score": 0.425531914893617,
  "time_ms": 52
}