{
  "sum_of_pairs": 0.5443701847210619,
  "column_score": 0.2698412698412698,
  "time_ms": 53
}