{
  "sum_of_pairs": 0.6853128811333146,
  "column_score": 0.3157894736842105,
  "time_ms": 100
}