{
  "sum_of_pairs": 0.9319459003028185,
  "column_score": 0.6458333333333334,
  "time_ms": 497
}