{
  "sum_of_pairs": 0.6921524996291352,
  "column_score": 0.24299065420560748,
  "time_ms": 524
}