{
  "sum_of_pairs": 0.8444827231591937,
  "column_score": 0.5288461538461539,
  "time_ms": 288
}