{
  "sum_of_pairs": 0.6998034454850272,
  "column_score": 0.12903225806451613,
  "time_ms": 148
}