{
  "sum_of_pairs": 0.9185872624912034,
  "column_score": 0.4226190476190476,
  "time_ms": 86
}