{
  "sum_of_pairs": 0.4378047987515443,
  "column_score": 0.11834319526627218,
  "time_ms": 18
}