{
  "sum_of_pairs": 0.7418206047238305,
  "column_score": 0.3548387096774194,
  "time_ms": 127
}