{
  "sum_of_pairs": 0.7035899718142709,
  "column_score": 0.37383177570093457,
  "time_ms": 214
}