{
  "sum_of_pairs": 0.8888154415653093,
  "column_score": 0.25961538461538464,
  "time_ms": 873
}