{
  "sum_of_pairs": 0.9028096330275229,
  "column_score": 0.7522935779816514,
  "time_ms": 80
}