{
  "sum_of_pairs": 0.8708366115919224,
  "column_score": 0.6178861788617886,
  "time_ms": 93
}