{
  "sum_of_pairs": 0.8499194847020934,
  "column_score": 0.26666666666666666,
  "time_ms": 445
}