{
  "sum_of_pairs": 0.6615337043908472,
  "column_score": 0.17551020408163265,
  "time_ms": 20
}