{
  "sum_of_pairs": 0.49670619235836627,
  "column_score": 0.24242424242424243,
  "time_ms": 21
}