{
  "sum_of_pairs": 0.6531593406593407,
  "column_score": 0.34615384615384615,
  "time_ms": 98
}