{
  "sum_of_pairs": 0.6871767786800467,
  "column_score": 0.04938271604938271,
  "time_ms": 270
}