{
  "sum_of_pairs": 0.7062124513104905,
  "column_score": 0.04938271604938271,
  "time_ms": 162
}