{
  "sum_of_pairs": 0.38350998114311724,
  "column_score": 0.08284023668639054,
  "time_ms": 44
}