{
  "sum_of_pairs": 0.8585923157618673,
  "column_score": 0.4959349593495935,
  "time_ms": 180
}