{
  "sum_of_pairs": 0.873664266767715,
  "column_score": 0.15384615384615385,
  "time_ms": 97
}