{
  "sum_of_pairs": 0.830556698203757,
  "column_score": 0.47115384615384615,
  "time_ms": 857
}