{
  "sum_of_pairs": 0.7299421009098428,
  "column_score": 0.3548387096774194,
  "time_ms": 218
}