{
  "sum_of_pairs": 0.5467836257309941,
  "column_score": 0.2222222222222222,
  "time_ms": 108
}