{
  "sum_of_pairs": 0.6053803339517625,
  "column_score": 0.1673469387755102,
  "time_ms": 49
}