{
  "sum_of_pairs": 0.8183995123650296,
  "column_score": 0.5517241379310345,
  "time_ms": 30
}