{
  "sum_of_pairs": 0.6246913580246913,
  "column_score": 0.46296296296296297,
  "time_ms": 12
}