{
  "sum_of_pairs": 0.7883597883597884,
  "column_score": 0.5185185185185185,
  "time_ms": 13
}