{
  "sum_of_pairs": 0.4816145646185172,
  "column_score": 0.24242424242424243,
  "time_ms": 56
}