{
  "sum_of_pairs": 0.972663139329806,
  "column_score": 0.7727272727272727,
  "time_ms": 81
}