{
  "sum_of_pairs": 0.6830628803245437,
  "column_score": 0.17647058823529413,
  "time_ms": 313
}