{
  "sum_of_pairs": 0.5277081592871067,
  "column_score": 0.25396825396825395,
  "time_ms": 110
}