{
  "sum_of_pairs": 0.6940247252747253,
  "column_score": 0.4230769230769231,
  "time_ms": 49
}