{
  "sum_of_pairs": 0.8967223252937538,
  "column_score": 0.7085714285714285,
  "time_ms": 36
}