{
  "sum_of_pairs": 0.8278893520272831,
  "column_score": 0.5379310344827586,
  "time_ms": 28
}