{
  "sum_of_pairs": 0.7352757544224766,
  "column_score": 0.16129032258064516,
  "time_ms": 68
}