{
  "sum_of_pairs": 0.6925166618371487,
  "column_score": 0.17647058823529413,
  "time_ms": 96
}