{
  "sum_of_pairs": 0.8367992424242424,
  "column_score": 0.5795454545454546,
  "time_ms": 52
}