{
  "sum_of_pairs": 0.8109848484848485,
  "column_score": 0.5397727272727273,
  "time_ms": 114
}