{
  "sum_of_pairs": 0.9251470416957839,
  "column_score": 0.5416666666666666,
  "time_ms": 1307
}