{
  "sum_of_pairs": 0.7333805923125394,
  "column_score": 0.34782608695652173,
  "time_ms": 37
}