{
  "sum_of_pairs": 0.8786262957714968,
  "column_score": 0.6918238993710691,
  "time_ms": 232
}