{
  "sum_of_pairs": 0.7279693486590039,
  "column_score": 0.5632183908045977,
  "time_ms": 24
}