{
  "sum_of_pairs": 0.5853232618583496,
  "column_score": 0.24305555555555555,
  "time_ms": 46
}