{
  "sum_of_pairs": 0.49913978494623656,
  "column_score": 0.03870967741935484,
  "time_ms": 19
}