{
  "sum_of_pairs": 0.864948844259189,
  "column_score": 0.14285714285714285,
  "time_ms": 172
}