{
  "sum_of_pairs": 0.5959373646478497,
  "column_score": 0.17258132875569707,
  "time_ms": 105
}