{
  "sum_of_pairs": 0.6292668059909439,
  "column_score": 0.49712643678160917,
  "time_ms": 30
}