{
  "sum_of_pairs": 0.34498862897985705,
  "column_score": 0.16666666666666666,
  "time_ms": 40
}