{
  "sum_of_pairs": 0.7064797271693823,
  "column_score": 0.45517241379310347,
  "time_ms": 18
}