{
  "sum_of_pairs": 0.9677996422182469,
  "column_score": 0.8023255813953488,
  "time_ms": 95
}