{
  "sum_of_pairs": 0.6859848484848485,
  "column_score": 0.26704545454545453,
  "time_ms": 55
}