{
  "sum_of_pairs": 0.8166214382632293,
  "column_score": 0.00625,
  "time_ms": 855
}