{
  "sum_of_pairs": 0.55973715651135,
  "column_score": 0.13709677419354838,
  "time_ms": 131
}