{
  "sum_of_pairs": 0.46193357725865464,
  "column_score": 0.19736842105263158,
  "time_ms": 85
}