{
  "sum_of_pairs": 0.6729678638941399,
  "column_score": 0.30434782608695654,
  "time_ms": 22
}