{
  "sum_of_pairs": 0.887949860237596,
  "column_score": 0.4270833333333333,
  "time_ms": 392
}