{
  "sum_of_pairs": 0.8085590599876314,
  "column_score": 0.35428571428571426,
  "time_ms": 39
}