{
  "sum_of_pairs": 0.6047712034428203,
  "column_score": 0.1628566876133132,
  "time_ms": 141
}