{
  "sum_of_pairs": 0.6479014280738419,
  "column_score": 0.1925287356321839,
  "time_ms": 41
}