{
  "sum_of_pairs": 0.7036970382558618,
  "column_score": 0.22115384615384615,
  "time_ms": 275
}