{
  "sum_of_pairs": 0.7167721518987342,
  "column_score": 0.2974683544303797,
  "time_ms": 19
}