{
  "sum_of_pairs": 0.8740049919050189,
  "column_score": 0.6490825688073395,
  "time_ms": 99
}