{
  "sum_of_pairs": 0.7490909090909091,
  "column_score": 0.2556818181818182,
  "time_ms": 69
}