{
  "sum_of_pairs": 0.7943369175627241,
  "column_score": 0.567741935483871,
  "time_ms": 31
}