{
  "sum_of_pairs": 0.8502375087966221,
  "column_score": 0.1488095238095238,
  "time_ms": 108
}