{
  "sum_of_pairs": 0.6903953326367119,
  "column_score": 0.4396551724137931,
  "time_ms": 38
}