{
  "sum_of_pairs": 0.5214134730263763,
  "column_score": 0.10483870967741936,
  "time_ms": 158
}