{
  "sum_of_pairs": 0.9908235605910024,
  "column_score": 0.9418604651162791,
  "time_ms": 130
}