{
  "sum_of_pairs": 0.8747110149899321,
  "column_score": 0.6886792452830188,
  "time_ms": 156
}