{
  "sum_of_pairs": 0.7569826907946499,
  "column_score": 0.45528455284552843,
  "time_ms": 111
}