{
  "sum_of_pairs": 0.7378917378917379,
  "column_score": 0.1111111111111111,
  "time_ms": 21
}