{
  "sum_of_pairs": 0.8350525664811379,
  "column_score": 0.3142857142857143,
  "time_ms": 47
}