{
  "sum_of_pairs": 0.6564625850340136,
  "column_score": 0.11020408163265306,
  "time_ms": 34
}