{
  "sum_of_pairs": 0.7671087533156499,
  "column_score": 0.4068965517241379,
  "time_ms": 21
}