{
  "sum_of_pairs": 0.5909465020576131,
  "column_score": 0.4567901234567901,
  "time_ms": 22
}