{
  "sum_of_pairs": 0.7806744979158772,
  "column_score": 0.25274725274725274,
  "time_ms": 109
}