{
  "sum_of_pairs": 0.6535027472527473,
  "column_score": 0.27884615384615385,
  "time_ms": 69
}