{
  "sum_of_pairs": 0.6273064996469252,
  "column_score": 0.12056737588652482,
  "time_ms": 58
}