{
  "sum_of_pairs": 0.516056461730114,
  "column_score": 0.05871251048417632,
  "time_ms": 740
}