{
  "sum_of_pairs": 0.4593143042340903,
  "column_score": 0.012987012987012988,
  "time_ms": 94
}