{
  "sum_of_pairs": 0.8055655622572916,
  "column_score": 0.13360323886639677,
  "time_ms": 662
}