{
  "sum_of_pairs": 0.8900894062078273,
  "column_score": 0.5789473684210527,
  "time_ms": 496
}