{
  "sum_of_pairs": 0.5488372093023256,
  "column_score": 0.15294117647058825,
  "time_ms": 108
}