{
  "sum_of_pairs": 0.46179999521977105,
  "column_score": 0.16279069767441862,
  "time_ms": 1543
}