{
  "sum_of_pairs": 0.18866213151927438,
  "column_score": 0.01904761904761905,
  "time_ms": 23
}