{
  "sum_of_pairs": 0.8235183125778539,
  "column_score": 0.40476190476190477,
  "time_ms": 2059
}