{
  "sum_of_pairs": 0.6807774433326083,
  "column_score": 0.010882596114096733,
  "time_ms": 329
}