{
  "sum_of_pairs": 0.7133338899557485,
  "column_score": 0.0711864406779661,
  "time_ms": 415
}