{
  "sum_of_pairs": 0.247996891738269,
  "column_score": 0.06809609283131897,
  "time_ms": 5
}