{
  "sum_of_pairs": 0.2571743929359823,
  "column_score": 0.09933774834437085,
  "time_ms": 2
}