{
  "sum_of_pairs": 0.45918367346938777,
  "column_score": 0.3469387755102041,
  "time_ms": 1
}