{
  "sum_of_pairs": 0.23316498316498316,
  "column_score": 0.06060606060606061,
  "time_ms": 1
}