{
  "sum_of_pairs": 0.4387755102040816,
  "column_score": 0.2653061224489796,
  "time_ms": 2
}