{
  "sum_of_pairs": 0.5462952888695463,
  "column_score": 0.24752475247524752,
  "time_ms": 44
}