{
  "sum_of_pairs": 0.4417989417989418,
  "column_score": 0.0962962962962963,
  "time_ms": 14
}