{
  "sum_of_pairs": 0.47417840375586856,
  "column_score": 0.2323943661971831,
  "time_ms": 13
}