{
  "sum_of_pairs": 0.44783834586466165,
  "column_score": 0.27631578947368424,
  "time_ms": 5
}