{
  "sum_of_pairs": 0.247638326585695,
  "column_score": 0.12955465587044535,
  "time_ms": 3
}