{
  "sum_of_pairs": 0.476984126984127,
  "column_score": 0.1111111111111111,
  "time_ms": 7
}