{
  "sum_of_pairs": 0.4332706766917293,
  "column_score": 0.23684210526315788,
  "time_ms": 10
}