{
  "sum_of_pairs": 0.2902869757174393,
  "column_score": 0.13245033112582782,
  "time_ms": 1
}