{
  "sum_of_pairs": 0.22267206477732793,
  "column_score": 0.11336032388663968,
  "time_ms": 6
}