{
  "sum_of_pairs": 0.5018050541516246,
  "column_score": 0.3176895306859206,
  "time_ms": 21
}