{
  "sum_of_pairs": 0.7437366356416438,
  "column_score": 0.03856873031514908,
  "time_ms": 604
}