{
  "sum_of_pairs": 0.6864303417052086,
  "column_score": 0.056451612903225805,
  "time_ms": 828
}