{
  "sum_of_pairs": 0.8881745808087924,
  "column_score": 0.059602649006622516,
  "time_ms": 445
}