{
  "sum_of_pairs": 0.9431487421663846,
  "column_score": 0.3287037037037037,
  "time_ms": 2165
}