{
  "sum_of_pairs": 0.9164447505356597,
  "column_score": 0.11363636363636363,
  "time_ms": 975
}