{
  "sum_of_pairs": 0.6460144927536232,
  "column_score": 0.18840579710144928,
  "time_ms": 20
}