{
  "sum_of_pairs": 0.8199771287825475,
  "column_score": 0.24107142857142858,
  "time_ms": 179
}