{
  "sum_of_pairs": 0.841990675580577,
  "column_score": 0.24107142857142858,
  "time_ms": 95
}