{
  "sum_of_pairs": 0.9124356489384693,
  "column_score": 0.08597285067873303,
  "time_ms": 1017
}