{
  "sum_of_pairs": 0.9445860955294918,
  "column_score": 0.12162162162162163,
  "time_ms": 611
}