{
  "sum_of_pairs": 0.9348441783583293,
  "column_score": 0.1388888888888889,
  "time_ms": 310
}