{
  "sum_of_pairs": 0.6045870605367173,
  "column_score": 0.09868421052631579,
  "time_ms": 46
}