{
  "sum_of_pairs": 0.9244681665136211,
  "column_score": 0.17045454545454544,
  "time_ms": 509
}