{
  "sum_of_pairs": 0.893894237693748,
  "column_score": 0.11450381679389313,
  "time_ms": 1450
}