{
  "sum_of_pairs": 0.7640644568756784,
  "column_score": 0.13220338983050847,
  "time_ms": 830
}