{
  "sum_of_pairs": 0.6076690821256039,
  "column_score": 0.12318840579710146,
  "time_ms": 28
}