{
  "sum_of_pairs": 0.8987554467006522,
  "column_score": 0.013574660633484163,
  "time_ms": 2046
}