{
  "sum_of_pairs": 0.7789763713784754,
  "column_score": 0.13559322033898305,
  "time_ms": 452
}