{
  "sum_of_pairs": 0.825179470695382,
  "column_score": 0.15846994535519127,
  "time_ms": 505
}