{
  "sum_of_pairs": 0.8727220421774459,
  "column_score": 0.039735099337748346,
  "time_ms": 770
}