{
  "sum_of_pairs": 0.9502521389313842,
  "column_score": 0.18243243243243243,
  "time_ms": 326
}