{
  "sum_of_pairs": 0.9571796002351558,
  "column_score": 0.09523809523809523,
  "time_ms": 1205
}