{
  "sum_of_pairs": 0.7176687547567473,
  "column_score": 0.12096774193548387,
  "time_ms": 407
}