{
  "sum_of_pairs": 0.4688886920763887,
  "column_score": 0.10218504816626311,
  "time_ms": 106
}