{
  "sum_of_pairs": 0.48231921761333524,
  "column_score": 0.06756756756756757,
  "time_ms": 151
}