{
  "sum_of_pairs": 0.6370168404170008,
  "column_score": 0.30697674418604654,
  "time_ms": 119
}