{
  "sum_of_pairs": 0.6237037037037036,
  "column_score": 0.2962962962962963,
  "time_ms": 46
}