{
  "sum_of_pairs": 0.5004550288915934,
  "column_score": 0.12871287128712872,
  "time_ms": 231
}