{
  "sum_of_pairs": 0.7054699430792726,
  "column_score": 0.02040816326530612,
  "time_ms": 263
}