{
  "sum_of_pairs": 0.3836330444907913,
  "column_score": 0.0180385496963708,
  "time_ms": 930
}