{
  "sum_of_pairs": 0.40735964229410704,
  "column_score": 0.038092837303316966,
  "time_ms": 542
}