{
  "sum_of_pairs": 0.5373048362528561,
  "column_score": 0.009900990099009901,
  "time_ms": 763
}