{
  "sum_of_pairs": 0.44835164835164837,
  "column_score": 0.23076923076923078,
  "time_ms": 335
}