{
  "sum_of_pairs": 0.36740624928149357,
  "column_score": 0.09565217391304348,
  "time_ms": 297
}