{
  "sum_of_pairs": 0.7059259147939981,
  "column_score": 0.24206349206349206,
  "time_ms": 2136
}