{
  "sum_of_pairs": 0.35584116984342307,
  "column_score": 0.06956521739130435,
  "time_ms": 435
}