{
  "sum_of_pairs": 0.5722109761583446,
  "column_score": 0.03508771929824561,
  "time_ms": 704
}