{
  "sum_of_pairs": 0.5881664127951257,
  "column_score": 0.1782178217821782,
  "time_ms": 383
}