{
  "sum_of_pairs": 0.47343537414965986,
  "column_score": 0.029166666666666667,
  "time_ms": 612
}