{
  "sum_of_pairs": 0.6861071871065559,
  "column_score": 0.16666666666666666,
  "time_ms": 2543
}