{
  "sum_of_pairs": 0.6312415654520918,
  "column_score": 0.14035087719298245,
  "time_ms": 371
}