{
  "sum_of_pairs": 0.520250579204842,
  "column_score": 0.08885723788118971,
  "time_ms": 154
}