{
  "sum_of_pairs": 0.36501490312965723,
  "column_score": 0.10450819672131148,
  "time_ms": 47
}