{
  "sum_of_pairs": 0.7333547179898423,
  "column_score": 0.2651162790697674,
  "time_ms": 170
}