{
  "sum_of_pairs": 0.8174869500372856,
  "column_score": 0.5436241610738255,
  "time_ms": 20
}