{
  "sum_of_pairs": 0.3729865651584294,
  "column_score": 0.08038485501661487,
  "time_ms": 75
}