{
  "sum_of_pairs": 0.599822974036192,
  "column_score": 0.12195121951219512,
  "time_ms": 67
}