{
  "sum_of_pairs": 0.6476424694708277,
  "column_score": 0.040625,
  "time_ms": 609
}