{
  "sum_of_pairs": 0.44792755137582724,
  "column_score": 0.1752873563218391,
  "time_ms": 28
}