{
  "sum_of_pairs": 0.6230929219819817,
  "column_score": 0.20248762231063813,
  "time_ms": 99
}