{
  "sum_of_pairs": 0.5700020767104205,
  "column_score": 0.14280103729153615,
  "time_ms": 181
}