{
  "sum_of_pairs": 0.6234509044427492,
  "column_score": 0.20235765931320335,
  "time_ms": 672
}