{
  "sum_of_pairs": 0.3989964157706093,
  "column_score": 0.035483870967741936,
  "time_ms": 31
}