{
  "sum_of_pairs": 0.8666850407055631,
  "column_score": 0.34375,
  "time_ms": 910
}