{
  "sum_of_pairs": 0.5004947433518863,
  "column_score": 0.11428571428571428,
  "time_ms": 48
}