{
  "sum_of_pairs": 0.5310245310245311,
  "column_score": 0.028368794326241134,
  "time_ms": 78
}