{
  "sum_of_pairs": 0.5294763388221332,
  "column_score": 0.06542056074766354,
  "time_ms": 282
}