{
  "sum_of_pairs": 0.5507786846796134,
  "column_score": 0.15789473684210525,
  "time_ms": 178
}