{
  "sum_of_pairs": 0.8306399953412532,
  "column_score": 0.2604166666666667,
  "time_ms": 718
}