{
  "sum_of_pairs": 0.610329932910578,
  "column_score": 0.20161290322580644,
  "time_ms": 271
}