{
  "sum_of_pairs": 0.5873769338959213,
  "column_score": 0.3860759493670886,
  "time_ms": 17
}