{
  "sum_of_pairs": 0.8017003505108509,
  "column_score": 0.550314465408805,
  "time_ms": 200
}