{
  "sum_of_pairs": 0.6092459264873058,
  "column_score": 0.1724137931034483,
  "time_ms": 20
}