{
  "sum_of_pairs": 0.7325774715480597,
  "column_score": 0.22115384615384615,
  "time_ms": 424
}