{
  "sum_of_pairs": 0.5814352677097775,
  "column_score": 0.04938271604938271,
  "time_ms": 112
}