{
  "sum_of_pairs": 0.595038531208744,
  "column_score": 0.09219858156028368,
  "time_ms": 122
}