{
  "sum_of_pairs": 0.650048309178744,
  "column_score": 0.23333333333333334,
  "time_ms": 161
}