{
  "sum_of_pairs": 0.8543240690771722,
  "column_score": 0.694954128440367,
  "time_ms": 69
}