{
  "sum_of_pairs": 0.8289954508166157,
  "column_score": 0.6761006289308176,
  "time_ms": 723
}