{
  "sum_of_pairs": 0.8297764227642277,
  "column_score": 0.4796747967479675,
  "time_ms": 169
}