{
  "sum_of_pairs": 0.6092389411354928,
  "column_score": 0.45977011494252873,
  "time_ms": 21
}