{
  "sum_of_pairs": 0.5969609892023685,
  "column_score": 0.28160919540229884,
  "time_ms": 46
}