{
  "sum_of_pairs": 0.83426097711812,
  "column_score": 0.5657142857142857,
  "time_ms": 110
}