{
  "sum_of_pairs": 0.9605114953952163,
  "column_score": 0.8023255813953488,
  "time_ms": 140
}