{
  "sum_of_pairs": 0.7468457468457469,
  "column_score": 0.4074074074074074,
  "time_ms": 51
}