{
  "sum_of_pairs": 0.6956199930337862,
  "column_score": 0.4051724137931034,
  "time_ms": 50
}