{
  "sum_of_pairs": 0.6080633925461512,
  "column_score": 0.45689655172413796,
  "time_ms": 57
}