{
  "sum_of_pairs": 0.7681019403652931,
  "column_score": 0.18269230769230768,
  "time_ms": 616
}