{
  "sum_of_pairs": 0.7945187516391293,
  "column_score": 0.2682926829268293,
  "time_ms": 155
}