{
  "sum_of_pairs": 0.8165214096248579,
  "column_score": 0.12087912087912088,
  "time_ms": 167
}