{
  "sum_of_pairs": 0.2283138401559454,
  "column_score": 0.05555555555555555,
  "time_ms": 56
}