{
  "sum_of_pairs": 0.16516028350347878,
  "column_score": 0.01775147928994083,
  "time_ms": 24
}