{
  "sum_of_pairs": 0.767965367965368,
  "column_score": 0.41714285714285715,
  "time_ms": 67
}