{
  "sum_of_pairs": 0.6664734299516908,
  "column_score": 0.23333333333333334,
  "time_ms": 81
}