{
  "sum_of_pairs": 0.8730345911949685,
  "column_score": 0.34375,
  "time_ms": 901
}