{
  "sum_of_pairs": 0.2767410104688211,
  "column_score": 0.11242603550295859,
  "time_ms": 47
}