{
  "sum_of_pairs": 0.6952281435040055,
  "column_score": 0.4051724137931034,
  "time_ms": 25
}