{
  "sum_of_pairs": 0.8666624265038444,
  "column_score": 0.34375,
  "time_ms": 1972
}