{
  "sum_of_pairs": 0.7749147404319818,
  "column_score": 0.08791208791208792,
  "time_ms": 148
}