{
  "sum_of_pairs": 0.7664442907700444,
  "column_score": 0.18269230769230768,
  "time_ms": 862
}