{
  "sum_of_pairs": 0.696551724137931,
  "column_score": 0.27586206896551724,
  "time_ms": 13
}