{
  "sum_of_pairs": 0.8694313417190775,
  "column_score": 0.3020833333333333,
  "time_ms": 399
}