{
  "sum_of_pairs": 0.7116098484848485,
  "column_score": 0.26136363636363635,
  "time_ms": 138
}