{
  "sum_of_pairs": 0.7422456575682382,
  "column_score": 0.15384615384615385,
  "time_ms": 788
}