{
  "sum_of_pairs": 0.8257389162561576,
  "column_score": 0.10119047619047619,
  "time_ms": 132
}