{
  "sum_of_pairs": 0.5810611562245549,
  "column_score": 0.04938271604938271,
  "time_ms": 278
}