{
  "sum_of_pairs": 0.9630623467832771,
  "column_score": 0.8255813953488372,
  "time_ms": 73
}