{
  "sum_of_pairs": 0.6502732240437158,
  "column_score": 0.3442622950819672,
  "time_ms": 7
}