{
  "sum_of_pairs": 0.47201336675020883,
  "column_score": 0.05555555555555555,
  "time_ms": 79
}