{
  "sum_of_pairs": 0.5819759679572764,
  "column_score": 0.22429906542056074,
  "time_ms": 467
}