{
  "sum_of_pairs": 0.6425568181818182,
  "column_score": 0.2159090909090909,
  "time_ms": 72
}