{
  "sum_of_pairs": 0.4666666666666667,
  "column_score": 0.19753086419753085,
  "time_ms": 18
}