{
  "sum_of_pairs": 0.44063863362108974,
  "column_score": 0.023809523809523808,
  "time_ms": 92
}