{
  "sum_of_pairs": 0.576109391124871,
  "column_score": 0.19736842105263158,
  "time_ms": 575
}