{
  "sum_of_pairs": 0.4141727054904555,
  "column_score": 0.0003174603174603175,
  "time_ms": 1198
}