{
  "sum_of_pairs": 0.22866213151927436,
  "column_score": 0.009523809523809525,
  "time_ms": 30
}