{
  "sum_of_pairs": 0.6401387871180144,
  "column_score": 0.4070389132636368,
  "time_ms": 37
}