{
  "sum_of_pairs": 0.538476920249407,
  "column_score": 0.29409379173535355,
  "time_ms": 23
}