{
  "sum_of_pairs": 0.6401387871180144,
  "column_score": 0.40703891326363667,
  "time_ms": 27
}