{
  "sum_of_pairs": 0.6429909256342802,
  "column_score": 0.4096387119888967,
  "time_ms": 11
}