{
  "sum_of_pairs": 0.8477173233270794,
  "column_score": 0.4715447154471545,
  "time_ms": 22
}