{
  "sum_of_pairs": 0.6738450074515648,
  "column_score": 0.46311475409836067,
  "time_ms": 61
}