{
  "sum_of_pairs": 0.48455598455598453,
  "column_score": 0.3783783783783784,
  "time_ms": 5
}