{
  "sum_of_pairs": 0.6935960591133005,
  "column_score": 0.5443349753694581,
  "time_ms": 32
}