{
  "sum_of_pairs": 0.8359835685417081,
  "column_score": 0.3372093023255814,
  "time_ms": 41
}