{
  "sum_of_pairs": 0.6643005028098196,
  "column_score": 0.5031055900621118,
  "time_ms": 105
}