{
  "sum_of_pairs": 0.9574980574980575,
  "column_score": 0.8871794871794871,
  "time_ms": 51
}