{
  "sum_of_pairs": 0.7258018734033495,
  "column_score": 0.33210332103321033,
  "time_ms": 47
}