{
  "sum_of_pairs": 0.8694444444444445,
  "column_score": 0.6166666666666667,
  "time_ms": 42
}