{
  "sum_of_pairs": 0.6192396313364056,
  "column_score": 0.4596774193548387,
  "time_ms": 12
}