{
  "sum_of_pairs": 0.6726930320150659,
  "column_score": 0.3163841807909605,
  "time_ms": 17
}