{
  "sum_of_pairs": 0.5718908922792418,
  "column_score": 0.3058252427184466,
  "time_ms": 12
}