{
  "sum_of_pairs": 0.5676972281449894,
  "column_score": 0.21641791044776118,
  "time_ms": 34
}