{
  "sum_of_pairs": 0.33102918586789554,
  "column_score": 0.1152073732718894,
  "time_ms": 11
}