{
  "sum_of_pairs": 0.607429718875502,
  "column_score": 0.5421686746987951,
  "time_ms": 2
}