{
  "sum_of_pairs": 0.527073732718894,
  "column_score": 0.27419354838709675,
  "time_ms": 9
}