{
  "sum_of_pairs": 0.5132113821138211,
  "column_score": 0.4329268292682927,
  "time_ms": 2
}