{
  "sum_of_pairs": 0.665625,
  "column_score": 0.4270833333333333,
  "time_ms": 2
}