{
  "sum_of_pairs": 0.8112449799196787,
  "column_score": 0.8313253012048193,
  "time_ms": 6
}