{
  "sum_of_pairs": 0.28126520681265205,
  "column_score": 0.0948905109489051,
  "time_ms": 4
}