{
  "sum_of_pairs": 0.7228682170542635,
  "column_score": 0.3023255813953488,
  "time_ms": 2
}