{
  "sum_of_pairs": 0.8447669977081742,
  "column_score": 0.44285714285714284,
  "time_ms": 81
}