{
  "sum_of_pairs": 0.5988292011019284,
  "column_score": 0.3693181818181818,
  "time_ms": 45
}