{
  "sum_of_pairs": 0.7887266828872669,
  "column_score": 0.46715328467153283,
  "time_ms": 9
}