{
  "sum_of_pairs": 0.7890977443609023,
  "column_score": 0.4605263157894737,
  "time_ms": 64
}