{
  "sum_of_pairs": 0.49455645161290324,
  "column_score": 0.3951612903225806,
  "time_ms": 14
}