{
  "sum_of_pairs": 0.4222222222222222,
  "column_score": 0.02564102564102564,
  "time_ms": 1
}