{
  "sum_of_pairs": 0.5775658089322686,
  "column_score": 0.38923395445134573,
  "time_ms": 27
}