{
  "sum_of_pairs": 0.7176991150442478,
  "column_score": 0.41150442477876104,
  "time_ms": 130
}