{
  "sum_of_pairs": 0.7078132223763292,
  "column_score": 0.441747572815534,
  "time_ms": 10
}