{
  "sum_of_pairs": 0.8330020539322865,
  "column_score": 0.3372093023255814,
  "time_ms": 190
}