{
  "sum_of_pairs": 0.35294117647058826,
  "column_score": 0.0784313725490196,
  "time_ms": 2
}