{
  "sum_of_pairs": 0.5416666666666666,
  "column_score": 0.36904761904761907,
  "time_ms": 2
}