{
  "sum_of_pairs": 0.6027802425317953,
  "column_score": 0.2919254658385093,
  "time_ms": 12
}