{
  "sum_of_pairs": 0.7886427298192004,
  "column_score": 0.34285714285714286,
  "time_ms": 140
}