{
  "sum_of_pairs": 0.7857142857142857,
  "column_score": 0.6699507389162561,
  "time_ms": 43
}