{
  "sum_of_pairs": 0.7348342714196373,
  "column_score": 0.34146341463414637,
  "time_ms": 37
}