{
  "sum_of_pairs": 0.7866534194403046,
  "column_score": 0.6631892697466468,
  "time_ms": 39
}