{
  "sum_of_pairs": 0.7554167849370801,
  "column_score": 0.44649446494464945,
  "time_ms": 21
}