{
  "sum_of_pairs": 0.8058702709865501,
  "column_score": 0.3372093023255814,
  "time_ms": 83
}