{
  "sum_of_pairs": 0.9133644133644133,
  "column_score": 0.7589743589743589,
  "time_ms": 65
}