{
  "sum_of_pairs": 0.5444214876033058,
  "column_score": 0.34375,
  "time_ms": 82
}