{
  "sum_of_pairs": 0.5547945205479452,
  "column_score": 0.3835616438356164,
  "time_ms": 4
}