{
  "sum_of_pairs": 0.893885949441505,
  "column_score": 0.808641975308642,
  "time_ms": 7
}