{
  "sum_of_pairs": 0.8454242234730039,
  "column_score": 0.4715447154471545,
  "time_ms": 62
}