{
  "sum_of_pairs": 0.6830827067669173,
  "column_score": 0.40131578947368424,
  "time_ms": 21
}