{
  "sum_of_pairs": 0.6461349228876904,
  "column_score": 0.25461254612546125,
  "time_ms": 30
}