{
  "sum_of_pairs": 0.8572082760917531,
  "column_score": 0.6242038216560509,
  "time_ms": 46
}