{
  "sum_of_pairs": 0.6111961808683121,
  "column_score": 0.4691046658259773,
  "time_ms": 42
}