{
  "sum_of_pairs": 0.8085841555305774,
  "column_score": 0.5987261146496815,
  "time_ms": 34
}