{
  "sum_of_pairs": 0.4232876712328767,
  "column_score": 0.2054794520547945,
  "time_ms": 13
}