{
  "sum_of_pairs": 0.5698924731182796,
  "column_score": 0.4608294930875576,
  "time_ms": 4
}