{
  "sum_of_pairs": 0.6382139983909896,
  "column_score": 0.3252212389380531,
  "time_ms": 45
}