{
  "sum_of_pairs": 0.7238284484186124,
  "column_score": 0.5201192250372578,
  "time_ms": 59
}