{
  "sum_of_pairs": 0.68681592039801,
  "column_score": 0.6044776119402985,
  "time_ms": 26
}