{
  "sum_of_pairs": 0.6845093268450932,
  "column_score": 0.35036496350364965,
  "time_ms": 8
}