{
  "sum_of_pairs": 0.8197674418604651,
  "column_score": 0.3488372093023256,
  "time_ms": 1
}