{
  "sum_of_pairs": 0.45223577235772355,
  "column_score": 0.3719512195121951,
  "time_ms": 4
}