{
  "sum_of_pairs": 0.6724292101341282,
  "column_score": 0.46311475409836067,
  "time_ms": 14
}