{
  "sum_of_pairs": 0.7734489485985713,
  "column_score": 0.37800058081156324,
  "time_ms": 388
}