{
  "sum_of_pairs": 0.7572288560966436,
  "column_score": 0.358409954293909,
  "time_ms": 346
}