{
  "sum_of_pairs": 0.7688739461945044,
  "column_score": 0.3827838391839165,
  "time_ms": 177
}