{
  "sum_of_pairs": 0.9001606346708628,
  "column_score": 0.7967479674796748,
  "time_ms": 237
}