{
  "sum_of_pairs": 0.7382920110192838,
  "column_score": 0.21212121212121213,
  "time_ms": 52
}