{
  "sum_of_pairs": 0.9438111460517121,
  "column_score": 0.6666666666666666,
  "time_ms": 1646
}