{
  "sum_of_pairs": 0.9023242853396276,
  "column_score": 0.8048780487804879,
  "time_ms": 113
}