{
  "sum_of_pairs": 0.6502599090318388,
  "column_score": 0.4097222222222222,
  "time_ms": 142
}