{
  "sum_of_pairs": 0.8837943665529873,
  "column_score": 0.1978021978021978,
  "time_ms": 121
}