{
  "sum_of_pairs": 0.9907904326508977,
  "column_score": 0.9302325581395349,
  "time_ms": 219
}