{
  "sum_of_pairs": 0.8876678876678876,
  "column_score": 0.7407407407407407,
  "time_ms": 18
}