{
  "sum_of_pairs": 0.8282828282828283,
  "column_score": 0.6149425287356322,
  "time_ms": 38
}