{
  "sum_of_pairs": 0.6797132616487456,
  "column_score": 0.035483870967741936,
  "time_ms": 75
}