{
  "sum_of_pairs": 0.6613060428849903,
  "column_score": 0.4513888888888889,
  "time_ms": 58
}