{
  "sum_of_pairs": 0.7963192721257237,
  "column_score": 0.5806451612903226,
  "time_ms": 385
}