{
  "sum_of_pairs": 0.9277185644900162,
  "column_score": 0.8096330275229358,
  "time_ms": 103
}