{
  "sum_of_pairs": 0.8874621212121212,
  "column_score": 0.6022727272727273,
  "time_ms": 70
}