{
  "sum_of_pairs": 0.8748148148148148,
  "column_score": 0.5333333333333333,
  "time_ms": 241
}