{
  "sum_of_pairs": 0.7261672700269192,
  "column_score": 0.3888888888888889,
  "time_ms": 151
}