{
  "sum_of_pairs": 0.7882797731568998,
  "column_score": 0.6086956521739131,
  "time_ms": 47
}