{
  "sum_of_pairs": 0.9395618923646423,
  "column_score": 0.4423076923076923,
  "time_ms": 2247
}