{
  "sum_of_pairs": 0.6739728439074845,
  "column_score": 0.06172839506172839,
  "time_ms": 238
}