{
  "sum_of_pairs": 0.7237736845579983,
  "column_score": 0.14814814814814814,
  "time_ms": 607
}