{
  "sum_of_pairs": 0.9387579149706016,
  "column_score": 0.515625,
  "time_ms": 1295
}