{
  "sum_of_pairs": 0.6700373619233269,
  "column_score": 0.4513888888888889,
  "time_ms": 205
}