{
  "sum_of_pairs": 0.9034388932599003,
  "column_score": 0.8211382113821138,
  "time_ms": 302
}