{
  "sum_of_pairs": 0.7086580086580087,
  "column_score": 0.27346938775510204,
  "time_ms": 77
}