{
  "sum_of_pairs": 0.4358851674641148,
  "column_score": 0.18421052631578946,
  "time_ms": 24
}