{
  "sum_of_pairs": 0.9447941667005655,
  "column_score": 0.46153846153846156,
  "time_ms": 2230
}