{
  "sum_of_pairs": 0.9147711735898775,
  "column_score": 0.7578616352201258,
  "time_ms": 346
}