{
  "sum_of_pairs": 0.883289124668435,
  "column_score": 0.7448275862068966,
  "time_ms": 34
}