{
  "sum_of_pairs": 0.7639495895479246,
  "column_score": 0.03225806451612903,
  "time_ms": 85
}