{
  "sum_of_pairs": 0.8108640585420771,
  "column_score": 0.5394736842105263,
  "time_ms": 133
}