{
  "sum_of_pairs": 0.911243042671614,
  "column_score": 0.6457142857142857,
  "time_ms": 117
}