{
  "sum_of_pairs": 0.9433551641378188,
  "column_score": 0.46153846153846156,
  "time_ms": 1490
}