{
  "sum_of_pairs": 0.8764573268921095,
  "column_score": 0.5333333333333333,
  "time_ms": 135
}