{
  "sum_of_pairs": 0.8814955159782746,
  "column_score": 0.1978021978021978,
  "time_ms": 268
}