{
  "sum_of_pairs": 0.7227956989247312,
  "column_score": 0.04838709677419355,
  "time_ms": 25
}