{
  "sum_of_pairs": 0.7955601803676725,
  "column_score": 0.021505376344086023,
  "time_ms": 191
}