{
  "sum_of_pairs": 0.8794128787878788,
  "column_score": 0.5738636363636364,
  "time_ms": 145
}