{
  "sum_of_pairs": 0.7281385281385281,
  "column_score": 0.3020408163265306,
  "time_ms": 25
}