{
  "sum_of_pairs": 0.8274120515499825,
  "column_score": 0.6120689655172413,
  "time_ms": 77
}