{
  "sum_of_pairs": 0.8564367075005372,
  "column_score": 0.4326241134751773,
  "time_ms": 136
}