{
  "sum_of_pairs": 0.9372540705563094,
  "column_score": 0.471875,
  "time_ms": 2922
}