{
  "sum_of_pairs": 0.5765432098765432,
  "column_score": 0.3950617283950617,
  "time_ms": 30
}