{
  "sum_of_pairs": 0.8718977101330042,
  "column_score": 0.44711538461538464,
  "time_ms": 729
}