{
  "sum_of_pairs": 0.9822029822029822,
  "column_score": 0.8787878787878788,
  "time_ms": 114
}