{
  "sum_of_pairs": 0.8778109145756204,
  "column_score": 0.47115384615384615,
  "time_ms": 738
}