{
  "sum_of_pairs": 0.9174273345701918,
  "column_score": 0.6628571428571428,
  "time_ms": 114
}