{
  "sum_of_pairs": 0.807601880877743,
  "column_score": 0.5890804597701149,
  "time_ms": 83
}