{
  "sum_of_pairs": 0.7416457060725835,
  "column_score": 0.30303030303030304,
  "time_ms": 56
}