{
  "sum_of_pairs": 0.726530612244898,
  "column_score": 0.3020408163265306,
  "time_ms": 109
}