{
  "sum_of_pairs": 0.7345214889074538,
  "column_score": 0.3968253968253968,
  "time_ms": 67
}