{
  "sum_of_pairs": 0.8945054945054945,
  "column_score": 0.7724137931034483,
  "time_ms": 18
}