{
  "sum_of_pairs": 0.8867803030303031,
  "column_score": 0.6193181818181818,
  "time_ms": 177
}