{
  "sum_of_pairs": 0.9161135555721281,
  "column_score": 0.7610062893081762,
  "time_ms": 175
}