{
  "sum_of_pairs": 0.6720362668075086,
  "column_score": 0.06172839506172839,
  "time_ms": 474
}