{
  "sum_of_pairs": 0.7806513409961686,
  "column_score": 0.6206896551724138,
  "time_ms": 79
}