{
  "sum_of_pairs": 0.8456602499155691,
  "column_score": 0.3971631205673759,
  "time_ms": 61
}