{
  "sum_of_pairs": 0.8308720112517581,
  "column_score": 0.5886075949367089,
  "time_ms": 35
}