{
  "sum_of_pairs": 0.9925130855363413,
  "column_score": 0.9534883720930233,
  "time_ms": 296
}