{
  "sum_of_pairs": 0.9239240420939018,
  "column_score": 0.8027522935779816,
  "time_ms": 247
}