{
  "sum_of_pairs": 0.8809650119994947,
  "column_score": 0.1978021978021978,
  "time_ms": 280
}