{
  "sum_of_pairs": 0.8189170182841069,
  "column_score": 0.5569620253164557,
  "time_ms": 32
}