{
  "sum_of_pairs": 0.5610897977761883,
  "column_score": 0.20710059171597633,
  "time_ms": 50
}