{
  "sum_of_pairs": 0.9778739778739779,
  "column_score": 0.8181818181818182,
  "time_ms": 246
}