{
  "sum_of_pairs": 0.6238683127572017,
  "column_score": 0.4382716049382716,
  "time_ms": 16
}