{
  "sum_of_pairs": 0.9224242424242424,
  "column_score": 0.6628571428571428,
  "time_ms": 49
}