{
  "sum_of_pairs": 0.9164864394560867,
  "column_score": 0.7610062893081762,
  "time_ms": 402
}