{
  "sum_of_pairs": 0.6101839535670815,
  "column_score": 0.15460318828059658,
  "time_ms": 1620
}