{
  "sum_of_pairs": 0.5875287831797882,
  "column_score": 0.10495582075699945,
  "time_ms": 1202
}