{
  "sum_of_pairs": 0.6101839535670817,
  "column_score": 0.15460318828059655,
  "time_ms": 1557
}