{
  "sum_of_pairs": 0.5176767676767676,
  "column_score": 0.13636363636363635,
  "time_ms": 45
}