{
  "sum_of_pairs": 0.605658500186544,
  "column_score": 0.18823529411764706,
  "time_ms": 182
}