{
  "sum_of_pairs": 0.828989651416122,
  "column_score": 0.20588235294117646,
  "time_ms": 2221
}