{
  "sum_of_pairs": 0.6853973094574598,
  "column_score": 0.06593406593406594,
  "time_ms": 924
}