{
  "sum_of_pairs": 0.5133458342014492,
  "column_score": 0.2987012987012987,
  "time_ms": 164
}