{
  "sum_of_pairs": 0.8584452077602762,
  "column_score": 0.2876712328767123,
  "time_ms": 999
}