{
  "sum_of_pairs": 0.4871217804451113,
  "column_score": 0.04263565891472868,
  "time_ms": 289
}