{
  "sum_of_pairs": 0.8157018920928696,
  "column_score": 0.13765182186234817,
  "time_ms": 2623
}