{
  "sum_of_pairs": 0.516102201295442,
  "column_score": 0.16279069767441862,
  "time_ms": 1269
}