{
  "sum_of_pairs": 0.5055510408948589,
  "column_score": 0.16279069767441862,
  "time_ms": 3190
}