{
  "sum_of_pairs": 0.8414612816515901,
  "column_score": 0.24271844660194175,
  "time_ms": 5451
}