{
  "sum_of_pairs": 0.8211154859587428,
  "column_score": 0.5198412698412699,
  "time_ms": 3615
}