{
  "sum_of_pairs": 0.3219047619047619,
  "column_score": 0.06666666666666667,
  "time_ms": 90
}