{
  "sum_of_pairs": 0.5239309827456864,
  "column_score": 0.050387596899224806,
  "time_ms": 131
}