{
  "sum_of_pairs": 0.6911437578064593,
  "column_score": 0.30434782608695654,
  "time_ms": 3202
}