{
  "sum_of_pairs": 0.6257272139625081,
  "column_score": 0.13574660633484162,
  "time_ms": 548
}