{
  "sum_of_pairs": 0.6824433474097424,
  "column_score": 0.19130434782608696,
  "time_ms": 3240
}