{
  "sum_of_pairs": 0.8094916779127306,
  "column_score": 0.22807017543859648,
  "time_ms": 829
}