{
  "sum_of_pairs": 0.7375570456529976,
  "column_score": 0.1978021978021978,
  "time_ms": 4882
}