{
  "sum_of_pairs": 0.6490237532645193,
  "column_score": 0.36470588235294116,
  "time_ms": 259
}