{
  "sum_of_pairs": 0.4928571428571429,
  "column_score": 0.16279069767441862,
  "time_ms": 2269
}