{
  "sum_of_pairs": 0.8192411476127024,
  "column_score": 0.35714285714285715,
  "time_ms": 3155
}