{
  "sum_of_pairs": 0.6187662382452349,
  "column_score": 0.11304347826086956,
  "time_ms": 1130
}