{
  "sum_of_pairs": 0.616181857358328,
  "column_score": 0.13574660633484162,
  "time_ms": 449
}