{
  "sum_of_pairs": 0.8505378903274943,
  "column_score": 0.32673267326732675,
  "time_ms": 1233
}