{
  "sum_of_pairs": 0.8395787944807552,
  "column_score": 0.20588235294117646,
  "time_ms": 843
}