{
  "sum_of_pairs": 0.8113684901746591,
  "column_score": 0.24271844660194175,
  "time_ms": 2196
}