{
  "sum_of_pairs": 0.8355853576248313,
  "column_score": 0.36257309941520466,
  "time_ms": 1160
}