{
  "sum_of_pairs": 0.8302923021060276,
  "column_score": 0.20588235294117646,
  "time_ms": 1554
}