{
  "sum_of_pairs": 0.8566980964241239,
  "column_score": 0.2876712328767123,
  "time_ms": 4417
}