{
  "sum_of_pairs": 0.7287687074829932,
  "column_score": 0.26666666666666666,
  "time_ms": 953
}