{
  "sum_of_pairs": 0.7527587854424436,
  "column_score": 0.3076923076923077,
  "time_ms": 2544
}