{
  "sum_of_pairs": 0.8157118069900025,
  "column_score": 0.13765182186234817,
  "time_ms": 568
}