{
  "sum_of_pairs": 0.4973725027200963,
  "column_score": 0.2727272727272727,
  "time_ms": 156
}