{
  "sum_of_pairs": 0.7910810943502755,
  "column_score": 0.1650485436893204,
  "time_ms": 3271
}