{
  "sum_of_pairs": 0.7530355701270244,
  "column_score": 0.3076923076923077,
  "time_ms": 10846
}