{
  "sum_of_pairs": 0.8308102818938081,
  "column_score": 0.44841269841269843,
  "time_ms": 1938
}