{
  "sum_of_pairs": 0.8402023827027154,
  "column_score": 0.15727509831637726,
  "time_ms": 1054
}