{
  "sum_of_pairs": 0.8433694981638076,
  "column_score": 0.16935779828728764,
  "time_ms": 576
}