{
  "sum_of_pairs": 0.7467328370554177,
  "column_score": 0.14102564102564102,
  "time_ms": 127
}