{
  "sum_of_pairs": 0.8269683560156967,
  "column_score": 0.2271186440677966,
  "time_ms": 1198
}