{
  "sum_of_pairs": 0.8905193236714976,
  "column_score": 0.5289855072463768,
  "time_ms": 43
}