{
  "sum_of_pairs": 0.9324399711184562,
  "column_score": 0.14479638009049775,
  "time_ms": 1788
}