{
  "sum_of_pairs": 0.9501373819923912,
  "column_score": 0.32450331125827814,
  "time_ms": 1949
}