{
  "sum_of_pairs": 0.9648988611252762,
  "column_score": 0.40540540540540543,
  "time_ms": 825
}