{
  "sum_of_pairs": 0.7977476751061656,
  "column_score": 0.24528301886792453,
  "time_ms": 144
}