{
  "sum_of_pairs": 0.7497380755445272,
  "column_score": 0.14102564102564102,
  "time_ms": 66
}