{
  "sum_of_pairs": 0.7136207613896401,
  "column_score": 0.24342105263157895,
  "time_ms": 172
}