{
  "sum_of_pairs": 0.9309858423476474,
  "column_score": 0.14027149321266968,
  "time_ms": 3486
}