{
  "sum_of_pairs": 0.8298488770142773,
  "column_score": 0.2305084745762712,
  "time_ms": 824
}