{
  "sum_of_pairs": 0.866908797417272,
  "column_score": 0.0761904761904762,
  "time_ms": 635
}