{
  "sum_of_pairs": 0.7273767422508841,
  "column_score": 0.2894736842105263,
  "time_ms": 89
}