{
  "sum_of_pairs": 0.8967391304347826,
  "column_score": 0.572463768115942,
  "time_ms": 23
}