{
  "sum_of_pairs": 0.9681358717712634,
  "column_score": 0.5092592592592593,
  "time_ms": 4231
}