{
  "sum_of_pairs": 0.9255671468786223,
  "column_score": 0.030303030303030304,
  "time_ms": 278
}