{
  "sum_of_pairs": 0.9322735552243749,
  "column_score": 0.030303030303030304,
  "time_ms": 142
}