{
  "sum_of_pairs": 0.9512352637264572,
  "column_score": 0.33774834437086093,
  "time_ms": 997
}