{
  "sum_of_pairs": 0.927187399549984,
  "column_score": 0.39344262295081966,
  "time_ms": 583
}