{
  "sum_of_pairs": 0.9126652959200129,
  "column_score": 0.22916666666666666,
  "time_ms": 869
}