{
  "sum_of_pairs": 0.9133607482664087,
  "column_score": 0.22916666666666666,
  "time_ms": 458
}