{
  "sum_of_pairs": 0.9056782195636875,
  "column_score": 0.5892857142857143,
  "time_ms": 202
}