{
  "sum_of_pairs": 0.8704062415926823,
  "column_score": 0.12380952380952381,
  "time_ms": 312
}