{
  "sum_of_pairs": 0.9034130893736805,
  "column_score": 0.5803571428571429,
  "time_ms": 366
}