{
  "sum_of_pairs": 0.9671463916746935,
  "column_score": 0.4594594594594595,
  "time_ms": 437
}