{
  "sum_of_pairs": 0.730587592451652,
  "column_score": 0.016129032258064516,
  "time_ms": 1099
}