{
  "sum_of_pairs": 0.9693115328640589,
  "column_score": 0.5833333333333334,
  "time_ms": 2733
}