{
  "sum_of_pairs": 0.9478726660544843,
  "column_score": 0.2537878787878788,
  "time_ms": 1785
}