{
  "sum_of_pairs": 0.9517026323844505,
  "column_score": 0.29545454545454547,
  "time_ms": 923
}