{
  "sum_of_pairs": 0.731504790898269,
  "column_score": 0.016129032258064516,
  "time_ms": 615
}