{
  "sum_of_pairs": 0.7949255496425308,
  "column_score": 0.2358490566037736,
  "time_ms": 258
}