{
  "sum_of_pairs": 0.9296646308796743,
  "column_score": 0.4207650273224044,
  "time_ms": 274
}