{
  "sum_of_pairs": 0.9151774338293134,
  "column_score": 0.2748091603053435,
  "time_ms": 2694
}