{
  "sum_of_pairs": 0.7603029412298922,
  "column_score": 0.05236949869339352,
  "time_ms": 866
}