{
  "sum_of_pairs": 0.7603029412298922,
  "column_score": 0.05236949869339353,
  "time_ms": 815
}