{
  "sum_of_pairs": 0.8871137504293201,
  "column_score": 0.08396946564885496,
  "time_ms": 1897
}