{
  "sum_of_pairs": 0.7675377807464306,
  "column_score": 0.16271186440677965,
  "time_ms": 711
}