{
  "sum_of_pairs": 0.9523957920184335,
  "column_score": 0.3108108108108108,
  "time_ms": 828
}