{
  "sum_of_pairs": 0.8351226829529627,
  "column_score": 0.16393442622950818,
  "time_ms": 527
}