{
  "sum_of_pairs": 0.7182309964867455,
  "column_score": 0.034653465346534656,
  "time_ms": 354
}