{
  "sum_of_pairs": 0.9251606978879706,
  "column_score": 0.16287878787878787,
  "time_ms": 1277
}