{
  "sum_of_pairs": 0.9404286336590534,
  "column_score": 0.38425925925925924,
  "time_ms": 3225
}