{
  "sum_of_pairs": 0.9357613691340106,
  "column_score": 0.2361111111111111,
  "time_ms": 718
}