{
  "sum_of_pairs": 0.6303064618741129,
  "column_score": 0.36526803092806975,
  "time_ms": 25
}