{
  "sum_of_pairs": 0.8300492610837439,
  "column_score": 0.7118226600985221,
  "time_ms": 20
}