{
  "sum_of_pairs": 0.7497394204711277,
  "column_score": 0.0975609756097561,
  "time_ms": 49
}