{
  "sum_of_pairs": 0.39854014598540144,
  "column_score": 0.08759124087591241,
  "time_ms": 5
}