{
  "sum_of_pairs": 0.8467153284671532,
  "column_score": 0.708029197080292,
  "time_ms": 9
}