{
  "sum_of_pairs": 0.9088771310993533,
  "column_score": 0.8024691358024691,
  "time_ms": 6
}