{
  "sum_of_pairs": 0.4606625258799172,
  "column_score": 0.043478260869565216,
  "time_ms": 2
}