{
  "sum_of_pairs": 0.5144927536231884,
  "column_score": 0.42028985507246375,
  "time_ms": 1
}