{
  "sum_of_pairs": 0.9541343669250646,
  "column_score": 0.813953488372093,
  "time_ms": 3
}