{
  "sum_of_pairs": 0.716860630144763,
  "column_score": 0.16236162361623616,
  "time_ms": 42
}