{
  "sum_of_pairs": 0.39337474120082816,
  "column_score": 0.06832298136645963,
  "time_ms": 16
}