{
  "sum_of_pairs": 0.8215229215229215,
  "column_score": 0.4358974358974359,
  "time_ms": 39
}