{
  "sum_of_pairs": 0.609073359073359,
  "column_score": 0.4594594594594595,
  "time_ms": 2
}