{
  "sum_of_pairs": 0.7542970690511674,
  "column_score": 0.5469448584202683,
  "time_ms": 97
}