{
  "sum_of_pairs": 0.36467532467532465,
  "column_score": 0.42857142857142855,
  "time_ms": 4
}