{
  "sum_of_pairs": 0.44543650793650796,
  "column_score": 0.27976190476190477,
  "time_ms": 3
}