{
  "sum_of_pairs": 0.5931623931623932,
  "column_score": 0.2564102564102564,
  "time_ms": 1
}