{
  "sum_of_pairs": 0.6692037470725996,
  "column_score": 0.44388398486759145,
  "time_ms": 59
}