{
  "sum_of_pairs": 0.8336291038154392,
  "column_score": 0.7060041407867494,
  "time_ms": 37
}