{
  "sum_of_pairs": 0.793939393939394,
  "column_score": 0.7166666666666667,
  "time_ms": 11
}