{
  "sum_of_pairs": 0.8455223880597015,
  "column_score": 0.7701492537313432,
  "time_ms": 17
}