{
  "sum_of_pairs": 0.3719512195121951,
  "column_score": 0.24390243902439024,
  "time_ms": 5
}