{
  "sum_of_pairs": 0.6839924670433145,
  "column_score": 0.288135593220339,
  "time_ms": 26
}