{
  "sum_of_pairs": 0.6903959035843636,
  "column_score": 0.012738853503184714,
  "time_ms": 40
}