{
  "sum_of_pairs": 0.6359239382495196,
  "column_score": 0.2441860465116279,
  "time_ms": 73
}