{
  "sum_of_pairs": 0.656929955290611,
  "column_score": 0.3975409836065574,
  "time_ms": 32
}