{
  "sum_of_pairs": 0.9203634085213033,
  "column_score": 0.6776315789473685,
  "time_ms": 26
}