{
  "sum_of_pairs": 0.7244136460554371,
  "column_score": 0.4701492537313433,
  "time_ms": 17
}