{
  "sum_of_pairs": 0.6954143201930812,
  "column_score": 0.2920353982300885,
  "time_ms": 50
}