{
  "sum_of_pairs": 0.5495006887052342,
  "column_score": 0.2840909090909091,
  "time_ms": 102
}