{
  "sum_of_pairs": 0.7171710329058195,
  "column_score": 0.32834909901379605,
  "time_ms": 511
}