{
  "sum_of_pairs": 0.7222384631099481,
  "column_score": 0.34251934479866375,
  "time_ms": 309
}