{
  "sum_of_pairs": 0.9447789614533477,
  "column_score": 0.8582677165354331,
  "time_ms": 31
}