{
  "sum_of_pairs": 0.8683346698743651,
  "column_score": 0.5069767441860465,
  "time_ms": 528
}