{
  "sum_of_pairs": 0.8370557986031161,
  "column_score": 0.594059405940594,
  "time_ms": 1200
}