{
  "sum_of_pairs": 0.8718518518518519,
  "column_score": 0.10666666666666667,
  "time_ms": 339
}