{
  "sum_of_pairs": 0.8747223379147577,
  "column_score": 0.40816326530612246,
  "time_ms": 1164
}