{
  "sum_of_pairs": 0.6831912126029773,
  "column_score": 0.14189189189189189,
  "time_ms": 329
}