{
  "sum_of_pairs": 0.6202734672601147,
  "column_score": 0.26380368098159507,
  "time_ms": 91
}