{
  "sum_of_pairs": 0.8912440645773979,
  "column_score": 0.7283950617283951,
  "time_ms": 68
}