{
  "sum_of_pairs": 0.6790721202485909,
  "column_score": 0.14189189189189189,
  "time_ms": 643
}