{
  "sum_of_pairs": 0.6145394763222263,
  "column_score": 0.2392638036809816,
  "time_ms": 166
}