{
  "sum_of_pairs": 0.7877170956267001,
  "column_score": 0.09876543209876543,
  "time_ms": 1567
}