{
  "sum_of_pairs": 0.7014749262536873,
  "column_score": 0.2831858407079646,
  "time_ms": 249
}