{
  "sum_of_pairs": 0.8389197723759086,
  "column_score": 0.6138613861386139,
  "time_ms": 612
}