{
  "sum_of_pairs": 0.8902564102564102,
  "column_score": 0.7160493827160493,
  "time_ms": 126
}