{
  "sum_of_pairs": 0.9221684053651267,
  "column_score": 0.7438524590163934,
  "time_ms": 49
}