{
  "sum_of_pairs": 0.8726745800360961,
  "column_score": 0.3877551020408163,
  "time_ms": 1691
}