{
  "sum_of_pairs": 0.7008709088355106,
  "column_score": 0.2831858407079646,
  "time_ms": 440
}