{
  "sum_of_pairs": 0.9440069991251093,
  "column_score": 0.8582677165354331,
  "time_ms": 67
}