{
  "sum_of_pairs": 0.1485057068931535,
  "column_score": 0.028404038309438762,
  "time_ms": 9
}