{
  "sum_of_pairs": 0.09355102858604716,
  "column_score": 0.0113954535074715,
  "time_ms": 8
}