{
  "sum_of_pairs": 0.15026353514827512,
  "column_score": 0.030938151369867616,
  "time_ms": 4
}