{
  "sum_of_pairs": 0.14850570689315354,
  "column_score": 0.028404038309438762,
  "time_ms": 15
}