{
  "sum_of_pairs": 0.23835978835978835,
  "column_score": 0.1037037037037037,
  "time_ms": 8
}