{
  "sum_of_pairs": 0.25872442839951865,
  "column_score": 0.06859205776173286,
  "time_ms": 22
}