{
  "sum_of_pairs": 0.17346938775510204,
  "column_score": 0.12244897959183673,
  "time_ms": 1
}