{
  "sum_of_pairs": 0.24829931972789115,
  "column_score": 0.12244897959183673,
  "time_ms": 1
}