{
  "sum_of_pairs": 0.36084656084656086,
  "column_score": 0.17777777777777778,
  "time_ms": 5
}