{
  "sum_of_pairs": 0.54421768707483,
  "column_score": 0.5306122448979592,
  "time_ms": 3
}