{
  "sum_of_pairs": 0.2138047138047138,
  "column_score": 0.09595959595959595,
  "time_ms": 5
}