{
  "sum_of_pairs": 0.16666666666666666,
  "column_score": 0.09271523178807947,
  "time_ms": 2
}