{
  "sum_of_pairs": 0.09628154050464807,
  "column_score": 0.027888446215139442,
  "time_ms": 3
}