{
  "sum_of_pairs": 0.5814491352730773,
  "column_score": 0.16077186703116253,
  "time_ms": 123
}