{
  "sum_of_pairs": 0.8742198100407056,
  "column_score": 0.321875,
  "time_ms": 993
}