{
  "sum_of_pairs": 0.8384415584415584,
  "column_score": 0.5771428571428572,
  "time_ms": 47
}