{
  "sum_of_pairs": 0.6880827505827506,
  "column_score": 0.1971153846153846,
  "time_ms": 230
}