{
  "sum_of_pairs": 0.5812186379928316,
  "column_score": 0.20967741935483872,
  "time_ms": 27
}