{
  "sum_of_pairs": 0.8305037532254281,
  "column_score": 0.02976190476190476,
  "time_ms": 112
}