{
  "sum_of_pairs": 0.46108922037714606,
  "column_score": 0.19736842105263158,
  "time_ms": 99
}