{
  "sum_of_pairs": 0.595112517580872,
  "column_score": 0.310126582278481,
  "time_ms": 17
}