{
  "sum_of_pairs": 0.8285852785442613,
  "column_score": 0.6446540880503144,
  "time_ms": 129
}