{
  "sum_of_pairs": 0.8459761198057204,
  "column_score": 0.6192660550458715,
  "time_ms": 87
}