{
  "sum_of_pairs": 0.5317296204392978,
  "column_score": 0.04838709677419355,
  "time_ms": 142
}