{
  "sum_of_pairs": 0.5905314009661836,
  "column_score": 0.23333333333333334,
  "time_ms": 103
}