{
  "sum_of_pairs": 0.4580246913580247,
  "column_score": 0.15432098765432098,
  "time_ms": 19
}