{
  "sum_of_pairs": 0.6676515151515151,
  "column_score": 0.19318181818181818,
  "time_ms": 62
}