{
  "sum_of_pairs": 0.787503278258589,
  "column_score": 0.5447154471544715,
  "time_ms": 108
}