{
  "sum_of_pairs": 0.5677179962894249,
  "column_score": 0.05714285714285714,
  "time_ms": 25
}