{
  "sum_of_pairs": 0.5989202368512714,
  "column_score": 0.3764367816091954,
  "time_ms": 35
}