{
  "sum_of_pairs": 0.716070072037729,
  "column_score": 0.33472157744482967,
  "time_ms": 371
}