{
  "sum_of_pairs": 0.7233307938965232,
  "column_score": 0.3518826335010887,
  "time_ms": 214
}