{
  "sum_of_pairs": 0.9014488104784817,
  "column_score": 0.6558139534883721,
  "time_ms": 225
}