{
  "sum_of_pairs": 0.8919223985890653,
  "column_score": 0.41333333333333333,
  "time_ms": 122
}