{
  "sum_of_pairs": 0.8279709843120922,
  "column_score": 0.3469387755102041,
  "time_ms": 995
}