{
  "sum_of_pairs": 0.7365171017282168,
  "column_score": 0.26380368098159507,
  "time_ms": 130
}