{
  "sum_of_pairs": 0.8796607009694258,
  "column_score": 0.714765100671141,
  "time_ms": 16
}