{
  "sum_of_pairs": 0.7736346516007533,
  "column_score": 0.3950617283950617,
  "time_ms": 1021
}