{
  "sum_of_pairs": 0.8269325735992402,
  "column_score": 0.6790123456790124,
  "time_ms": 147
}