{
  "sum_of_pairs": 0.7251861216462986,
  "column_score": 0.3893805309734513,
  "time_ms": 200
}