{
  "sum_of_pairs": 0.8022727272727272,
  "column_score": 0.26434426229508196,
  "time_ms": 76
}