{
  "sum_of_pairs": 0.8561889411532515,
  "column_score": 0.6435643564356436,
  "time_ms": 831
}