{
  "sum_of_pairs": 0.8505779269202088,
  "column_score": 0.6208053691275168,
  "time_ms": 45
}