{
  "sum_of_pairs": 0.7187537591723806,
  "column_score": 0.26380368098159507,
  "time_ms": 123
}