{
  "sum_of_pairs": 0.8314150047483381,
  "column_score": 0.6790123456790124,
  "time_ms": 63
}