{
  "sum_of_pairs": 0.8932905640203154,
  "column_score": 0.6093023255813953,
  "time_ms": 441
}