{
  "sum_of_pairs": 0.7159853912066302,
  "column_score": 0.36283185840707965,
  "time_ms": 401
}