{
  "sum_of_pairs": 0.8766918841027225,
  "column_score": 0.7401574803149606,
  "time_ms": 39
}