{
  "sum_of_pairs": 0.7990653553742066,
  "column_score": 0.3950617283950617,
  "time_ms": 1994
}