{
  "sum_of_pairs": 0.914782143811815,
  "column_score": 0.641860465116279,
  "time_ms": 517
}