{
  "sum_of_pairs": 0.6747482776894541,
  "column_score": 0.08108108108108109,
  "time_ms": 532
}