{
  "sum_of_pairs": 0.7328281005653795,
  "column_score": 0.26380368098159507,
  "time_ms": 65
}