{
  "sum_of_pairs": 0.8577788011359275,
  "column_score": 0.6435643564356436,
  "time_ms": 941
}