{
  "sum_of_pairs": 0.6866599219540396,
  "column_score": 0.08108108108108109,
  "time_ms": 423
}