{
  "sum_of_pairs": 0.8664550264550265,
  "column_score": 0.26666666666666666,
  "time_ms": 270
}