{
  "sum_of_pairs": 0.813301043219076,
  "column_score": 0.26639344262295084,
  "time_ms": 93
}