{
  "sum_of_pairs": 0.7210844219693777,
  "column_score": 0.3805309734513274,
  "time_ms": 410
}