{
  "sum_of_pairs": 0.7732859036060543,
  "column_score": 0.3950617283950617,
  "time_ms": 1681
}