{
  "sum_of_pairs": 0.829363722697056,
  "column_score": 0.654320987654321,
  "time_ms": 135
}