{
  "sum_of_pairs": 0.8890652557319224,
  "column_score": 0.37333333333333335,
  "time_ms": 220
}