{
  "sum_of_pairs": 0.718484620380484,
  "column_score": 0.29759282903614154,
  "time_ms": 455
}