{
  "sum_of_pairs": 0.7247139952616984,
  "column_score": 0.3141627637535717,
  "time_ms": 237
}