{
  "sum_of_pairs": 0.848994708994709,
  "column_score": 0.14666666666666667,
  "time_ms": 271
}