{
  "sum_of_pairs": 0.8555983617936971,
  "column_score": 0.41836734693877553,
  "time_ms": 779
}