{
  "sum_of_pairs": 0.7204378683988933,
  "column_score": 0.24539877300613497,
  "time_ms": 139
}