{
  "sum_of_pairs": 0.7392470852647843,
  "column_score": 0.26548672566371684,
  "time_ms": 443
}