{
  "sum_of_pairs": 0.6592026825633382,
  "column_score": 0.11270491803278689,
  "time_ms": 85
}