{
  "sum_of_pairs": 0.8705413105413106,
  "column_score": 0.7654320987654321,
  "time_ms": 151
}