{
  "sum_of_pairs": 0.8531080799666806,
  "column_score": 0.3979591836734694,
  "time_ms": 1484
}