{
  "sum_of_pairs": 0.852663139329806,
  "column_score": 0.13333333333333333,
  "time_ms": 237
}