{
  "sum_of_pairs": 0.6629657228017883,
  "column_score": 0.11270491803278689,
  "time_ms": 44
}