{
  "sum_of_pairs": 0.8944817300521999,
  "column_score": 0.7651006711409396,
  "time_ms": 63
}