{
  "sum_of_pairs": 0.6631892697466468,
  "column_score": 0.10655737704918032,
  "time_ms": 97
}