{
  "sum_of_pairs": 0.8330820636193531,
  "column_score": 0.4511627906976744,
  "time_ms": 615
}