{
  "sum_of_pairs": 0.9161073825503355,
  "column_score": 0.8288590604026845,
  "time_ms": 17
}