{
  "sum_of_pairs": 0.7526835740052411,
  "column_score": 0.504950495049505,
  "time_ms": 493
}