{
  "sum_of_pairs": 0.7578807714658509,
  "column_score": 0.4752475247524752,
  "time_ms": 1027
}