{
  "sum_of_pairs": 0.6915859709977357,
  "column_score": 0.19594594594594594,
  "time_ms": 531
}