{
  "sum_of_pairs": 0.5575632097371228,
  "column_score": 0.047619047619047616,
  "time_ms": 32
}