{
  "sum_of_pairs": 0.9253355704697986,
  "column_score": 0.8456375838926175,
  "time_ms": 36
}