{
  "sum_of_pairs": 0.7861407546906606,
  "column_score": 0.41975308641975306,
  "time_ms": 1145
}