{
  "sum_of_pairs": 0.7125786920085008,
  "column_score": 0.25153374233128833,
  "time_ms": 144
}