{
  "sum_of_pairs": 0.735047057170951,
  "column_score": 0.36283185840707965,
  "time_ms": 463
}