{
  "sum_of_pairs": 0.5381767990463643,
  "column_score": 0.031746031746031744,
  "time_ms": 58
}