{
  "sum_of_pairs": 0.7473767310285846,
  "column_score": 0.46534653465346537,
  "time_ms": 865
}