{
  "sum_of_pairs": 0.7434049726085125,
  "column_score": 0.26548672566371684,
  "time_ms": 206
}