{
  "sum_of_pairs": 0.8188672665132175,
  "column_score": 0.37037037037037035,
  "time_ms": 1785
}