{
  "sum_of_pairs": 0.9179146724306521,
  "column_score": 0.7874015748031497,
  "time_ms": 38
}