{
  "sum_of_pairs": 0.8370168404170008,
  "column_score": 0.5069767441860465,
  "time_ms": 516
}