{
  "sum_of_pairs": 0.5002825607423345,
  "column_score": 0.0346450001093964,
  "time_ms": 760
}