{
  "sum_of_pairs": 0.657156462585034,
  "column_score": 0.03333333333333333,
  "time_ms": 429
}