{
  "sum_of_pairs": 0.7188990103463788,
  "column_score": 0.1286549707602339,
  "time_ms": 510
}