{
  "sum_of_pairs": 0.4378062430046014,
  "column_score": 0.12941176470588237,
  "time_ms": 103
}