{
  "sum_of_pairs": 0.7518267493546265,
  "column_score": 0.34523809523809523,
  "time_ms": 2117
}