{
  "sum_of_pairs": 0.7199064902646621,
  "column_score": 0.29241607767254385,
  "time_ms": 990
}