{
  "sum_of_pairs": 0.7172331261362067,
  "column_score": 0.2758928749339705,
  "time_ms": 1809
}