{
  "sum_of_pairs": 0.661180924338819,
  "column_score": 0.08791208791208792,
  "time_ms": 1591
}