{
  "sum_of_pairs": 0.8510340136054422,
  "column_score": 0.48333333333333334,
  "time_ms": 1132
}