{
  "sum_of_pairs": 0.5866049845794782,
  "column_score": 0.1937984496124031,
  "time_ms": 199
}