{
  "sum_of_pairs": 0.6680056710775047,
  "column_score": 0.41304347826086957,
  "time_ms": 37
}