{
  "sum_of_pairs": 0.753674916055217,
  "column_score": 0.4235294117647059,
  "time_ms": 139
}