{
  "sum_of_pairs": 0.7326592517694641,
  "column_score": 0.4434782608695652,
  "time_ms": 2339
}