{
  "sum_of_pairs": 0.8964058497893085,
  "column_score": 0.3643724696356275,
  "time_ms": 2129
}