{
  "sum_of_pairs": 0.6943187531422825,
  "column_score": 0.2850678733031674,
  "time_ms": 585
}