{
  "sum_of_pairs": 0.7129186602870813,
  "column_score": 0.13636363636363635,
  "time_ms": 22
}