{
  "sum_of_pairs": 0.7670033115310476,
  "column_score": 0.08791208791208792,
  "time_ms": 8547
}