{
  "sum_of_pairs": 0.9541485112563544,
  "column_score": 0.7794117647058824,
  "time_ms": 1298
}