{
  "sum_of_pairs": 0.9536174655047204,
  "column_score": 0.7794117647058824,
  "time_ms": 3032
}