{
  "sum_of_pairs": 0.7510633005845044,
  "column_score": 0.4117647058823529,
  "time_ms": 252
}