{
  "sum_of_pairs": 0.5922179360093633,
  "column_score": 0.06451612903225806,
  "time_ms": 475
}