{
  "sum_of_pairs": 0.6599227839829344,
  "column_score": 0.08791208791208792,
  "time_ms": 1261
}