{
  "sum_of_pairs": 0.8361085229378938,
  "column_score": 0.6071428571428571,
  "time_ms": 5066
}