{
  "sum_of_pairs": 0.6620409665522448,
  "column_score": 0.08791208791208792,
  "time_ms": 683
}