{
  "sum_of_pairs": 0.7241669840060929,
  "column_score": 0.4752475247524752,
  "time_ms": 1794
}