{
  "sum_of_pairs": 0.9209717223415853,
  "column_score": 0.636986301369863,
  "time_ms": 2789
}