{
  "sum_of_pairs": 0.7258668887170642,
  "column_score": 0.4434782608695652,
  "time_ms": 5586
}