{
  "sum_of_pairs": 0.6635948330182735,
  "column_score": 0.41304347826086957,
  "time_ms": 50
}