{
  "sum_of_pairs": 0.8864277010093579,
  "column_score": 0.48695652173913045,
  "time_ms": 1355
}