{
  "sum_of_pairs": 0.8371935447593343,
  "column_score": 0.4853801169590643,
  "time_ms": 1140
}