{
  "sum_of_pairs": 0.8716307856590527,
  "column_score": 0.21359223300970873,
  "time_ms": 7263
}