{
  "sum_of_pairs": 0.9219182643840178,
  "column_score": 0.6986301369863014,
  "time_ms": 1444
}