{
  "sum_of_pairs": 0.8663284155487094,
  "column_score": 0.21359223300970873,
  "time_ms": 3194
}