{
  "sum_of_pairs": 0.6958701429289664,
  "column_score": 0.2850678733031674,
  "time_ms": 725
}