{
  "sum_of_pairs": 0.6404491025120104,
  "column_score": 0.10465116279069768,
  "time_ms": 4211
}