{
  "sum_of_pairs": 0.7658127098619575,
  "column_score": 0.4588235294117647,
  "time_ms": 328
}