{
  "sum_of_pairs": 0.7086124401913876,
  "column_score": 0.13636363636363635,
  "time_ms": 18
}