{
  "sum_of_pairs": 0.8287284610814023,
  "column_score": 0.3409090909090909,
  "time_ms": 26
}