{
  "sum_of_pairs": 0.7434544065560108,
  "column_score": 0.36363636363636365,
  "time_ms": 126
}