{
  "sum_of_pairs": 0.9527369281045751,
  "column_score": 0.7794117647058824,
  "time_ms": 2398
}