{
  "sum_of_pairs": 0.593056597482704,
  "column_score": 0.20155038759689922,
  "time_ms": 486
}