{
  "sum_of_pairs": 0.8413096041385515,
  "column_score": 0.49122807017543857,
  "time_ms": 1426
}