{
  "sum_of_pairs": 0.8656487425281996,
  "column_score": 0.21359223300970873,
  "time_ms": 5883
}