{
  "sum_of_pairs": 0.8893109235969007,
  "column_score": 0.4956521739130435,
  "time_ms": 1525
}