{
  "sum_of_pairs": 0.8211527035056447,
  "column_score": 0.29545454545454547,
  "time_ms": 61
}