{
  "sum_of_pairs": 0.8345723168992683,
  "column_score": 0.5476190476190477,
  "time_ms": 4078
}