{
  "sum_of_pairs": 0.462987012987013,
  "column_score": 0.36363636363636365,
  "time_ms": 96
}