{
  "sum_of_pairs": 0.8086682024645209,
  "column_score": 0.010638297872340425,
  "time_ms": 5392
}