{
  "sum_of_pairs": 0.7831326095194161,
  "column_score": 0.24175824175824176,
  "time_ms": 6965
}