{
  "sum_of_pairs": 0.7255378903274943,
  "column_score": 0.3564356435643564,
  "time_ms": 1482
}