{
  "sum_of_pairs": 0.8898058332644799,
  "column_score": 0.3076923076923077,
  "time_ms": 918
}