{
  "sum_of_pairs": 0.5835792281403684,
  "column_score": 0.1937984496124031,
  "time_ms": 395
}