{
  "sum_of_pairs": 0.7411394309790031,
  "column_score": 0.36363636363636365,
  "time_ms": 222
}