{
  "sum_of_pairs": 0.8375506072874493,
  "column_score": 0.49122807017543857,
  "time_ms": 606
}