{
  "sum_of_pairs": 0.0922830187420828,
  "column_score": 0.013698858542042195,
  "time_ms": 7
}