{
  "sum_of_pairs": 0.15272244355909695,
  "column_score": 0.027888446215139442,
  "time_ms": 2
}