{
  "sum_of_pairs": 0.23465608465608465,
  "column_score": 0.05185185185185185,
  "time_ms": 11
}