{
  "sum_of_pairs": 0.35034013605442177,
  "column_score": 0.32653061224489793,
  "time_ms": 0
}