{
  "sum_of_pairs": 0.2272108843537415,
  "column_score": 0.11428571428571428,
  "time_ms": 5
}