{
  "sum_of_pairs": 0.0732398947031595,
  "column_score": 0.016368301706647572,
  "time_ms": 15
}