{
  "sum_of_pairs": 0.18503401360544217,
  "column_score": 0.12857142857142856,
  "time_ms": 5
}