{
  "sum_of_pairs": 0.3673469387755102,
  "column_score": 0.4489795918367347,
  "time_ms": 2
}