{
  "sum_of_pairs": 0.18306878306878308,
  "column_score": 0.044444444444444446,
  "time_ms": 16
}