{
  "sum_of_pairs": 0.4505626134966274,
  "column_score": 0.17148276752884606,
  "time_ms": 19
}