{
  "sum_of_pairs": 0.32367149758454106,
  "column_score": 0.14492753623188406,
  "time_ms": 0
}