{
  "sum_of_pairs": 0.6283783783783784,
  "column_score": 0.05405405405405406,
  "time_ms": 1
}