{
  "sum_of_pairs": 0.7300995024875622,
  "column_score": 0.6268656716417911,
  "time_ms": 13
}