{
  "sum_of_pairs": 0.4952919020715631,
  "column_score": 0.15819209039548024,
  "time_ms": 18
}