{
  "sum_of_pairs": 0.7034883720930233,
  "column_score": 0.20930232558139536,
  "time_ms": 1
}