{
  "sum_of_pairs": 0.788034188034188,
  "column_score": 0.6153846153846154,
  "time_ms": 0
}