{
  "sum_of_pairs": 0.578125,
  "column_score": 0.3854166666666667,
  "time_ms": 1
}