{
  "sum_of_pairs": 0.7439741328630217,
  "column_score": 0.4444444444444444,
  "time_ms": 4
}