{
  "sum_of_pairs": 0.44671658986175117,
  "column_score": 0.12096774193548387,
  "time_ms": 7
}