{
  "sum_of_pairs": 0.5947757743874249,
  "column_score": 0.27184466019417475,
  "time_ms": 9
}