{
  "sum_of_pairs": 0.5436991869918699,
  "column_score": 0.4634146341463415,
  "time_ms": 3
}