{
  "sum_of_pairs": 0.4477893691008445,
  "column_score": 0.12220566318926974,
  "time_ms": 66
}