{
  "sum_of_pairs": 0.5012437810945274,
  "column_score": 0.23507462686567165,
  "time_ms": 15
}