{
  "sum_of_pairs": 0.6137469586374696,
  "column_score": 0.10218978102189781,
  "time_ms": 6
}