{
  "sum_of_pairs": 0.4427710843373494,
  "column_score": 0.24096385542168675,
  "time_ms": 1
}