{
  "sum_of_pairs": 0.5049401578813344,
  "column_score": 0.11428571428571428,
  "time_ms": 141
}