{
  "sum_of_pairs": 0.6608374384236453,
  "column_score": 0.4482758620689655,
  "time_ms": 13
}