{
  "sum_of_pairs": 0.8431372549019608,
  "column_score": 0.8627450980392157,
  "time_ms": 2
}