{
  "sum_of_pairs": 0.363013698630137,
  "column_score": 0.1095890410958904,
  "time_ms": 5
}