{
  "sum_of_pairs": 0.6755952380952381,
  "column_score": 0.48214285714285715,
  "time_ms": 2
}