{
  "sum_of_pairs": 0.1796875,
  "column_score": 0.015625,
  "time_ms": 1
}