{
  "sum_of_pairs": 0.5194862155388471,
  "column_score": 0.09210526315789473,
  "time_ms": 22
}