{
  "sum_of_pairs": 0.3139344262295082,
  "column_score": 0.06967213114754098,
  "time_ms": 24
}