{
  "sum_of_pairs": 0.5459806003080637,
  "column_score": 0.1464968152866242,
  "time_ms": 33
}