{
  "sum_of_pairs": 0.33640552995391704,
  "column_score": 0.12442396313364056,
  "time_ms": 1
}