{
  "sum_of_pairs": 0.6425157725997637,
  "column_score": 0.024550243596942495,
  "time_ms": 1155
}