{
  "sum_of_pairs": 0.8796357012750455,
  "column_score": 0.23497267759562843,
  "time_ms": 660
}