{
  "sum_of_pairs": 0.7561963527280288,
  "column_score": 0.12037037037037036,
  "time_ms": 3697
}