{
  "sum_of_pairs": 0.9148993904984554,
  "column_score": 0.06779661016949153,
  "time_ms": 257
}