{
  "sum_of_pairs": 0.4406334512169752,
  "column_score": 0.05921052631578947,
  "time_ms": 178
}