{
  "sum_of_pairs": 0.8909003342965607,
  "column_score": 0.3581081081081081,
  "time_ms": 1212
}