{
  "sum_of_pairs": 0.6667946898221592,
  "column_score": 0.16610169491525423,
  "time_ms": 1501
}