{
  "sum_of_pairs": 0.6967075102108861,
  "column_score": 0.3953488372093023,
  "time_ms": 413
}