{
  "sum_of_pairs": 0.8191761024058418,
  "column_score": 0.0425531914893617,
  "time_ms": 4737
}