{
  "sum_of_pairs": 0.9322481171796241,
  "column_score": 0.6712328767123288,
  "time_ms": 2937
}