{
  "sum_of_pairs": 0.6627372627372627,
  "column_score": 0.08571428571428572,
  "time_ms": 318
}