{
  "sum_of_pairs": 0.5926819783951939,
  "column_score": 0.07142857142857142,
  "time_ms": 7636
}