{
  "sum_of_pairs": 0.8056460639223977,
  "column_score": 0.5411764705882353,
  "time_ms": 268
}