{
  "sum_of_pairs": 0.8614861005331302,
  "column_score": 0.7227722772277227,
  "time_ms": 1468
}