{
  "sum_of_pairs": 0.9427659694107062,
  "column_score": 0.7894736842105263,
  "time_ms": 702
}