{
  "sum_of_pairs": 0.865405808862573,
  "column_score": 0.6865079365079365,
  "time_ms": 3337
}