{
  "sum_of_pairs": 0.6956093499078094,
  "column_score": 0.11304347826086956,
  "time_ms": 5245
}