{
  "sum_of_pairs": 0.8651712034838481,
  "column_score": 0.6825396825396826,
  "time_ms": 4667
}