{
  "sum_of_pairs": 0.8191869689000935,
  "column_score": 0.0425531914893617,
  "time_ms": 2457
}