{
  "sum_of_pairs": 0.9336576665343789,
  "column_score": 0.726027397260274,
  "time_ms": 1582
}