{
  "sum_of_pairs": 0.7604763985009082,
  "column_score": 0.3826086956521739,
  "time_ms": 786
}