{
  "sum_of_pairs": 0.7219277454571572,
  "column_score": 0.3438914027149321,
  "time_ms": 445
}