{
  "sum_of_pairs": 0.6732041587901701,
  "column_score": 0.43478260869565216,
  "time_ms": 23
}