{
  "sum_of_pairs": 0.6708104729495104,
  "column_score": 0.33766233766233766,
  "time_ms": 244
}