{
  "sum_of_pairs": 0.6603654694391935,
  "column_score": 0.3695652173913043,
  "time_ms": 50
}