{
  "sum_of_pairs": 0.7210443151619622,
  "column_score": 0.3393665158371041,
  "time_ms": 788
}