{
  "sum_of_pairs": 0.6999499874968742,
  "column_score": 0.42248062015503873,
  "time_ms": 231
}