{
  "sum_of_pairs": 0.39545454545454545,
  "column_score": 0.1590909090909091,
  "time_ms": 66
}