{
  "sum_of_pairs": 0.5787081339712918,
  "column_score": 0.2727272727272727,
  "time_ms": 35
}