{
  "sum_of_pairs": 0.6403743315508021,
  "column_score": 0.13636363636363635,
  "time_ms": 30
}