{
  "sum_of_pairs": 0.9114302239114269,
  "column_score": 0.3643724696356275,
  "time_ms": 1029
}