{
  "sum_of_pairs": 0.9427434772829509,
  "column_score": 0.7894736842105263,
  "time_ms": 1292
}