{
  "sum_of_pairs": 0.9240653345280031,
  "column_score": 0.5825242718446602,
  "time_ms": 6557
}