{
  "sum_of_pairs": 0.4064935064935065,
  "column_score": 0.1590909090909091,
  "time_ms": 39
}