{
  "sum_of_pairs": 0.6709725212399009,
  "column_score": 0.35064935064935066,
  "time_ms": 133
}