{
  "sum_of_pairs": 0.44299319727891157,
  "column_score": 0.22857142857142856,
  "time_ms": 28
}