{
  "sum_of_pairs": 0.806354930978734,
  "column_score": 0.5529411764705883,
  "time_ms": 158
}