{
  "sum_of_pairs": 0.5555522359521021,
  "column_score": 0.16279069767441862,
  "time_ms": 3737
}