{
  "sum_of_pairs": 0.4420861678004535,
  "column_score": 0.22857142857142856,
  "time_ms": 43
}