{
  "sum_of_pairs": 0.6967227740438946,
  "column_score": 0.1391304347826087,
  "time_ms": 2807
}