{
  "sum_of_pairs": 0.8620239908606245,
  "column_score": 0.7227722772277227,
  "time_ms": 831
}