{
  "sum_of_pairs": 0.5933972630106883,
  "column_score": 0.10714285714285714,
  "time_ms": 4208
}