{
  "sum_of_pairs": 0.8196154669917788,
  "column_score": 0.43956043956043955,
  "time_ms": 6732
}