{
  "sum_of_pairs": 0.7593313866599223,
  "column_score": 0.3565217391304348,
  "time_ms": 1501
}