{
  "sum_of_pairs": 0.9119961873638345,
  "column_score": 0.7352941176470589,
  "time_ms": 1465
}