{
  "sum_of_pairs": 0.9467213114754098,
  "column_score": 0.7991803278688525,
  "time_ms": 323
}