{
  "sum_of_pairs": 0.970917225950783,
  "column_score": 0.8859060402684564,
  "time_ms": 261
}