{
  "sum_of_pairs": 0.892460068354607,
  "column_score": 0.5308641975308642,
  "time_ms": 1219
}