{
  "sum_of_pairs": 0.8288027332144979,
  "column_score": 0.5555555555555556,
  "time_ms": 322
}