{
  "sum_of_pairs": 0.8296803415243649,
  "column_score": 0.5306122448979592,
  "time_ms": 2014
}