{
  "sum_of_pairs": 0.7313507748290357,
  "column_score": 0.07936507936507936,
  "time_ms": 271
}