{
  "sum_of_pairs": 0.9019563152896486,
  "column_score": 0.8641975308641975,
  "time_ms": 265
}