{
  "sum_of_pairs": 0.959825882920518,
  "column_score": 0.7425742574257426,
  "time_ms": 744
}