{
  "sum_of_pairs": 0.8344761217370383,
  "column_score": 0.5153374233128835,
  "time_ms": 620
}