{
  "sum_of_pairs": 0.9728414862336273,
  "column_score": 0.8325581395348837,
  "time_ms": 491
}