{
  "sum_of_pairs": 0.8272871802283567,
  "column_score": 0.5743243243243243,
  "time_ms": 489
}