{
  "sum_of_pairs": 0.8371821885096221,
  "column_score": 0.5575221238938053,
  "time_ms": 458
}