{
  "sum_of_pairs": 0.6390441215194538,
  "column_score": 0.2456836615736283,
  "time_ms": 293
}