{
  "sum_of_pairs": 0.6502247262293194,
  "column_score": 0.26413068790753147,
  "time_ms": 186
}