{
  "sum_of_pairs": 0.6466177473034204,
  "column_score": 0.1656441717791411,
  "time_ms": 95
}