{
  "sum_of_pairs": 0.7513785394932936,
  "column_score": 0.12704918032786885,
  "time_ms": 35
}