{
  "sum_of_pairs": 0.7212596777568528,
  "column_score": 0.2716049382716049,
  "time_ms": 930
}