{
  "sum_of_pairs": 0.7098689598689598,
  "column_score": 0.04054054054054054,
  "time_ms": 381
}