{
  "sum_of_pairs": 0.7832308147758298,
  "column_score": 0.3465346534653465,
  "time_ms": 413
}