{
  "sum_of_pairs": 0.7252843394575678,
  "column_score": 0.4566929133858268,
  "time_ms": 37
}