{
  "sum_of_pairs": 0.8015503875968992,
  "column_score": 0.4232558139534884,
  "time_ms": 389
}