{
  "sum_of_pairs": 0.6439106616097766,
  "column_score": 0.23893805309734514,
  "time_ms": 293
}