{
  "sum_of_pairs": 0.7947578347578348,
  "column_score": 0.6790123456790124,
  "time_ms": 61
}