{
  "sum_of_pairs": 0.8199647266313933,
  "column_score": 0.30666666666666664,
  "time_ms": 118
}