{
  "sum_of_pairs": 0.7405333140627258,
  "column_score": 0.07432432432432433,
  "time_ms": 222
}