{
  "sum_of_pairs": 0.7772989923577075,
  "column_score": 0.33663366336633666,
  "time_ms": 574
}