{
  "sum_of_pairs": 0.7203668828904234,
  "column_score": 0.2716049382716049,
  "time_ms": 1210
}