{
  "sum_of_pairs": 0.792744539411206,
  "column_score": 0.6790123456790124,
  "time_ms": 122
}