{
  "sum_of_pairs": 0.7337394141330001,
  "column_score": 0.2857142857142857,
  "time_ms": 882
}