{
  "sum_of_pairs": 0.7248211620606247,
  "column_score": 0.4566929133858268,
  "time_ms": 56
}