{
  "sum_of_pairs": 0.6512431521281079,
  "column_score": 0.26548672566371684,
  "time_ms": 159
}