{
  "sum_of_pairs": 0.7439261418853256,
  "column_score": 0.3673469387755102,
  "time_ms": 518
}