{
  "sum_of_pairs": 0.8866517524235645,
  "column_score": 0.714765100671141,
  "time_ms": 14
}