{
  "sum_of_pairs": 0.8138572574178027,
  "column_score": 0.4325581395348837,
  "time_ms": 208
}