{
  "sum_of_pairs": 0.3442376292739813,
  "column_score": 0.017395632510662448,
  "time_ms": 493
}