{
  "sum_of_pairs": 0.509493670886076,
  "column_score": 0.06962025316455696,
  "time_ms": 32
}