{
  "sum_of_pairs": 0.7910110149488592,
  "column_score": 0.17886178861788618,
  "time_ms": 292
}