{
  "sum_of_pairs": 0.4437478230581679,
  "column_score": 0.13218390804597702,
  "time_ms": 135
}