{
  "sum_of_pairs": 0.5727969348659003,
  "column_score": 0.20114942528735633,
  "time_ms": 123
}