{
  "sum_of_pairs": 0.6458419031948444,
  "column_score": 0.13942307692307693,
  "time_ms": 998
}