{
  "sum_of_pairs": 0.4404976815528632,
  "column_score": 0.06260267831039953,
  "time_ms": 316
}