{
  "sum_of_pairs": 0.623672814755413,
  "column_score": 0.2930232558139535,
  "time_ms": 319
}