{
  "sum_of_pairs": 0.8281133482475764,
  "column_score": 0.40268456375838924,
  "time_ms": 26
}