{
  "sum_of_pairs": 0.6008359028929409,
  "column_score": 0.36422136030946956,
  "time_ms": 17
}