{
  "sum_of_pairs": 0.5745967741935484,
  "column_score": 0.1774193548387097,
  "time_ms": 9
}