{
  "sum_of_pairs": 0.3096103896103896,
  "column_score": 0.42857142857142855,
  "time_ms": 3
}