{
  "sum_of_pairs": 0.5228174603174603,
  "column_score": 0.4226190476190476,
  "time_ms": 3
}