{
  "sum_of_pairs": 0.7846059229823067,
  "column_score": 0.39114391143911437,
  "time_ms": 29
}