{
  "sum_of_pairs": 0.6915422885572139,
  "column_score": 0.4962686567164179,
  "time_ms": 13
}