{
  "sum_of_pairs": 0.7807915217751283,
  "column_score": 0.624441132637854,
  "time_ms": 50
}