{
  "sum_of_pairs": 0.6004016064257028,
  "column_score": 0.463855421686747,
  "time_ms": 3
}