{
  "sum_of_pairs": 0.6669068636281751,
  "column_score": 0.4854981084489281,
  "time_ms": 39
}