{
  "sum_of_pairs": 0.6621848739495798,
  "column_score": 0.48739495798319327,
  "time_ms": 19
}