{
  "sum_of_pairs": 0.7764714581484767,
  "column_score": 0.6335403726708074,
  "time_ms": 26
}