{
  "sum_of_pairs": 0.826865671641791,
  "column_score": 0.7761194029850746,
  "time_ms": 13
}