{
  "sum_of_pairs": 0.14758064516129032,
  "column_score": 0.04838709677419355,
  "time_ms": 13
}