{
  "sum_of_pairs": 0.4466134279798876,
  "column_score": 0.15527950310559005,
  "time_ms": 12
}