{
  "sum_of_pairs": 0.9387723387723388,
  "column_score": 0.8153846153846154,
  "time_ms": 30
}