{
  "sum_of_pairs": 0.5075327134986226,
  "column_score": 0.21306818181818182,
  "time_ms": 61
}