{
  "sum_of_pairs": 0.48717948717948717,
  "column_score": 0.1282051282051282,
  "time_ms": 1
}