{
  "sum_of_pairs": 0.6227272727272727,
  "column_score": 0.31666666666666665,
  "time_ms": 9
}