{
  "sum_of_pairs": 0.6085692995529061,
  "column_score": 0.4139344262295082,
  "time_ms": 22
}