{
  "sum_of_pairs": 0.7210780370072406,
  "column_score": 0.32964601769911506,
  "time_ms": 32
}