{
  "sum_of_pairs": 0.5125482625482626,
  "column_score": 0.24324324324324326,
  "time_ms": 1
}