{
  "sum_of_pairs": 0.8604554348278589,
  "column_score": 0.5477707006369427,
  "time_ms": 28
}