{
  "sum_of_pairs": 0.8430268918073797,
  "column_score": 0.5934959349593496,
  "time_ms": 32
}