{
  "sum_of_pairs": 0.7719924812030076,
  "column_score": 0.3684210526315789,
  "time_ms": 19
}