{
  "sum_of_pairs": 0.471791597276998,
  "column_score": 0.03381702912392421,
  "time_ms": 686
}