{
  "sum_of_pairs": 0.7547906251356704,
  "column_score": 0.2261904761904762,
  "time_ms": 1824
}