{
  "sum_of_pairs": 0.541300229006376,
  "column_score": 0.04395604395604396,
  "time_ms": 2961
}