{
  "sum_of_pairs": 0.5467700258397933,
  "column_score": 0.08527131782945736,
  "time_ms": 170
}