{
  "sum_of_pairs": 0.7591795996401259,
  "column_score": 0.25146198830409355,
  "time_ms": 450
}