{
  "sum_of_pairs": 0.44889691413755584,
  "column_score": 0.2077922077922078,
  "time_ms": 104
}