{
  "sum_of_pairs": 0.7819942614463162,
  "column_score": 0.0821917808219178,
  "time_ms": 1183
}