{
  "sum_of_pairs": 0.49603927327715114,
  "column_score": 0.1305271036771889,
  "time_ms": 92
}