{
  "sum_of_pairs": 0.7606955527382107,
  "column_score": 0.5786163522012578,
  "time_ms": 117
}