{
  "sum_of_pairs": 0.8030895844576362,
  "column_score": 0.6032110091743119,
  "time_ms": 74
}