{
  "sum_of_pairs": 0.7495161857846587,
  "column_score": 0.023809523809523808,
  "time_ms": 78
}