{
  "sum_of_pairs": 0.7885602052268719,
  "column_score": 0.015151515151515152,
  "time_ms": 74
}