{
  "sum_of_pairs": 0.564148515761419,
  "column_score": 0.14516129032258066,
  "time_ms": 104
}