{
  "sum_of_pairs": 0.7708661159192237,
  "column_score": 0.44715447154471544,
  "time_ms": 80
}