{
  "sum_of_pairs": 0.6460293407302925,
  "column_score": 0.23633428590131475,
  "time_ms": 2883
}