{
  "sum_of_pairs": 0.6511822448756248,
  "column_score": 0.24462322995771799,
  "time_ms": 976
}