{
  "sum_of_pairs": 0.6478221948336759,
  "column_score": 0.2345326667920532,
  "time_ms": 2336
}