{
  "sum_of_pairs": 0.6460698751495484,
  "column_score": 0.23600425289801438,
  "time_ms": 2357
}