{
  "sum_of_pairs": 0.6460293407302926,
  "column_score": 0.23633428590131475,
  "time_ms": 4013
}