{
  "sum_of_pairs": 0.8522239091318039,
  "column_score": 0.3742690058479532,
  "time_ms": 1145
}