{
  "sum_of_pairs": 0.8541783029001074,
  "column_score": 0.12550607287449392,
  "time_ms": 1605
}