{
  "sum_of_pairs": 0.8508044466948577,
  "column_score": 0.4726027397260274,
  "time_ms": 1347
}