{
  "sum_of_pairs": 0.8460375816993464,
  "column_score": 0.6764705882352942,
  "time_ms": 5340
}