{
  "sum_of_pairs": 0.6175891844341043,
  "column_score": 0.2987012987012987,
  "time_ms": 123
}