{
  "sum_of_pairs": 0.5624401913875599,
  "column_score": 0.3181818181818182,
  "time_ms": 29
}