{
  "sum_of_pairs": 0.8495773632759934,
  "column_score": 0.4383561643835616,
  "time_ms": 2783
}