{
  "sum_of_pairs": 0.6703270737470464,
  "column_score": 0.43529411764705883,
  "time_ms": 286
}