{
  "sum_of_pairs": 0.8037816209050851,
  "column_score": 0.3786407766990291,
  "time_ms": 7862
}