{
  "sum_of_pairs": 0.8048241801230087,
  "column_score": 0.010638297872340425,
  "time_ms": 6202
}