{
  "sum_of_pairs": 0.8362147753236863,
  "column_score": 0.5148514851485149,
  "time_ms": 1800
}