{
  "sum_of_pairs": 0.85329228520018,
  "column_score": 0.38596491228070173,
  "time_ms": 598
}