{
  "sum_of_pairs": 0.6653903817322108,
  "column_score": 0.1978021978021978,
  "time_ms": 8907
}