{
  "sum_of_pairs": 0.8447829398324448,
  "column_score": 0.5247524752475248,
  "time_ms": 1710
}