{
  "sum_of_pairs": 0.6320888468809074,
  "column_score": 0.4782608695652174,
  "time_ms": 69
}