{
  "sum_of_pairs": 0.8274489708246904,
  "column_score": 0.3592233009708738,
  "time_ms": 3197
}