{
  "sum_of_pairs": 0.8264977354460987,
  "column_score": 0.3592233009708738,
  "time_ms": 8216
}