{
  "sum_of_pairs": 0.6390317016594302,
  "column_score": 0.16521739130434782,
  "time_ms": 6357
}