{
  "sum_of_pairs": 0.5521797844116734,
  "column_score": 0.16279069767441862,
  "time_ms": 3996
}