{
  "sum_of_pairs": 0.662318119636861,
  "column_score": 0.43529411764705883,
  "time_ms": 561
}