{
  "sum_of_pairs": 0.8541582321187584,
  "column_score": 0.3684210526315789,
  "time_ms": 1740
}