{
  "sum_of_pairs": 0.847786557501904,
  "column_score": 0.5841584158415841,
  "time_ms": 732
}