{
  "sum_of_pairs": 0.7984043409284253,
  "column_score": 0.5043478260869565,
  "time_ms": 681
}