{
  "sum_of_pairs": 0.5577535313941537,
  "column_score": 0.1744186046511628,
  "time_ms": 7960
}