{
  "sum_of_pairs": 0.6076817918923182,
  "column_score": 0.054945054945054944,
  "time_ms": 1982
}