{
  "sum_of_pairs": 0.76109240947238,
  "column_score": 0.3333333333333333,
  "time_ms": 2737
}