{
  "sum_of_pairs": 0.6645336672323179,
  "column_score": 0.1978021978021978,
  "time_ms": 7638
}