{
  "sum_of_pairs": 0.6731127969158065,
  "column_score": 0.43529411764705883,
  "time_ms": 126
}