{
  "sum_of_pairs": 0.8526416122004358,
  "column_score": 0.6470588235294118,
  "time_ms": 2814
}