{
  "sum_of_pairs": 0.7975306371140184,
  "column_score": 0.5043478260869565,
  "time_ms": 2498
}