{
  "sum_of_pairs": 0.6406328436329031,
  "column_score": 0.16521739130434782,
  "time_ms": 2182
}