{
  "sum_of_pairs": 0.6124499386531472,
  "column_score": 0.2987012987012987,
  "time_ms": 367
}