{
  "sum_of_pairs": 0.8368193069306931,
  "column_score": 0.5247524752475248,
  "time_ms": 3057
}