{
  "sum_of_pairs": 0.6951662716368598,
  "column_score": 0.33031674208144796,
  "time_ms": 319
}