{
  "sum_of_pairs": 0.3737012987012987,
  "column_score": 0.09090909090909091,
  "time_ms": 107
}