{
  "sum_of_pairs": 0.6911872441284206,
  "column_score": 0.31221719457013575,
  "time_ms": 643
}