{
  "sum_of_pairs": 0.6647758538313261,
  "column_score": 0.1978021978021978,
  "time_ms": 3590
}