{
  "sum_of_pairs": 0.7539591836734694,
  "column_score": 0.26666666666666666,
  "time_ms": 549
}