{
  "sum_of_pairs": 0.5533963526852936,
  "column_score": 0.16279069767441862,
  "time_ms": 1845
}