{
  "sum_of_pairs": 0.5691387559808613,
  "column_score": 0.3181818181818182,
  "time_ms": 41
}