{
  "sum_of_pairs": 0.8132418101702404,
  "column_score": 0.3786407766990291,
  "time_ms": 9498
}