{
  "sum_of_pairs": 0.8589572833181855,
  "column_score": 0.16194331983805668,
  "time_ms": 887
}