{
  "sum_of_pairs": 0.6137036816748944,
  "column_score": 0.16521739130434782,
  "time_ms": 7120
}