{
  "sum_of_pairs": 0.8552741466957153,
  "column_score": 0.6764705882352942,
  "time_ms": 1352
}