{
  "sum_of_pairs": 0.6398865784499055,
  "column_score": 0.4782608695652174,
  "time_ms": 75
}