{
  "sum_of_pairs": 0.7637695637695637,
  "column_score": 0.17142857142857143,
  "time_ms": 471
}