{
  "sum_of_pairs": 0.6143250688705234,
  "column_score": 0.2987012987012987,
  "time_ms": 210
}