{
  "sum_of_pairs": 0.38225108225108223,
  "column_score": 0.1590909090909091,
  "time_ms": 105
}