{
  "sum_of_pairs": 0.6548053680086688,
  "column_score": 0.2713178294573643,
  "time_ms": 226
}