{
  "sum_of_pairs": 0.8046312998500423,
  "column_score": 0.09574468085106383,
  "time_ms": 7526
}