{
  "sum_of_pairs": 0.649570726014837,
  "column_score": 0.2713178294573643,
  "time_ms": 498
}