{
  "sum_of_pairs": 0.8266720232629323,
  "column_score": 0.3371212121212121,
  "time_ms": 1006
}