{
  "sum_of_pairs": 0.5437419871794872,
  "column_score": 0.18333333333333332,
  "time_ms": 1368
}