{
  "sum_of_pairs": 0.43548050429990814,
  "column_score": 0.05952380952380952,
  "time_ms": 448
}