{
  "sum_of_pairs": 0.5105072463768116,
  "column_score": 0.007246376811594203,
  "time_ms": 42
}