{
  "sum_of_pairs": 0.5544194956785173,
  "column_score": 0.08796296296296297,
  "time_ms": 2361
}