{
  "sum_of_pairs": 0.8378378378378378,
  "column_score": 0.3783783783783784,
  "time_ms": 506
}