{
  "sum_of_pairs": 0.15560030112332177,
  "column_score": 0.02620356022826516,
  "time_ms": 16
}