{
  "sum_of_pairs": 0.15560030112332177,
  "column_score": 0.026203560228265158,
  "time_ms": 17
}