{
  "sum_of_pairs": 0.4359823399558499,
  "column_score": 0.2052980132450331,
  "time_ms": 6
}