{
  "sum_of_pairs": 0.35423280423280423,
  "column_score": 0.08888888888888889,
  "time_ms": 17
}