{
  "sum_of_pairs": 0.20552714612120554,
  "column_score": 0.06930693069306931,
  "time_ms": 82
}