{
  "sum_of_pairs": 0.1523465703971119,
  "column_score": 0.021660649819494584,
  "time_ms": 36
}