{
  "sum_of_pairs": 0.2556440903054449,
  "column_score": 0.12350597609561753,
  "time_ms": 17
}