{
  "sum_of_pairs": 0.30833333333333335,
  "column_score": 0.06666666666666667,
  "time_ms": 22
}