{
  "sum_of_pairs": 0.29183673469387755,
  "column_score": 0.2571428571428571,
  "time_ms": 11
}