{
  "sum_of_pairs": 0.0738171614702947,
  "column_score": 0.002470074102223067,
  "time_ms": 6
}