{
  "sum_of_pairs": 0.07381716147029468,
  "column_score": 0.002470074102223067,
  "time_ms": 12
}