{
  "sum_of_pairs": 0.07373257500412927,
  "column_score": 0.002470074102223067,
  "time_ms": 3
}