{
  "sum_of_pairs": 0.17424789410348976,
  "column_score": 0.09386281588447654,
  "time_ms": 9
}