{
  "sum_of_pairs": 0.6307891638404143,
  "column_score": 0.21383921409265258,
  "time_ms": 422
}