{
  "sum_of_pairs": 0.6358858140499459,
  "column_score": 0.23165367939140147,
  "time_ms": 531
}