{
  "sum_of_pairs": 0.6425461928082118,
  "column_score": 0.2350645392412306,
  "time_ms": 240
}