{
  "sum_of_pairs": 0.7410745384883316,
  "column_score": 0.5890804597701149,
  "time_ms": 67
}