{
  "sum_of_pairs": 0.48459110739812494,
  "column_score": 0.031746031746031744,
  "time_ms": 73
}