{
  "sum_of_pairs": 0.8085343228200371,
  "column_score": 0.49142857142857144,
  "time_ms": 131
}