{
  "sum_of_pairs": 0.6876138433515483,
  "column_score": 0.3442622950819672,
  "time_ms": 4
}