{
  "sum_of_pairs": 0.7635841170323929,
  "column_score": 0.47701149425287354,
  "time_ms": 86
}