{
  "sum_of_pairs": 0.8211696349627384,
  "column_score": 0.0989010989010989,
  "time_ms": 242
}