{
  "sum_of_pairs": 0.7666683806389689,
  "column_score": 0.41346153846153844,
  "time_ms": 1040
}