{
  "sum_of_pairs": 0.7212507876496534,
  "column_score": 0.2391304347826087,
  "time_ms": 21
}