{
  "sum_of_pairs": 0.8309208033345964,
  "column_score": 0.6275862068965518,
  "time_ms": 16
}