{
  "sum_of_pairs": 0.4430230669265757,
  "column_score": 0.10416666666666667,
  "time_ms": 71
}