{
  "sum_of_pairs": 0.509090909090909,
  "column_score": 0.15789473684210525,
  "time_ms": 14
}