{
  "sum_of_pairs": 0.6330465949820788,
  "column_score": 0.3161290322580645,
  "time_ms": 25
}