{
  "sum_of_pairs": 0.779512946630484,
  "column_score": 0.078125,
  "time_ms": 2766
}