{
  "sum_of_pairs": 0.3787632485857338,
  "column_score": 0.14201183431952663,
  "time_ms": 47
}