{
  "sum_of_pairs": 0.7297819971870605,
  "column_score": 0.44936708860759494,
  "time_ms": 23
}