{
  "sum_of_pairs": 0.7934475350520127,
  "column_score": 0.084375,
  "time_ms": 3490
}