{
  "sum_of_pairs": 0.8916098484848485,
  "column_score": 0.44886363636363635,
  "time_ms": 161
}