{
  "sum_of_pairs": 0.8867545871559633,
  "column_score": 0.6903669724770642,
  "time_ms": 185
}