{
  "sum_of_pairs": 0.8000989486703772,
  "column_score": 0.5542857142857143,
  "time_ms": 55
}