{
  "sum_of_pairs": 0.8888068181818182,
  "column_score": 0.4431818181818182,
  "time_ms": 77
}