{
  "sum_of_pairs": 0.7841530054644809,
  "column_score": 0.5737704918032787,
  "time_ms": 3
}