{
  "sum_of_pairs": 0.7498241912798875,
  "column_score": 0.44936708860759494,
  "time_ms": 13
}