{
  "sum_of_pairs": 0.7584661201682479,
  "column_score": 0.2127659574468085,
  "time_ms": 134
}