{
  "sum_of_pairs": 0.4321393762183236,
  "column_score": 0.10416666666666667,
  "time_ms": 146
}