{
  "sum_of_pairs": 0.7845088566827697,
  "column_score": 0.36666666666666664,
  "time_ms": 337
}