{
  "sum_of_pairs": 0.5808905380333952,
  "column_score": 0.23673469387755103,
  "time_ms": 26
}