{
  "sum_of_pairs": 0.6356272401433691,
  "column_score": 0.3096774193548387,
  "time_ms": 70
}