{
  "sum_of_pairs": 0.47985705003248863,
  "column_score": 0.031746031746031744,
  "time_ms": 145
}