{
  "sum_of_pairs": 0.7803220611916264,
  "column_score": 0.36666666666666664,
  "time_ms": 331
}