{
  "sum_of_pairs": 0.7144287704632533,
  "column_score": 0.5373563218390804,
  "time_ms": 29
}