{
  "sum_of_pairs": 0.7822874265038444,
  "column_score": 0.084375,
  "time_ms": 1589
}