{
  "sum_of_pairs": 0.8948158391797085,
  "column_score": 0.731651376146789,
  "time_ms": 281
}