{
  "sum_of_pairs": 0.3962546329410235,
  "column_score": 0.14792899408284024,
  "time_ms": 27
}