{
  "sum_of_pairs": 0.7134530560806553,
  "column_score": 0.2391304347826087,
  "time_ms": 42
}