{
  "sum_of_pairs": 0.7905256648113791,
  "column_score": 0.5314285714285715,
  "time_ms": 97
}