{
  "sum_of_pairs": 0.8668804534268029,
  "column_score": 0.7138364779874213,
  "time_ms": 203
}