{
  "sum_of_pairs": 0.9164044059795436,
  "column_score": 0.7560975609756098,
  "time_ms": 231
}