{
  "sum_of_pairs": 0.5515577612351806,
  "column_score": 0.18548387096774194,
  "time_ms": 306
}