{
  "sum_of_pairs": 0.8832196969696969,
  "column_score": 0.42613636363636365,
  "time_ms": 141
}