{
  "sum_of_pairs": 0.8317544524441076,
  "column_score": 0.0989010989010989,
  "time_ms": 436
}