{
  "sum_of_pairs": 0.7785146295784594,
  "column_score": 0.2765957446808511,
  "time_ms": 160
}