{
  "sum_of_pairs": 0.5974193548387097,
  "column_score": 0.25161290322580643,
  "time_ms": 82
}