{
  "sum_of_pairs": 0.5191387559808612,
  "column_score": 0.15789473684210525,
  "time_ms": 4
}