{
  "sum_of_pairs": 0.697579240682689,
  "column_score": 0.49712643678160917,
  "time_ms": 50
}