{
  "sum_of_pairs": 0.7820289855072464,
  "column_score": 0.36666666666666664,
  "time_ms": 158
}