{
  "sum_of_pairs": 0.6912798874824191,
  "column_score": 0.4430379746835443,
  "time_ms": 30
}