{
  "sum_of_pairs": 0.7628874956461164,
  "column_score": 0.47413793103448276,
  "time_ms": 39
}