{
  "sum_of_pairs": 0.7809457699163581,
  "column_score": 0.38461538461538464,
  "time_ms": 450
}