{
  "sum_of_pairs": 0.8312997347480106,
  "column_score": 0.6275862068965518,
  "time_ms": 34
}