{
  "sum_of_pairs": 0.5484560242624759,
  "column_score": 0.1693548387096774,
  "time_ms": 521
}