{
  "sum_of_pairs": 0.8650408929326074,
  "column_score": 0.7075471698113207,
  "time_ms": 390
}