{
  "sum_of_pairs": 0.9193712300026226,
  "column_score": 0.7886178861788617,
  "time_ms": 318
}