{
  "sum_of_pairs": 0.5476808905380334,
  "column_score": 0.19183673469387755,
  "time_ms": 66
}