{
  "sum_of_pairs": 0.8233926992547682,
  "column_score": 0.0989010989010989,
  "time_ms": 133
}