{
  "sum_of_pairs": 0.773095675349418,
  "column_score": 0.07242907599696922,
  "time_ms": 345
}