{
  "sum_of_pairs": 0.7535733661488627,
  "column_score": 0.05044846336067738,
  "time_ms": 634
}