{
  "sum_of_pairs": 0.9003035708350414,
  "column_score": 0.16793893129770993,
  "time_ms": 750
}