{
  "sum_of_pairs": 0.8176020408163265,
  "column_score": 0.15178571428571427,
  "time_ms": 100
}