{
  "sum_of_pairs": 0.878709953926926,
  "column_score": 0.25136612021857924,
  "time_ms": 200
}