{
  "sum_of_pairs": 0.9208698092031425,
  "column_score": 0.05416666666666667,
  "time_ms": 1391
}