{
  "sum_of_pairs": 0.9490319977823319,
  "column_score": 0.5046296296296297,
  "time_ms": 1633
}