{
  "sum_of_pairs": 0.5926773455377574,
  "column_score": 0.11842105263157894,
  "time_ms": 45
}