{
  "sum_of_pairs": 0.7335016767805813,
  "column_score": 0.01485148514851485,
  "time_ms": 186
}