{
  "sum_of_pairs": 0.8494160505732348,
  "column_score": 0.22404371584699453,
  "time_ms": 426
}