{
  "sum_of_pairs": 0.7041380549345257,
  "column_score": 0.01485148514851485,
  "time_ms": 342
}