{
  "sum_of_pairs": 0.9194585550717627,
  "column_score": 0.13194444444444445,
  "time_ms": 664
}