{
  "sum_of_pairs": 0.9398974446144257,
  "column_score": 0.17567567567567569,
  "time_ms": 638
}