{
  "sum_of_pairs": 0.9392312008978676,
  "column_score": 0.12916666666666668,
  "time_ms": 730
}