{
  "sum_of_pairs": 0.9462982763570842,
  "column_score": 0.4537037037037037,
  "time_ms": 2482
}