{
  "sum_of_pairs": 0.6077294685990338,
  "column_score": 0.2971014492753623,
  "time_ms": 34
}