{
  "sum_of_pairs": 0.9228457367055272,
  "column_score": 0.049773755656108594,
  "time_ms": 1032
}