{
  "sum_of_pairs": 0.759288636553394,
  "column_score": 0.14915254237288136,
  "time_ms": 462
}