{
  "sum_of_pairs": 0.9485334390994768,
  "column_score": 0.25675675675675674,
  "time_ms": 331
}