{
  "sum_of_pairs": 0.9096413093189886,
  "column_score": 0.01809954751131222,
  "time_ms": 2111
}