{
  "sum_of_pairs": 0.6393115942028985,
  "column_score": 0.391304347826087,
  "time_ms": 18
}