{
  "sum_of_pairs": 0.8781762246958809,
  "column_score": 0.0728476821192053,
  "time_ms": 664
}