{
  "sum_of_pairs": 0.8964646184867991,
  "column_score": 0.15267175572519084,
  "time_ms": 1405
}