{
  "sum_of_pairs": 0.5137188874626634,
  "column_score": 0.04188320198096075,
  "time_ms": 1541
}