{
  "sum_of_pairs": 0.5945136054421769,
  "column_score": 0.029166666666666667,
  "time_ms": 850
}