{
  "sum_of_pairs": 0.5546483591596374,
  "column_score": 0.02197802197802198,
  "time_ms": 1207
}