{
  "sum_of_pairs": 0.6034183994959043,
  "column_score": 0.2826086956521739,
  "time_ms": 37
}