{
  "sum_of_pairs": 0.5772175536881419,
  "column_score": 0.13574660633484162,
  "time_ms": 494
}