{
  "sum_of_pairs": 0.6126481520443229,
  "column_score": 0.05952380952380952,
  "time_ms": 3401
}