{
  "sum_of_pairs": 0.6878401934322987,
  "column_score": 0.023391812865497075,
  "time_ms": 1120
}