{
  "sum_of_pairs": 0.536008266514303,
  "column_score": 0.21565915860289764,
  "time_ms": 26
}