{
  "sum_of_pairs": 0.5348350764279968,
  "column_score": 0.16592920353982302,
  "time_ms": 51
}