{
  "sum_of_pairs": 0.504769001490313,
  "column_score": 0.27459016393442626,
  "time_ms": 41
}