{
  "sum_of_pairs": 0.6658008658008658,
  "column_score": 0.11428571428571428,
  "time_ms": 189
}