{
  "sum_of_pairs": 0.2469758064516129,
  "column_score": 0.10685483870967742,
  "time_ms": 15
}