{
  "sum_of_pairs": 0.46194379391100704,
  "column_score": 0.1273644388398487,
  "time_ms": 55
}