{
  "sum_of_pairs": 0.8420398009950248,
  "column_score": 0.764179104477612,
  "time_ms": 14
}