{
  "sum_of_pairs": 0.608433734939759,
  "column_score": 0.45180722891566266,
  "time_ms": 1
}