{
  "sum_of_pairs": 0.8052836052836053,
  "column_score": 0.3435897435897436,
  "time_ms": 44
}