{
  "sum_of_pairs": 0.6331453634085213,
  "column_score": 0.1513157894736842,
  "time_ms": 30
}