{
  "sum_of_pairs": 0.5521367521367522,
  "column_score": 0.1794871794871795,
  "time_ms": 0
}