{
  "sum_of_pairs": 0.8546875,
  "column_score": 0.671875,
  "time_ms": 0
}