{
  "sum_of_pairs": 0.6849680170575693,
  "column_score": 0.3582089552238806,
  "time_ms": 26
}