{
  "sum_of_pairs": 0.366869918699187,
  "column_score": 0.21341463414634146,
  "time_ms": 4
}