{
  "sum_of_pairs": 0.8863049095607235,
  "column_score": 0.6511627906976745,
  "time_ms": 2
}