{
  "sum_of_pairs": 0.36789554531490015,
  "column_score": 0.03686635944700461,
  "time_ms": 2
}