{
  "sum_of_pairs": 0.6339285714285714,
  "column_score": 0.3392857142857143,
  "time_ms": 2
}