{
  "sum_of_pairs": 0.7924710424710425,
  "column_score": 0.6486486486486487,
  "time_ms": 1
}