{
  "sum_of_pairs": 0.7995073891625616,
  "column_score": 0.6403940886699507,
  "time_ms": 17
}