{
  "sum_of_pairs": 0.6619970193740685,
  "column_score": 0.32190760059612517,
  "time_ms": 80
}