{
  "sum_of_pairs": 0.696045197740113,
  "column_score": 0.384180790960452,
  "time_ms": 25
}