{
  "sum_of_pairs": 0.7692250813368826,
  "column_score": 0.5693581780538303,
  "time_ms": 34
}