{
  "sum_of_pairs": 0.5365783410138248,
  "column_score": 0.1774193548387097,
  "time_ms": 10
}