{
  "sum_of_pairs": 0.5798417305159955,
  "column_score": 0.011055226371472755,
  "time_ms": 234
}