{
  "sum_of_pairs": 0.5908118154795237,
  "column_score": 0.17519441853382106,
  "time_ms": 110
}