{
  "sum_of_pairs": 0.7153571573851849,
  "column_score": 0.11538461538461539,
  "time_ms": 653
}