{
  "sum_of_pairs": 0.5630687681771274,
  "column_score": 0.2631578947368421,
  "time_ms": 93
}