{
  "sum_of_pairs": 0.8509412385643913,
  "column_score": 0.15476190476190477,
  "time_ms": 88
}