{
  "sum_of_pairs": 0.9259259259259259,
  "column_score": 0.3787878787878788,
  "time_ms": 81
}