{
  "sum_of_pairs": 0.8199047376752601,
  "column_score": 0.28125,
  "time_ms": 887
}