{
  "sum_of_pairs": 0.3414961013645224,
  "column_score": 0.14583333333333334,
  "time_ms": 46
}