{
  "sum_of_pairs": 0.7205025366790073,
  "column_score": 0.3076923076923077,
  "time_ms": 214
}