{
  "sum_of_pairs": 0.813210033062371,
  "column_score": 0.6823899371069182,
  "time_ms": 125
}