{
  "sum_of_pairs": 0.5017204301075269,
  "column_score": 0.08064516129032258,
  "time_ms": 25
}