{
  "sum_of_pairs": 0.509090909090909,
  "column_score": 0.11428571428571428,
  "time_ms": 23
}