{
  "sum_of_pairs": 0.8208440193682736,
  "column_score": 0.14030683115522574,
  "time_ms": 369
}