{
  "sum_of_pairs": 0.9514141414141414,
  "column_score": 0.30416666666666664,
  "time_ms": 761
}