{
  "sum_of_pairs": 0.8997535626272367,
  "column_score": 0.25136612021857924,
  "time_ms": 212
}