{
  "sum_of_pairs": 0.8907239619985925,
  "column_score": 0.38392857142857145,
  "time_ms": 113
}