{
  "sum_of_pairs": 0.9433288803540119,
  "column_score": 0.3305084745762712,
  "time_ms": 342
}