{
  "sum_of_pairs": 0.7220068906115418,
  "column_score": 0.3372093023255814,
  "time_ms": 242
}