{
  "sum_of_pairs": 0.955680482069371,
  "column_score": 0.16666666666666666,
  "time_ms": 3318
}