{
  "sum_of_pairs": 0.7400947459086994,
  "column_score": 0.38372093023255816,
  "time_ms": 129
}