{
  "sum_of_pairs": 0.8040458937198067,
  "column_score": 0.26811594202898553,
  "time_ms": 20
}