{
  "sum_of_pairs": 0.9389513788098693,
  "column_score": 0.1388888888888889,
  "time_ms": 706
}