{
  "sum_of_pairs": 0.9468405366874344,
  "column_score": 0.07239819004524888,
  "time_ms": 2681
}