{
  "sum_of_pairs": 0.9452402816039179,
  "column_score": 0.26136363636363635,
  "time_ms": 1172
}