{
  "sum_of_pairs": 0.8357952730756947,
  "column_score": 0.21782178217821782,
  "time_ms": 201
}