{
  "sum_of_pairs": 0.6467131266902434,
  "column_score": 0.2236842105263158,
  "time_ms": 118
}