{
  "sum_of_pairs": 0.7666559334933551,
  "column_score": 0.16129032258064516,
  "time_ms": 447
}