{
  "sum_of_pairs": 0.9669764103726368,
  "column_score": 0.44594594594594594,
  "time_ms": 971
}