{
  "sum_of_pairs": 0.8176101884381987,
  "column_score": 0.11386138613861387,
  "time_ms": 505
}