{
  "sum_of_pairs": 0.7964598814394256,
  "column_score": 0.13898305084745763,
  "time_ms": 1402
}