{
  "sum_of_pairs": 0.701948051948052,
  "column_score": 0.13636363636363635,
  "time_ms": 26
}