{
  "sum_of_pairs": 0.7838768115942029,
  "column_score": 0.2028985507246377,
  "time_ms": 40
}