{
  "sum_of_pairs": 0.7532345881388678,
  "column_score": 0.10483870967741936,
  "time_ms": 916
}