{
  "sum_of_pairs": 0.8692841835740726,
  "column_score": 0.15476190476190477,
  "time_ms": 317
}