{
  "sum_of_pairs": 0.961646222539032,
  "column_score": 0.5972222222222222,
  "time_ms": 1730
}