{
  "sum_of_pairs": 0.7281385281385281,
  "column_score": 0.1590909090909091,
  "time_ms": 13
}