{
  "sum_of_pairs": 0.954391750855807,
  "column_score": 0.4745762711864407,
  "time_ms": 108
}