{
  "sum_of_pairs": 0.8209471766848816,
  "column_score": 0.15151515151515152,
  "time_ms": 123
}