{
  "sum_of_pairs": 0.906812617024341,
  "column_score": 0.1984732824427481,
  "time_ms": 1756
}