{
  "sum_of_pairs": 0.9098760234436455,
  "column_score": 0.21374045801526717,
  "time_ms": 789
}