{
  "sum_of_pairs": 0.8038490440010019,
  "column_score": 0.1423728813559322,
  "time_ms": 456
}