{
  "sum_of_pairs": 0.8837329904639452,
  "column_score": 0.25136612021857924,
  "time_ms": 449
}