{
  "sum_of_pairs": 0.8156814042059943,
  "column_score": 0.15151515151515152,
  "time_ms": 251
}