{
  "sum_of_pairs": 0.9570497746423673,
  "column_score": 0.1984126984126984,
  "time_ms": 1315
}