{
  "sum_of_pairs": 0.3877477826446257,
  "column_score": 0.01175223601511518,
  "time_ms": 1428
}