{
  "sum_of_pairs": 0.6753486279802069,
  "column_score": 0.1695906432748538,
  "time_ms": 894
}