{
  "sum_of_pairs": 0.49056073876618433,
  "column_score": 0.12871287128712872,
  "time_ms": 1175
}