{
  "sum_of_pairs": 0.4241477035925648,
  "column_score": 0.05426356589147287,
  "time_ms": 326
}