{
  "sum_of_pairs": 0.5006802455661225,
  "column_score": 0.1484342415962624,
  "time_ms": 394
}