{
  "sum_of_pairs": 0.6876735388032764,
  "column_score": 0.24489795918367346,
  "time_ms": 1011
}