{
  "sum_of_pairs": 0.6366571699905034,
  "column_score": 0.43209876543209874,
  "time_ms": 187
}