{
  "sum_of_pairs": 0.8506878306878307,
  "column_score": 0.18666666666666668,
  "time_ms": 334
}