{
  "sum_of_pairs": 0.4422250316055626,
  "column_score": 0.13274336283185842,
  "time_ms": 310
}