{
  "sum_of_pairs": 0.6926597166533013,
  "column_score": 0.4186046511627907,
  "time_ms": 623
}