{
  "sum_of_pairs": 0.6259070557356801,
  "column_score": 0.1889763779527559,
  "time_ms": 151
}