{
  "sum_of_pairs": 0.628948609146629,
  "column_score": 0.1188118811881188,
  "time_ms": 848
}