{
  "sum_of_pairs": 0.5040838803775238,
  "column_score": 0.08085506977175076,
  "time_ms": 530
}