{
  "sum_of_pairs": 0.6537042946743092,
  "column_score": 0.07766990291262135,
  "time_ms": 1793
}