{
  "sum_of_pairs": 0.46307410185879805,
  "column_score": 0.03488372093023256,
  "time_ms": 112
}