{
  "sum_of_pairs": 0.46150840125242,
  "column_score": 0.05813953488372093,
  "time_ms": 956
}