{
  "sum_of_pairs": 0.48131423447451316,
  "column_score": 0.16521739130434782,
  "time_ms": 336
}