{
  "sum_of_pairs": 0.7797117119075044,
  "column_score": 0.11702127659574468,
  "time_ms": 1494
}