{
  "sum_of_pairs": 0.8042456793581232,
  "column_score": 0.26373626373626374,
  "time_ms": 2036
}