{
  "sum_of_pairs": 0.7679560778656087,
  "column_score": 0.4603174603174603,
  "time_ms": 1507
}