{
  "sum_of_pairs": 0.6042447748330101,
  "column_score": 0.248868778280543,
  "time_ms": 184
}