{
  "sum_of_pairs": 0.48853680958378876,
  "column_score": 0.004557045993949493,
  "time_ms": 1267
}