{
  "sum_of_pairs": 0.708544881367181,
  "column_score": 0.02857142857142857,
  "time_ms": 168
}