{
  "sum_of_pairs": 0.43218599033816424,
  "column_score": 0.10144927536231885,
  "time_ms": 59
}