{
  "sum_of_pairs": 0.6078741965105602,
  "column_score": 0.015151515151515152,
  "time_ms": 2017
}