{
  "sum_of_pairs": 0.5169579831100815,
  "column_score": 0.041666666666666664,
  "time_ms": 4908
}