{
  "sum_of_pairs": 0.13531986813264696,
  "column_score": 0.03554049301699474,
  "time_ms": 14
}