{
  "sum_of_pairs": 0.24010990905183605,
  "column_score": 0.07857323821355217,
  "time_ms": 26
}