{
  "sum_of_pairs": 0.2401099090518361,
  "column_score": 0.07857323821355221,
  "time_ms": 18
}