{
  "sum_of_pairs": 0.10705645161290323,
  "column_score": 0.02620967741935484,
  "time_ms": 11
}