{
  "sum_of_pairs": 0.2246983105390185,
  "column_score": 0.046460176991150445,
  "time_ms": 20
}