{
  "sum_of_pairs": 0.3408180162278523,
  "column_score": 0.20715350223546944,
  "time_ms": 37
}