{
  "sum_of_pairs": 0.35498108448928123,
  "column_score": 0.19419924337957126,
  "time_ms": 69
}