{
  "sum_of_pairs": 0.23577235772357724,
  "column_score": 0.18902439024390244,
  "time_ms": 2
}