{
  "sum_of_pairs": 0.3495172968624296,
  "column_score": 0.15486725663716813,
  "time_ms": 15
}