{
  "sum_of_pairs": 0.21046228710462286,
  "column_score": 0.10218978102189781,
  "time_ms": 8
}