{
  "sum_of_pairs": 0.1781874039938556,
  "column_score": 0.05069124423963134,
  "time_ms": 1
}