{
  "sum_of_pairs": 0.319774011299435,
  "column_score": 0.0847457627118644,
  "time_ms": 14
}