{
  "sum_of_pairs": 0.43675213675213675,
  "column_score": 0.09230769230769231,
  "time_ms": 11
}