{
  "sum_of_pairs": 0.3218694885361552,
  "column_score": 0.006172839506172839,
  "time_ms": 2
}