{
  "sum_of_pairs": 0.29110709366391185,
  "column_score": 0.13920454545454544,
  "time_ms": 96
}