{
  "sum_of_pairs": 0.5510357815442561,
  "column_score": 0.288135593220339,
  "time_ms": 17
}