{
  "sum_of_pairs": 0.1887482782369146,
  "column_score": 0.06534090909090909,
  "time_ms": 49
}