{
  "sum_of_pairs": 0.33096716947648624,
  "column_score": 0.18219461697722567,
  "time_ms": 22
}