{
  "sum_of_pairs": 0.16361788617886178,
  "column_score": 0.08536585365853659,
  "time_ms": 3
}