{
  "sum_of_pairs": 0.228292199603675,
  "column_score": 0.0832282471626734,
  "time_ms": 31
}