{
  "sum_of_pairs": 0.4110837438423645,
  "column_score": 0.2536945812807882,
  "time_ms": 14
}