{
  "sum_of_pairs": 0.1814516129032258,
  "column_score": 0.05443548387096774,
  "time_ms": 27
}