{
  "sum_of_pairs": 0.6121890547263682,
  "column_score": 0.4537313432835821,
  "time_ms": 23
}