{
  "sum_of_pairs": 0.3997512437810945,
  "column_score": 0.2880597014925373,
  "time_ms": 11
}