{
  "sum_of_pairs": 0.11336176261549395,
  "column_score": 0.007462686567164179,
  "time_ms": 9
}