{
  "sum_of_pairs": 0.4905323781429976,
  "column_score": 0.1592920353982301,
  "time_ms": 90
}