{
  "sum_of_pairs": 0.6561502151881161,
  "column_score": 0.2755102040816326,
  "time_ms": 285
}