{
  "sum_of_pairs": 0.6728205128205128,
  "column_score": 0.30864197530864196,
  "time_ms": 48
}