{
  "sum_of_pairs": 0.611177347242921,
  "column_score": 0.11270491803278689,
  "time_ms": 27
}