{
  "sum_of_pairs": 0.3829691600926547,
  "column_score": 0.08956402604544393,
  "time_ms": 75
}