{
  "sum_of_pairs": 0.6246028380823156,
  "column_score": 0.046875,
  "time_ms": 614
}