{
  "sum_of_pairs": 0.7421579870480303,
  "column_score": 0.5321100917431193,
  "time_ms": 69
}