{
  "sum_of_pairs": 0.573340874811463,
  "column_score": 0.1971153846153846,
  "time_ms": 166
}