{
  "sum_of_pairs": 0.4412653505257639,
  "column_score": 0.06797970400974868,
  "time_ms": 281
}