{
  "sum_of_pairs": 0.4023739289226015,
  "column_score": 0.11504424778761062,
  "time_ms": 244
}