{
  "sum_of_pairs": 0.6975966239514179,
  "column_score": 0.015748031496062992,
  "time_ms": 44
}