{
  "sum_of_pairs": 0.5687919463087249,
  "column_score": 0.14093959731543623,
  "time_ms": 24
}