{
  "sum_of_pairs": 0.50884291086916,
  "column_score": 0.15841584158415842,
  "time_ms": 549
}