{
  "sum_of_pairs": 0.6378829190056134,
  "column_score": 0.19534883720930232,
  "time_ms": 284
}