{
  "sum_of_pairs": 0.46050670640834573,
  "column_score": 0.19057377049180327,
  "time_ms": 76
}