{
  "sum_of_pairs": 0.5573789173789174,
  "column_score": 0.2716049382716049,
  "time_ms": 76
}