{
  "sum_of_pairs": 0.7507479268458718,
  "column_score": 0.3762092282375147,
  "time_ms": 373
}