{
  "sum_of_pairs": 0.9795574795574795,
  "column_score": 0.7575757575757576,
  "time_ms": 229
}