{
  "sum_of_pairs": 0.7211883098979873,
  "column_score": 0.3709677419354839,
  "time_ms": 221
}