{
  "sum_of_pairs": 0.9198209198209198,
  "column_score": 0.7777777777777778,
  "time_ms": 38
}