{
  "sum_of_pairs": 0.8847736625514403,
  "column_score": 0.8395061728395061,
  "time_ms": 47
}