{
  "sum_of_pairs": 0.7070741758241759,
  "column_score": 0.2692307692307692,
  "time_ms": 79
}