{
  "sum_of_pairs": 0.9294054274400186,
  "column_score": 0.6041666666666666,
  "time_ms": 752
}