{
  "sum_of_pairs": 0.8284106891701828,
  "column_score": 0.6392405063291139,
  "time_ms": 16
}