{
  "sum_of_pairs": 0.5343451220644203,
  "column_score": 0.10317460317460317,
  "time_ms": 124
}