{
  "sum_of_pairs": 0.8915245673866363,
  "column_score": 0.24175824175824176,
  "time_ms": 130
}