{
  "sum_of_pairs": 0.9490235749472202,
  "column_score": 0.6369047619047619,
  "time_ms": 114
}