{
  "sum_of_pairs": 0.8835562549173879,
  "column_score": 0.6666666666666666,
  "time_ms": 352
}