{
  "sum_of_pairs": 0.9341333107191316,
  "column_score": 0.453125,
  "time_ms": 1358
}