{
  "sum_of_pairs": 0.9200620615218564,
  "column_score": 0.7844036697247706,
  "time_ms": 205
}