{
  "sum_of_pairs": 0.8950617283950617,
  "column_score": 0.8703703703703703,
  "time_ms": 22
}