{
  "sum_of_pairs": 0.7563433903303184,
  "column_score": 0.09876543209876543,
  "time_ms": 247
}