{
  "sum_of_pairs": 0.72435718926947,
  "column_score": 0.6111111111111112,
  "time_ms": 146
}