{
  "sum_of_pairs": 0.8715422508525957,
  "column_score": 0.7103448275862069,
  "time_ms": 33
}