{
  "sum_of_pairs": 0.8953341740226987,
  "column_score": 0.3269230769230769,
  "time_ms": 1561
}