{
  "sum_of_pairs": 0.8703296703296703,
  "column_score": 0.7655172413793103,
  "time_ms": 37
}