{
  "sum_of_pairs": 0.7133808040350097,
  "column_score": 0.42990654205607476,
  "time_ms": 585
}