{
  "sum_of_pairs": 0.8286044629436929,
  "column_score": 0.0967741935483871,
  "time_ms": 245
}