{
  "sum_of_pairs": 0.43971291866028706,
  "column_score": 0.05263157894736842,
  "time_ms": 7
}