{
  "sum_of_pairs": 0.9071614100185529,
  "column_score": 0.6742857142857143,
  "time_ms": 53
}