{
  "sum_of_pairs": 0.7814814814814814,
  "column_score": 0.5666666666666667,
  "time_ms": 9
}