{
  "sum_of_pairs": 0.7884928310460225,
  "column_score": 0.5177304964539007,
  "time_ms": 65
}