{
  "sum_of_pairs": 0.9735449735449735,
  "column_score": 0.8148148148148148,
  "time_ms": 18
}