{
  "sum_of_pairs": 0.8942377010465608,
  "column_score": 0.7578616352201258,
  "time_ms": 373
}