{
  "sum_of_pairs": 0.9232494603345925,
  "column_score": 0.7889908256880734,
  "time_ms": 111
}