{
  "sum_of_pairs": 0.8742887014945838,
  "column_score": 0.47115384615384615,
  "time_ms": 777
}