{
  "sum_of_pairs": 0.872737556561086,
  "column_score": 0.5336538461538461,
  "time_ms": 826
}