{
  "sum_of_pairs": 0.9682539682539683,
  "column_score": 0.7777777777777778,
  "time_ms": 63
}