{
  "sum_of_pairs": 0.8205492424242424,
  "column_score": 0.5795454545454546,
  "time_ms": 77
}