{
  "sum_of_pairs": 0.5623427955443766,
  "column_score": 0.3333333333333333,
  "time_ms": 93
}