{
  "sum_of_pairs": 0.6865407591214043,
  "column_score": 0.3870967741935484,
  "time_ms": 449
}