{
  "sum_of_pairs": 0.8171589310829818,
  "column_score": 0.5949367088607594,
  "time_ms": 50
}