{
  "sum_of_pairs": 0.7663783807574657,
  "column_score": 0.09876543209876543,
  "time_ms": 524
}