{
  "sum_of_pairs": 0.8140891675374434,
  "column_score": 0.5402298850574713,
  "time_ms": 97
}