{
  "sum_of_pairs": 0.9346421302578019,
  "column_score": 0.440625,
  "time_ms": 2813
}