{
  "sum_of_pairs": 0.5878795760452565,
  "column_score": 0.14792899408284024,
  "time_ms": 62
}