{
  "sum_of_pairs": 0.7266483516483516,
  "column_score": 0.27884615384615385,
  "time_ms": 162
}