{
  "sum_of_pairs": 0.6119713261648746,
  "column_score": 0.04838709677419355,
  "time_ms": 49
}