{
  "sum_of_pairs": 0.5267942583732057,
  "column_score": 0.18421052631578946,
  "time_ms": 20
}