{
  "sum_of_pairs": 0.6136200716845878,
  "column_score": 0.04838709677419355,
  "time_ms": 30
}