{
  "sum_of_pairs": 0.828544061302682,
  "column_score": 0.5833333333333334,
  "time_ms": 136
}