{
  "sum_of_pairs": 0.7652777777777777,
  "column_score": 0.5666666666666667,
  "time_ms": 28
}