{
  "sum_of_pairs": 0.747082897944967,
  "column_score": 0.5833333333333334,
  "time_ms": 67
}