{
  "sum_of_pairs": 0.8437738466874783,
  "column_score": 0.10752688172043011,
  "time_ms": 92
}