{
  "sum_of_pairs": 0.8280766852195424,
  "column_score": 0.5428571428571428,
  "time_ms": 77
}