{
  "sum_of_pairs": 0.8425020233553012,
  "column_score": 0.10752688172043011,
  "time_ms": 190
}