{
  "sum_of_pairs": 0.8883120449090836,
  "column_score": 0.3269230769230769,
  "time_ms": 2085
}