{
  "sum_of_pairs": 0.8153977272727273,
  "column_score": 0.5681818181818182,
  "time_ms": 128
}