{
  "sum_of_pairs": 0.820445837687217,
  "column_score": 0.5574712643678161,
  "time_ms": 41
}