{
  "sum_of_pairs": 0.7193732193732194,
  "column_score": 0.3709677419354839,
  "time_ms": 425
}