{
  "sum_of_pairs": 0.538150932887775,
  "column_score": 0.10317460317460317,
  "time_ms": 70
}