{
  "sum_of_pairs": 0.7889811426963129,
  "column_score": 0.32894736842105265,
  "time_ms": 249
}