{
  "sum_of_pairs": 0.7852998065764023,
  "column_score": 0.48936170212765956,
  "time_ms": 157
}