{
  "sum_of_pairs": 0.732889237199582,
  "column_score": 0.5775862068965517,
  "time_ms": 34
}