{
  "sum_of_pairs": 0.8674402250351617,
  "column_score": 0.6518987341772152,
  "time_ms": 58
}