{
  "sum_of_pairs": 0.8238713667285096,
  "column_score": 0.5428571428571428,
  "time_ms": 64
}