{
  "sum_of_pairs": 0.7103375833091857,
  "column_score": 0.23529411764705882,
  "time_ms": 313
}