{
  "sum_of_pairs": 0.605435984134209,
  "column_score": 0.17159763313609466,
  "time_ms": 28
}