{
  "sum_of_pairs": 0.7898254995778216,
  "column_score": 0.32894736842105265,
  "time_ms": 133
}