{
  "sum_of_pairs": 0.9018676561533704,
  "column_score": 0.6514285714285715,
  "time_ms": 95
}