{
  "sum_of_pairs": 0.9318439902166318,
  "column_score": 0.53125,
  "time_ms": 1464
}