{
  "sum_of_pairs": 0.8994829343475775,
  "column_score": 0.7295597484276729,
  "time_ms": 343
}