{
  "sum_of_pairs": 0.8683127572016461,
  "column_score": 0.8209876543209876,
  "time_ms": 51
}