{
  "sum_of_pairs": 0.9521023926812104,
  "column_score": 0.6666666666666666,
  "time_ms": 248
}