{
  "sum_of_pairs": 0.9445519587145202,
  "column_score": 0.5773809523809523,
  "time_ms": 272
}