{
  "sum_of_pairs": 0.9333036521935776,
  "column_score": 0.43125,
  "time_ms": 2878
}