{
  "sum_of_pairs": 0.881924971580144,
  "column_score": 0.7586206896551724,
  "time_ms": 19
}