{
  "sum_of_pairs": 0.7193567082005216,
  "column_score": 0.23529411764705882,
  "time_ms": 146
}