{
  "sum_of_pairs": 0.9247175634754251,
  "column_score": 0.5208333333333334,
  "time_ms": 1442
}