{
  "sum_of_pairs": 0.5753982512875794,
  "column_score": 0.3333333333333333,
  "time_ms": 30
}