{
  "sum_of_pairs": 0.7069931773879142,
  "column_score": 0.4722222222222222,
  "time_ms": 137
}