{
  "sum_of_pairs": 0.7006985055230669,
  "column_score": 0.4097222222222222,
  "time_ms": 128
}