{
  "sum_of_pairs": 0.6853563585747369,
  "column_score": 0.023961462074812902,
  "time_ms": 316
}