{
  "sum_of_pairs": 0.9024028160391797,
  "column_score": 0.0946969696969697,
  "time_ms": 485
}