{
  "sum_of_pairs": 0.9382060154246735,
  "column_score": 0.35648148148148145,
  "time_ms": 1423
}