{
  "sum_of_pairs": 0.9130695847362514,
  "column_score": 0.07083333333333333,
  "time_ms": 661
}