{
  "sum_of_pairs": 0.9176251723421535,
  "column_score": 0.12162162162162163,
  "time_ms": 339
}