{
  "sum_of_pairs": 0.4099768294771232,
  "column_score": 0.02805363338879309,
  "time_ms": 1117
}