{
  "sum_of_pairs": 0.7549573713957276,
  "column_score": 0.0273972602739726,
  "time_ms": 2562
}