{
  "sum_of_pairs": 0.5128010048158719,
  "column_score": 0.01789201641560407,
  "time_ms": 769
}