{
  "sum_of_pairs": 0.6864052444738328,
  "column_score": 0.05952380952380952,
  "time_ms": 2146
}