{
  "sum_of_pairs": 0.5669071011068275,
  "column_score": 0.2235294117647059,
  "time_ms": 111
}