{
  "sum_of_pairs": 0.6699019421172887,
  "column_score": 0.10891089108910891,
  "time_ms": 510
}