{
  "sum_of_pairs": 0.5047547224017812,
  "column_score": 0.14479638009049775,
  "time_ms": 234
}