{
  "sum_of_pairs": 0.6015664588904537,
  "column_score": 0.20782073177116328,
  "time_ms": 101
}