{
  "sum_of_pairs": 0.8395935960591133,
  "column_score": 0.05357142857142857,
  "time_ms": 87
}