{
  "sum_of_pairs": 0.6777498677948176,
  "column_score": 0.19230769230769232,
  "time_ms": 533
}