{
  "sum_of_pairs": 0.6375627240143369,
  "column_score": 0.4032258064516129,
  "time_ms": 25
}