{
  "sum_of_pairs": 0.6659577819785759,
  "column_score": 0.2826086956521739,
  "time_ms": 21
}