{
  "sum_of_pairs": 0.8994063407856512,
  "column_score": 0.6813186813186813,
  "time_ms": 81
}