{
  "sum_of_pairs": 0.8256458169420404,
  "column_score": 0.5365853658536586,
  "time_ms": 90
}