{
  "sum_of_pairs": 0.8177094985954707,
  "column_score": 0.6163522012578616,
  "time_ms": 113
}