{
  "sum_of_pairs": 0.35026803118908384,
  "column_score": 0.10416666666666667,
  "time_ms": 39
}