{
  "sum_of_pairs": 0.6950837062806108,
  "column_score": 0.02923897035481474,
  "time_ms": 355
}