{
  "sum_of_pairs": 0.9388025087370182,
  "column_score": 0.4537037037037037,
  "time_ms": 1551
}