{
  "sum_of_pairs": 0.8780454026745256,
  "column_score": 0.13740458015267176,
  "time_ms": 782
}