{
  "sum_of_pairs": 0.7877375087966221,
  "column_score": 0.15178571428571427,
  "time_ms": 77
}