{
  "sum_of_pairs": 0.9045492806856443,
  "column_score": 0.13636363636363635,
  "time_ms": 754
}