{
  "sum_of_pairs": 0.49629403166708025,
  "column_score": 0.09293496386344637,
  "time_ms": 375
}