{
  "sum_of_pairs": 0.6414576802507836,
  "column_score": 0.367816091954023,
  "time_ms": 94
}