{
  "sum_of_pairs": 0.7568565400843882,
  "column_score": 0.5316455696202531,
  "time_ms": 37
}