{
  "sum_of_pairs": 0.4510288065843621,
  "column_score": 0.18518518518518517,
  "time_ms": 39
}