{
  "sum_of_pairs": 0.7296703296703296,
  "column_score": 0.3931034482758621,
  "time_ms": 44
}