{
  "sum_of_pairs": 0.6327272727272727,
  "column_score": 0.10227272727272728,
  "time_ms": 149
}