{
  "sum_of_pairs": 0.7442762323812365,
  "column_score": 0.4119496855345912,
  "time_ms": 496
}