{
  "sum_of_pairs": 0.731131245601689,
  "column_score": 0.05357142857142857,
  "time_ms": 240
}