{
  "sum_of_pairs": 0.4993894993894994,
  "column_score": 0.1111111111111111,
  "time_ms": 40
}