{
  "sum_of_pairs": 0.5482374768089053,
  "column_score": 0.061224489795918366,
  "time_ms": 54
}