{
  "sum_of_pairs": 0.9754853243225337,
  "column_score": 0.8255813953488372,
  "time_ms": 281
}