{
  "sum_of_pairs": 0.5994427028909788,
  "column_score": 0.05459770114942529,
  "time_ms": 78
}