{
  "sum_of_pairs": 0.7780120075553157,
  "column_score": 0.4013761467889908,
  "time_ms": 206
}