{
  "sum_of_pairs": 0.9666666666666667,
  "column_score": 0.9166666666666666,
  "time_ms": 211
}