{
  "sum_of_pairs": 0.8038617886178862,
  "column_score": 0.6585365853658537,
  "time_ms": 500
}