{
  "sum_of_pairs": 0.9646766169154228,
  "column_score": 0.9373134328358209,
  "time_ms": 545
}