{
  "sum_of_pairs": 0.7804597701149425,
  "column_score": 0.7034482758620689,
  "time_ms": 451
}