{
  "sum_of_pairs": 0.98741138276022,
  "column_score": 0.8837209302325582,
  "time_ms": 2509
}