{
  "sum_of_pairs": 0.9868686868686869,
  "column_score": 0.9666666666666667,
  "time_ms": 548
}