{
  "sum_of_pairs": 0.9516460905349794,
  "column_score": 0.8518518518518519,
  "time_ms": 225
}