{
  "sum_of_pairs": 0.9336810730253353,
  "column_score": 0.8524590163934426,
  "time_ms": 1657
}