{
  "sum_of_pairs": 0.368013937405093,
  "column_score": 0.04778229973864701,
  "time_ms": 380
}