{
  "sum_of_pairs": 0.2981288375528732,
  "column_score": 0.02339659685154764,
  "time_ms": 143
}