{
  "sum_of_pairs": 0.3769911504424779,
  "column_score": 0.12389380530973451,
  "time_ms": 173
}