{
  "sum_of_pairs": 0.38146167557932265,
  "column_score": 0.02027027027027027,
  "time_ms": 676
}