{
  "sum_of_pairs": 0.31109986992339933,
  "column_score": 0.006756756756756757,
  "time_ms": 172
}