{
  "sum_of_pairs": 0.4798860398860399,
  "column_score": 0.2962962962962963,
  "time_ms": 32
}