{
  "sum_of_pairs": 0.4766319165998396,
  "column_score": 0.09302325581395349,
  "time_ms": 216
}