{
  "sum_of_pairs": 0.4114339981006648,
  "column_score": 0.19753086419753085,
  "time_ms": 54
}