{
  "sum_of_pairs": 0.4675111773472429,
  "column_score": 0.03278688524590164,
  "time_ms": 56
}