{
  "sum_of_pairs": 0.273732265767664,
  "column_score": 0.04424778761061947,
  "time_ms": 147
}