{
  "sum_of_pairs": 0.6097615499254844,
  "column_score": 0.11475409836065574,
  "time_ms": 115
}