{
  "sum_of_pairs": 0.29135499325397385,
  "column_score": 0.0184601512599431,
  "time_ms": 451
}