{
  "sum_of_pairs": 0.4901602229188436,
  "column_score": 0.1839080459770115,
  "time_ms": 90
}