{
  "sum_of_pairs": 0.5327004219409283,
  "column_score": 0.2721518987341772,
  "time_ms": 29
}