{
  "sum_of_pairs": 0.631294256490952,
  "column_score": 0.08130081300813008,
  "time_ms": 265
}