{
  "sum_of_pairs": 0.5320954907161803,
  "column_score": 0.16551724137931034,
  "time_ms": 38
}