{
  "sum_of_pairs": 0.6999271185317697,
  "column_score": 0.06976744186046512,
  "time_ms": 284
}