{
  "sum_of_pairs": 0.3945797355639504,
  "column_score": 0.0045871559633027525,
  "time_ms": 210
}