{
  "sum_of_pairs": 0.7534795797155802,
  "column_score": 0.04708205482424372,
  "time_ms": 334
}