{
  "sum_of_pairs": 0.8298953201970444,
  "column_score": 0.26785714285714285,
  "time_ms": 101
}