{
  "sum_of_pairs": 0.861892210436087,
  "column_score": 0.09289617486338798,
  "time_ms": 201
}