{
  "sum_of_pairs": 0.9075300354781487,
  "column_score": 0.2916666666666667,
  "time_ms": 303
}