{
  "sum_of_pairs": 0.6704710144927536,
  "column_score": 0.13768115942028986,
  "time_ms": 22
}