{
  "sum_of_pairs": 0.9470717376023444,
  "column_score": 0.4074074074074074,
  "time_ms": 1476
}