{
  "sum_of_pairs": 0.5644185547294265,
  "column_score": 0.04032258064516129,
  "time_ms": 322
}