{
  "sum_of_pairs": 0.6136950904392765,
  "column_score": 0.11627906976744186,
  "time_ms": 104
}