{
  "sum_of_pairs": 0.479766460573933,
  "column_score": 0.2632036681943879,
  "time_ms": 37
}