{
  "sum_of_pairs": 0.47967227559927555,
  "column_score": 0.26464873951650847,
  "time_ms": 8
}