{
  "sum_of_pairs": 0.48103112333053133,
  "column_score": 0.2656321872559715,
  "time_ms": 20
}