{
  "sum_of_pairs": 0.283953912436573,
  "column_score": 0.10709196807325695,
  "time_ms": 16
}