{
  "sum_of_pairs": 0.07873563218390804,
  "column_score": 0.03103448275862069,
  "time_ms": 6
}