{
  "sum_of_pairs": 0.3432684509326845,
  "column_score": 0.16058394160583941,
  "time_ms": 5
}