{
  "sum_of_pairs": 0.3893818396923987,
  "column_score": 0.2028985507246377,
  "time_ms": 20
}