{
  "sum_of_pairs": 0.32190760059612517,
  "column_score": 0.15163934426229508,
  "time_ms": 39
}