{
  "sum_of_pairs": 0.451918631530282,
  "column_score": 0.12135922330097088,
  "time_ms": 8
}