{
  "sum_of_pairs": 0.27157258064516127,
  "column_score": 0.14919354838709678,
  "time_ms": 12
}