{
  "sum_of_pairs": 0.4421182266009852,
  "column_score": 0.2684729064039409,
  "time_ms": 13
}