{
  "sum_of_pairs": 0.3687258687258687,
  "column_score": 0.24324324324324326,
  "time_ms": 4
}