{
  "sum_of_pairs": 0.5471639471639471,
  "column_score": 0.2512820512820513,
  "time_ms": 25
}