{
  "sum_of_pairs": 0.19076305220883535,
  "column_score": 0.0783132530120482,
  "time_ms": 2
}