{
  "sum_of_pairs": 0.2868459453825308,
  "column_score": 0.06504065040650407,
  "time_ms": 49
}