{
  "sum_of_pairs": 0.28642501776830137,
  "column_score": 0.048507462686567165,
  "time_ms": 10
}