{
  "sum_of_pairs": 0.7820802005012532,
  "column_score": 0.4473684210526316,
  "time_ms": 35
}