{
  "sum_of_pairs": 0.42064676616915425,
  "column_score": 0.3208955223880597,
  "time_ms": 10
}