{
  "sum_of_pairs": 0.3742568906503333,
  "column_score": 0.21059268600252207,
  "time_ms": 36
}