{
  "sum_of_pairs": 0.18235294117647058,
  "column_score": 0.11764705882352941,
  "time_ms": 3
}