{
  "sum_of_pairs": 0.4600213219616205,
  "column_score": 0.11567164179104478,
  "time_ms": 13
}