{
  "sum_of_pairs": 0.6413219789132197,
  "column_score": 0.3284671532846715,
  "time_ms": 7
}