{
  "sum_of_pairs": 0.3630952380952381,
  "column_score": 0.27976190476190477,
  "time_ms": 2
}