{
  "sum_of_pairs": 0.521889400921659,
  "column_score": 0.1693548387096774,
  "time_ms": 15
}