{
  "sum_of_pairs": 0.4929718875502008,
  "column_score": 0.5542168674698795,
  "time_ms": 1
}