{
  "sum_of_pairs": 0.12379032258064517,
  "column_score": 0.034274193548387094,
  "time_ms": 11
}