{
  "sum_of_pairs": 0.3380656610470275,
  "column_score": 0.12422360248447205,
  "time_ms": 9
}