{
  "sum_of_pairs": 0.21592741935483872,
  "column_score": 0.04233870967741935,
  "time_ms": 32
}