{
  "sum_of_pairs": 0.6123249299719888,
  "column_score": 0.35294117647058826,
  "time_ms": 17
}