{
  "sum_of_pairs": 0.4337092731829574,
  "column_score": 0.21052631578947367,
  "time_ms": 16
}