{
  "sum_of_pairs": 0.0890937019969278,
  "column_score": 0.018433179723502304,
  "time_ms": 4
}