{
  "sum_of_pairs": 0.6755754263950985,
  "column_score": 0.4262295081967213,
  "time_ms": 24
}