{
  "sum_of_pairs": 0.5913348946135831,
  "column_score": 0.4110970996216898,
  "time_ms": 90
}