{
  "sum_of_pairs": 0.19833564493758668,
  "column_score": 0.04854368932038835,
  "time_ms": 6
}