{
  "sum_of_pairs": 0.8137879355563882,
  "column_score": 0.5605095541401274,
  "time_ms": 52
}