{
  "sum_of_pairs": 0.7416256157635468,
  "column_score": 0.7142857142857143,
  "time_ms": 7
}