{
  "sum_of_pairs": 0.33287671232876714,
  "column_score": 0.2602739726027397,
  "time_ms": 6
}