{
  "sum_of_pairs": 0.39215686274509803,
  "column_score": 0.10084033613445378,
  "time_ms": 15
}