{
  "sum_of_pairs": 0.23137254901960785,
  "column_score": 0.19607843137254902,
  "time_ms": 4
}