{
  "sum_of_pairs": 0.34408602150537637,
  "column_score": 0.15207373271889402,
  "time_ms": 3
}