{
  "sum_of_pairs": 0.5655131617864537,
  "column_score": 0.42857142857142855,
  "time_ms": 47
}