{
  "sum_of_pairs": 0.7375621890547264,
  "column_score": 0.6432835820895523,
  "time_ms": 6
}