{
  "sum_of_pairs": 0.17479674796747968,
  "column_score": 0.018292682926829267,
  "time_ms": 3
}