{
  "sum_of_pairs": 0.46918044077134985,
  "column_score": 0.18181818181818182,
  "time_ms": 56
}