{
  "sum_of_pairs": 0.5859040006660838,
  "column_score": 0.3184713375796178,
  "time_ms": 38
}