{
  "sum_of_pairs": 0.6541111773669913,
  "column_score": 0.2558139534883721,
  "time_ms": 116
}