{
  "sum_of_pairs": 0.7988344988344989,
  "column_score": 0.6051282051282051,
  "time_ms": 41
}