{
  "sum_of_pairs": 0.40635866865375064,
  "column_score": 0.18330849478390462,
  "time_ms": 80
}