{
  "sum_of_pairs": 0.6111111111111112,
  "column_score": 0.5119047619047619,
  "time_ms": 5
}