{
  "sum_of_pairs": 0.5479466333124869,
  "column_score": 0.12195121951219512,
  "time_ms": 66
}