{
  "sum_of_pairs": 0.5394077017693254,
  "column_score": 0.11439114391143912,
  "time_ms": 26
}