{
  "sum_of_pairs": 0.38362585310445474,
  "column_score": 0.08602292423460829,
  "time_ms": 125
}