{
  "sum_of_pairs": 0.3836192705981235,
  "column_score": 0.0860229242346083,
  "time_ms": 126
}