{
  "sum_of_pairs": 0.38265414566246175,
  "column_score": 0.08585700420806107,
  "time_ms": 56
}