{
  "sum_of_pairs": 0.29024790877572115,
  "column_score": 0.038279984612854784,
  "time_ms": 151
}