{
  "sum_of_pairs": 0.37221351445489376,
  "column_score": 0.14367816091954022,
  "time_ms": 42
}