{
  "sum_of_pairs": 0.36297348484848485,
  "column_score": 0.09659090909090909,
  "time_ms": 53
}