{
  "sum_of_pairs": 0.2244789693065555,
  "column_score": 0.08275862068965517,
  "time_ms": 14
}