{
  "sum_of_pairs": 0.3705541770057899,
  "column_score": 0.07258064516129033,
  "time_ms": 133
}