{
  "sum_of_pairs": 0.6129014020805066,
  "column_score": 0.071875,
  "time_ms": 2688
}