{
  "sum_of_pairs": 0.47236428009441384,
  "column_score": 0.11382113821138211,
  "time_ms": 84
}