{
  "sum_of_pairs": 0.48380355276907,
  "column_score": 0.3936781609195402,
  "time_ms": 68
}