{
  "sum_of_pairs": 0.5557983682983683,
  "column_score": 0.10096153846153846,
  "time_ms": 365
}