{
  "sum_of_pairs": 0.2816962730755834,
  "column_score": 0.09482758620689655,
  "time_ms": 59
}