{
  "sum_of_pairs": 0.807832422586521,
  "column_score": 0.6557377049180327,
  "time_ms": 11
}