{
  "sum_of_pairs": 0.4315237013743303,
  "column_score": 0.07291666666666667,
  "time_ms": 696
}