{
  "sum_of_pairs": 0.5564352216102806,
  "column_score": 0.16260162601626016,
  "time_ms": 50
}