{
  "sum_of_pairs": 0.4593347265761059,
  "column_score": 0.23563218390804597,
  "time_ms": 18
}