{
  "sum_of_pairs": 0.26129032258064516,
  "column_score": 0.02903225806451613,
  "time_ms": 13
}