{
  "sum_of_pairs": 0.811236997283509,
  "column_score": 0.46511627906976744,
  "time_ms": 99
}