{
  "sum_of_pairs": 0.49858095884215287,
  "column_score": 0.028125,
  "time_ms": 1368
}