{
  "sum_of_pairs": 0.55987739312877,
  "column_score": 0.17073170731707318,
  "time_ms": 284
}