{
  "sum_of_pairs": 0.5276977055672024,
  "column_score": 0.07291666666666667,
  "time_ms": 511
}