{
  "sum_of_pairs": 0.3920400404852853,
  "column_score": 0.0017270531400966182,
  "time_ms": 1409
}