{
  "sum_of_pairs": 0.43572528912698594,
  "column_score": 0.043478260869565216,
  "time_ms": 905
}