{
  "sum_of_pairs": 0.4927925170068027,
  "column_score": 0.008333333333333333,
  "time_ms": 771
}