{
  "sum_of_pairs": 0.38465881209633523,
  "column_score": 0.00856508661303182,
  "time_ms": 892
}