{
  "sum_of_pairs": 0.4188451958382307,
  "column_score": 0.038377326852633065,
  "time_ms": 1129
}