{
  "sum_of_pairs": 0.4196725904840219,
  "column_score": 0.03837732685263306,
  "time_ms": 498
}