{
  "sum_of_pairs": 0.5035795887281036,
  "column_score": 0.16831683168316833,
  "time_ms": 1669
}