{
  "sum_of_pairs": 0.7649587855067307,
  "column_score": 0.136986301369863,
  "time_ms": 811
}