{
  "sum_of_pairs": 0.8120067860231968,
  "column_score": 0.40476190476190477,
  "time_ms": 3373
}