{
  "sum_of_pairs": 0.739274424205931,
  "column_score": 0.0136986301369863,
  "time_ms": 1462
}