{
  "sum_of_pairs": 0.6531854475933423,
  "column_score": 0.18128654970760233,
  "time_ms": 344
}