{
  "sum_of_pairs": 0.4156448202959831,
  "column_score": 0.058823529411764705,
  "time_ms": 137
}