{
  "sum_of_pairs": 0.7652096761685803,
  "column_score": 0.136986301369863,
  "time_ms": 3453
}