{
  "sum_of_pairs": 0.6390810089460764,
  "column_score": 0.02197802197802198,
  "time_ms": 4480
}