{
  "sum_of_pairs": 0.8122539148207147,
  "column_score": 0.40476190476190477,
  "time_ms": 1692
}