{
  "sum_of_pairs": 0.7793674170699207,
  "column_score": 0.21825396825396826,
  "time_ms": 2518
}