{
  "sum_of_pairs": 0.5247964430472909,
  "column_score": 0.1625086998323727,
  "time_ms": 158
}