{
  "sum_of_pairs": 0.4413189269746647,
  "column_score": 0.26639344262295084,
  "time_ms": 49
}