{
  "sum_of_pairs": 0.9057606263982103,
  "column_score": 0.7919463087248322,
  "time_ms": 19
}