{
  "sum_of_pairs": 0.6204172086525027,
  "column_score": 0.060810810810810814,
  "time_ms": 195
}