{
  "sum_of_pairs": 0.43939211676490636,
  "column_score": 0.024539877300613498,
  "time_ms": 62
}