{
  "sum_of_pairs": 0.773403324584427,
  "column_score": 0.4409448818897638,
  "time_ms": 38
}