{
  "sum_of_pairs": 0.7015557337610264,
  "column_score": 0.3488372093023256,
  "time_ms": 174
}