{
  "sum_of_pairs": 0.516248341812347,
  "column_score": 0.04635695475217971,
  "time_ms": 740
}