{
  "sum_of_pairs": 0.7381236245111692,
  "column_score": 0.38095238095238093,
  "time_ms": 2102
}