{
  "sum_of_pairs": 0.5212886554972076,
  "column_score": 0.015503875968992248,
  "time_ms": 147
}