{
  "sum_of_pairs": 0.8097953216374268,
  "column_score": 0.25146198830409355,
  "time_ms": 489
}