{
  "sum_of_pairs": 0.8186598364041973,
  "column_score": 0.044534412955465584,
  "time_ms": 670
}