{
  "sum_of_pairs": 0.8388415237730307,
  "column_score": 0.15753424657534246,
  "time_ms": 1127
}