{
  "sum_of_pairs": 0.31136363636363634,
  "column_score": 0.045454545454545456,
  "time_ms": 37
}