{
  "sum_of_pairs": 0.6426822382875308,
  "column_score": 0.06796116504854369,
  "time_ms": 2556
}