{
  "sum_of_pairs": 0.6071898026785245,
  "column_score": 0.08791208791208792,
  "time_ms": 467
}