{
  "sum_of_pairs": 0.49552837328752003,
  "column_score": 0.18834556534841118,
  "time_ms": 23
}