{
  "sum_of_pairs": 0.6744791666666666,
  "column_score": 0.53125,
  "time_ms": 1
}