{
  "sum_of_pairs": 0.6134538152610441,
  "column_score": 0.4457831325301205,
  "time_ms": 1
}