{
  "sum_of_pairs": 0.6249265138154027,
  "column_score": 0.1111111111111111,
  "time_ms": 4
}