{
  "sum_of_pairs": 0.7400793650793651,
  "column_score": 0.6309523809523809,
  "time_ms": 2
}