{
  "sum_of_pairs": 0.5014862186993334,
  "column_score": 0.06431273644388398,
  "time_ms": 48
}