{
  "sum_of_pairs": 0.43869936034115137,
  "column_score": 0.1044776119402985,
  "time_ms": 16
}