{
  "sum_of_pairs": 0.7268472906403941,
  "column_score": 0.5862068965517241,
  "time_ms": 15
}