{
  "sum_of_pairs": 0.36045197740112994,
  "column_score": 0.12994350282485875,
  "time_ms": 19
}