{
  "sum_of_pairs": 0.6206657420249653,
  "column_score": 0.17475728155339806,
  "time_ms": 10
}