{
  "sum_of_pairs": 0.5070044709388972,
  "column_score": 0.23248882265275708,
  "time_ms": 75
}