{
  "sum_of_pairs": 0.6596311560717706,
  "column_score": 0.16560509554140126,
  "time_ms": 42
}