{
  "sum_of_pairs": 0.6734848484848485,
  "column_score": 0.23333333333333334,
  "time_ms": 15
}