{
  "sum_of_pairs": 0.7234375,
  "column_score": 0.609375,
  "time_ms": 0
}