{
  "sum_of_pairs": 0.43902894491129785,
  "column_score": 0.01680672268907563,
  "time_ms": 23
}