{
  "sum_of_pairs": 0.19080459770114944,
  "column_score": 0.041379310344827586,
  "time_ms": 5
}