{
  "sum_of_pairs": 0.9626262626262626,
  "column_score": 0.8307692307692308,
  "time_ms": 39
}