{
  "sum_of_pairs": 0.55625,
  "column_score": 0.2916666666666667,
  "time_ms": 1
}