{
  "sum_of_pairs": 0.41266631115091873,
  "column_score": 0.07499267660402796,
  "time_ms": 119
}