{
  "sum_of_pairs": 0.5334402566158781,
  "column_score": 0.2837209302325581,
  "time_ms": 136
}