{
  "sum_of_pairs": 0.5046944858420268,
  "column_score": 0.1987704918032787,
  "time_ms": 39
}