{
  "sum_of_pairs": 0.5835897435897436,
  "column_score": 0.2839506172839506,
  "time_ms": 51
}