{
  "sum_of_pairs": 0.6095264727815063,
  "column_score": 0.1342281879194631,
  "time_ms": 17
}