{
  "sum_of_pairs": 0.4008906845648351,
  "column_score": 0.0009722222222222222,
  "time_ms": 1448
}