{
  "sum_of_pairs": 0.5727925170068027,
  "column_score": 0.029166666666666667,
  "time_ms": 825
}