{
  "sum_of_pairs": 0.602975766869187,
  "column_score": 0.009550931667508766,
  "time_ms": 260
}