{
  "sum_of_pairs": 0.7952951490356517,
  "column_score": 0.0423728813559322,
  "time_ms": 83
}