{
  "sum_of_pairs": 0.6557318193203641,
  "column_score": 0.10847457627118644,
  "time_ms": 356
}