{
  "sum_of_pairs": 0.5455164517295348,
  "column_score": 0.09662596236012623,
  "time_ms": 268
}