{
  "sum_of_pairs": 0.492405868385346,
  "column_score": 0.01875,
  "time_ms": 1829
}