{
  "sum_of_pairs": 0.6043908472479901,
  "column_score": 0.09387755102040816,
  "time_ms": 40
}