{
  "sum_of_pairs": 0.5373098574679602,
  "column_score": 0.24242424242424243,
  "time_ms": 45
}