{
  "sum_of_pairs": 0.6521767637031209,
  "column_score": 0.016260162601626018,
  "time_ms": 169
}