{
  "sum_of_pairs": 0.5940501792114695,
  "column_score": 0.05161290322580645,
  "time_ms": 42
}