{
  "sum_of_pairs": 0.6678422152560084,
  "column_score": 0.3620689655172414,
  "time_ms": 48
}