{
  "sum_of_pairs": 0.6033011106540518,
  "column_score": 0.24519230769230768,
  "time_ms": 488
}