{
  "sum_of_pairs": 0.7002461322081576,
  "column_score": 0.43037974683544306,
  "time_ms": 24
}