{
  "sum_of_pairs": 0.7467222432739674,
  "column_score": 0.2620689655172414,
  "time_ms": 28
}