{
  "sum_of_pairs": 0.6674503657262278,
  "column_score": 0.08620689655172414,
  "time_ms": 56
}