{
  "sum_of_pairs": 0.6460834762721556,
  "column_score": 0.09119496855345911,
  "time_ms": 259
}