{
  "sum_of_pairs": 0.8053184910327768,
  "column_score": 0.29714285714285715,
  "time_ms": 75
}