{
  "sum_of_pairs": 0.8399048839719374,
  "column_score": 0.5642201834862385,
  "time_ms": 161
}