{
  "sum_of_pairs": 0.6580246913580247,
  "column_score": 0.6296296296296297,
  "time_ms": 27
}