{
  "sum_of_pairs": 0.9437156297621414,
  "column_score": 0.5465116279069767,
  "time_ms": 198
}