{
  "sum_of_pairs": 0.68529467759443,
  "column_score": 0.03260976526765903,
  "time_ms": 613
}