{
  "sum_of_pairs": 0.8614736429551244,
  "column_score": 0.05555555555555555,
  "time_ms": 2158
}