{
  "sum_of_pairs": 0.8754931661265324,
  "column_score": 0.12582781456953643,
  "time_ms": 887
}