{
  "sum_of_pairs": 0.752276362741479,
  "column_score": 0.23255813953488372,
  "time_ms": 213
}