{
  "sum_of_pairs": 0.8911872756115888,
  "column_score": 0.09322033898305085,
  "time_ms": 150
}