{
  "sum_of_pairs": 0.9118763391490664,
  "column_score": 0.14772727272727273,
  "time_ms": 1055
}