{
  "sum_of_pairs": 0.7153985507246376,
  "column_score": 0.3115942028985507,
  "time_ms": 32
}