{
  "sum_of_pairs": 0.8227288702763175,
  "column_score": 0.06944444444444445,
  "time_ms": 2473
}