{
  "sum_of_pairs": 0.8307744107744107,
  "column_score": 0.09166666666666666,
  "time_ms": 1416
}