{
  "sum_of_pairs": 0.5845077451293517,
  "column_score": 0.0594059405940594,
  "time_ms": 400
}