{
  "sum_of_pairs": 0.516868371293181,
  "column_score": 0.19401877763364592,
  "time_ms": 28
}