{
  "sum_of_pairs": 0.5823412698412699,
  "column_score": 0.36904761904761907,
  "time_ms": 2
}