{
  "sum_of_pairs": 0.7295566502463054,
  "column_score": 0.5566502463054187,
  "time_ms": 20
}