{
  "sum_of_pairs": 0.6598290598290598,
  "column_score": 0.3333333333333333,
  "time_ms": 0
}