{
  "sum_of_pairs": 0.8467661691542289,
  "column_score": 0.7671641791044777,
  "time_ms": 16
}