{
  "sum_of_pairs": 0.5030413625304136,
  "column_score": 0.13138686131386862,
  "time_ms": 8
}