{
  "sum_of_pairs": 0.6589861751152074,
  "column_score": 0.5345622119815668,
  "time_ms": 2
}