{
  "sum_of_pairs": 0.5490405117270789,
  "column_score": 0.13805970149253732,
  "time_ms": 23
}