{
  "sum_of_pairs": 0.6407925407925408,
  "column_score": 0.29743589743589743,
  "time_ms": 43
}