{
  "sum_of_pairs": 0.3441132637853949,
  "column_score": 0.01639344262295082,
  "time_ms": 42
}