{
  "sum_of_pairs": 0.7241940254362614,
  "column_score": 0.15527950310559005,
  "time_ms": 39
}