{
  "sum_of_pairs": 0.3082661290322581,
  "column_score": 0.21774193548387097,
  "time_ms": 17
}