{
  "sum_of_pairs": 0.42188254223652455,
  "column_score": 0.14823008849557523,
  "time_ms": 55
}