{
  "sum_of_pairs": 0.5614344503233392,
  "column_score": 0.1728395061728395,
  "time_ms": 4
}