{
  "sum_of_pairs": 0.48797965788257053,
  "column_score": 0.15048543689320387,
  "time_ms": 13
}