{
  "sum_of_pairs": 0.4711604683195592,
  "column_score": 0.13920454545454544,
  "time_ms": 99
}