{
  "sum_of_pairs": 0.253448275862069,
  "column_score": 0.04827586206896552,
  "time_ms": 7
}