{
  "sum_of_pairs": 0.832687338501292,
  "column_score": 0.6046511627906976,
  "time_ms": 2
}