{
  "sum_of_pairs": 0.4250300842358604,
  "column_score": 0.23104693140794225,
  "time_ms": 12
}