{
  "sum_of_pairs": 0.43537414965986393,
  "column_score": 0.2653061224489796,
  "time_ms": 3
}