{
  "sum_of_pairs": 0.2445226917057903,
  "column_score": 0.14084507042253522,
  "time_ms": 14
}