{
  "sum_of_pairs": 0.24503311258278146,
  "column_score": 0.1456953642384106,
  "time_ms": 3
}