{
  "sum_of_pairs": 0.2069640062597809,
  "column_score": 0.08450704225352113,
  "time_ms": 18
}