{
  "sum_of_pairs": 0.2530612244897959,
  "column_score": 0.18571428571428572,
  "time_ms": 6
}