{
  "sum_of_pairs": 0.5874169212677488,
  "column_score": 0.1514654848706288,
  "time_ms": 619
}