{
  "sum_of_pairs": 0.5593510654519549,
  "column_score": 0.0977151417199666,
  "time_ms": 1161
}