{
  "sum_of_pairs": 0.5847711926770628,
  "column_score": 0.1519179735584116,
  "time_ms": 2782
}