{
  "sum_of_pairs": 0.8341153599024663,
  "column_score": 0.46153846153846156,
  "time_ms": 10429
}