{
  "sum_of_pairs": 0.8057564624281266,
  "column_score": 0.27472527472527475,
  "time_ms": 4395
}