{
  "sum_of_pairs": 0.4531854246043638,
  "column_score": 0.017857142857142856,
  "time_ms": 2392
}