{
  "sum_of_pairs": 0.7465165317139001,
  "column_score": 0.1111111111111111,
  "time_ms": 835
}