{
  "sum_of_pairs": 0.5076509942820103,
  "column_score": 0.19480519480519481,
  "time_ms": 140
}