{
  "sum_of_pairs": 0.6292178409825468,
  "column_score": 0.27601809954751133,
  "time_ms": 215
}