{
  "sum_of_pairs": 0.8159299347269272,
  "column_score": 0.044534412955465584,
  "time_ms": 1009
}