{
  "sum_of_pairs": 0.4437547269432196,
  "column_score": 0.017857142857142856,
  "time_ms": 11384
}