{
  "sum_of_pairs": 0.7541391941391942,
  "column_score": 0.17142857142857143,
  "time_ms": 116
}