{
  "sum_of_pairs": 0.8027361165379259,
  "column_score": 0.43253968253968256,
  "time_ms": 4163
}