{
  "sum_of_pairs": 0.8002380045696877,
  "column_score": 0.40594059405940597,
  "time_ms": 446
}