{
  "sum_of_pairs": 0.7815367746288799,
  "column_score": 0.24561403508771928,
  "time_ms": 405
}