{
  "sum_of_pairs": 0.6281234758817582,
  "column_score": 0.17391304347826086,
  "time_ms": 3447
}