{
  "sum_of_pairs": 0.8599163393683942,
  "column_score": 0.23972602739726026,
  "time_ms": 958
}