{
  "sum_of_pairs": 0.594081336238199,
  "column_score": 0.17647058823529413,
  "time_ms": 1685
}