{
  "sum_of_pairs": 0.5270368729015346,
  "column_score": 0.08791208791208792,
  "time_ms": 1793
}