{
  "sum_of_pairs": 0.5457786420353266,
  "column_score": 0.23376623376623376,
  "time_ms": 150
}