{
  "sum_of_pairs": 0.6305097246178553,
  "column_score": 0.17391304347826086,
  "time_ms": 2758
}