{
  "sum_of_pairs": 0.8375847896395842,
  "column_score": 0.14383561643835616,
  "time_ms": 1866
}