{
  "sum_of_pairs": 0.49008461005282156,
  "column_score": 0.16279069767441862,
  "time_ms": 2319
}