{
  "sum_of_pairs": 0.6458142689628216,
  "column_score": 0.25217391304347825,
  "time_ms": 933
}