{
  "sum_of_pairs": 0.8599140585441956,
  "column_score": 0.23972602739726026,
  "time_ms": 2241
}