{
  "sum_of_pairs": 0.6920146520146521,
  "column_score": 0.17142857142857143,
  "time_ms": 295
}