{
  "sum_of_pairs": 0.5165013504146848,
  "column_score": 0.16279069767441862,
  "time_ms": 1241
}