{
  "sum_of_pairs": 0.5612486009202835,
  "column_score": 0.17647058823529413,
  "time_ms": 194
}