{
  "sum_of_pairs": 0.5322247228473785,
  "column_score": 0.06201550387596899,
  "time_ms": 262
}