{
  "sum_of_pairs": 0.5040485829959515,
  "column_score": 0.08791208791208792,
  "time_ms": 380
}