{
  "sum_of_pairs": 0.594612381989833,
  "column_score": 0.17647058823529413,
  "time_ms": 750
}