{
  "sum_of_pairs": 0.46557953324870616,
  "column_score": 0.054945054945054944,
  "time_ms": 839
}