{
  "sum_of_pairs": 0.6285426991309344,
  "column_score": 0.2895927601809955,
  "time_ms": 467
}