{
  "sum_of_pairs": 0.8468115343303313,
  "column_score": 0.1214574898785425,
  "time_ms": 545
}