{
  "sum_of_pairs": 0.48221221972159706,
  "column_score": 0.03875968992248062,
  "time_ms": 214
}