{
  "sum_of_pairs": 0.4457309388783869,
  "column_score": 0.1956521739130435,
  "time_ms": 23
}