{
  "sum_of_pairs": 0.4884748679461746,
  "column_score": 0.16279069767441862,
  "time_ms": 5243
}