{
  "sum_of_pairs": 0.7856145594245947,
  "column_score": 0.1262135922330097,
  "time_ms": 3470
}