{
  "sum_of_pairs": 0.6230769230769231,
  "column_score": 0.25339366515837103,
  "time_ms": 365
}