{
  "sum_of_pairs": 0.8170958477041473,
  "column_score": 0.3106796116504854,
  "time_ms": 2073
}