{
  "sum_of_pairs": 0.5392863280018052,
  "column_score": 0.009650654168016713,
  "time_ms": 605
}