{
  "sum_of_pairs": 0.5863237872589129,
  "column_score": 0.22033898305084745,
  "time_ms": 875
}