{
  "sum_of_pairs": 0.7487818006685931,
  "column_score": 0.08783783783783784,
  "time_ms": 521
}