{
  "sum_of_pairs": 0.11834736279976041,
  "column_score": 0.02049954315087496,
  "time_ms": 6
}