{
  "sum_of_pairs": 0.2152317880794702,
  "column_score": 0.10596026490066225,
  "time_ms": 3
}