{
  "sum_of_pairs": 0.802578469208112,
  "column_score": 0.13360385758214274,
  "time_ms": 403
}