{
  "sum_of_pairs": 0.7944201237478117,
  "column_score": 0.11880156686740306,
  "time_ms": 959
}