{
  "sum_of_pairs": 0.905698060645023,
  "column_score": 0.31693989071038253,
  "time_ms": 223
}