{
  "sum_of_pairs": 0.9126743694518811,
  "column_score": 0.17218543046357615,
  "time_ms": 1867
}