{
  "sum_of_pairs": 0.9108092948717949,
  "column_score": 0.23333333333333334,
  "time_ms": 898
}