{
  "sum_of_pairs": 0.8389079068214077,
  "column_score": 0.4067796610169492,
  "time_ms": 561
}