{
  "sum_of_pairs": 0.9187450096284815,
  "column_score": 0.17218543046357615,
  "time_ms": 540
}