{
  "sum_of_pairs": 0.9527688065423915,
  "column_score": 0.22972972972972974,
  "time_ms": 377
}