{
  "sum_of_pairs": 0.7040513833992095,
  "column_score": 0.13815789473684212,
  "time_ms": 56
}