{
  "sum_of_pairs": 0.9437237945492662,
  "column_score": 0.3263888888888889,
  "time_ms": 695
}