{
  "sum_of_pairs": 0.7887274683884853,
  "column_score": 0.13333333333333333,
  "time_ms": 258
}