{
  "sum_of_pairs": 0.9582875444276139,
  "column_score": 0.6111111111111112,
  "time_ms": 1907
}