{
  "sum_of_pairs": 0.7866612859833199,
  "column_score": 0.13333333333333333,
  "time_ms": 523
}