{
  "sum_of_pairs": 0.9545285034671828,
  "column_score": 0.4652777777777778,
  "time_ms": 357
}