{
  "sum_of_pairs": 0.9366498316498316,
  "column_score": 0.22083333333333333,
  "time_ms": 1716
}