{
  "sum_of_pairs": 0.9407943067033976,
  "column_score": 0.20833333333333334,
  "time_ms": 1127
}