{
  "sum_of_pairs": 0.9453512396694215,
  "column_score": 0.29545454545454547,
  "time_ms": 602
}