{
  "sum_of_pairs": 0.7922888054934526,
  "column_score": 0.07920792079207921,
  "time_ms": 501
}