{
  "sum_of_pairs": 0.9509698377622906,
  "column_score": 0.1891891891891892,
  "time_ms": 690
}