{
  "sum_of_pairs": 0.8972720454301939,
  "column_score": 0.2786885245901639,
  "time_ms": 565
}