{
  "sum_of_pairs": 0.6759259259259259,
  "column_score": 0.313953488372093,
  "time_ms": 236
}