{
  "sum_of_pairs": 0.765367952695978,
  "column_score": 0.03225806451612903,
  "time_ms": 917
}