{
  "sum_of_pairs": 0.7738715531877525,
  "column_score": 0.056451612903225805,
  "time_ms": 496
}