{
  "sum_of_pairs": 0.7161479331290652,
  "column_score": 0.009433962264150943,
  "time_ms": 127
}