{
  "sum_of_pairs": 0.881856892377056,
  "column_score": 0.09322033898305085,
  "time_ms": 523
}