{
  "sum_of_pairs": 0.942590393033584,
  "column_score": 0.167420814479638,
  "time_ms": 1171
}