{
  "sum_of_pairs": 0.941820987654321,
  "column_score": 0.26666666666666666,
  "time_ms": 847
}