{
  "sum_of_pairs": 0.9069067904585693,
  "column_score": 0.22900763358778625,
  "time_ms": 1783
}