{
  "sum_of_pairs": 0.7130032790410149,
  "column_score": 0.009433962264150943,
  "time_ms": 220
}