{
  "sum_of_pairs": 0.8762535186488388,
  "column_score": 0.35714285714285715,
  "time_ms": 119
}