{
  "sum_of_pairs": 0.7859903381642512,
  "column_score": 0.2318840579710145,
  "time_ms": 62
}