{
  "sum_of_pairs": 0.6832223840232994,
  "column_score": 0.11842105263157894,
  "time_ms": 281
}