{
  "sum_of_pairs": 0.363426434987415,
  "column_score": 0.04601689549421781,
  "time_ms": 104
}