{
  "sum_of_pairs": 0.47638599304998663,
  "column_score": 0.24651162790697675,
  "time_ms": 125
}