{
  "sum_of_pairs": 0.16671495222667443,
  "column_score": 0.021165873420455828,
  "time_ms": 10
}