{
  "sum_of_pairs": 0.40058479532163743,
  "column_score": 0.03508771929824561,
  "time_ms": 0
}