{
  "sum_of_pairs": 0.11673414304993253,
  "column_score": 0.06477732793522267,
  "time_ms": 6
}