{
  "sum_of_pairs": 0.4342629482071713,
  "column_score": 0.27091633466135456,
  "time_ms": 4
}