{
  "sum_of_pairs": 0.3650026465512366,
  "column_score": 0.03889939788974321,
  "time_ms": 427
}