{
  "sum_of_pairs": 0.3147018394821679,
  "column_score": 0.032919569534311875,
  "time_ms": 142
}