{
  "sum_of_pairs": 0.36500264655123665,
  "column_score": 0.03889939788974321,
  "time_ms": 173
}