{
  "sum_of_pairs": 0.5436657169990503,
  "column_score": 0.2839506172839506,
  "time_ms": 79
}