{
  "sum_of_pairs": 0.5340909090909091,
  "column_score": 0.09016393442622951,
  "time_ms": 44
}