{
  "sum_of_pairs": 0.48797720797720795,
  "column_score": 0.24691358024691357,
  "time_ms": 68
}