{
  "sum_of_pairs": 0.44314354450681637,
  "column_score": 0.15813953488372093,
  "time_ms": 201
}