{
  "sum_of_pairs": 0.2789155780306223,
  "column_score": 0.07079646017699115,
  "time_ms": 71
}