{
  "sum_of_pairs": 0.645715350223547,
  "column_score": 0.13729508196721313,
  "time_ms": 26
}