{
  "sum_of_pairs": 0.5025180433039295,
  "column_score": 0.20465116279069767,
  "time_ms": 299
}