{
  "sum_of_pairs": 0.8301376608055286,
  "column_score": 0.19850126797523038,
  "time_ms": 1080
}