{
  "sum_of_pairs": 0.8277187379584141,
  "column_score": 0.19066422864539265,
  "time_ms": 934
}