{
  "sum_of_pairs": 0.7242832533530208,
  "column_score": 0.5813953488372093,
  "time_ms": 189
}