{
  "sum_of_pairs": 0.856280193236715,
  "column_score": 0.6159420289855072,
  "time_ms": 69
}