{
  "sum_of_pairs": 0.9571618354857678,
  "column_score": 0.17194570135746606,
  "time_ms": 3179
}