{
  "sum_of_pairs": 0.8975675600456431,
  "column_score": 0.15476190476190477,
  "time_ms": 411
}