{
  "sum_of_pairs": 0.9082292399718508,
  "column_score": 0.44642857142857145,
  "time_ms": 360
}