{
  "sum_of_pairs": 0.8943669811583312,
  "column_score": 0.13095238095238096,
  "time_ms": 822
}