{
  "sum_of_pairs": 0.7186931348221671,
  "column_score": 0.15384615384615385,
  "time_ms": 136
}