{
  "sum_of_pairs": 0.9580061683204311,
  "column_score": 0.17194570135746606,
  "time_ms": 3444
}