{
  "sum_of_pairs": 0.7212848083815826,
  "column_score": 0.15384615384615385,
  "time_ms": 165
}