{
  "sum_of_pairs": 0.8452367036820573,
  "column_score": 0.33220338983050846,
  "time_ms": 1217
}