{
  "sum_of_pairs": 0.8091446636613782,
  "column_score": 0.14516129032258066,
  "time_ms": 1069
}