{
  "sum_of_pairs": 0.9598740681338918,
  "column_score": 0.5648148148148148,
  "time_ms": 2998
}