{
  "sum_of_pairs": 0.9773499915009349,
  "column_score": 0.6216216216216216,
  "time_ms": 869
}