{
  "sum_of_pairs": 0.9261846464064526,
  "column_score": 0.3282442748091603,
  "time_ms": 2531
}