{
  "sum_of_pairs": 0.9242944390871103,
  "column_score": 0.4262295081967213,
  "time_ms": 514
}