{
  "sum_of_pairs": 0.9494837261503928,
  "column_score": 0.2708333333333333,
  "time_ms": 1082
}