{
  "sum_of_pairs": 0.8474993737997829,
  "column_score": 0.33559322033898303,
  "time_ms": 680
}