{
  "sum_of_pairs": 0.7698051948051948,
  "column_score": 0.4090909090909091,
  "time_ms": 31
}