{
  "sum_of_pairs": 0.9543350168350169,
  "column_score": 0.3560606060606061,
  "time_ms": 1759
}