{
  "sum_of_pairs": 0.7381162887455793,
  "column_score": 0.26973684210526316,
  "time_ms": 166
}