{
  "sum_of_pairs": 0.928422650372816,
  "column_score": 0.366412213740458,
  "time_ms": 1142
}