{
  "sum_of_pairs": 0.8620772946859904,
  "column_score": 0.6594202898550725,
  "time_ms": 25
}