{
  "sum_of_pairs": 0.9297414400450895,
  "column_score": 0.23178807947019867,
  "time_ms": 1662
}