{
  "sum_of_pairs": 0.9587349079693963,
  "column_score": 0.2171945701357466,
  "time_ms": 1535
}