{
  "sum_of_pairs": 0.7340857083420013,
  "column_score": 0.2565789473684211,
  "time_ms": 128
}