{
  "sum_of_pairs": 0.9617699763382735,
  "column_score": 0.6157407407407407,
  "time_ms": 2356
}