{
  "sum_of_pairs": 0.7224683154915713,
  "column_score": 0.5813953488372093,
  "time_ms": 356
}