{
  "sum_of_pairs": 0.791485244315433,
  "column_score": 0.3490566037735849,
  "time_ms": 315
}