{
  "sum_of_pairs": 0.8030852994555354,
  "column_score": 0.20161290322580644,
  "time_ms": 1315
}