{
  "sum_of_pairs": 0.9605305595871634,
  "column_score": 0.4305555555555556,
  "time_ms": 945
}