{
  "sum_of_pairs": 0.9788514930024363,
  "column_score": 0.6621621621621622,
  "time_ms": 462
}