{
  "sum_of_pairs": 0.7725108225108225,
  "column_score": 0.4090909090909091,
  "time_ms": 17
}