{
  "sum_of_pairs": 0.9645358737513242,
  "column_score": 0.6203703703703703,
  "time_ms": 3936
}