{
  "sum_of_pairs": 0.8486766302078985,
  "column_score": 0.33559322033898303,
  "time_ms": 1496
}