{
  "sum_of_pairs": 0.8356755030341744,
  "column_score": 0.22772277227722773,
  "time_ms": 309
}