{
  "sum_of_pairs": 0.9226015214829101,
  "column_score": 0.43169398907103823,
  "time_ms": 579
}