{
  "sum_of_pairs": 0.7241797628894403,
  "column_score": 0.15384615384615385,
  "time_ms": 76
}