{
  "sum_of_pairs": 0.9520125497398225,
  "column_score": 0.32575757575757575,
  "time_ms": 1498
}