{
  "sum_of_pairs": 0.9639322286727947,
  "column_score": 0.4305555555555556,
  "time_ms": 432
}