{
  "sum_of_pairs": 0.7651515151515151,
  "column_score": 0.4090909090909091,
  "time_ms": 51
}