{
  "sum_of_pairs": 0.9627669998040368,
  "column_score": 0.24603174603174602,
  "time_ms": 3501
}