{
  "sum_of_pairs": 0.8138867747789942,
  "column_score": 0.20161290322580644,
  "time_ms": 574
}