{
  "sum_of_pairs": 0.9152886198290053,
  "column_score": 0.11594202898550725,
  "time_ms": 5962
}