{
  "sum_of_pairs": 0.9321661735005401,
  "column_score": 0.23178807947019867,
  "time_ms": 1331
}