{
  "sum_of_pairs": 0.745735385895569,
  "column_score": 0.26973684210526316,
  "time_ms": 76
}