{
  "sum_of_pairs": 0.9633548892808153,
  "column_score": 0.2698412698412698,
  "time_ms": 3668
}