{
  "sum_of_pairs": 0.9235477902480639,
  "column_score": 0.2900763358778626,
  "time_ms": 2452
}