{
  "sum_of_pairs": 0.772160404235876,
  "column_score": 0.2830188679245283,
  "time_ms": 140
}