{
  "sum_of_pairs": 0.7218530823181986,
  "column_score": 0.47674418604651164,
  "time_ms": 395
}