{
  "sum_of_pairs": 0.9613872762457668,
  "column_score": 0.3819444444444444,
  "time_ms": 787
}