{
  "sum_of_pairs": 0.9264030858244937,
  "column_score": 0.43169398907103823,
  "time_ms": 274
}