{
  "sum_of_pairs": 0.9128398875622721,
  "column_score": 0.15476190476190477,
  "time_ms": 880
}