{
  "sum_of_pairs": 0.9134412385643913,
  "column_score": 0.44642857142857145,
  "time_ms": 291
}