{
  "sum_of_pairs": 0.31908159558470034,
  "column_score": 0.034680072509366645,
  "time_ms": 162
}