{
  "sum_of_pairs": 0.3630036386790338,
  "column_score": 0.05902763171689415,
  "time_ms": 94
}