{
  "sum_of_pairs": 0.5044254510921178,
  "column_score": 0.12345679012345678,
  "time_ms": 74
}