{
  "sum_of_pairs": 0.3916871416871417,
  "column_score": 0.02702702702702703,
  "time_ms": 121
}