{
  "sum_of_pairs": 0.4146466985744429,
  "column_score": 0.11811023622047244,
  "time_ms": 39
}