{
  "sum_of_pairs": 0.3466300525124055,
  "column_score": 0.006756756756756757,
  "time_ms": 247
}