{
  "sum_of_pairs": 0.6404619970193741,
  "column_score": 0.24180327868852458,
  "time_ms": 26
}