{
  "sum_of_pairs": 0.5154076864058031,
  "column_score": 0.037037037037037035,
  "time_ms": 503
}