{
  "sum_of_pairs": 0.5622133119486769,
  "column_score": 0.28837209302325584,
  "time_ms": 138
}