{
  "sum_of_pairs": 0.6253751187084521,
  "column_score": 0.2839506172839506,
  "time_ms": 40
}