{
  "sum_of_pairs": 0.5745458288302198,
  "column_score": 0.2677165354330709,
  "time_ms": 26
}