{
  "sum_of_pairs": 0.4326169405815424,
  "column_score": 0.1415929203539823,
  "time_ms": 94
}