{
  "sum_of_pairs": 0.5941912810866204,
  "column_score": 0.008790746099551392,
  "time_ms": 637
}