{
  "sum_of_pairs": 0.8245926024928966,
  "column_score": 0.21296296296296297,
  "time_ms": 2804
}