{
  "sum_of_pairs": 0.6730733906654421,
  "column_score": 0.10508474576271186,
  "time_ms": 688
}