{
  "sum_of_pairs": 0.09932659932659933,
  "column_score": 0.010101010101010102,
  "time_ms": 3
}