{
  "sum_of_pairs": 0.4108382586189679,
  "column_score": 0.0335973078816131,
  "time_ms": 1111
}