{
  "sum_of_pairs": 0.6487130934848166,
  "column_score": 0.3055555555555556,
  "time_ms": 3714
}