{
  "sum_of_pairs": 0.7306164155479224,
  "column_score": 0.11643835616438356,
  "time_ms": 1962
}