{
  "sum_of_pairs": 0.460353372118078,
  "column_score": 0.18552036199095023,
  "time_ms": 337
}