{
  "sum_of_pairs": 0.6186565835676898,
  "column_score": 0.01958974625882439,
  "time_ms": 651
}