{
  "sum_of_pairs": 0.8758417508417509,
  "column_score": 0.10227272727272728,
  "time_ms": 1138
}