{
  "sum_of_pairs": 0.8894816695872563,
  "column_score": 0.37962962962962965,
  "time_ms": 2640
}