{
  "sum_of_pairs": 0.38939198985392626,
  "column_score": 0.08887430672308755,
  "time_ms": 173
}