{
  "sum_of_pairs": 0.3893919898539262,
  "column_score": 0.08887430672308756,
  "time_ms": 156
}