{
  "sum_of_pairs": 0.6316302012663952,
  "column_score": 0.115625,
  "time_ms": 1749
}