{
  "sum_of_pairs": 0.7258837021046951,
  "column_score": 0.4380733944954128,
  "time_ms": 120
}