{
  "sum_of_pairs": 0.8453256476512291,
  "column_score": 0.5697674418604651,
  "time_ms": 147
}