{
  "sum_of_pairs": 0.47837552742616035,
  "column_score": 0.24050632911392406,
  "time_ms": 25
}