{
  "sum_of_pairs": 0.5599757408864411,
  "column_score": 0.17073170731707318,
  "time_ms": 137
}