{
  "sum_of_pairs": 0.478260293721335,
  "column_score": 0.2601597773979259,
  "time_ms": 30
}