{
  "sum_of_pairs": 0.45204889807162535,
  "column_score": 0.18181818181818182,
  "time_ms": 91
}