{
  "sum_of_pairs": 0.7481370467507598,
  "column_score": 0.22929936305732485,
  "time_ms": 56
}