{
  "sum_of_pairs": 0.586713697824809,
  "column_score": 0.5370370370370371,
  "time_ms": 26
}