{
  "sum_of_pairs": 0.6169609079445145,
  "column_score": 0.4665825977301387,
  "time_ms": 53
}