{
  "sum_of_pairs": 0.20689655172413793,
  "column_score": 0.05517241379310345,
  "time_ms": 29
}