{
  "sum_of_pairs": 0.6454316570595641,
  "column_score": 0.2558139534883721,
  "time_ms": 108
}