{
  "sum_of_pairs": 0.4991058122205663,
  "column_score": 0.2786885245901639,
  "time_ms": 55
}