{
  "sum_of_pairs": 0.4694700460829493,
  "column_score": 0.1693548387096774,
  "time_ms": 13
}