{
  "sum_of_pairs": 0.5643835616438356,
  "column_score": 0.4520547945205479,
  "time_ms": 15
}