{
  "sum_of_pairs": 0.3089430894308943,
  "column_score": 0.21951219512195122,
  "time_ms": 16
}