{
  "sum_of_pairs": 0.45542635658914726,
  "column_score": 0.20930232558139536,
  "time_ms": 24
}