{
  "sum_of_pairs": 0.14858870967741936,
  "column_score": 0.04838709677419355,
  "time_ms": 19
}