{
  "sum_of_pairs": 0.672495446265938,
  "column_score": 0.4262295081967213,
  "time_ms": 85
}