{
  "sum_of_pairs": 0.5596082883905762,
  "column_score": 0.17712177121771217,
  "time_ms": 52
}