{
  "sum_of_pairs": 0.5658487530168946,
  "column_score": 0.21017699115044247,
  "time_ms": 42
}