{
  "sum_of_pairs": 0.4900625796032579,
  "column_score": 0.12395052368557677,
  "time_ms": 79
}