{
  "sum_of_pairs": 0.6252110994642441,
  "column_score": 0.22916666666666666,
  "time_ms": 276
}