{
  "sum_of_pairs": 0.57945837687217,
  "column_score": 0.31896551724137934,
  "time_ms": 29
}