{
  "sum_of_pairs": 0.6965152111198532,
  "column_score": 0.25203252032520324,
  "time_ms": 71
}