{
  "sum_of_pairs": 0.7271822704658526,
  "column_score": 0.109375,
  "time_ms": 666
}