{
  "sum_of_pairs": 0.773224043715847,
  "column_score": 0.5245901639344263,
  "time_ms": 3
}