{
  "sum_of_pairs": 0.43977272727272726,
  "column_score": 0.14772727272727273,
  "time_ms": 42
}