{
  "sum_of_pairs": 0.39743409325452667,
  "column_score": 0.18421052631578946,
  "time_ms": 66
}