{
  "sum_of_pairs": 0.5879043600562588,
  "column_score": 0.310126582278481,
  "time_ms": 15
}