{
  "sum_of_pairs": 0.7202749397171054,
  "column_score": 0.5031446540880503,
  "time_ms": 100
}