{
  "sum_of_pairs": 0.7415460729746444,
  "column_score": 0.5257142857142857,
  "time_ms": 35
}