{
  "sum_of_pairs": 0.42207792207792205,
  "column_score": 0.024489795918367346,
  "time_ms": 19
}