{
  "sum_of_pairs": 0.4283950617283951,
  "column_score": 0.15432098765432098,
  "time_ms": 16
}