{
  "sum_of_pairs": 0.5354442344045368,
  "column_score": 0.13043478260869565,
  "time_ms": 18
}