{
  "sum_of_pairs": 0.6686205950911833,
  "column_score": 0.25961538461538464,
  "time_ms": 169
}