{
  "sum_of_pairs": 0.2365172189733593,
  "column_score": 0.1527777777777778,
  "time_ms": 32
}