{
  "sum_of_pairs": 0.4745705151751067,
  "column_score": 0.06591182892942277,
  "time_ms": 167
}