{
  "sum_of_pairs": 0.6252380217178735,
  "column_score": 0.047244094488188976,
  "time_ms": 40
}