{
  "sum_of_pairs": 0.6494207027540361,
  "column_score": 0.3950617283950617,
  "time_ms": 67
}