{
  "sum_of_pairs": 0.7477628635346756,
  "column_score": 0.36577181208053694,
  "time_ms": 23
}