{
  "sum_of_pairs": 0.6390697674418605,
  "column_score": 0.24651162790697675,
  "time_ms": 190
}