{
  "sum_of_pairs": 0.4920605284802923,
  "column_score": 0.13532772934851295,
  "time_ms": 163
}