{
  "sum_of_pairs": 0.42380774962742174,
  "column_score": 0.1680327868852459,
  "time_ms": 53
}