{
  "sum_of_pairs": 0.9046420581655481,
  "column_score": 0.7785234899328859,
  "time_ms": 20
}