{
  "sum_of_pairs": 0.7178727445394112,
  "column_score": 0.4074074074074074,
  "time_ms": 63
}