{
  "sum_of_pairs": 0.8050537800422006,
  "column_score": 0.5275590551181102,
  "time_ms": 39
}