{
  "sum_of_pairs": 0.6590002673082064,
  "column_score": 0.2837209302325581,
  "time_ms": 179
}