{
  "sum_of_pairs": 0.6125115727738034,
  "column_score": 0.17012407877960511,
  "time_ms": 1323
}