{
  "sum_of_pairs": 0.6309035626733661,
  "column_score": 0.20967884374057572,
  "time_ms": 1649
}