{
  "sum_of_pairs": 0.624306840298185,
  "column_score": 0.2040465116149607,
  "time_ms": 914
}