{
  "sum_of_pairs": 0.6309437606421995,
  "column_score": 0.20967884374057574,
  "time_ms": 3168
}