{
  "sum_of_pairs": 0.5455496068261669,
  "column_score": 0.16279069767441862,
  "time_ms": 3215
}