{
  "sum_of_pairs": 0.5514675302947011,
  "column_score": 0.16279069767441862,
  "time_ms": 1470
}