{
  "sum_of_pairs": 0.6605499448078159,
  "column_score": 0.23076923076923078,
  "time_ms": 11740
}