{
  "sum_of_pairs": 0.5324511657214871,
  "column_score": 0.2391304347826087,
  "time_ms": 49
}