{
  "sum_of_pairs": 0.5510822510822511,
  "column_score": 0.13636363636363635,
  "time_ms": 59
}