{
  "sum_of_pairs": 0.505671077504726,
  "column_score": 0.21739130434782608,
  "time_ms": 40
}