{
  "sum_of_pairs": 0.6355454141061337,
  "column_score": 0.1978021978021978,
  "time_ms": 2673
}