{
  "sum_of_pairs": 0.8370778867102396,
  "column_score": 0.5588235294117647,
  "time_ms": 2209
}