{
  "sum_of_pairs": 0.7969818221987652,
  "column_score": 0.30097087378640774,
  "time_ms": 3915
}