{
  "sum_of_pairs": 0.7578045945918869,
  "column_score": 0.3333333333333333,
  "time_ms": 4243
}