{
  "sum_of_pairs": 0.5716450216450216,
  "column_score": 0.13636363636363635,
  "time_ms": 158
}