{
  "sum_of_pairs": 0.5527215137117613,
  "column_score": 0.06201550387596899,
  "time_ms": 351
}