{
  "sum_of_pairs": 0.5826128758459586,
  "column_score": 0.054945054945054944,
  "time_ms": 526
}