{
  "sum_of_pairs": 0.8419664545980335,
  "column_score": 0.19838056680161945,
  "time_ms": 1616
}