{
  "sum_of_pairs": 0.8429678592084607,
  "column_score": 0.19838056680161945,
  "time_ms": 1402
}