{
  "sum_of_pairs": 0.6285796662108506,
  "column_score": 0.14285714285714285,
  "time_ms": 5540
}