{
  "sum_of_pairs": 0.6609353741496599,
  "column_score": 0.15416666666666667,
  "time_ms": 447
}