{
  "sum_of_pairs": 0.7530298324533544,
  "column_score": 0.27380952380952384,
  "time_ms": 4122
}