{
  "sum_of_pairs": 0.8287631165826654,
  "column_score": 0.12550607287449392,
  "time_ms": 1171
}