{
  "sum_of_pairs": 0.8210586443259711,
  "column_score": 0.44554455445544555,
  "time_ms": 937
}