{
  "sum_of_pairs": 0.5886304909560723,
  "column_score": 0.17829457364341086,
  "time_ms": 259
}