{
  "sum_of_pairs": 0.8315949527959332,
  "column_score": 0.6617647058823529,
  "time_ms": 2040
}