{
  "sum_of_pairs": 0.6594296258464174,
  "column_score": 0.23076923076923078,
  "time_ms": 6444
}