{
  "sum_of_pairs": 0.6855921855921856,
  "column_score": 0.3393665158371041,
  "time_ms": 509
}