{
  "sum_of_pairs": 0.7169523582941771,
  "column_score": 0.3130434782608696,
  "time_ms": 2556
}