{
  "sum_of_pairs": 0.6032594856124268,
  "column_score": 0.3116883116883117,
  "time_ms": 85
}