{
  "sum_of_pairs": 0.6778998778998779,
  "column_score": 0.3031674208144796,
  "time_ms": 389
}