{
  "sum_of_pairs": 0.6727197967424791,
  "column_score": 0.17475728155339806,
  "time_ms": 3256
}