{
  "sum_of_pairs": 0.7717282717282717,
  "column_score": 0.23972602739726026,
  "time_ms": 2562
}