{
  "sum_of_pairs": 0.5857582702502488,
  "column_score": 0.24675324675324675,
  "time_ms": 160
}