{
  "sum_of_pairs": 0.7209778147861774,
  "column_score": 0.40869565217391307,
  "time_ms": 7508
}