{
  "sum_of_pairs": 0.751941391941392,
  "column_score": 0.14285714285714285,
  "time_ms": 271
}