{
  "sum_of_pairs": 0.762545697008714,
  "column_score": 0.30434782608695654,
  "time_ms": 913
}