{
  "sum_of_pairs": 0.8286319497334349,
  "column_score": 0.49504950495049505,
  "time_ms": 902
}