{
  "sum_of_pairs": 0.7203402129304705,
  "column_score": 0.40869565217391307,
  "time_ms": 2354
}