{
  "sum_of_pairs": 0.6221862952369108,
  "column_score": 0.38823529411764707,
  "time_ms": 136
}