{
  "sum_of_pairs": 0.8497975708502025,
  "column_score": 0.3216374269005848,
  "time_ms": 643
}