{
  "sum_of_pairs": 0.7715862322672614,
  "column_score": 0.4260869565217391,
  "time_ms": 1079
}