{
  "sum_of_pairs": 0.8454157588961511,
  "column_score": 0.6617647058823529,
  "time_ms": 955
}