{
  "sum_of_pairs": 0.5607638805898802,
  "column_score": 0.16279069767441862,
  "time_ms": 6246
}