{
  "sum_of_pairs": 0.6770003559461417,
  "column_score": 0.17475728155339806,
  "time_ms": 3413
}