{
  "sum_of_pairs": 0.600447705509265,
  "column_score": 0.23529411764705882,
  "time_ms": 207
}