{
  "sum_of_pairs": 0.7577035723469555,
  "column_score": 0.3333333333333333,
  "time_ms": 3410
}