{
  "sum_of_pairs": 0.7723486559102998,
  "column_score": 0.23972602739726026,
  "time_ms": 1061
}