{
  "sum_of_pairs": 0.7668792394819792,
  "column_score": 0.1780821917808219,
  "time_ms": 1824
}