{
  "sum_of_pairs": 0.6443477179455291,
  "column_score": 0.38823529411764707,
  "time_ms": 247
}