{
  "sum_of_pairs": 0.7570562770562771,
  "column_score": 0.17142857142857143,
  "time_ms": 346
}