{
  "sum_of_pairs": 0.3666968589353305,
  "column_score": 0.08095014720395646,
  "time_ms": 186
}