{
  "sum_of_pairs": 0.3666968589353303,
  "column_score": 0.08095014720395648,
  "time_ms": 173
}