{
  "sum_of_pairs": 0.24254792826221397,
  "column_score": 0.012244897959183673,
  "time_ms": 54
}