{
  "sum_of_pairs": 0.6480113636363637,
  "column_score": 0.01875,
  "time_ms": 1767
}