{
  "sum_of_pairs": 0.7794454937938479,
  "column_score": 0.5894495412844036,
  "time_ms": 144
}