{
  "sum_of_pairs": 0.41094685025268807,
  "column_score": 0.02718498531296499,
  "time_ms": 448
}