{
  "sum_of_pairs": 0.4111332457985608,
  "column_score": 0.02718498531296499,
  "time_ms": 1089
}