{
  "sum_of_pairs": 0.41113324579856075,
  "column_score": 0.02718498531296499,
  "time_ms": 2177
}