{
  "sum_of_pairs": 0.36591424671299405,
  "column_score": 0.006600467093346612,
  "time_ms": 824
}