{
  "sum_of_pairs": 0.649276647330508,
  "column_score": 0.3055555555555556,
  "time_ms": 4257
}