{
  "sum_of_pairs": 0.3875980042765502,
  "column_score": 0.043478260869565216,
  "time_ms": 1363
}