{
  "sum_of_pairs": 0.6037565247011912,
  "column_score": 0.13095238095238096,
  "time_ms": 2720
}