{
  "sum_of_pairs": 0.5874246682950179,
  "column_score": 0.22330097087378642,
  "time_ms": 2848
}