{
  "sum_of_pairs": 0.6252839631129105,
  "column_score": 0.11695906432748537,
  "time_ms": 1364
}