{
  "sum_of_pairs": 0.5388134719477619,
  "column_score": 0.02912621359223301,
  "time_ms": 1763
}