{
  "sum_of_pairs": 0.7309494158809228,
  "column_score": 0.1095890410958904,
  "time_ms": 736
}