{
  "sum_of_pairs": 0.6005429199247296,
  "column_score": 0.002563042579578338,
  "time_ms": 285
}