{
  "sum_of_pairs": 0.5661638465299756,
  "column_score": 0.0018189334435717238,
  "time_ms": 517
}