{
  "sum_of_pairs": 0.595683393170243,
  "column_score": 0.07457627118644068,
  "time_ms": 781
}