{
  "sum_of_pairs": 0.38681303458387806,
  "column_score": 0.15576328344036294,
  "time_ms": 18
}