{
  "sum_of_pairs": 0.6736111111111112,
  "column_score": 0.5595238095238095,
  "time_ms": 1
}