{
  "sum_of_pairs": 0.4176829268292683,
  "column_score": 0.3170731707317073,
  "time_ms": 3
}