{
  "sum_of_pairs": 0.7236318407960199,
  "column_score": 0.6104477611940299,
  "time_ms": 10
}