{
  "sum_of_pairs": 0.4461538461538462,
  "column_score": 0.28205128205128205,
  "time_ms": 0
}