{
  "sum_of_pairs": 0.3972602739726027,
  "column_score": 0.1643835616438356,
  "time_ms": 5
}