{
  "sum_of_pairs": 0.4605543710021322,
  "column_score": 0.2574626865671642,
  "time_ms": 12
}