{
  "sum_of_pairs": 0.392090395480226,
  "column_score": 0.1016949152542373,
  "time_ms": 15
}