{
  "sum_of_pairs": 0.25806451612903225,
  "column_score": 0.0967741935483871,
  "time_ms": 1
}