{
  "sum_of_pairs": 0.46184738955823296,
  "column_score": 0.2710843373493976,
  "time_ms": 1
}