{
  "sum_of_pairs": 0.5096525096525096,
  "column_score": 0.2702702702702703,
  "time_ms": 1
}