{
  "sum_of_pairs": 0.31999195494770716,
  "column_score": 0.022123893805309734,
  "time_ms": 36
}