{
  "sum_of_pairs": 0.5176470588235295,
  "column_score": 0.27450980392156865,
  "time_ms": 2
}