{
  "sum_of_pairs": 0.49729064039408866,
  "column_score": 0.3103448275862069,
  "time_ms": 12
}