{
  "sum_of_pairs": 0.2695863746958638,
  "column_score": 0.0072992700729927005,
  "time_ms": 2
}