{
  "sum_of_pairs": 0.27899159663865547,
  "column_score": 0.07142857142857142,
  "time_ms": 122
}