{
  "sum_of_pairs": 0.31932773109243695,
  "column_score": 0.058823529411764705,
  "time_ms": 18
}