{
  "sum_of_pairs": 0.4708029197080292,
  "column_score": 0.10218978102189781,
  "time_ms": 5
}