{
  "sum_of_pairs": 0.6744186046511628,
  "column_score": 0.20930232558139536,
  "time_ms": 1
}