{
  "sum_of_pairs": 0.3239497245179063,
  "column_score": 0.02556818181818182,
  "time_ms": 75
}