{
  "sum_of_pairs": 0.4423076923076923,
  "column_score": 0.2509457755359395,
  "time_ms": 50
}