{
  "sum_of_pairs": 0.5201612903225806,
  "column_score": 0.22580645161290322,
  "time_ms": 8
}