{
  "sum_of_pairs": 0.7292768959435626,
  "column_score": 0.5493827160493827,
  "time_ms": 3
}