{
  "sum_of_pairs": 0.3394187779433681,
  "column_score": 0.10245901639344263,
  "time_ms": 24
}