{
  "sum_of_pairs": 0.48868677905944985,
  "column_score": 0.2463768115942029,
  "time_ms": 25
}