{
  "sum_of_pairs": 0.46565656565656566,
  "column_score": 0.07179487179487179,
  "time_ms": 29
}