{
  "sum_of_pairs": 0.6364583333333333,
  "column_score": 0.4791666666666667,
  "time_ms": 1
}