{
  "sum_of_pairs": 0.3650935585361815,
  "column_score": 0.044709388971684055,
  "time_ms": 64
}