{
  "sum_of_pairs": 0.5218671679197995,
  "column_score": 0.16447368421052633,
  "time_ms": 20
}