{
  "sum_of_pairs": 0.21954022988505748,
  "column_score": 0.09655172413793103,
  "time_ms": 5
}