{
  "sum_of_pairs": 0.675408039862227,
  "column_score": 0.25062340672115163,
  "time_ms": 1518
}