{
  "sum_of_pairs": 0.6808880060058837,
  "column_score": 0.2868945900981873,
  "time_ms": 875
}