{
  "sum_of_pairs": 0.8203618973168096,
  "column_score": 0.4434782608695652,
  "time_ms": 619
}