{
  "sum_of_pairs": 0.7204258609409385,
  "column_score": 0.3217391304347826,
  "time_ms": 3183
}