{
  "sum_of_pairs": 0.620830207551888,
  "column_score": 0.2248062015503876,
  "time_ms": 332
}