{
  "sum_of_pairs": 0.8692379750132748,
  "column_score": 0.626984126984127,
  "time_ms": 4784
}