{
  "sum_of_pairs": 0.85224399494311,
  "column_score": 0.5728155339805825,
  "time_ms": 4422
}