{
  "sum_of_pairs": 0.8171339938257232,
  "column_score": 0.12087912087912088,
  "time_ms": 1191
}