{
  "sum_of_pairs": 0.8918570014460425,
  "column_score": 0.6164383561643836,
  "time_ms": 1209
}