{
  "sum_of_pairs": 0.848452380952381,
  "column_score": 0.49166666666666664,
  "time_ms": 1100
}