{
  "sum_of_pairs": 0.49810941944119125,
  "column_score": 0.03488372093023256,
  "time_ms": 2984
}