{
  "sum_of_pairs": 0.8965049987606378,
  "column_score": 0.3805668016194332,
  "time_ms": 1309
}