{
  "sum_of_pairs": 0.5000728984918378,
  "column_score": 0.08139534883720931,
  "time_ms": 1622
}