{
  "sum_of_pairs": 0.9078666216824112,
  "column_score": 0.6374269005847953,
  "time_ms": 1015
}