{
  "sum_of_pairs": 0.7111829347123465,
  "column_score": 0.3393665158371041,
  "time_ms": 364
}