{
  "sum_of_pairs": 0.8699618736383442,
  "column_score": 0.5588235294117647,
  "time_ms": 2032
}