{
  "sum_of_pairs": 0.8790413175932978,
  "column_score": 0.6336633663366337,
  "time_ms": 1214
}