{
  "sum_of_pairs": 0.7805927405927406,
  "column_score": 0.11428571428571428,
  "time_ms": 292
}