{
  "sum_of_pairs": 0.870167212687726,
  "column_score": 0.6349206349206349,
  "time_ms": 2743
}