{
  "sum_of_pairs": 0.7750528541226216,
  "column_score": 0.2235294117647059,
  "time_ms": 262
}