{
  "sum_of_pairs": 0.72254089097722,
  "column_score": 0.391304347826087,
  "time_ms": 2049
}