{
  "sum_of_pairs": 0.8636555348699276,
  "column_score": 0.4945054945054945,
  "time_ms": 5513
}