{
  "sum_of_pairs": 0.8209309487504977,
  "column_score": 0.12087912087912088,
  "time_ms": 662
}