{
  "sum_of_pairs": 0.8153082105166348,
  "column_score": 0.34782608695652173,
  "time_ms": 1125
}