{
  "sum_of_pairs": 0.8840489337395278,
  "column_score": 0.6534653465346535,
  "time_ms": 690
}