{
  "sum_of_pairs": 0.5072463768115942,
  "column_score": 0.30434782608695654,
  "time_ms": 17
}