{
  "sum_of_pairs": 0.7813653013653014,
  "column_score": 0.11428571428571428,
  "time_ms": 145
}