{
  "sum_of_pairs": 0.8902125271988286,
  "column_score": 0.5616438356164384,
  "time_ms": 2359
}