{
  "sum_of_pairs": 0.9009171279847972,
  "column_score": 0.44129554655870445,
  "time_ms": 733
}