{
  "sum_of_pairs": 0.6297659559691645,
  "column_score": 0.18181818181818182,
  "time_ms": 191
}