{
  "sum_of_pairs": 0.36997732426303853,
  "column_score": 0.1619047619047619,
  "time_ms": 24
}