{
  "sum_of_pairs": 0.8646341664332668,
  "column_score": 0.5164835164835165,
  "time_ms": 3009
}