{
  "sum_of_pairs": 0.24957705101032718,
  "column_score": 0.08200205603521345,
  "time_ms": 11
}