{
  "sum_of_pairs": 0.13911290322580644,
  "column_score": 0.03225806451612903,
  "time_ms": 11
}