{
  "sum_of_pairs": 0.1889400921658986,
  "column_score": 0.05069124423963134,
  "time_ms": 3
}