{
  "sum_of_pairs": 0.7519736274952464,
  "column_score": 0.5484989145067618,
  "time_ms": 18
}