{
  "sum_of_pairs": 0.7184073839764321,
  "column_score": 0.49920555958130053,
  "time_ms": 42
}