{
  "sum_of_pairs": 0.8253968253968254,
  "column_score": 0.7321428571428571,
  "time_ms": 1
}