{
  "sum_of_pairs": 0.8472636815920398,
  "column_score": 0.7940298507462686,
  "time_ms": 9
}