{
  "sum_of_pairs": 0.6614152892561983,
  "column_score": 0.42613636363636365,
  "time_ms": 254
}