{
  "sum_of_pairs": 0.6932603686635944,
  "column_score": 0.41935483870967744,
  "time_ms": 19
}