{
  "sum_of_pairs": 0.7670239596469105,
  "column_score": 0.6128625472887768,
  "time_ms": 44
}