{
  "sum_of_pairs": 0.751984126984127,
  "column_score": 0.6369047619047619,
  "time_ms": 2
}