{
  "sum_of_pairs": 0.8721674876847291,
  "column_score": 0.7561576354679803,
  "time_ms": 11
}