{
  "sum_of_pairs": 0.745985401459854,
  "column_score": 0.49635036496350365,
  "time_ms": 3
}