{
  "sum_of_pairs": 0.8969389783343271,
  "column_score": 0.5116279069767442,
  "time_ms": 139
}