{
  "sum_of_pairs": 0.2454022988505747,
  "column_score": 0.10344827586206896,
  "time_ms": 6
}