{
  "sum_of_pairs": 0.8265172735760971,
  "column_score": 0.6050420168067226,
  "time_ms": 16
}