{
  "sum_of_pairs": 0.8532019704433498,
  "column_score": 0.729064039408867,
  "time_ms": 17
}