{
  "sum_of_pairs": 0.853213129912159,
  "column_score": 0.6990291262135923,
  "time_ms": 5
}