{
  "sum_of_pairs": 0.9842268842268842,
  "column_score": 0.9333333333333333,
  "time_ms": 27
}