{
  "sum_of_pairs": 0.637065637065637,
  "column_score": 0.5675675675675675,
  "time_ms": 0
}