{
  "sum_of_pairs": 0.7150684931506849,
  "column_score": 0.5342465753424658,
  "time_ms": 4
}