{
  "sum_of_pairs": 0.7481371087928465,
  "column_score": 0.5491803278688525,
  "time_ms": 44
}