{
  "sum_of_pairs": 0.8623927832002366,
  "column_score": 0.6894409937888198,
  "time_ms": 25
}