{
  "sum_of_pairs": 0.6764376721763086,
  "column_score": 0.4659090909090909,
  "time_ms": 86
}