{
  "sum_of_pairs": 0.9006466784244562,
  "column_score": 0.7716049382716049,
  "time_ms": 2
}