{
  "sum_of_pairs": 0.6589766341319137,
  "column_score": 0.38509316770186336,
  "time_ms": 9
}