{
  "sum_of_pairs": 0.41460905349794236,
  "column_score": 0.1111111111111111,
  "time_ms": 1
}