{
  "sum_of_pairs": 0.8238805970149253,
  "column_score": 0.764179104477612,
  "time_ms": 16
}