{
  "sum_of_pairs": 0.36231884057971014,
  "column_score": 0.043478260869565216,
  "time_ms": 0
}