{
  "sum_of_pairs": 0.8292466240227434,
  "column_score": 0.6194029850746269,
  "time_ms": 27
}