{
  "sum_of_pairs": 0.827785483125289,
  "column_score": 0.6504854368932039,
  "time_ms": 11
}