{
  "sum_of_pairs": 0.8600823045267489,
  "column_score": 0.7098765432098766,
  "time_ms": 5
}