{
  "sum_of_pairs": 0.6493150684931507,
  "column_score": 0.410958904109589,
  "time_ms": 9
}