{
  "sum_of_pairs": 0.5098790322580645,
  "column_score": 0.18951612903225806,
  "time_ms": 10
}