{
  "sum_of_pairs": 0.842051905920519,
  "column_score": 0.5693430656934306,
  "time_ms": 7
}