{
  "sum_of_pairs": 0.7507656278148082,
  "column_score": 0.5863808322824716,
  "time_ms": 86
}