{
  "sum_of_pairs": 0.8654094334124308,
  "column_score": 0.6624203821656051,
  "time_ms": 54
}