{
  "sum_of_pairs": 0.820996853783739,
  "column_score": 0.6900149031296572,
  "time_ms": 69
}