{
  "sum_of_pairs": 0.8085113429375724,
  "column_score": 0.669150521609538,
  "time_ms": 181
}