{
  "sum_of_pairs": 0.7601341281669151,
  "column_score": 0.5778688524590164,
  "time_ms": 22
}