{
  "sum_of_pairs": 0.29195402298850576,
  "column_score": 0.11379310344827587,
  "time_ms": 3
}