{
  "sum_of_pairs": 0.8670433145009416,
  "column_score": 0.7231638418079096,
  "time_ms": 27
}