{
  "sum_of_pairs": 0.6177606177606177,
  "column_score": 0.5135135135135135,
  "time_ms": 1
}