{
  "sum_of_pairs": 0.8470527012962438,
  "column_score": 0.41697416974169743,
  "time_ms": 66
}