{
  "sum_of_pairs": 0.8730693976104242,
  "column_score": 0.6942675159235668,
  "time_ms": 32
}