{
  "sum_of_pairs": 0.6666666666666666,
  "column_score": 0.5487804878048781,
  "time_ms": 8
}