{
  "sum_of_pairs": 0.7019607843137254,
  "column_score": 0.39215686274509803,
  "time_ms": 1
}