{
  "sum_of_pairs": 0.9111111111111111,
  "column_score": 0.7948717948717948,
  "time_ms": 0
}