{
  "sum_of_pairs": 0.7955349959774739,
  "column_score": 0.5575221238938053,
  "time_ms": 98
}