{
  "sum_of_pairs": 0.8759772565742715,
  "column_score": 0.7126865671641791,
  "time_ms": 9
}