{
  "sum_of_pairs": 0.8663544327750969,
  "column_score": 0.47601476014760147,
  "time_ms": 30
}