{
  "sum_of_pairs": 0.7917274939172749,
  "column_score": 0.5766423357664233,
  "time_ms": 2
}