{
  "sum_of_pairs": 0.8085901027077498,
  "column_score": 0.5462184873949579,
  "time_ms": 45
}