{
  "sum_of_pairs": 0.7399598393574297,
  "column_score": 0.6445783132530121,
  "time_ms": 1
}