{
  "sum_of_pairs": 0.8683583959899749,
  "column_score": 0.5328947368421053,
  "time_ms": 29
}