{
  "sum_of_pairs": 0.9076506149676882,
  "column_score": 0.7560975609756098,
  "time_ms": 64
}