{
  "sum_of_pairs": 0.8806390977443609,
  "column_score": 0.5723684210526315,
  "time_ms": 17
}