{
  "sum_of_pairs": 0.877906976744186,
  "column_score": 0.5116279069767442,
  "time_ms": 1
}