{
  "sum_of_pairs": 0.5823529411764706,
  "column_score": 0.23529411764705882,
  "time_ms": 3
}