{
  "sum_of_pairs": 0.8108205953338696,
  "column_score": 0.584070796460177,
  "time_ms": 36
}