{
  "sum_of_pairs": 0.8605028386050284,
  "column_score": 0.5912408759124088,
  "time_ms": 4
}