{
  "sum_of_pairs": 0.8411712511091393,
  "column_score": 0.6521739130434783,
  "time_ms": 86
}