{
  "sum_of_pairs": 0.7258064516129032,
  "column_score": 0.5852534562211982,
  "time_ms": 1
}