{
  "sum_of_pairs": 0.7995391705069125,
  "column_score": 0.663594470046083,
  "time_ms": 1
}