{
  "sum_of_pairs": 0.693089430894309,
  "column_score": 0.5609756097560976,
  "time_ms": 2
}