{
  "sum_of_pairs": 0.3140096618357488,
  "column_score": 0.043478260869565216,
  "time_ms": 0
}