{
  "sum_of_pairs": 0.7802083333333333,
  "column_score": 0.6666666666666666,
  "time_ms": 1
}