{
  "sum_of_pairs": 0.5224666123814975,
  "column_score": 0.17237992467105193,
  "time_ms": 124
}