{
  "sum_of_pairs": 0.4992175856929955,
  "column_score": 0.26844262295081966,
  "time_ms": 42
}