{
  "sum_of_pairs": 0.7253054282937665,
  "column_score": 0.22448979591836735,
  "time_ms": 316
}