{
  "sum_of_pairs": 0.6019758121991601,
  "column_score": 0.10891089108910891,
  "time_ms": 246
}