{
  "sum_of_pairs": 0.6348329497105392,
  "column_score": 0.09876543209876543,
  "time_ms": 560
}