{
  "sum_of_pairs": 0.67437730320328,
  "column_score": 0.2771359344994327,
  "time_ms": 252
}