{
  "sum_of_pairs": 0.6743773032032799,
  "column_score": 0.27713593449943263,
  "time_ms": 862
}