{
  "sum_of_pairs": 0.6748270619208467,
  "column_score": 0.27713593449943275,
  "time_ms": 254
}