{
  "sum_of_pairs": 0.675579397255604,
  "column_score": 0.2813624771875137,
  "time_ms": 111
}