{
  "sum_of_pairs": 0.6422407019662129,
  "column_score": 0.228680053813821,
  "time_ms": 213
}