{
  "sum_of_pairs": 0.7781847781847782,
  "column_score": 0.5185185185185185,
  "time_ms": 13
}