{
  "sum_of_pairs": 0.7083333333333334,
  "column_score": 0.5189873417721519,
  "time_ms": 12
}