{
  "sum_of_pairs": 0.9061626484975541,
  "column_score": 0.6145833333333334,
  "time_ms": 775
}