{
  "sum_of_pairs": 0.8637063991607657,
  "column_score": 0.5284552845528455,
  "time_ms": 153
}