{
  "sum_of_pairs": 0.874978354978355,
  "column_score": 0.6628571428571428,
  "time_ms": 74
}