{
  "sum_of_pairs": 0.936065979501514,
  "column_score": 0.65625,
  "time_ms": 3320
}