{
  "sum_of_pairs": 0.7685364281108962,
  "column_score": 0.19858156028368795,
  "time_ms": 45
}