{
  "sum_of_pairs": 0.9832050665383999,
  "column_score": 0.8636363636363636,
  "time_ms": 74
}