{
  "sum_of_pairs": 0.7988825757575757,
  "column_score": 0.4602272727272727,
  "time_ms": 93
}