{
  "sum_of_pairs": 0.8411022665947113,
  "column_score": 0.5619266055045872,
  "time_ms": 138
}