{
  "sum_of_pairs": 0.6349794238683127,
  "column_score": 0.41358024691358025,
  "time_ms": 43
}