{
  "sum_of_pairs": 0.76657824933687,
  "column_score": 0.43448275862068964,
  "time_ms": 23
}