{
  "sum_of_pairs": 0.8200833649109511,
  "column_score": 0.07692307692307693,
  "time_ms": 174
}