{
  "sum_of_pairs": 0.4759856630824373,
  "column_score": 0.06129032258064516,
  "time_ms": 17
}