{
  "sum_of_pairs": 0.8807205612378705,
  "column_score": 0.6422764227642277,
  "time_ms": 87
}