{
  "sum_of_pairs": 0.9271116010854816,
  "column_score": 0.471875,
  "time_ms": 2306
}