{
  "sum_of_pairs": 0.9644460477793811,
  "column_score": 0.7121212121212122,
  "time_ms": 145
}