{
  "sum_of_pairs": 0.726775956284153,
  "column_score": 0.36065573770491804,
  "time_ms": 5
}