{
  "sum_of_pairs": 0.5472222222222223,
  "column_score": 0.18333333333333332,
  "time_ms": 9
}