{
  "sum_of_pairs": 0.7429467084639498,
  "column_score": 0.5948275862068966,
  "time_ms": 145
}