{
  "sum_of_pairs": 0.9337898575305291,
  "column_score": 0.471875,
  "time_ms": 944
}