{
  "sum_of_pairs": 0.9346174004192872,
  "column_score": 0.65625,
  "time_ms": 455
}