{
  "sum_of_pairs": 0.7334593572778828,
  "column_score": 0.391304347826087,
  "time_ms": 21
}