{
  "sum_of_pairs": 0.8452540106951871,
  "column_score": 0.3894230769230769,
  "time_ms": 467
}