{
  "sum_of_pairs": 0.7938360490084628,
  "column_score": 0.06593406593406594,
  "time_ms": 192
}