{
  "sum_of_pairs": 0.8798443831257613,
  "column_score": 0.6257861635220126,
  "time_ms": 230
}