{
  "sum_of_pairs": 0.6001735622478657,
  "column_score": 0.3157894736842105,
  "time_ms": 189
}