{
  "sum_of_pairs": 0.5187096774193548,
  "column_score": 0.06129032258064516,
  "time_ms": 32
}