{
  "sum_of_pairs": 0.9357092941998603,
  "column_score": 0.65625,
  "time_ms": 1120
}