{
  "sum_of_pairs": 0.709862411839519,
  "column_score": 0.021505376344086023,
  "time_ms": 138
}