{
  "sum_of_pairs": 0.6337888690829867,
  "column_score": 0.06172839506172839,
  "time_ms": 306
}