{
  "sum_of_pairs": 0.8583378305450621,
  "column_score": 0.6284403669724771,
  "time_ms": 139
}