{
  "sum_of_pairs": 0.45739928525016244,
  "column_score": 0.1736111111111111,
  "time_ms": 37
}