{
  "sum_of_pairs": 0.6439779054158139,
  "column_score": 0.06172839506172839,
  "time_ms": 377
}