{
  "sum_of_pairs": 0.8909687523305243,
  "column_score": 0.6981132075471698,
  "time_ms": 238
}