{
  "sum_of_pairs": 0.6240500985083028,
  "column_score": 0.34210526315789475,
  "time_ms": 250
}