{
  "sum_of_pairs": 0.7100011562030293,
  "column_score": 0.021505376344086023,
  "time_ms": 58
}