{
  "sum_of_pairs": 0.8449721706864564,
  "column_score": 0.5885714285714285,
  "time_ms": 58
}