{
  "sum_of_pairs": 0.9210312075983718,
  "column_score": 0.346875,
  "time_ms": 1842
}