{
  "sum_of_pairs": 0.3968458781362007,
  "column_score": 0.035483870967741936,
  "time_ms": 50
}