{
  "sum_of_pairs": 0.9854899622341483,
  "column_score": 0.8255813953488372,
  "time_ms": 226
}