{
  "sum_of_pairs": 0.6665360501567398,
  "column_score": 0.34195402298850575,
  "time_ms": 90
}