{
  "sum_of_pairs": 0.6366255144032922,
  "column_score": 0.41358024691358025,
  "time_ms": 11
}