{
  "sum_of_pairs": 0.5139917695473251,
  "column_score": 0.2654320987654321,
  "time_ms": 17
}