{
  "sum_of_pairs": 0.9846286357914265,
  "column_score": 0.813953488372093,
  "time_ms": 149
}