{
  "sum_of_pairs": 0.8894704433497537,
  "column_score": 0.39880952380952384,
  "time_ms": 394
}