{
  "sum_of_pairs": 0.4766852195423624,
  "column_score": 0.07346938775510205,
  "time_ms": 35
}