{
  "sum_of_pairs": 0.4540692007797271,
  "column_score": 0.1736111111111111,
  "time_ms": 271
}