{
  "sum_of_pairs": 0.6498756629475584,
  "column_score": 0.06172839506172839,
  "time_ms": 140
}