{
  "sum_of_pairs": 0.5581941867656154,
  "column_score": 0.1673469387755102,
  "time_ms": 17
}