{
  "sum_of_pairs": 0.7306083999632387,
  "column_score": 0.3387096774193548,
  "time_ms": 211
}