{
  "sum_of_pairs": 0.8252368321333838,
  "column_score": 0.5862068965517241,
  "time_ms": 30
}