{
  "sum_of_pairs": 0.8184778184778185,
  "column_score": 0.5185185185185185,
  "time_ms": 38
}