{
  "sum_of_pairs": 0.7155067155067155,
  "column_score": 0.37037037037037035,
  "time_ms": 24
}