{
  "sum_of_pairs": 0.8335416666666666,
  "column_score": 0.5965909090909091,
  "time_ms": 247
}