{
  "sum_of_pairs": 0.7538829151732378,
  "column_score": 0.3629032258064516,
  "time_ms": 119
}