{
  "sum_of_pairs": 0.30990311463684245,
  "column_score": 0.11242603550295859,
  "time_ms": 32
}