{
  "sum_of_pairs": 0.8793109100445843,
  "column_score": 0.6422764227642277,
  "time_ms": 193
}