{
  "sum_of_pairs": 0.6828631138975967,
  "column_score": 0.46551724137931033,
  "time_ms": 63
}