{
  "sum_of_pairs": 0.7200693131695022,
  "column_score": 0.34782608695652173,
  "time_ms": 31
}