{
  "sum_of_pairs": 0.7142243099689908,
  "column_score": 0.0851063829787234,
  "time_ms": 94
}