{
  "sum_of_pairs": 0.7366205100590694,
  "column_score": 0.044513056278261375,
  "time_ms": 582
}