{
  "sum_of_pairs": 0.7639334493401564,
  "column_score": 0.0626243636442846,
  "time_ms": 328
}