{
  "sum_of_pairs": 0.856099190114386,
  "column_score": 0.07627118644067797,
  "time_ms": 203
}