{
  "sum_of_pairs": 0.7507556149286132,
  "column_score": 0.12203389830508475,
  "time_ms": 899
}