{
  "sum_of_pairs": 0.8443877551020408,
  "column_score": 0.39285714285714285,
  "time_ms": 206
}