{
  "sum_of_pairs": 0.48002912419388394,
  "column_score": 0.039473684210526314,
  "time_ms": 101
}