{
  "sum_of_pairs": 0.8684979544126242,
  "column_score": 0.07627118644067797,
  "time_ms": 94
}