{
  "sum_of_pairs": 0.9203956228956229,
  "column_score": 0.10833333333333334,
  "time_ms": 1735
}