{
  "sum_of_pairs": 0.5832410483573274,
  "column_score": 0.10465116279069768,
  "time_ms": 193
}