{
  "sum_of_pairs": 0.7923540126433087,
  "column_score": 0.15846994535519127,
  "time_ms": 482
}