{
  "sum_of_pairs": 0.705711023944734,
  "column_score": 0.056451612903225805,
  "time_ms": 385
}