{
  "sum_of_pairs": 0.8929685746352413,
  "column_score": 0.058333333333333334,
  "time_ms": 1238
}