{
  "sum_of_pairs": 0.6501476559616095,
  "column_score": 0.12790697674418605,
  "time_ms": 123
}