{
  "sum_of_pairs": 0.8797724157393969,
  "column_score": 0.14583333333333334,
  "time_ms": 561
}