{
  "sum_of_pairs": 0.7787425899640978,
  "column_score": 0.14915254237288136,
  "time_ms": 1602
}