{
  "sum_of_pairs": 0.8208787825475018,
  "column_score": 0.38392857142857145,
  "time_ms": 166
}