{
  "sum_of_pairs": 0.9168388429752066,
  "column_score": 0.08712121212121213,
  "time_ms": 904
}