{
  "sum_of_pairs": 0.6800294674394551,
  "column_score": 0.03225806451612903,
  "time_ms": 717
}