{
  "sum_of_pairs": 0.9206902356902357,
  "column_score": 0.10833333333333334,
  "time_ms": 679
}