{
  "sum_of_pairs": 0.9155147833632926,
  "column_score": 0.03619909502262444,
  "time_ms": 4529
}