{
  "sum_of_pairs": 0.8688899950223992,
  "column_score": 0.11428571428571428,
  "time_ms": 126
}