{
  "sum_of_pairs": 0.9544635520310474,
  "column_score": 0.5833333333333334,
  "time_ms": 2911
}