{
  "sum_of_pairs": 0.604951690821256,
  "column_score": 0.10144927536231885,
  "time_ms": 30
}