{
  "sum_of_pairs": 0.6186433029025539,
  "column_score": 0.01958974625882439,
  "time_ms": 283
}