{
  "sum_of_pairs": 0.1532290069635741,
  "column_score": 0.03410587742261756,
  "time_ms": 16
}