{
  "sum_of_pairs": 0.14972486294386592,
  "column_score": 0.03245633524046896,
  "time_ms": 4
}