{
  "sum_of_pairs": 0.1217687992935308,
  "column_score": 0.024215283870542215,
  "time_ms": 10
}