{
  "sum_of_pairs": 0.18843537414965986,
  "column_score": 0.08571428571428572,
  "time_ms": 3
}