{
  "sum_of_pairs": 0.29931972789115646,
  "column_score": 0.20408163265306123,
  "time_ms": 0
}