{
  "sum_of_pairs": 0.2589641434262948,
  "column_score": 0.09163346613545817,
  "time_ms": 1
}