{
  "sum_of_pairs": 0.2781456953642384,
  "column_score": 0.07947019867549669,
  "time_ms": 0
}