{
  "sum_of_pairs": 0.2857142857142857,
  "column_score": 0.16326530612244897,
  "time_ms": 14
}