{
  "sum_of_pairs": 0.27804232804232804,
  "column_score": 0.06666666666666667,
  "time_ms": 10
}