{
  "sum_of_pairs": 0.35034013605442177,
  "column_score": 0.24489795918367346,
  "time_ms": 0
}