{
  "sum_of_pairs": 0.2794223826714801,
  "column_score": 0.07581227436823104,
  "time_ms": 7
}