{
  "sum_of_pairs": 0.32612781954887216,
  "column_score": 0.15789473684210525,
  "time_ms": 7
}