{
  "sum_of_pairs": 0.2240618101545254,
  "column_score": 0.06622516556291391,
  "time_ms": 1
}