{
  "sum_of_pairs": 0.25763612217795484,
  "column_score": 0.08764940239043825,
  "time_ms": 16
}