{
  "sum_of_pairs": 0.2517448856799037,
  "column_score": 0.07581227436823104,
  "time_ms": 29
}