{
  "sum_of_pairs": 0.3054054054054054,
  "column_score": 0.02702702702702703,
  "time_ms": 0
}