{
  "sum_of_pairs": 0.24326599326599327,
  "column_score": 0.09090909090909091,
  "time_ms": 1
}