{
  "sum_of_pairs": 0.22474747474747475,
  "column_score": 0.09090909090909091,
  "time_ms": 2
}