{
  "sum_of_pairs": 0.35855263157894735,
  "column_score": 0.18421052631578946,
  "time_ms": 12
}