{
  "sum_of_pairs": 0.18771043771043772,
  "column_score": 0.06565656565656566,
  "time_ms": 3
}