{
  "sum_of_pairs": 0.36607142857142855,
  "column_score": 0.18421052631578946,
  "time_ms": 4
}