{
  "sum_of_pairs": 0.3193121693121693,
  "column_score": 0.07407407407407407,
  "time_ms": 6
}