{
  "sum_of_pairs": 0.19389110225763612,
  "column_score": 0.06374501992031872,
  "time_ms": 4
}