{
  "sum_of_pairs": 0.336734693877551,
  "column_score": 0.24489795918367346,
  "time_ms": 0
}