{
  "sum_of_pairs": 0.6511261528685557,
  "column_score": 0.017075472537440295,
  "time_ms": 513
}