{
  "sum_of_pairs": 0.9172521578181956,
  "column_score": 0.16891891891891891,
  "time_ms": 489
}