{
  "sum_of_pairs": 0.6718126408950489,
  "column_score": 0.09830508474576272,
  "time_ms": 711
}