{
  "sum_of_pairs": 0.6503342716396904,
  "column_score": 0.19642857142857142,
  "time_ms": 174
}