{
  "sum_of_pairs": 0.8016189472016791,
  "column_score": 0.16203703703703703,
  "time_ms": 2330
}