{
  "sum_of_pairs": 0.7934034792368125,
  "column_score": 0.04583333333333333,
  "time_ms": 1101
}