{
  "sum_of_pairs": 0.11297941644656993,
  "column_score": 0.01924079437105265,
  "time_ms": 8
}