{
  "sum_of_pairs": 0.2297476759628154,
  "column_score": 0.11952191235059761,
  "time_ms": 4
}