{
  "sum_of_pairs": 0.2693156732891832,
  "column_score": 0.11920529801324503,
  "time_ms": 1
}