{
  "sum_of_pairs": 0.3585680751173709,
  "column_score": 0.23943661971830985,
  "time_ms": 8
}