{
  "sum_of_pairs": 0.2759784075573549,
  "column_score": 0.1862348178137652,
  "time_ms": 5
}