{
  "sum_of_pairs": 0.345367027677497,
  "column_score": 0.1624548736462094,
  "time_ms": 6
}