{
  "sum_of_pairs": 0.2351851851851852,
  "column_score": 0.08888888888888889,
  "time_ms": 10
}