{
  "sum_of_pairs": 0.3993036666303993,
  "column_score": 0.0297029702970297,
  "time_ms": 66
}