{
  "sum_of_pairs": 0.1069023569023569,
  "column_score": 0.05555555555555555,
  "time_ms": 2
}