{
  "sum_of_pairs": 0.4316178870634316,
  "column_score": 0.0297029702970297,
  "time_ms": 23
}