{
  "sum_of_pairs": 0.24259927797833936,
  "column_score": 0.10830324909747292,
  "time_ms": 10
}