{
  "sum_of_pairs": 0.07154882154882154,
  "column_score": 0.030303030303030304,
  "time_ms": 3
}