{
  "sum_of_pairs": 0.13225371120107962,
  "column_score": 0.08906882591093117,
  "time_ms": 13
}