{
  "sum_of_pairs": 0.21929824561403508,
  "column_score": 0.08771929824561403,
  "time_ms": 0
}