{
  "sum_of_pairs": 0.26904761904761904,
  "column_score": 0.08888888888888889,
  "time_ms": 6
}