{
  "sum_of_pairs": 0.3464673340590538,
  "column_score": 0.13205456652041836,
  "time_ms": 12
}