{
  "sum_of_pairs": 0.34808102345415776,
  "column_score": 0.0708955223880597,
  "time_ms": 9
}