{
  "sum_of_pairs": 0.6396237507348619,
  "column_score": 0.36419753086419754,
  "time_ms": 4
}