{
  "sum_of_pairs": 0.25100401606425704,
  "column_score": 0.1746987951807229,
  "time_ms": 2
}