{
  "sum_of_pairs": 0.47306791569086654,
  "column_score": 0.3064312736443884,
  "time_ms": 29
}