{
  "sum_of_pairs": 0.38346883468834686,
  "column_score": 0.17073170731707318,
  "time_ms": 26
}