{
  "sum_of_pairs": 0.6541871921182266,
  "column_score": 0.5615763546798029,
  "time_ms": 11
}