{
  "sum_of_pairs": 0.4808125502815768,
  "column_score": 0.21460176991150443,
  "time_ms": 24
}