{
  "sum_of_pairs": 0.3976074614760746,
  "column_score": 0.051094890510948905,
  "time_ms": 6
}