{
  "sum_of_pairs": 0.32402073732718895,
  "column_score": 0.16129032258064516,
  "time_ms": 6
}