{
  "sum_of_pairs": 0.61983264643437,
  "column_score": 0.10191082802547771,
  "time_ms": 23
}