{
  "sum_of_pairs": 0.16282642089093702,
  "column_score": 0.07834101382488479,
  "time_ms": 2
}