{
  "sum_of_pairs": 0.22052845528455284,
  "column_score": 0.14634146341463414,
  "time_ms": 3
}