{
  "sum_of_pairs": 0.535593220338983,
  "column_score": 0.2711864406779661,
  "time_ms": 14
}