{
  "sum_of_pairs": 0.3451453308596166,
  "column_score": 0.00816326530612245,
  "time_ms": 61
}