{
  "sum_of_pairs": 0.8354577521244188,
  "column_score": 0.06060606060606061,
  "time_ms": 179
}