{
  "sum_of_pairs": 0.8575975748389542,
  "column_score": 0.6206896551724138,
  "time_ms": 43
}