{
  "sum_of_pairs": 0.7554091266719118,
  "column_score": 0.4146341463414634,
  "time_ms": 235
}