{
  "sum_of_pairs": 0.6290055729710902,
  "column_score": 0.21839080459770116,
  "time_ms": 87
}