{
  "sum_of_pairs": 0.6966269025092554,
  "column_score": 0.23557692307692307,
  "time_ms": 699
}