{
  "sum_of_pairs": 0.7064583333333333,
  "column_score": 0.26136363636363635,
  "time_ms": 88
}