{
  "sum_of_pairs": 0.970714900947459,
  "column_score": 0.8023255813953488,
  "time_ms": 285
}