{
  "sum_of_pairs": 0.5002644103648863,
  "column_score": 0.10576923076923077,
  "time_ms": 2143
}