{
  "sum_of_pairs": 0.6998945147679325,
  "column_score": 0.47468354430379744,
  "time_ms": 30
}