{
  "sum_of_pairs": 0.6299198885405782,
  "column_score": 0.3505747126436782,
  "time_ms": 72
}