{
  "sum_of_pairs": 0.8642534600046915,
  "column_score": 0.1488095238095238,
  "time_ms": 211
}