{
  "sum_of_pairs": 0.7984065428692172,
  "column_score": 0.5943396226415094,
  "time_ms": 221
}