{
  "sum_of_pairs": 0.525934249208503,
  "column_score": 0.015625,
  "time_ms": 2543
}