{
  "sum_of_pairs": 0.5877928218353751,
  "column_score": 0.0851063829787234,
  "time_ms": 71
}