{
  "sum_of_pairs": 0.7648732220160792,
  "column_score": 0.32571428571428573,
  "time_ms": 68
}