{
  "sum_of_pairs": 0.6641250562303194,
  "column_score": 0.04093567251461988,
  "time_ms": 810
}