{
  "sum_of_pairs": 0.37225732559820157,
  "column_score": 0.05733081687916821,
  "time_ms": 187
}