{
  "sum_of_pairs": 0.3722573255982016,
  "column_score": 0.05733081687916822,
  "time_ms": 211
}