{
  "sum_of_pairs": 0.5163124533929903,
  "column_score": 0.053691275167785234,
  "time_ms": 43
}