{
  "sum_of_pairs": 0.5201192250372578,
  "column_score": 0.16188524590163936,
  "time_ms": 60
}