{
  "sum_of_pairs": 0.05576607846526394,
  "column_score": 0.0030400912027360822,
  "time_ms": 14
}