{
  "sum_of_pairs": 0.807296520430901,
  "column_score": 0.10248687062832805,
  "time_ms": 729
}