{
  "sum_of_pairs": 0.8140569251758398,
  "column_score": 0.11652393179533214,
  "time_ms": 392
}