{
  "sum_of_pairs": 0.7698671497584542,
  "column_score": 0.2971014492753623,
  "time_ms": 70
}