{
  "sum_of_pairs": 0.9549697050699456,
  "column_score": 0.49074074074074076,
  "time_ms": 2255
}