{
  "sum_of_pairs": 0.9558706327284248,
  "column_score": 0.5138888888888888,
  "time_ms": 1859
}