{
  "sum_of_pairs": 0.6730958533284115,
  "column_score": 0.2558139534883721,
  "time_ms": 271
}