{
  "sum_of_pairs": 0.8148952158303415,
  "column_score": 0.2440677966101695,
  "time_ms": 1012
}