{
  "sum_of_pairs": 0.8174005908655382,
  "column_score": 0.18316831683168316,
  "time_ms": 229
}