{
  "sum_of_pairs": 0.8645100281491908,
  "column_score": 0.35714285714285715,
  "time_ms": 115
}