{
  "sum_of_pairs": 0.9495438835061477,
  "column_score": 0.2702702702702703,
  "time_ms": 727
}