{
  "sum_of_pairs": 0.8821491191450279,
  "column_score": 0.09322033898305085,
  "time_ms": 113
}