{
  "sum_of_pairs": 0.9425016040648595,
  "column_score": 0.13574660633484162,
  "time_ms": 2316
}