{
  "sum_of_pairs": 0.6931216931216931,
  "column_score": 0.38372093023255816,
  "time_ms": 151
}