{
  "sum_of_pairs": 0.685614728520907,
  "column_score": 0.09868421052631579,
  "time_ms": 102
}