{
  "sum_of_pairs": 0.7710077473996448,
  "column_score": 0.07258064516129033,
  "time_ms": 475
}