{
  "sum_of_pairs": 0.9019822136504875,
  "column_score": 0.30601092896174864,
  "time_ms": 419
}