{
  "sum_of_pairs": 0.8284207694377186,
  "column_score": 0.11428571428571428,
  "time_ms": 252
}