{
  "sum_of_pairs": 0.9575622883405902,
  "column_score": 0.3958333333333333,
  "time_ms": 714
}