{
  "sum_of_pairs": 0.7602599379427434,
  "column_score": 0.04032258064516129,
  "time_ms": 879
}