{
  "sum_of_pairs": 0.9100910746812386,
  "column_score": 0.30601092896174864,
  "time_ms": 225
}