{
  "sum_of_pairs": 0.9335820324456688,
  "column_score": 0.17045454545454544,
  "time_ms": 1041
}