{
  "sum_of_pairs": 0.9436860154023732,
  "column_score": 0.15384615384615385,
  "time_ms": 1138
}