{
  "sum_of_pairs": 0.8115917438518045,
  "column_score": 0.16831683168316833,
  "time_ms": 432
}