{
  "sum_of_pairs": 0.7432900432900433,
  "column_score": 0.18181818181818182,
  "time_ms": 23
}