{
  "sum_of_pairs": 0.85756069669247,
  "column_score": 0.3392857142857143,
  "time_ms": 216
}