{
  "sum_of_pairs": 0.9635038703434929,
  "column_score": 0.4930555555555556,
  "time_ms": 355
}