{
  "sum_of_pairs": 0.9138485745150533,
  "column_score": 0.24503311258278146,
  "time_ms": 562
}