{
  "sum_of_pairs": 0.9500868793321624,
  "column_score": 0.2702702702702703,
  "time_ms": 373
}