{
  "sum_of_pairs": 0.7806159420289855,
  "column_score": 0.2971014492753623,
  "time_ms": 22
}