{
  "sum_of_pairs": 0.3117164378013878,
  "column_score": 0.02151521357478669,
  "time_ms": 1088
}