{
  "sum_of_pairs": 0.5794258373205742,
  "column_score": 0.22727272727272727,
  "time_ms": 10
}