{
  "sum_of_pairs": 0.7461338661338661,
  "column_score": 0.14285714285714285,
  "time_ms": 193
}