{
  "sum_of_pairs": 0.6396662698032561,
  "column_score": 0.0136986301369863,
  "time_ms": 1579
}